nohup: ignoring input
[1] order5big_0003: THEOREM (60.2s)  running={'THEOREM': 1}
[2] order5big_0011: LINEAR (0.0s)  running={'THEOREM': 1, 'LINEAR': 1}
[3] order5big_0019: LINEAR (0.0s)  running={'THEOREM': 1, 'LINEAR': 2}
[4] order5big_0027: THEOREM (0.7s)  running={'THEOREM': 2, 'LINEAR': 2}
[5] order5big_0035: THEOREM (60.2s)  running={'THEOREM': 3, 'LINEAR': 2}
[6] order5big_0043: LINEAR (0.0s)  running={'THEOREM': 3, 'LINEAR': 3}
[7] order5big_0051: LINEAR (0.0s)  running={'THEOREM': 3, 'LINEAR': 4}
[8] order5big_0059: THEOREM (60.2s)  running={'THEOREM': 4, 'LINEAR': 4}
[9] order5big_0067: THEOREM (60.6s)  running={'THEOREM': 5, 'LINEAR': 4}
[10] order5big_0075: THEOREM (62.8s)  running={'THEOREM': 6, 'LINEAR': 4}
[11] order5big_0083: THEOREM (60.2s)  running={'THEOREM': 7, 'LINEAR': 4}
[12] order5big_0091: LINEAR (0.0s)  running={'THEOREM': 7, 'LINEAR': 5}
[13] order5big_0099: LINEAR (0.0s)  running={'THEOREM': 7, 'LINEAR': 6}
[14] order5big_0107: THEOREM (60.5s)  running={'THEOREM': 8, 'LINEAR': 6}
[15] order5big_0115: LINEAR (0.0s)  running={'THEOREM': 8, 'LINEAR': 7}
[16] order5big_0123: LINEAR (0.0s)  running={'THEOREM': 8, 'LINEAR': 8}
[17] order5big_0131: LINEAR (0.0s)  running={'THEOREM': 8, 'LINEAR': 9}
[18] order5big_0139: LINEAR (0.0s)  running={'THEOREM': 8, 'LINEAR': 10}
[19] order5big_0147: SOLVED_FMB (1.3s)  running={'THEOREM': 8, 'LINEAR': 10, 'SOLVED_FMB': 1}
[20] order5big_0155: THEOREM (60.2s)  running={'THEOREM': 9, 'LINEAR': 10, 'SOLVED_FMB': 1}
[21] order5big_0163: THEOREM (60.2s)  running={'THEOREM': 10, 'LINEAR': 10, 'SOLVED_FMB': 1}
[22] order5big_0171: LINEAR (0.0s)  running={'THEOREM': 10, 'LINEAR': 11, 'SOLVED_FMB': 1}
[23] order5big_0179: SOLVED_FMB (0.5s)  running={'THEOREM': 10, 'LINEAR': 11, 'SOLVED_FMB': 2}
[24] order5big_0187: THEOREM (60.2s)  running={'THEOREM': 11, 'LINEAR': 11, 'SOLVED_FMB': 2}
[25] order5big_0195: LINEAR (0.0s)  running={'THEOREM': 11, 'LINEAR': 12, 'SOLVED_FMB': 2}
[26] order5big_0203: THEOREM (60.2s)  running={'THEOREM': 12, 'LINEAR': 12, 'SOLVED_FMB': 2}
[27] order5big_0211: LINEAR (0.0s)  running={'THEOREM': 12, 'LINEAR': 13, 'SOLVED_FMB': 2}
[28] order5big_0219: THEOREM (61.3s)  running={'THEOREM': 13, 'LINEAR': 13, 'SOLVED_FMB': 2}
[29] order5big_0227: LINEAR (0.0s)  running={'THEOREM': 13, 'LINEAR': 14, 'SOLVED_FMB': 2}
[30] order5big_0235: THEOREM (60.2s)  running={'THEOREM': 14, 'LINEAR': 14, 'SOLVED_FMB': 2}
[31] order5big_0243: THEOREM (60.4s)  running={'THEOREM': 15, 'LINEAR': 14, 'SOLVED_FMB': 2}
[32] order5big_0251: THEOREM (60.2s)  running={'THEOREM': 16, 'LINEAR': 14, 'SOLVED_FMB': 2}
[33] order5big_0259: LINEAR (0.0s)  running={'THEOREM': 16, 'LINEAR': 15, 'SOLVED_FMB': 2}
[34] order5big_0267: THEOREM (60.2s)  running={'THEOREM': 17, 'LINEAR': 15, 'SOLVED_FMB': 2}
[35] order5big_0275: LINEAR (0.0s)  running={'THEOREM': 17, 'LINEAR': 16, 'SOLVED_FMB': 2}
[36] order5big_0283: LINEAR (0.0s)  running={'THEOREM': 17, 'LINEAR': 17, 'SOLVED_FMB': 2}
[37] order5big_0291: THEOREM (60.2s)  running={'THEOREM': 18, 'LINEAR': 17, 'SOLVED_FMB': 2}
[38] order5big_0299: THEOREM (60.2s)  running={'THEOREM': 19, 'LINEAR': 17, 'SOLVED_FMB': 2}
[39] order5big_0307: THEOREM (60.2s)  running={'THEOREM': 20, 'LINEAR': 17, 'SOLVED_FMB': 2}
[40] order5big_0315: THEOREM (60.2s)  running={'THEOREM': 21, 'LINEAR': 17, 'SOLVED_FMB': 2}
[41] order5big_0323: LINEAR (0.0s)  running={'THEOREM': 21, 'LINEAR': 18, 'SOLVED_FMB': 2}
[42] order5big_0331: SOLVED_FMB (0.6s)  running={'THEOREM': 21, 'LINEAR': 18, 'SOLVED_FMB': 3}
[43] order5big_0339: THEOREM (60.2s)  running={'THEOREM': 22, 'LINEAR': 18, 'SOLVED_FMB': 3}
[44] order5big_0347: THEOREM (60.4s)  running={'THEOREM': 23, 'LINEAR': 18, 'SOLVED_FMB': 3}
[45] order5big_0355: THEOREM (60.2s)  running={'THEOREM': 24, 'LINEAR': 18, 'SOLVED_FMB': 3}
[46] order5big_0363: LINEAR (0.0s)  running={'THEOREM': 24, 'LINEAR': 19, 'SOLVED_FMB': 3}
[47] order5big_0371: LINEAR (0.0s)  running={'THEOREM': 24, 'LINEAR': 20, 'SOLVED_FMB': 3}
[48] order5big_0379: LINEAR (0.0s)  running={'THEOREM': 24, 'LINEAR': 21, 'SOLVED_FMB': 3}
[49] order5big_0387: THEOREM (60.5s)  running={'THEOREM': 25, 'LINEAR': 21, 'SOLVED_FMB': 3}
[50] order5big_0395: THEOREM (60.2s)  running={'THEOREM': 26, 'LINEAR': 21, 'SOLVED_FMB': 3}
[51] order5big_0403: LINEAR (0.0s)  running={'THEOREM': 26, 'LINEAR': 22, 'SOLVED_FMB': 3}
[52] order5big_0411: THEOREM (63.3s)  running={'THEOREM': 27, 'LINEAR': 22, 'SOLVED_FMB': 3}
[53] order5big_0419: LINEAR (0.0s)  running={'THEOREM': 27, 'LINEAR': 23, 'SOLVED_FMB': 3}
[54] order5big_0427: LINEAR (0.0s)  running={'THEOREM': 27, 'LINEAR': 24, 'SOLVED_FMB': 3}
[55] order5big_0435: LINEAR (0.0s)  running={'THEOREM': 27, 'LINEAR': 25, 'SOLVED_FMB': 3}
[56] order5big_0443: LINEAR (0.0s)  running={'THEOREM': 27, 'LINEAR': 26, 'SOLVED_FMB': 3}
[57] order5big_0451: LINEAR (0.0s)  running={'THEOREM': 27, 'LINEAR': 27, 'SOLVED_FMB': 3}
[58] order5big_0459: THEOREM (60.2s)  running={'THEOREM': 28, 'LINEAR': 27, 'SOLVED_FMB': 3}
[59] order5big_0467: THEOREM (71.9s)  running={'THEOREM': 29, 'LINEAR': 27, 'SOLVED_FMB': 3}
[60] order5big_0475: LINEAR (0.0s)  running={'THEOREM': 29, 'LINEAR': 28, 'SOLVED_FMB': 3}
[61] order5big_0483: THEOREM (60.5s)  running={'THEOREM': 30, 'LINEAR': 28, 'SOLVED_FMB': 3}
[62] order5big_0491: LINEAR (0.0s)  running={'THEOREM': 30, 'LINEAR': 29, 'SOLVED_FMB': 3}
[63] order5big_0499: LINEAR (0.0s)  running={'THEOREM': 30, 'LINEAR': 30, 'SOLVED_FMB': 3}
[64] order5big_0507: THEOREM (60.4s)  running={'THEOREM': 31, 'LINEAR': 30, 'SOLVED_FMB': 3}
[65] order5big_0515: HARD_NONLINEAR (120.2s)  running={'THEOREM': 31, 'LINEAR': 30, 'SOLVED_FMB': 3, 'HARD_NONLINEAR': 1}
[66] order5big_0523: LINEAR (0.0s)  running={'THEOREM': 31, 'LINEAR': 31, 'SOLVED_FMB': 3, 'HARD_NONLINEAR': 1}
[67] order5big_0531: LINEAR (0.0s)  running={'THEOREM': 31, 'LINEAR': 32, 'SOLVED_FMB': 3, 'HARD_NONLINEAR': 1}
[68] order5big_0539: LINEAR (0.0s)  running={'THEOREM': 31, 'LINEAR': 33, 'SOLVED_FMB': 3, 'HARD_NONLINEAR': 1}
[69] order5big_0547: LINEAR (0.0s)  running={'THEOREM': 31, 'LINEAR': 34, 'SOLVED_FMB': 3, 'HARD_NONLINEAR': 1}
[70] order5big_0555: THEOREM (60.2s)  running={'THEOREM': 32, 'LINEAR': 34, 'SOLVED_FMB': 3, 'HARD_NONLINEAR': 1}
[71] order5big_0563: THEOREM (60.3s)  running={'THEOREM': 33, 'LINEAR': 34, 'SOLVED_FMB': 3, 'HARD_NONLINEAR': 1}
[72] order5big_0571: THEOREM (60.4s)  running={'THEOREM': 34, 'LINEAR': 34, 'SOLVED_FMB': 3, 'HARD_NONLINEAR': 1}
[73] order5big_0579: LINEAR (0.0s)  running={'THEOREM': 34, 'LINEAR': 35, 'SOLVED_FMB': 3, 'HARD_NONLINEAR': 1}
[74] order5big_0587: LINEAR (0.0s)  running={'THEOREM': 34, 'LINEAR': 36, 'SOLVED_FMB': 3, 'HARD_NONLINEAR': 1}
[75] order5big_0595: LINEAR (0.0s)  running={'THEOREM': 34, 'LINEAR': 37, 'SOLVED_FMB': 3, 'HARD_NONLINEAR': 1}
[76] order5big_0603: THEOREM (60.2s)  running={'THEOREM': 35, 'LINEAR': 37, 'SOLVED_FMB': 3, 'HARD_NONLINEAR': 1}
[77] order5big_0611: THEOREM (60.2s)  running={'THEOREM': 36, 'LINEAR': 37, 'SOLVED_FMB': 3, 'HARD_NONLINEAR': 1}
[78] order5big_0619: LINEAR (0.0s)  running={'THEOREM': 36, 'LINEAR': 38, 'SOLVED_FMB': 3, 'HARD_NONLINEAR': 1}
[79] order5big_0627: LINEAR (0.0s)  running={'THEOREM': 36, 'LINEAR': 39, 'SOLVED_FMB': 3, 'HARD_NONLINEAR': 1}
[80] order5big_0635: THEOREM (60.2s)  running={'THEOREM': 37, 'LINEAR': 39, 'SOLVED_FMB': 3, 'HARD_NONLINEAR': 1}
[81] order5big_0643: THEOREM (84.8s)  running={'THEOREM': 38, 'LINEAR': 39, 'SOLVED_FMB': 3, 'HARD_NONLINEAR': 1}
[82] order5big_0651: LINEAR (0.0s)  running={'THEOREM': 38, 'LINEAR': 40, 'SOLVED_FMB': 3, 'HARD_NONLINEAR': 1}
[83] order5big_0659: THEOREM (60.6s)  running={'THEOREM': 39, 'LINEAR': 40, 'SOLVED_FMB': 3, 'HARD_NONLINEAR': 1}
[84] order5big_0667: LINEAR (0.0s)  running={'THEOREM': 39, 'LINEAR': 41, 'SOLVED_FMB': 3, 'HARD_NONLINEAR': 1}
[85] order5big_0675: LINEAR (0.0s)  running={'THEOREM': 39, 'LINEAR': 42, 'SOLVED_FMB': 3, 'HARD_NONLINEAR': 1}
[86] order5big_0683: LINEAR (0.0s)  running={'THEOREM': 39, 'LINEAR': 43, 'SOLVED_FMB': 3, 'HARD_NONLINEAR': 1}
[87] order5big_0691: THEOREM (60.2s)  running={'THEOREM': 40, 'LINEAR': 43, 'SOLVED_FMB': 3, 'HARD_NONLINEAR': 1}
[88] order5big_0699: LINEAR (0.0s)  running={'THEOREM': 40, 'LINEAR': 44, 'SOLVED_FMB': 3, 'HARD_NONLINEAR': 1}
[89] order5big_0707: LINEAR (0.0s)  running={'THEOREM': 40, 'LINEAR': 45, 'SOLVED_FMB': 3, 'HARD_NONLINEAR': 1}
[90] order5big_0715: THEOREM (60.2s)  running={'THEOREM': 41, 'LINEAR': 45, 'SOLVED_FMB': 3, 'HARD_NONLINEAR': 1}
[91] order5big_0723: LINEAR (0.0s)  running={'THEOREM': 41, 'LINEAR': 46, 'SOLVED_FMB': 3, 'HARD_NONLINEAR': 1}
[92] order5big_0731: THEOREM (205.4s)  running={'THEOREM': 42, 'LINEAR': 46, 'SOLVED_FMB': 3, 'HARD_NONLINEAR': 1}
[93] order5big_0739: LINEAR (0.0s)  running={'THEOREM': 42, 'LINEAR': 47, 'SOLVED_FMB': 3, 'HARD_NONLINEAR': 1}
[94] order5big_0747: THEOREM (60.2s)  running={'THEOREM': 43, 'LINEAR': 47, 'SOLVED_FMB': 3, 'HARD_NONLINEAR': 1}
[95] order5big_0755: LINEAR (0.0s)  running={'THEOREM': 43, 'LINEAR': 48, 'SOLVED_FMB': 3, 'HARD_NONLINEAR': 1}
[96] order5big_0763: LINEAR (0.0s)  running={'THEOREM': 43, 'LINEAR': 49, 'SOLVED_FMB': 3, 'HARD_NONLINEAR': 1}
[97] order5big_0771: LINEAR (0.0s)  running={'THEOREM': 43, 'LINEAR': 50, 'SOLVED_FMB': 3, 'HARD_NONLINEAR': 1}
[98] order5big_0779: THEOREM (64.8s)  running={'THEOREM': 44, 'LINEAR': 50, 'SOLVED_FMB': 3, 'HARD_NONLINEAR': 1}
[99] order5big_0787: LINEAR (0.0s)  running={'THEOREM': 44, 'LINEAR': 51, 'SOLVED_FMB': 3, 'HARD_NONLINEAR': 1}
[100] order5big_0795: LINEAR (0.0s)  running={'THEOREM': 44, 'LINEAR': 52, 'SOLVED_FMB': 3, 'HARD_NONLINEAR': 1}
[101] order5big_0803: THEOREM (60.2s)  running={'THEOREM': 45, 'LINEAR': 52, 'SOLVED_FMB': 3, 'HARD_NONLINEAR': 1}
[102] order5big_0811: THEOREM (60.5s)  running={'THEOREM': 46, 'LINEAR': 52, 'SOLVED_FMB': 3, 'HARD_NONLINEAR': 1}
[103] order5big_0819: THEOREM (60.2s)  running={'THEOREM': 47, 'LINEAR': 52, 'SOLVED_FMB': 3, 'HARD_NONLINEAR': 1}
[104] order5big_0827: LINEAR (0.0s)  running={'THEOREM': 47, 'LINEAR': 53, 'SOLVED_FMB': 3, 'HARD_NONLINEAR': 1}
[105] order5big_0835: LINEAR (0.0s)  running={'THEOREM': 47, 'LINEAR': 54, 'SOLVED_FMB': 3, 'HARD_NONLINEAR': 1}
[106] order5big_0843: THEOREM (60.2s)  running={'THEOREM': 48, 'LINEAR': 54, 'SOLVED_FMB': 3, 'HARD_NONLINEAR': 1}
[107] order5big_0851: LINEAR (0.0s)  running={'THEOREM': 48, 'LINEAR': 55, 'SOLVED_FMB': 3, 'HARD_NONLINEAR': 1}
[108] order5big_0859: LINEAR (0.0s)  running={'THEOREM': 48, 'LINEAR': 56, 'SOLVED_FMB': 3, 'HARD_NONLINEAR': 1}
[109] order5big_0867: THEOREM (60.4s)  running={'THEOREM': 49, 'LINEAR': 56, 'SOLVED_FMB': 3, 'HARD_NONLINEAR': 1}
[110] order5big_0875: THEOREM (60.2s)  running={'THEOREM': 50, 'LINEAR': 56, 'SOLVED_FMB': 3, 'HARD_NONLINEAR': 1}
[111] order5big_0883: LINEAR (0.0s)  running={'THEOREM': 50, 'LINEAR': 57, 'SOLVED_FMB': 3, 'HARD_NONLINEAR': 1}
[112] order5big_0891: LINEAR (0.0s)  running={'THEOREM': 50, 'LINEAR': 58, 'SOLVED_FMB': 3, 'HARD_NONLINEAR': 1}
[113] order5big_0899: LINEAR (0.0s)  running={'THEOREM': 50, 'LINEAR': 59, 'SOLVED_FMB': 3, 'HARD_NONLINEAR': 1}
[114] order5big_0907: LINEAR (0.0s)  running={'THEOREM': 50, 'LINEAR': 60, 'SOLVED_FMB': 3, 'HARD_NONLINEAR': 1}
[115] order5big_0915: LINEAR (0.0s)  running={'THEOREM': 50, 'LINEAR': 61, 'SOLVED_FMB': 3, 'HARD_NONLINEAR': 1}
[116] order5big_0923: LINEAR (0.0s)  running={'THEOREM': 50, 'LINEAR': 62, 'SOLVED_FMB': 3, 'HARD_NONLINEAR': 1}
[117] order5big_0931: LINEAR (0.0s)  running={'THEOREM': 50, 'LINEAR': 63, 'SOLVED_FMB': 3, 'HARD_NONLINEAR': 1}
[118] order5big_0939: LINEAR (0.0s)  running={'THEOREM': 50, 'LINEAR': 64, 'SOLVED_FMB': 3, 'HARD_NONLINEAR': 1}
[119] order5big_0947: LINEAR (0.0s)  running={'THEOREM': 50, 'LINEAR': 65, 'SOLVED_FMB': 3, 'HARD_NONLINEAR': 1}
[120] order5big_0955: LINEAR (0.0s)  running={'THEOREM': 50, 'LINEAR': 66, 'SOLVED_FMB': 3, 'HARD_NONLINEAR': 1}
[121] order5big_0963: THEOREM (60.2s)  running={'THEOREM': 51, 'LINEAR': 66, 'SOLVED_FMB': 3, 'HARD_NONLINEAR': 1}
[122] order5big_0971: LINEAR (0.0s)  running={'THEOREM': 51, 'LINEAR': 67, 'SOLVED_FMB': 3, 'HARD_NONLINEAR': 1}
[123] order5big_0979: LINEAR (0.0s)  running={'THEOREM': 51, 'LINEAR': 68, 'SOLVED_FMB': 3, 'HARD_NONLINEAR': 1}
[124] order5big_0987: LINEAR (0.0s)  running={'THEOREM': 51, 'LINEAR': 69, 'SOLVED_FMB': 3, 'HARD_NONLINEAR': 1}
[125] order5big_0995: THEOREM (60.2s)  running={'THEOREM': 52, 'LINEAR': 69, 'SOLVED_FMB': 3, 'HARD_NONLINEAR': 1}
[126] order5big_1003: THEOREM (60.1s)  running={'THEOREM': 53, 'LINEAR': 69, 'SOLVED_FMB': 3, 'HARD_NONLINEAR': 1}
[127] order5big_1011: LINEAR (0.0s)  running={'THEOREM': 53, 'LINEAR': 70, 'SOLVED_FMB': 3, 'HARD_NONLINEAR': 1}
[128] order5big_1019: LINEAR (0.0s)  running={'THEOREM': 53, 'LINEAR': 71, 'SOLVED_FMB': 3, 'HARD_NONLINEAR': 1}
[129] order5big_1027: THEOREM (60.4s)  running={'THEOREM': 54, 'LINEAR': 71, 'SOLVED_FMB': 3, 'HARD_NONLINEAR': 1}
[130] order5big_1035: THEOREM (60.4s)  running={'THEOREM': 55, 'LINEAR': 71, 'SOLVED_FMB': 3, 'HARD_NONLINEAR': 1}
[131] order5big_1043: LINEAR (0.0s)  running={'THEOREM': 55, 'LINEAR': 72, 'SOLVED_FMB': 3, 'HARD_NONLINEAR': 1}
[132] order5big_1051: LINEAR (0.0s)  running={'THEOREM': 55, 'LINEAR': 73, 'SOLVED_FMB': 3, 'HARD_NONLINEAR': 1}
[133] order5big_1059: LINEAR (0.0s)  running={'THEOREM': 55, 'LINEAR': 74, 'SOLVED_FMB': 3, 'HARD_NONLINEAR': 1}
[134] order5big_1067: THEOREM (65.1s)  running={'THEOREM': 56, 'LINEAR': 74, 'SOLVED_FMB': 3, 'HARD_NONLINEAR': 1}
[135] order5big_1075: SOLVED_FMB (0.2s)  running={'THEOREM': 56, 'LINEAR': 74, 'SOLVED_FMB': 4, 'HARD_NONLINEAR': 1}
[136] order5big_1083: THEOREM (60.3s)  running={'THEOREM': 57, 'LINEAR': 74, 'SOLVED_FMB': 4, 'HARD_NONLINEAR': 1}
[137] order5big_1091: LINEAR (0.0s)  running={'THEOREM': 57, 'LINEAR': 75, 'SOLVED_FMB': 4, 'HARD_NONLINEAR': 1}
[138] order5big_1099: LINEAR (0.0s)  running={'THEOREM': 57, 'LINEAR': 76, 'SOLVED_FMB': 4, 'HARD_NONLINEAR': 1}
[139] order5big_1107: LINEAR (0.0s)  running={'THEOREM': 57, 'LINEAR': 77, 'SOLVED_FMB': 4, 'HARD_NONLINEAR': 1}
[140] order5big_1115: LINEAR (0.0s)  running={'THEOREM': 57, 'LINEAR': 78, 'SOLVED_FMB': 4, 'HARD_NONLINEAR': 1}
[141] order5big_1123: THEOREM (61.2s)  running={'THEOREM': 58, 'LINEAR': 78, 'SOLVED_FMB': 4, 'HARD_NONLINEAR': 1}
[142] order5big_1131: LINEAR (0.0s)  running={'THEOREM': 58, 'LINEAR': 79, 'SOLVED_FMB': 4, 'HARD_NONLINEAR': 1}
[143] order5big_1139: LINEAR (0.0s)  running={'THEOREM': 58, 'LINEAR': 80, 'SOLVED_FMB': 4, 'HARD_NONLINEAR': 1}
[144] order5big_1147: LINEAR (0.0s)  running={'THEOREM': 58, 'LINEAR': 81, 'SOLVED_FMB': 4, 'HARD_NONLINEAR': 1}
[145] order5big_1155: LINEAR (0.0s)  running={'THEOREM': 58, 'LINEAR': 82, 'SOLVED_FMB': 4, 'HARD_NONLINEAR': 1}
[146] order5big_1163: THEOREM (60.2s)  running={'THEOREM': 59, 'LINEAR': 82, 'SOLVED_FMB': 4, 'HARD_NONLINEAR': 1}
[147] order5big_1171: THEOREM (60.2s)  running={'THEOREM': 60, 'LINEAR': 82, 'SOLVED_FMB': 4, 'HARD_NONLINEAR': 1}
[148] order5big_1179: LINEAR (0.0s)  running={'THEOREM': 60, 'LINEAR': 83, 'SOLVED_FMB': 4, 'HARD_NONLINEAR': 1}
[149] order5big_1187: THEOREM (62.2s)  running={'THEOREM': 61, 'LINEAR': 83, 'SOLVED_FMB': 4, 'HARD_NONLINEAR': 1}
[150] order5big_1195: LINEAR (0.0s)  running={'THEOREM': 61, 'LINEAR': 84, 'SOLVED_FMB': 4, 'HARD_NONLINEAR': 1}
[151] order5big_1203: LINEAR (0.0s)  running={'THEOREM': 61, 'LINEAR': 85, 'SOLVED_FMB': 4, 'HARD_NONLINEAR': 1}
[152] order5big_1211: THEOREM (60.2s)  running={'THEOREM': 62, 'LINEAR': 85, 'SOLVED_FMB': 4, 'HARD_NONLINEAR': 1}
[153] order5big_1219: THEOREM (73.2s)  running={'THEOREM': 63, 'LINEAR': 85, 'SOLVED_FMB': 4, 'HARD_NONLINEAR': 1}
[154] order5big_1227: THEOREM (62.5s)  running={'THEOREM': 64, 'LINEAR': 85, 'SOLVED_FMB': 4, 'HARD_NONLINEAR': 1}
[155] order5big_1235: THEOREM (60.2s)  running={'THEOREM': 65, 'LINEAR': 85, 'SOLVED_FMB': 4, 'HARD_NONLINEAR': 1}
[156] order5big_1243: THEOREM (75.4s)  running={'THEOREM': 66, 'LINEAR': 85, 'SOLVED_FMB': 4, 'HARD_NONLINEAR': 1}
[157] order5big_1251: THEOREM (4.0s)  running={'THEOREM': 67, 'LINEAR': 85, 'SOLVED_FMB': 4, 'HARD_NONLINEAR': 1}
[158] order5big_1259: LINEAR (0.0s)  running={'THEOREM': 67, 'LINEAR': 86, 'SOLVED_FMB': 4, 'HARD_NONLINEAR': 1}
[159] order5big_1267: LINEAR (0.0s)  running={'THEOREM': 67, 'LINEAR': 87, 'SOLVED_FMB': 4, 'HARD_NONLINEAR': 1}
[160] order5big_1275: THEOREM (60.4s)  running={'THEOREM': 68, 'LINEAR': 87, 'SOLVED_FMB': 4, 'HARD_NONLINEAR': 1}
[161] order5big_1283: LINEAR (0.0s)  running={'THEOREM': 68, 'LINEAR': 88, 'SOLVED_FMB': 4, 'HARD_NONLINEAR': 1}
[162] order5big_1291: LINEAR (0.0s)  running={'THEOREM': 68, 'LINEAR': 89, 'SOLVED_FMB': 4, 'HARD_NONLINEAR': 1}
[163] order5big_1299: THEOREM (60.2s)  running={'THEOREM': 69, 'LINEAR': 89, 'SOLVED_FMB': 4, 'HARD_NONLINEAR': 1}
[164] order5big_1307: THEOREM (60.7s)  running={'THEOREM': 70, 'LINEAR': 89, 'SOLVED_FMB': 4, 'HARD_NONLINEAR': 1}
[165] order5big_1315: LINEAR (0.0s)  running={'THEOREM': 70, 'LINEAR': 90, 'SOLVED_FMB': 4, 'HARD_NONLINEAR': 1}
[166] order5big_1323: SOLVED_FMB (15.6s)  running={'THEOREM': 70, 'LINEAR': 90, 'SOLVED_FMB': 5, 'HARD_NONLINEAR': 1}
[167] order5big_1331: LINEAR (0.0s)  running={'THEOREM': 70, 'LINEAR': 91, 'SOLVED_FMB': 5, 'HARD_NONLINEAR': 1}
[168] order5big_1339: THEOREM (60.6s)  running={'THEOREM': 71, 'LINEAR': 91, 'SOLVED_FMB': 5, 'HARD_NONLINEAR': 1}
[169] order5big_1347: THEOREM (60.4s)  running={'THEOREM': 72, 'LINEAR': 91, 'SOLVED_FMB': 5, 'HARD_NONLINEAR': 1}
[170] order5big_1355: LINEAR (0.0s)  running={'THEOREM': 72, 'LINEAR': 92, 'SOLVED_FMB': 5, 'HARD_NONLINEAR': 1}
[171] order5big_1363: THEOREM (60.4s)  running={'THEOREM': 73, 'LINEAR': 92, 'SOLVED_FMB': 5, 'HARD_NONLINEAR': 1}
[172] order5big_1371: LINEAR (0.0s)  running={'THEOREM': 73, 'LINEAR': 93, 'SOLVED_FMB': 5, 'HARD_NONLINEAR': 1}
[173] order5big_1379: SOLVED_FMB (0.1s)  running={'THEOREM': 73, 'LINEAR': 93, 'SOLVED_FMB': 6, 'HARD_NONLINEAR': 1}
[174] order5big_1387: THEOREM (60.6s)  running={'THEOREM': 74, 'LINEAR': 93, 'SOLVED_FMB': 6, 'HARD_NONLINEAR': 1}
[175] order5big_1395: THEOREM (60.2s)  running={'THEOREM': 75, 'LINEAR': 93, 'SOLVED_FMB': 6, 'HARD_NONLINEAR': 1}
[176] order5big_1403: THEOREM (60.2s)  running={'THEOREM': 76, 'LINEAR': 93, 'SOLVED_FMB': 6, 'HARD_NONLINEAR': 1}
[177] order5big_1411: THEOREM (60.2s)  running={'THEOREM': 77, 'LINEAR': 93, 'SOLVED_FMB': 6, 'HARD_NONLINEAR': 1}
[178] order5big_1419: THEOREM (60.2s)  running={'THEOREM': 78, 'LINEAR': 93, 'SOLVED_FMB': 6, 'HARD_NONLINEAR': 1}
[179] order5big_1427: THEOREM (60.3s)  running={'THEOREM': 79, 'LINEAR': 93, 'SOLVED_FMB': 6, 'HARD_NONLINEAR': 1}
[180] order5big_1435: LINEAR (0.0s)  running={'THEOREM': 79, 'LINEAR': 94, 'SOLVED_FMB': 6, 'HARD_NONLINEAR': 1}
[181] order5big_1443: THEOREM (60.5s)  running={'THEOREM': 80, 'LINEAR': 94, 'SOLVED_FMB': 6, 'HARD_NONLINEAR': 1}
[182] order5big_1451: LINEAR (0.0s)  running={'THEOREM': 80, 'LINEAR': 95, 'SOLVED_FMB': 6, 'HARD_NONLINEAR': 1}
[183] order5big_1459: LINEAR (0.0s)  running={'THEOREM': 80, 'LINEAR': 96, 'SOLVED_FMB': 6, 'HARD_NONLINEAR': 1}
[184] order5big_1467: LINEAR (0.0s)  running={'THEOREM': 80, 'LINEAR': 97, 'SOLVED_FMB': 6, 'HARD_NONLINEAR': 1}
[185] order5big_1475: LINEAR (0.0s)  running={'THEOREM': 80, 'LINEAR': 98, 'SOLVED_FMB': 6, 'HARD_NONLINEAR': 1}
[186] order5big_1483: THEOREM (60.1s)  running={'THEOREM': 81, 'LINEAR': 98, 'SOLVED_FMB': 6, 'HARD_NONLINEAR': 1}
[187] order5big_1491: THEOREM (60.4s)  running={'THEOREM': 82, 'LINEAR': 98, 'SOLVED_FMB': 6, 'HARD_NONLINEAR': 1}
[188] order5big_1499: LINEAR (0.0s)  running={'THEOREM': 82, 'LINEAR': 99, 'SOLVED_FMB': 6, 'HARD_NONLINEAR': 1}
[189] order5big_1507: THEOREM (60.4s)  running={'THEOREM': 83, 'LINEAR': 99, 'SOLVED_FMB': 6, 'HARD_NONLINEAR': 1}
[190] order5big_1515: THEOREM (60.2s)  running={'THEOREM': 84, 'LINEAR': 99, 'SOLVED_FMB': 6, 'HARD_NONLINEAR': 1}
[191] order5big_1523: THEOREM (60.2s)  running={'THEOREM': 85, 'LINEAR': 99, 'SOLVED_FMB': 6, 'HARD_NONLINEAR': 1}
[192] order5big_1531: THEOREM (60.2s)  running={'THEOREM': 86, 'LINEAR': 99, 'SOLVED_FMB': 6, 'HARD_NONLINEAR': 1}
[193] order5big_1539: THEOREM (60.2s)  running={'THEOREM': 87, 'LINEAR': 99, 'SOLVED_FMB': 6, 'HARD_NONLINEAR': 1}
[194] order5big_1547: LINEAR (0.0s)  running={'THEOREM': 87, 'LINEAR': 100, 'SOLVED_FMB': 6, 'HARD_NONLINEAR': 1}
[195] order5big_1555: LINEAR (0.0s)  running={'THEOREM': 87, 'LINEAR': 101, 'SOLVED_FMB': 6, 'HARD_NONLINEAR': 1}
[196] order5big_1563: LINEAR (0.0s)  running={'THEOREM': 87, 'LINEAR': 102, 'SOLVED_FMB': 6, 'HARD_NONLINEAR': 1}
[197] order5big_1571: LINEAR (0.0s)  running={'THEOREM': 87, 'LINEAR': 103, 'SOLVED_FMB': 6, 'HARD_NONLINEAR': 1}
[198] order5big_1579: THEOREM (62.8s)  running={'THEOREM': 88, 'LINEAR': 103, 'SOLVED_FMB': 6, 'HARD_NONLINEAR': 1}
[199] order5big_1587: LINEAR (0.0s)  running={'THEOREM': 88, 'LINEAR': 104, 'SOLVED_FMB': 6, 'HARD_NONLINEAR': 1}
[200] order5big_1595: LINEAR (0.0s)  running={'THEOREM': 88, 'LINEAR': 105, 'SOLVED_FMB': 6, 'HARD_NONLINEAR': 1}
[201] order5big_1603: THEOREM (60.2s)  running={'THEOREM': 89, 'LINEAR': 105, 'SOLVED_FMB': 6, 'HARD_NONLINEAR': 1}
[202] order5big_1611: THEOREM (62.9s)  running={'THEOREM': 90, 'LINEAR': 105, 'SOLVED_FMB': 6, 'HARD_NONLINEAR': 1}
[203] order5big_1619: LINEAR (0.0s)  running={'THEOREM': 90, 'LINEAR': 106, 'SOLVED_FMB': 6, 'HARD_NONLINEAR': 1}
[204] order5big_1627: THEOREM (60.5s)  running={'THEOREM': 91, 'LINEAR': 106, 'SOLVED_FMB': 6, 'HARD_NONLINEAR': 1}
[205] order5big_1635: LINEAR (0.0s)  running={'THEOREM': 91, 'LINEAR': 107, 'SOLVED_FMB': 6, 'HARD_NONLINEAR': 1}
[206] order5big_1643: LINEAR (0.0s)  running={'THEOREM': 91, 'LINEAR': 108, 'SOLVED_FMB': 6, 'HARD_NONLINEAR': 1}
[207] order5big_1651: LINEAR (0.0s)  running={'THEOREM': 91, 'LINEAR': 109, 'SOLVED_FMB': 6, 'HARD_NONLINEAR': 1}
[208] order5big_1659: THEOREM (61.2s)  running={'THEOREM': 92, 'LINEAR': 109, 'SOLVED_FMB': 6, 'HARD_NONLINEAR': 1}
[209] order5big_1667: THEOREM (60.4s)  running={'THEOREM': 93, 'LINEAR': 109, 'SOLVED_FMB': 6, 'HARD_NONLINEAR': 1}
[210] order5big_1675: LINEAR (0.0s)  running={'THEOREM': 93, 'LINEAR': 110, 'SOLVED_FMB': 6, 'HARD_NONLINEAR': 1}
[211] order5big_1683: LINEAR (0.0s)  running={'THEOREM': 93, 'LINEAR': 111, 'SOLVED_FMB': 6, 'HARD_NONLINEAR': 1}
[212] order5big_1691: THEOREM (60.2s)  running={'THEOREM': 94, 'LINEAR': 111, 'SOLVED_FMB': 6, 'HARD_NONLINEAR': 1}
[213] order5big_1699: LINEAR (0.0s)  running={'THEOREM': 94, 'LINEAR': 112, 'SOLVED_FMB': 6, 'HARD_NONLINEAR': 1}
[214] order5big_1707: LINEAR (0.0s)  running={'THEOREM': 94, 'LINEAR': 113, 'SOLVED_FMB': 6, 'HARD_NONLINEAR': 1}
[215] order5big_1715: LINEAR (0.0s)  running={'THEOREM': 94, 'LINEAR': 114, 'SOLVED_FMB': 6, 'HARD_NONLINEAR': 1}
[216] order5big_1723: THEOREM (72.0s)  running={'THEOREM': 95, 'LINEAR': 114, 'SOLVED_FMB': 6, 'HARD_NONLINEAR': 1}
[217] order5big_1731: LINEAR (0.0s)  running={'THEOREM': 95, 'LINEAR': 115, 'SOLVED_FMB': 6, 'HARD_NONLINEAR': 1}
[218] order5big_1739: THEOREM (60.2s)  running={'THEOREM': 96, 'LINEAR': 115, 'SOLVED_FMB': 6, 'HARD_NONLINEAR': 1}
[219] order5big_1747: LINEAR (0.0s)  running={'THEOREM': 96, 'LINEAR': 116, 'SOLVED_FMB': 6, 'HARD_NONLINEAR': 1}
[220] order5big_1755: LINEAR (0.0s)  running={'THEOREM': 96, 'LINEAR': 117, 'SOLVED_FMB': 6, 'HARD_NONLINEAR': 1}
[221] order5big_1763: LINEAR (0.0s)  running={'THEOREM': 96, 'LINEAR': 118, 'SOLVED_FMB': 6, 'HARD_NONLINEAR': 1}
[222] order5big_1771: LINEAR (0.0s)  running={'THEOREM': 96, 'LINEAR': 119, 'SOLVED_FMB': 6, 'HARD_NONLINEAR': 1}
[223] order5big_1779: THEOREM (60.4s)  running={'THEOREM': 97, 'LINEAR': 119, 'SOLVED_FMB': 6, 'HARD_NONLINEAR': 1}
[224] order5big_1787: THEOREM (60.2s)  running={'THEOREM': 98, 'LINEAR': 119, 'SOLVED_FMB': 6, 'HARD_NONLINEAR': 1}
[225] order5big_1795: LINEAR (0.0s)  running={'THEOREM': 98, 'LINEAR': 120, 'SOLVED_FMB': 6, 'HARD_NONLINEAR': 1}
[226] order5big_1803: THEOREM (62.0s)  running={'THEOREM': 99, 'LINEAR': 120, 'SOLVED_FMB': 6, 'HARD_NONLINEAR': 1}
[227] order5big_1811: THEOREM (60.2s)  running={'THEOREM': 100, 'LINEAR': 120, 'SOLVED_FMB': 6, 'HARD_NONLINEAR': 1}
[228] order5big_1819: LINEAR (0.0s)  running={'THEOREM': 100, 'LINEAR': 121, 'SOLVED_FMB': 6, 'HARD_NONLINEAR': 1}
[229] order5big_1827: LINEAR (0.0s)  running={'THEOREM': 100, 'LINEAR': 122, 'SOLVED_FMB': 6, 'HARD_NONLINEAR': 1}
[230] order5big_1835: SOLVED_FMB (2.1s)  running={'THEOREM': 100, 'LINEAR': 122, 'SOLVED_FMB': 7, 'HARD_NONLINEAR': 1}
[231] order5big_1843: LINEAR (0.0s)  running={'THEOREM': 100, 'LINEAR': 123, 'SOLVED_FMB': 7, 'HARD_NONLINEAR': 1}
[232] order5big_1851: LINEAR (0.0s)  running={'THEOREM': 100, 'LINEAR': 124, 'SOLVED_FMB': 7, 'HARD_NONLINEAR': 1}
[233] order5big_1859: THEOREM (60.2s)  running={'THEOREM': 101, 'LINEAR': 124, 'SOLVED_FMB': 7, 'HARD_NONLINEAR': 1}
[234] order5big_1867: THEOREM (60.2s)  running={'THEOREM': 102, 'LINEAR': 124, 'SOLVED_FMB': 7, 'HARD_NONLINEAR': 1}
[235] order5big_1875: THEOREM (60.2s)  running={'THEOREM': 103, 'LINEAR': 124, 'SOLVED_FMB': 7, 'HARD_NONLINEAR': 1}
[236] order5big_1883: LINEAR (0.0s)  running={'THEOREM': 103, 'LINEAR': 125, 'SOLVED_FMB': 7, 'HARD_NONLINEAR': 1}
[237] order5big_1891: THEOREM (33.6s)  running={'THEOREM': 104, 'LINEAR': 125, 'SOLVED_FMB': 7, 'HARD_NONLINEAR': 1}
[238] order5big_1899: LINEAR (0.2s)  running={'THEOREM': 104, 'LINEAR': 126, 'SOLVED_FMB': 7, 'HARD_NONLINEAR': 1}
[239] order5big_1907: THEOREM (60.6s)  running={'THEOREM': 105, 'LINEAR': 126, 'SOLVED_FMB': 7, 'HARD_NONLINEAR': 1}
[240] order5big_1915: THEOREM (60.2s)  running={'THEOREM': 106, 'LINEAR': 126, 'SOLVED_FMB': 7, 'HARD_NONLINEAR': 1}
[241] order5big_1923: LINEAR (0.0s)  running={'THEOREM': 106, 'LINEAR': 127, 'SOLVED_FMB': 7, 'HARD_NONLINEAR': 1}
[242] order5big_1931: LINEAR (0.0s)  running={'THEOREM': 106, 'LINEAR': 128, 'SOLVED_FMB': 7, 'HARD_NONLINEAR': 1}
[243] order5big_1939: LINEAR (0.0s)  running={'THEOREM': 106, 'LINEAR': 129, 'SOLVED_FMB': 7, 'HARD_NONLINEAR': 1}
[244] order5big_1947: THEOREM (60.2s)  running={'THEOREM': 107, 'LINEAR': 129, 'SOLVED_FMB': 7, 'HARD_NONLINEAR': 1}
[245] order5big_1955: LINEAR (0.0s)  running={'THEOREM': 107, 'LINEAR': 130, 'SOLVED_FMB': 7, 'HARD_NONLINEAR': 1}
[246] order5big_1963: LINEAR (0.0s)  running={'THEOREM': 107, 'LINEAR': 131, 'SOLVED_FMB': 7, 'HARD_NONLINEAR': 1}
[247] order5big_1971: LINEAR (0.0s)  running={'THEOREM': 107, 'LINEAR': 132, 'SOLVED_FMB': 7, 'HARD_NONLINEAR': 1}
[248] order5big_1979: LINEAR (0.0s)  running={'THEOREM': 107, 'LINEAR': 133, 'SOLVED_FMB': 7, 'HARD_NONLINEAR': 1}
[249] order5big_1987: LINEAR (0.0s)  running={'THEOREM': 107, 'LINEAR': 134, 'SOLVED_FMB': 7, 'HARD_NONLINEAR': 1}
[250] order5big_1995: THEOREM (60.2s)  running={'THEOREM': 108, 'LINEAR': 134, 'SOLVED_FMB': 7, 'HARD_NONLINEAR': 1}
[251] order5big_2003: THEOREM (60.2s)  running={'THEOREM': 109, 'LINEAR': 134, 'SOLVED_FMB': 7, 'HARD_NONLINEAR': 1}
[252] order5big_2011: LINEAR (0.0s)  running={'THEOREM': 109, 'LINEAR': 135, 'SOLVED_FMB': 7, 'HARD_NONLINEAR': 1}
[253] order5big_2019: LINEAR (0.0s)  running={'THEOREM': 109, 'LINEAR': 136, 'SOLVED_FMB': 7, 'HARD_NONLINEAR': 1}
[254] order5big_2027: THEOREM (60.2s)  running={'THEOREM': 110, 'LINEAR': 136, 'SOLVED_FMB': 7, 'HARD_NONLINEAR': 1}
[255] order5big_2035: THEOREM (60.3s)  running={'THEOREM': 111, 'LINEAR': 136, 'SOLVED_FMB': 7, 'HARD_NONLINEAR': 1}
[256] order5big_2043: LINEAR (0.0s)  running={'THEOREM': 111, 'LINEAR': 137, 'SOLVED_FMB': 7, 'HARD_NONLINEAR': 1}
[257] order5big_2051: THEOREM (65.5s)  running={'THEOREM': 112, 'LINEAR': 137, 'SOLVED_FMB': 7, 'HARD_NONLINEAR': 1}
[258] order5big_2059: THEOREM (60.2s)  running={'THEOREM': 113, 'LINEAR': 137, 'SOLVED_FMB': 7, 'HARD_NONLINEAR': 1}
[259] order5big_2067: LINEAR (0.0s)  running={'THEOREM': 113, 'LINEAR': 138, 'SOLVED_FMB': 7, 'HARD_NONLINEAR': 1}
[260] order5big_2075: LINEAR (0.0s)  running={'THEOREM': 113, 'LINEAR': 139, 'SOLVED_FMB': 7, 'HARD_NONLINEAR': 1}
[261] order5big_2083: LINEAR (0.0s)  running={'THEOREM': 113, 'LINEAR': 140, 'SOLVED_FMB': 7, 'HARD_NONLINEAR': 1}
[262] order5big_2091: SOLVED_FMB (0.3s)  running={'THEOREM': 113, 'LINEAR': 140, 'SOLVED_FMB': 8, 'HARD_NONLINEAR': 1}
[263] order5big_2099: THEOREM (60.2s)  running={'THEOREM': 114, 'LINEAR': 140, 'SOLVED_FMB': 8, 'HARD_NONLINEAR': 1}
[264] order5big_2107: LINEAR (0.0s)  running={'THEOREM': 114, 'LINEAR': 141, 'SOLVED_FMB': 8, 'HARD_NONLINEAR': 1}
[265] order5big_2115: LINEAR (0.0s)  running={'THEOREM': 114, 'LINEAR': 142, 'SOLVED_FMB': 8, 'HARD_NONLINEAR': 1}
[266] order5big_2123: THEOREM (60.2s)  running={'THEOREM': 115, 'LINEAR': 142, 'SOLVED_FMB': 8, 'HARD_NONLINEAR': 1}
[267] order5big_2131: THEOREM (71.9s)  running={'THEOREM': 116, 'LINEAR': 142, 'SOLVED_FMB': 8, 'HARD_NONLINEAR': 1}
[268] order5big_2139: LINEAR (0.0s)  running={'THEOREM': 116, 'LINEAR': 143, 'SOLVED_FMB': 8, 'HARD_NONLINEAR': 1}
[269] order5big_2147: LINEAR (0.0s)  running={'THEOREM': 116, 'LINEAR': 144, 'SOLVED_FMB': 8, 'HARD_NONLINEAR': 1}
[270] order5big_2155: THEOREM (60.2s)  running={'THEOREM': 117, 'LINEAR': 144, 'SOLVED_FMB': 8, 'HARD_NONLINEAR': 1}
[271] order5big_2163: LINEAR (0.0s)  running={'THEOREM': 117, 'LINEAR': 145, 'SOLVED_FMB': 8, 'HARD_NONLINEAR': 1}
[272] order5big_2171: THEOREM (60.2s)  running={'THEOREM': 118, 'LINEAR': 145, 'SOLVED_FMB': 8, 'HARD_NONLINEAR': 1}
[273] order5big_2179: THEOREM (1.6s)  running={'THEOREM': 119, 'LINEAR': 145, 'SOLVED_FMB': 8, 'HARD_NONLINEAR': 1}
[274] order5big_2187: LINEAR (0.0s)  running={'THEOREM': 119, 'LINEAR': 146, 'SOLVED_FMB': 8, 'HARD_NONLINEAR': 1}
[275] order5big_2195: THEOREM (60.2s)  running={'THEOREM': 120, 'LINEAR': 146, 'SOLVED_FMB': 8, 'HARD_NONLINEAR': 1}
[276] order5big_2203: LINEAR (0.0s)  running={'THEOREM': 120, 'LINEAR': 147, 'SOLVED_FMB': 8, 'HARD_NONLINEAR': 1}
[277] order5big_2211: THEOREM (88.8s)  running={'THEOREM': 121, 'LINEAR': 147, 'SOLVED_FMB': 8, 'HARD_NONLINEAR': 1}
[278] order5big_2219: LINEAR (0.0s)  running={'THEOREM': 121, 'LINEAR': 148, 'SOLVED_FMB': 8, 'HARD_NONLINEAR': 1}
[279] order5big_2227: LINEAR (0.0s)  running={'THEOREM': 121, 'LINEAR': 149, 'SOLVED_FMB': 8, 'HARD_NONLINEAR': 1}
[280] order5big_2235: LINEAR (0.0s)  running={'THEOREM': 121, 'LINEAR': 150, 'SOLVED_FMB': 8, 'HARD_NONLINEAR': 1}
[281] order5big_2243: THEOREM (60.2s)  running={'THEOREM': 122, 'LINEAR': 150, 'SOLVED_FMB': 8, 'HARD_NONLINEAR': 1}
[282] order5big_2251: THEOREM (60.8s)  running={'THEOREM': 123, 'LINEAR': 150, 'SOLVED_FMB': 8, 'HARD_NONLINEAR': 1}
[283] order5big_2259: THEOREM (60.3s)  running={'THEOREM': 124, 'LINEAR': 150, 'SOLVED_FMB': 8, 'HARD_NONLINEAR': 1}
[284] order5big_2267: LINEAR (0.0s)  running={'THEOREM': 124, 'LINEAR': 151, 'SOLVED_FMB': 8, 'HARD_NONLINEAR': 1}
[285] order5big_2275: THEOREM (60.2s)  running={'THEOREM': 125, 'LINEAR': 151, 'SOLVED_FMB': 8, 'HARD_NONLINEAR': 1}
[286] order5big_2283: SOLVED_FMB (24.6s)  running={'THEOREM': 125, 'LINEAR': 151, 'SOLVED_FMB': 9, 'HARD_NONLINEAR': 1}
[287] order5big_2291: THEOREM (60.2s)  running={'THEOREM': 126, 'LINEAR': 151, 'SOLVED_FMB': 9, 'HARD_NONLINEAR': 1}
[288] order5big_2299: THEOREM (60.2s)  running={'THEOREM': 127, 'LINEAR': 151, 'SOLVED_FMB': 9, 'HARD_NONLINEAR': 1}
[289] order5big_2307: THEOREM (60.4s)  running={'THEOREM': 128, 'LINEAR': 151, 'SOLVED_FMB': 9, 'HARD_NONLINEAR': 1}
[290] order5big_2315: THEOREM (60.2s)  running={'THEOREM': 129, 'LINEAR': 151, 'SOLVED_FMB': 9, 'HARD_NONLINEAR': 1}
[291] order5big_2323: THEOREM (72.8s)  running={'THEOREM': 130, 'LINEAR': 151, 'SOLVED_FMB': 9, 'HARD_NONLINEAR': 1}
[292] order5big_2331: THEOREM (60.2s)  running={'THEOREM': 131, 'LINEAR': 151, 'SOLVED_FMB': 9, 'HARD_NONLINEAR': 1}
[293] order5big_2339: LINEAR (0.0s)  running={'THEOREM': 131, 'LINEAR': 152, 'SOLVED_FMB': 9, 'HARD_NONLINEAR': 1}
[294] order5big_2347: THEOREM (60.2s)  running={'THEOREM': 132, 'LINEAR': 152, 'SOLVED_FMB': 9, 'HARD_NONLINEAR': 1}
[295] order5big_2355: LINEAR (0.0s)  running={'THEOREM': 132, 'LINEAR': 153, 'SOLVED_FMB': 9, 'HARD_NONLINEAR': 1}
[296] order5big_2363: THEOREM (60.2s)  running={'THEOREM': 133, 'LINEAR': 153, 'SOLVED_FMB': 9, 'HARD_NONLINEAR': 1}
[297] order5big_2371: LINEAR (0.0s)  running={'THEOREM': 133, 'LINEAR': 154, 'SOLVED_FMB': 9, 'HARD_NONLINEAR': 1}
[298] order5big_2379: LINEAR (0.0s)  running={'THEOREM': 133, 'LINEAR': 155, 'SOLVED_FMB': 9, 'HARD_NONLINEAR': 1}
[299] order5big_2387: SOLVED_FMB (0.1s)  running={'THEOREM': 133, 'LINEAR': 155, 'SOLVED_FMB': 10, 'HARD_NONLINEAR': 1}
[300] order5big_2395: LINEAR (0.0s)  running={'THEOREM': 133, 'LINEAR': 156, 'SOLVED_FMB': 10, 'HARD_NONLINEAR': 1}
[301] order5big_2403: THEOREM (60.4s)  running={'THEOREM': 134, 'LINEAR': 156, 'SOLVED_FMB': 10, 'HARD_NONLINEAR': 1}
[302] order5big_2411: LINEAR (0.0s)  running={'THEOREM': 134, 'LINEAR': 157, 'SOLVED_FMB': 10, 'HARD_NONLINEAR': 1}
[303] order5big_2419: LINEAR (0.0s)  running={'THEOREM': 134, 'LINEAR': 158, 'SOLVED_FMB': 10, 'HARD_NONLINEAR': 1}
[304] order5big_2427: LINEAR (0.0s)  running={'THEOREM': 134, 'LINEAR': 159, 'SOLVED_FMB': 10, 'HARD_NONLINEAR': 1}
[305] order5big_2435: LINEAR (0.0s)  running={'THEOREM': 134, 'LINEAR': 160, 'SOLVED_FMB': 10, 'HARD_NONLINEAR': 1}
[306] order5big_2443: LINEAR (0.0s)  running={'THEOREM': 134, 'LINEAR': 161, 'SOLVED_FMB': 10, 'HARD_NONLINEAR': 1}
[307] order5big_2451: THEOREM (60.1s)  running={'THEOREM': 135, 'LINEAR': 161, 'SOLVED_FMB': 10, 'HARD_NONLINEAR': 1}
[308] order5big_2459: LINEAR (0.0s)  running={'THEOREM': 135, 'LINEAR': 162, 'SOLVED_FMB': 10, 'HARD_NONLINEAR': 1}
[309] order5big_2467: THEOREM (60.6s)  running={'THEOREM': 136, 'LINEAR': 162, 'SOLVED_FMB': 10, 'HARD_NONLINEAR': 1}
[310] order5big_2475: LINEAR (0.0s)  running={'THEOREM': 136, 'LINEAR': 163, 'SOLVED_FMB': 10, 'HARD_NONLINEAR': 1}
[311] order5big_2483: LINEAR (0.0s)  running={'THEOREM': 136, 'LINEAR': 164, 'SOLVED_FMB': 10, 'HARD_NONLINEAR': 1}
[312] order5big_2491: THEOREM (60.8s)  running={'THEOREM': 137, 'LINEAR': 164, 'SOLVED_FMB': 10, 'HARD_NONLINEAR': 1}
[313] order5big_2499: LINEAR (0.0s)  running={'THEOREM': 137, 'LINEAR': 165, 'SOLVED_FMB': 10, 'HARD_NONLINEAR': 1}
[314] order5big_2507: LINEAR (0.0s)  running={'THEOREM': 137, 'LINEAR': 166, 'SOLVED_FMB': 10, 'HARD_NONLINEAR': 1}
[315] order5big_2515: THEOREM (60.5s)  running={'THEOREM': 138, 'LINEAR': 166, 'SOLVED_FMB': 10, 'HARD_NONLINEAR': 1}
[316] order5big_2523: LINEAR (0.0s)  running={'THEOREM': 138, 'LINEAR': 167, 'SOLVED_FMB': 10, 'HARD_NONLINEAR': 1}
[317] order5big_2531: THEOREM (60.7s)  running={'THEOREM': 139, 'LINEAR': 167, 'SOLVED_FMB': 10, 'HARD_NONLINEAR': 1}
[318] order5big_2539: THEOREM (60.3s)  running={'THEOREM': 140, 'LINEAR': 167, 'SOLVED_FMB': 10, 'HARD_NONLINEAR': 1}
[319] order5big_2547: LINEAR (0.0s)  running={'THEOREM': 140, 'LINEAR': 168, 'SOLVED_FMB': 10, 'HARD_NONLINEAR': 1}
[320] order5big_2555: LINEAR (0.0s)  running={'THEOREM': 140, 'LINEAR': 169, 'SOLVED_FMB': 10, 'HARD_NONLINEAR': 1}
[321] order5big_2563: LINEAR (0.0s)  running={'THEOREM': 140, 'LINEAR': 170, 'SOLVED_FMB': 10, 'HARD_NONLINEAR': 1}
[322] order5big_2571: LINEAR (0.0s)  running={'THEOREM': 140, 'LINEAR': 171, 'SOLVED_FMB': 10, 'HARD_NONLINEAR': 1}
[323] order5big_2579: LINEAR (0.0s)  running={'THEOREM': 140, 'LINEAR': 172, 'SOLVED_FMB': 10, 'HARD_NONLINEAR': 1}
[324] order5big_2587: LINEAR (0.0s)  running={'THEOREM': 140, 'LINEAR': 173, 'SOLVED_FMB': 10, 'HARD_NONLINEAR': 1}
[325] order5big_2595: THEOREM (60.3s)  running={'THEOREM': 141, 'LINEAR': 173, 'SOLVED_FMB': 10, 'HARD_NONLINEAR': 1}
[326] order5big_2603: THEOREM (60.3s)  running={'THEOREM': 142, 'LINEAR': 173, 'SOLVED_FMB': 10, 'HARD_NONLINEAR': 1}
[327] order5big_2611: LINEAR (0.0s)  running={'THEOREM': 142, 'LINEAR': 174, 'SOLVED_FMB': 10, 'HARD_NONLINEAR': 1}
[328] order5big_2619: LINEAR (0.0s)  running={'THEOREM': 142, 'LINEAR': 175, 'SOLVED_FMB': 10, 'HARD_NONLINEAR': 1}
[329] order5big_2627: LINEAR (0.0s)  running={'THEOREM': 142, 'LINEAR': 176, 'SOLVED_FMB': 10, 'HARD_NONLINEAR': 1}
[330] order5big_2635: THEOREM (60.5s)  running={'THEOREM': 143, 'LINEAR': 176, 'SOLVED_FMB': 10, 'HARD_NONLINEAR': 1}
[331] order5big_2643: LINEAR (0.0s)  running={'THEOREM': 143, 'LINEAR': 177, 'SOLVED_FMB': 10, 'HARD_NONLINEAR': 1}
[332] order5big_2651: THEOREM (60.2s)  running={'THEOREM': 144, 'LINEAR': 177, 'SOLVED_FMB': 10, 'HARD_NONLINEAR': 1}
[333] order5big_2659: SOLVED_FMB (6.4s)  running={'THEOREM': 144, 'LINEAR': 177, 'SOLVED_FMB': 11, 'HARD_NONLINEAR': 1}
[334] order5big_2667: THEOREM (60.2s)  running={'THEOREM': 145, 'LINEAR': 177, 'SOLVED_FMB': 11, 'HARD_NONLINEAR': 1}
[335] order5big_2675: LINEAR (0.0s)  running={'THEOREM': 145, 'LINEAR': 178, 'SOLVED_FMB': 11, 'HARD_NONLINEAR': 1}
[336] order5big_2683: LINEAR (0.0s)  running={'THEOREM': 145, 'LINEAR': 179, 'SOLVED_FMB': 11, 'HARD_NONLINEAR': 1}
[337] order5big_2691: LINEAR (0.0s)  running={'THEOREM': 145, 'LINEAR': 180, 'SOLVED_FMB': 11, 'HARD_NONLINEAR': 1}
[338] order5big_2699: THEOREM (60.2s)  running={'THEOREM': 146, 'LINEAR': 180, 'SOLVED_FMB': 11, 'HARD_NONLINEAR': 1}
[339] order5big_2707: THEOREM (60.2s)  running={'THEOREM': 147, 'LINEAR': 180, 'SOLVED_FMB': 11, 'HARD_NONLINEAR': 1}
[340] order5big_2715: LINEAR (0.0s)  running={'THEOREM': 147, 'LINEAR': 181, 'SOLVED_FMB': 11, 'HARD_NONLINEAR': 1}
[341] order5big_2723: SOLVED_FMB (0.3s)  running={'THEOREM': 147, 'LINEAR': 181, 'SOLVED_FMB': 12, 'HARD_NONLINEAR': 1}
[342] order5big_2731: THEOREM (60.2s)  running={'THEOREM': 148, 'LINEAR': 181, 'SOLVED_FMB': 12, 'HARD_NONLINEAR': 1}
[343] order5big_2739: THEOREM (60.2s)  running={'THEOREM': 149, 'LINEAR': 181, 'SOLVED_FMB': 12, 'HARD_NONLINEAR': 1}
[344] order5big_2747: THEOREM (60.4s)  running={'THEOREM': 150, 'LINEAR': 181, 'SOLVED_FMB': 12, 'HARD_NONLINEAR': 1}
[345] order5big_2755: LINEAR (0.0s)  running={'THEOREM': 150, 'LINEAR': 182, 'SOLVED_FMB': 12, 'HARD_NONLINEAR': 1}
[346] order5big_2763: LINEAR (0.0s)  running={'THEOREM': 150, 'LINEAR': 183, 'SOLVED_FMB': 12, 'HARD_NONLINEAR': 1}
[347] order5big_2771: THEOREM (60.2s)  running={'THEOREM': 151, 'LINEAR': 183, 'SOLVED_FMB': 12, 'HARD_NONLINEAR': 1}
[348] order5big_2779: LINEAR (0.0s)  running={'THEOREM': 151, 'LINEAR': 184, 'SOLVED_FMB': 12, 'HARD_NONLINEAR': 1}
[349] order5big_2787: LINEAR (0.0s)  running={'THEOREM': 151, 'LINEAR': 185, 'SOLVED_FMB': 12, 'HARD_NONLINEAR': 1}
[350] order5big_2795: THEOREM (1.3s)  running={'THEOREM': 152, 'LINEAR': 185, 'SOLVED_FMB': 12, 'HARD_NONLINEAR': 1}
[351] order5big_2803: LINEAR (0.0s)  running={'THEOREM': 152, 'LINEAR': 186, 'SOLVED_FMB': 12, 'HARD_NONLINEAR': 1}
[352] order5big_2811: LINEAR (0.0s)  running={'THEOREM': 152, 'LINEAR': 187, 'SOLVED_FMB': 12, 'HARD_NONLINEAR': 1}
[353] order5big_2819: THEOREM (60.2s)  running={'THEOREM': 153, 'LINEAR': 187, 'SOLVED_FMB': 12, 'HARD_NONLINEAR': 1}
[354] order5big_2827: THEOREM (60.4s)  running={'THEOREM': 154, 'LINEAR': 187, 'SOLVED_FMB': 12, 'HARD_NONLINEAR': 1}
[355] order5big_2835: LINEAR (0.0s)  running={'THEOREM': 154, 'LINEAR': 188, 'SOLVED_FMB': 12, 'HARD_NONLINEAR': 1}
[356] order5big_2843: LINEAR (0.0s)  running={'THEOREM': 154, 'LINEAR': 189, 'SOLVED_FMB': 12, 'HARD_NONLINEAR': 1}
[357] order5big_2851: LINEAR (0.0s)  running={'THEOREM': 154, 'LINEAR': 190, 'SOLVED_FMB': 12, 'HARD_NONLINEAR': 1}
[358] order5big_2859: LINEAR (0.0s)  running={'THEOREM': 154, 'LINEAR': 191, 'SOLVED_FMB': 12, 'HARD_NONLINEAR': 1}
[359] order5big_2867: LINEAR (0.0s)  running={'THEOREM': 154, 'LINEAR': 192, 'SOLVED_FMB': 12, 'HARD_NONLINEAR': 1}
[360] order5big_2875: LINEAR (0.0s)  running={'THEOREM': 154, 'LINEAR': 193, 'SOLVED_FMB': 12, 'HARD_NONLINEAR': 1}
[361] order5big_2883: THEOREM (60.2s)  running={'THEOREM': 155, 'LINEAR': 193, 'SOLVED_FMB': 12, 'HARD_NONLINEAR': 1}
[362] order5big_2891: LINEAR (0.0s)  running={'THEOREM': 155, 'LINEAR': 194, 'SOLVED_FMB': 12, 'HARD_NONLINEAR': 1}
[363] order5big_2899: LINEAR (0.0s)  running={'THEOREM': 155, 'LINEAR': 195, 'SOLVED_FMB': 12, 'HARD_NONLINEAR': 1}
[364] order5big_2907: THEOREM (60.4s)  running={'THEOREM': 156, 'LINEAR': 195, 'SOLVED_FMB': 12, 'HARD_NONLINEAR': 1}
[365] order5big_2915: LINEAR (0.0s)  running={'THEOREM': 156, 'LINEAR': 196, 'SOLVED_FMB': 12, 'HARD_NONLINEAR': 1}
[366] order5big_2923: THEOREM (60.1s)  running={'THEOREM': 157, 'LINEAR': 196, 'SOLVED_FMB': 12, 'HARD_NONLINEAR': 1}
[367] order5big_2931: THEOREM (61.0s)  running={'THEOREM': 158, 'LINEAR': 196, 'SOLVED_FMB': 12, 'HARD_NONLINEAR': 1}
[368] order5big_2939: THEOREM (60.2s)  running={'THEOREM': 159, 'LINEAR': 196, 'SOLVED_FMB': 12, 'HARD_NONLINEAR': 1}
[369] order5big_2947: THEOREM (60.1s)  running={'THEOREM': 160, 'LINEAR': 196, 'SOLVED_FMB': 12, 'HARD_NONLINEAR': 1}
[370] order5big_2955: THEOREM (60.6s)  running={'THEOREM': 161, 'LINEAR': 196, 'SOLVED_FMB': 12, 'HARD_NONLINEAR': 1}
[371] order5big_2963: THEOREM (60.2s)  running={'THEOREM': 162, 'LINEAR': 196, 'SOLVED_FMB': 12, 'HARD_NONLINEAR': 1}
[372] order5big_2971: LINEAR (0.0s)  running={'THEOREM': 162, 'LINEAR': 197, 'SOLVED_FMB': 12, 'HARD_NONLINEAR': 1}
[373] order5big_2979: THEOREM (60.2s)  running={'THEOREM': 163, 'LINEAR': 197, 'SOLVED_FMB': 12, 'HARD_NONLINEAR': 1}
[374] order5big_2987: THEOREM (60.7s)  running={'THEOREM': 164, 'LINEAR': 197, 'SOLVED_FMB': 12, 'HARD_NONLINEAR': 1}
[375] order5big_2995: LINEAR (0.0s)  running={'THEOREM': 164, 'LINEAR': 198, 'SOLVED_FMB': 12, 'HARD_NONLINEAR': 1}
[376] order5big_3003: LINEAR (0.0s)  running={'THEOREM': 164, 'LINEAR': 199, 'SOLVED_FMB': 12, 'HARD_NONLINEAR': 1}
[377] order5big_3011: LINEAR (0.0s)  running={'THEOREM': 164, 'LINEAR': 200, 'SOLVED_FMB': 12, 'HARD_NONLINEAR': 1}
[378] order5big_3019: LINEAR (0.0s)  running={'THEOREM': 164, 'LINEAR': 201, 'SOLVED_FMB': 12, 'HARD_NONLINEAR': 1}
[379] order5big_3027: THEOREM (60.2s)  running={'THEOREM': 165, 'LINEAR': 201, 'SOLVED_FMB': 12, 'HARD_NONLINEAR': 1}
[380] order5big_3035: THEOREM (60.4s)  running={'THEOREM': 166, 'LINEAR': 201, 'SOLVED_FMB': 12, 'HARD_NONLINEAR': 1}
[381] order5big_3043: LINEAR (0.0s)  running={'THEOREM': 166, 'LINEAR': 202, 'SOLVED_FMB': 12, 'HARD_NONLINEAR': 1}
[382] order5big_3051: THEOREM (60.2s)  running={'THEOREM': 167, 'LINEAR': 202, 'SOLVED_FMB': 12, 'HARD_NONLINEAR': 1}
[383] order5big_3059: LINEAR (0.0s)  running={'THEOREM': 167, 'LINEAR': 203, 'SOLVED_FMB': 12, 'HARD_NONLINEAR': 1}
[384] order5big_3067: THEOREM (60.2s)  running={'THEOREM': 168, 'LINEAR': 203, 'SOLVED_FMB': 12, 'HARD_NONLINEAR': 1}
[385] order5big_3075: LINEAR (0.0s)  running={'THEOREM': 168, 'LINEAR': 204, 'SOLVED_FMB': 12, 'HARD_NONLINEAR': 1}
[386] order5big_3083: LINEAR (0.0s)  running={'THEOREM': 168, 'LINEAR': 205, 'SOLVED_FMB': 12, 'HARD_NONLINEAR': 1}
[387] order5big_3091: LINEAR (0.0s)  running={'THEOREM': 168, 'LINEAR': 206, 'SOLVED_FMB': 12, 'HARD_NONLINEAR': 1}
[388] order5big_3099: LINEAR (0.0s)  running={'THEOREM': 168, 'LINEAR': 207, 'SOLVED_FMB': 12, 'HARD_NONLINEAR': 1}
[389] order5big_3107: LINEAR (0.0s)  running={'THEOREM': 168, 'LINEAR': 208, 'SOLVED_FMB': 12, 'HARD_NONLINEAR': 1}
[390] order5big_3115: LINEAR (0.0s)  running={'THEOREM': 168, 'LINEAR': 209, 'SOLVED_FMB': 12, 'HARD_NONLINEAR': 1}
[391] order5big_3123: LINEAR (0.0s)  running={'THEOREM': 168, 'LINEAR': 210, 'SOLVED_FMB': 12, 'HARD_NONLINEAR': 1}
[392] order5big_3131: THEOREM (60.2s)  running={'THEOREM': 169, 'LINEAR': 210, 'SOLVED_FMB': 12, 'HARD_NONLINEAR': 1}
[393] order5big_3139: THEOREM (60.2s)  running={'THEOREM': 170, 'LINEAR': 210, 'SOLVED_FMB': 12, 'HARD_NONLINEAR': 1}
[394] order5big_3147: SOLVED_FMB (0.4s)  running={'THEOREM': 170, 'LINEAR': 210, 'SOLVED_FMB': 13, 'HARD_NONLINEAR': 1}
[395] order5big_3155: THEOREM (60.5s)  running={'THEOREM': 171, 'LINEAR': 210, 'SOLVED_FMB': 13, 'HARD_NONLINEAR': 1}
[396] order5big_3163: LINEAR (0.0s)  running={'THEOREM': 171, 'LINEAR': 211, 'SOLVED_FMB': 13, 'HARD_NONLINEAR': 1}
[397] order5big_3171: LINEAR (0.0s)  running={'THEOREM': 171, 'LINEAR': 212, 'SOLVED_FMB': 13, 'HARD_NONLINEAR': 1}
[398] order5big_3179: LINEAR (0.0s)  running={'THEOREM': 171, 'LINEAR': 213, 'SOLVED_FMB': 13, 'HARD_NONLINEAR': 1}
[399] order5big_3187: THEOREM (60.2s)  running={'THEOREM': 172, 'LINEAR': 213, 'SOLVED_FMB': 13, 'HARD_NONLINEAR': 1}
[400] order5big_3195: LINEAR (0.0s)  running={'THEOREM': 172, 'LINEAR': 214, 'SOLVED_FMB': 13, 'HARD_NONLINEAR': 1}
[401] order5big_3203: THEOREM (60.6s)  running={'THEOREM': 173, 'LINEAR': 214, 'SOLVED_FMB': 13, 'HARD_NONLINEAR': 1}
[402] order5big_3211: LINEAR (0.0s)  running={'THEOREM': 173, 'LINEAR': 215, 'SOLVED_FMB': 13, 'HARD_NONLINEAR': 1}
[403] order5big_3219: LINEAR (0.0s)  running={'THEOREM': 173, 'LINEAR': 216, 'SOLVED_FMB': 13, 'HARD_NONLINEAR': 1}
[404] order5big_3227: LINEAR (0.0s)  running={'THEOREM': 173, 'LINEAR': 217, 'SOLVED_FMB': 13, 'HARD_NONLINEAR': 1}
[405] order5big_3235: THEOREM (60.2s)  running={'THEOREM': 174, 'LINEAR': 217, 'SOLVED_FMB': 13, 'HARD_NONLINEAR': 1}
[406] order5big_3243: LINEAR (0.0s)  running={'THEOREM': 174, 'LINEAR': 218, 'SOLVED_FMB': 13, 'HARD_NONLINEAR': 1}
[407] order5big_3251: LINEAR (0.0s)  running={'THEOREM': 174, 'LINEAR': 219, 'SOLVED_FMB': 13, 'HARD_NONLINEAR': 1}
[408] order5big_3259: THEOREM (60.2s)  running={'THEOREM': 175, 'LINEAR': 219, 'SOLVED_FMB': 13, 'HARD_NONLINEAR': 1}
[409] order5big_3267: LINEAR (0.0s)  running={'THEOREM': 175, 'LINEAR': 220, 'SOLVED_FMB': 13, 'HARD_NONLINEAR': 1}
[410] order5big_3275: LINEAR (0.0s)  running={'THEOREM': 175, 'LINEAR': 221, 'SOLVED_FMB': 13, 'HARD_NONLINEAR': 1}
[411] order5big_3283: LINEAR (0.0s)  running={'THEOREM': 175, 'LINEAR': 222, 'SOLVED_FMB': 13, 'HARD_NONLINEAR': 1}
[412] order5big_3291: THEOREM (62.1s)  running={'THEOREM': 176, 'LINEAR': 222, 'SOLVED_FMB': 13, 'HARD_NONLINEAR': 1}
[413] order5big_3299: THEOREM (60.2s)  running={'THEOREM': 177, 'LINEAR': 222, 'SOLVED_FMB': 13, 'HARD_NONLINEAR': 1}
[414] order5big_3307: THEOREM (60.2s)  running={'THEOREM': 178, 'LINEAR': 222, 'SOLVED_FMB': 13, 'HARD_NONLINEAR': 1}
[415] order5big_3315: LINEAR (0.0s)  running={'THEOREM': 178, 'LINEAR': 223, 'SOLVED_FMB': 13, 'HARD_NONLINEAR': 1}
[416] order5big_3323: THEOREM (60.2s)  running={'THEOREM': 179, 'LINEAR': 223, 'SOLVED_FMB': 13, 'HARD_NONLINEAR': 1}
[417] order5big_3331: LINEAR (0.0s)  running={'THEOREM': 179, 'LINEAR': 224, 'SOLVED_FMB': 13, 'HARD_NONLINEAR': 1}
[418] order5big_3339: LINEAR (0.0s)  running={'THEOREM': 179, 'LINEAR': 225, 'SOLVED_FMB': 13, 'HARD_NONLINEAR': 1}
[419] order5big_3347: THEOREM (60.1s)  running={'THEOREM': 180, 'LINEAR': 225, 'SOLVED_FMB': 13, 'HARD_NONLINEAR': 1}
[420] order5big_3355: THEOREM (60.4s)  running={'THEOREM': 181, 'LINEAR': 225, 'SOLVED_FMB': 13, 'HARD_NONLINEAR': 1}
[421] order5big_3363: LINEAR (0.0s)  running={'THEOREM': 181, 'LINEAR': 226, 'SOLVED_FMB': 13, 'HARD_NONLINEAR': 1}
[422] order5big_3371: LINEAR (0.0s)  running={'THEOREM': 181, 'LINEAR': 227, 'SOLVED_FMB': 13, 'HARD_NONLINEAR': 1}
[423] order5big_3379: LINEAR (0.0s)  running={'THEOREM': 181, 'LINEAR': 228, 'SOLVED_FMB': 13, 'HARD_NONLINEAR': 1}
[424] order5big_3387: LINEAR (0.0s)  running={'THEOREM': 181, 'LINEAR': 229, 'SOLVED_FMB': 13, 'HARD_NONLINEAR': 1}
[425] order5big_3395: LINEAR (0.0s)  running={'THEOREM': 181, 'LINEAR': 230, 'SOLVED_FMB': 13, 'HARD_NONLINEAR': 1}
[426] order5big_3403: THEOREM (60.2s)  running={'THEOREM': 182, 'LINEAR': 230, 'SOLVED_FMB': 13, 'HARD_NONLINEAR': 1}
[427] order5big_3411: LINEAR (0.0s)  running={'THEOREM': 182, 'LINEAR': 231, 'SOLVED_FMB': 13, 'HARD_NONLINEAR': 1}
[428] order5big_3419: LINEAR (0.0s)  running={'THEOREM': 182, 'LINEAR': 232, 'SOLVED_FMB': 13, 'HARD_NONLINEAR': 1}
[429] order5big_3427: LINEAR (0.0s)  running={'THEOREM': 182, 'LINEAR': 233, 'SOLVED_FMB': 13, 'HARD_NONLINEAR': 1}
[430] order5big_3435: THEOREM (60.2s)  running={'THEOREM': 183, 'LINEAR': 233, 'SOLVED_FMB': 13, 'HARD_NONLINEAR': 1}
[431] order5big_3443: LINEAR (0.0s)  running={'THEOREM': 183, 'LINEAR': 234, 'SOLVED_FMB': 13, 'HARD_NONLINEAR': 1}
[432] order5big_3451: LINEAR (0.0s)  running={'THEOREM': 183, 'LINEAR': 235, 'SOLVED_FMB': 13, 'HARD_NONLINEAR': 1}
[433] order5big_3459: THEOREM (60.2s)  running={'THEOREM': 184, 'LINEAR': 235, 'SOLVED_FMB': 13, 'HARD_NONLINEAR': 1}
[434] order5big_3467: LINEAR (0.0s)  running={'THEOREM': 184, 'LINEAR': 236, 'SOLVED_FMB': 13, 'HARD_NONLINEAR': 1}
[435] order5big_3475: LINEAR (0.0s)  running={'THEOREM': 184, 'LINEAR': 237, 'SOLVED_FMB': 13, 'HARD_NONLINEAR': 1}
[436] order5big_3483: THEOREM (60.4s)  running={'THEOREM': 185, 'LINEAR': 237, 'SOLVED_FMB': 13, 'HARD_NONLINEAR': 1}
[437] order5big_3491: THEOREM (62.9s)  running={'THEOREM': 186, 'LINEAR': 237, 'SOLVED_FMB': 13, 'HARD_NONLINEAR': 1}
[438] order5big_3499: SOLVED_FMB (0.2s)  running={'THEOREM': 186, 'LINEAR': 237, 'SOLVED_FMB': 14, 'HARD_NONLINEAR': 1}
[439] order5big_3507: THEOREM (60.2s)  running={'THEOREM': 187, 'LINEAR': 237, 'SOLVED_FMB': 14, 'HARD_NONLINEAR': 1}
[440] order5big_3515: LINEAR (0.0s)  running={'THEOREM': 187, 'LINEAR': 238, 'SOLVED_FMB': 14, 'HARD_NONLINEAR': 1}
[441] order5big_3523: THEOREM (60.5s)  running={'THEOREM': 188, 'LINEAR': 238, 'SOLVED_FMB': 14, 'HARD_NONLINEAR': 1}
[442] order5big_3531: THEOREM (60.5s)  running={'THEOREM': 189, 'LINEAR': 238, 'SOLVED_FMB': 14, 'HARD_NONLINEAR': 1}
[443] order5big_3539: THEOREM (60.7s)  running={'THEOREM': 190, 'LINEAR': 238, 'SOLVED_FMB': 14, 'HARD_NONLINEAR': 1}
[444] order5big_3547: SOLVED_FMB (0.2s)  running={'THEOREM': 190, 'LINEAR': 238, 'SOLVED_FMB': 15, 'HARD_NONLINEAR': 1}
[445] order5big_3555: LINEAR (0.0s)  running={'THEOREM': 190, 'LINEAR': 239, 'SOLVED_FMB': 15, 'HARD_NONLINEAR': 1}
[446] order5big_3563: LINEAR (0.0s)  running={'THEOREM': 190, 'LINEAR': 240, 'SOLVED_FMB': 15, 'HARD_NONLINEAR': 1}
[447] order5big_3571: LINEAR (0.0s)  running={'THEOREM': 190, 'LINEAR': 241, 'SOLVED_FMB': 15, 'HARD_NONLINEAR': 1}
[448] order5big_3579: LINEAR (0.0s)  running={'THEOREM': 190, 'LINEAR': 242, 'SOLVED_FMB': 15, 'HARD_NONLINEAR': 1}
[449] order5big_3587: THEOREM (60.5s)  running={'THEOREM': 191, 'LINEAR': 242, 'SOLVED_FMB': 15, 'HARD_NONLINEAR': 1}
[450] order5big_3595: THEOREM (60.2s)  running={'THEOREM': 192, 'LINEAR': 242, 'SOLVED_FMB': 15, 'HARD_NONLINEAR': 1}
[451] order5big_3603: THEOREM (60.2s)  running={'THEOREM': 193, 'LINEAR': 242, 'SOLVED_FMB': 15, 'HARD_NONLINEAR': 1}
[452] order5big_3611: THEOREM (64.2s)  running={'THEOREM': 194, 'LINEAR': 242, 'SOLVED_FMB': 15, 'HARD_NONLINEAR': 1}
[453] order5big_3619: LINEAR (0.0s)  running={'THEOREM': 194, 'LINEAR': 243, 'SOLVED_FMB': 15, 'HARD_NONLINEAR': 1}
[454] order5big_3627: LINEAR (0.0s)  running={'THEOREM': 194, 'LINEAR': 244, 'SOLVED_FMB': 15, 'HARD_NONLINEAR': 1}
[455] order5big_3635: LINEAR (0.0s)  running={'THEOREM': 194, 'LINEAR': 245, 'SOLVED_FMB': 15, 'HARD_NONLINEAR': 1}
[456] order5big_3643: LINEAR (0.0s)  running={'THEOREM': 194, 'LINEAR': 246, 'SOLVED_FMB': 15, 'HARD_NONLINEAR': 1}
[457] order5big_3651: LINEAR (0.0s)  running={'THEOREM': 194, 'LINEAR': 247, 'SOLVED_FMB': 15, 'HARD_NONLINEAR': 1}
[458] order5big_3659: SOLVED_FMB (0.1s)  running={'THEOREM': 194, 'LINEAR': 247, 'SOLVED_FMB': 16, 'HARD_NONLINEAR': 1}
[459] order5big_3667: THEOREM (60.4s)  running={'THEOREM': 195, 'LINEAR': 247, 'SOLVED_FMB': 16, 'HARD_NONLINEAR': 1}
[460] order5big_3675: LINEAR (0.0s)  running={'THEOREM': 195, 'LINEAR': 248, 'SOLVED_FMB': 16, 'HARD_NONLINEAR': 1}
[461] order5big_3683: LINEAR (0.0s)  running={'THEOREM': 195, 'LINEAR': 249, 'SOLVED_FMB': 16, 'HARD_NONLINEAR': 1}
[462] order5big_3691: LINEAR (0.0s)  running={'THEOREM': 195, 'LINEAR': 250, 'SOLVED_FMB': 16, 'HARD_NONLINEAR': 1}
[463] order5big_3699: LINEAR (0.0s)  running={'THEOREM': 195, 'LINEAR': 251, 'SOLVED_FMB': 16, 'HARD_NONLINEAR': 1}
[464] order5big_3707: LINEAR (0.0s)  running={'THEOREM': 195, 'LINEAR': 252, 'SOLVED_FMB': 16, 'HARD_NONLINEAR': 1}
[465] order5big_3715: THEOREM (60.2s)  running={'THEOREM': 196, 'LINEAR': 252, 'SOLVED_FMB': 16, 'HARD_NONLINEAR': 1}
[466] order5big_3723: LINEAR (0.0s)  running={'THEOREM': 196, 'LINEAR': 253, 'SOLVED_FMB': 16, 'HARD_NONLINEAR': 1}
[467] order5big_3731: LINEAR (0.0s)  running={'THEOREM': 196, 'LINEAR': 254, 'SOLVED_FMB': 16, 'HARD_NONLINEAR': 1}
[468] order5big_3739: LINEAR (0.0s)  running={'THEOREM': 196, 'LINEAR': 255, 'SOLVED_FMB': 16, 'HARD_NONLINEAR': 1}
[469] order5big_3747: LINEAR (0.0s)  running={'THEOREM': 196, 'LINEAR': 256, 'SOLVED_FMB': 16, 'HARD_NONLINEAR': 1}
[470] order5big_3755: LINEAR (0.0s)  running={'THEOREM': 196, 'LINEAR': 257, 'SOLVED_FMB': 16, 'HARD_NONLINEAR': 1}
[471] order5big_3763: THEOREM (60.3s)  running={'THEOREM': 197, 'LINEAR': 257, 'SOLVED_FMB': 16, 'HARD_NONLINEAR': 1}
[472] order5big_3771: LINEAR (0.0s)  running={'THEOREM': 197, 'LINEAR': 258, 'SOLVED_FMB': 16, 'HARD_NONLINEAR': 1}
[473] order5big_3779: SOLVED_FMB (1.2s)  running={'THEOREM': 197, 'LINEAR': 258, 'SOLVED_FMB': 17, 'HARD_NONLINEAR': 1}
[474] order5big_3787: THEOREM (60.2s)  running={'THEOREM': 198, 'LINEAR': 258, 'SOLVED_FMB': 17, 'HARD_NONLINEAR': 1}
[475] order5big_3795: LINEAR (0.0s)  running={'THEOREM': 198, 'LINEAR': 259, 'SOLVED_FMB': 17, 'HARD_NONLINEAR': 1}
[476] order5big_3803: LINEAR (0.0s)  running={'THEOREM': 198, 'LINEAR': 260, 'SOLVED_FMB': 17, 'HARD_NONLINEAR': 1}
[477] order5big_3811: THEOREM (60.2s)  running={'THEOREM': 199, 'LINEAR': 260, 'SOLVED_FMB': 17, 'HARD_NONLINEAR': 1}
[478] order5big_3819: LINEAR (0.0s)  running={'THEOREM': 199, 'LINEAR': 261, 'SOLVED_FMB': 17, 'HARD_NONLINEAR': 1}
[479] order5big_3827: LINEAR (0.0s)  running={'THEOREM': 199, 'LINEAR': 262, 'SOLVED_FMB': 17, 'HARD_NONLINEAR': 1}
[480] order5big_3835: THEOREM (60.7s)  running={'THEOREM': 200, 'LINEAR': 262, 'SOLVED_FMB': 17, 'HARD_NONLINEAR': 1}
[481] order5big_3843: LINEAR (0.0s)  running={'THEOREM': 200, 'LINEAR': 263, 'SOLVED_FMB': 17, 'HARD_NONLINEAR': 1}
[482] order5big_3851: THEOREM (60.2s)  running={'THEOREM': 201, 'LINEAR': 263, 'SOLVED_FMB': 17, 'HARD_NONLINEAR': 1}
[483] order5big_3859: LINEAR (0.0s)  running={'THEOREM': 201, 'LINEAR': 264, 'SOLVED_FMB': 17, 'HARD_NONLINEAR': 1}
[484] order5big_3867: THEOREM (60.2s)  running={'THEOREM': 202, 'LINEAR': 264, 'SOLVED_FMB': 17, 'HARD_NONLINEAR': 1}
[485] order5big_3875: THEOREM (60.2s)  running={'THEOREM': 203, 'LINEAR': 264, 'SOLVED_FMB': 17, 'HARD_NONLINEAR': 1}
[486] order5big_3883: LINEAR (0.0s)  running={'THEOREM': 203, 'LINEAR': 265, 'SOLVED_FMB': 17, 'HARD_NONLINEAR': 1}
[487] order5big_3891: LINEAR (0.0s)  running={'THEOREM': 203, 'LINEAR': 266, 'SOLVED_FMB': 17, 'HARD_NONLINEAR': 1}
[488] order5big_3899: THEOREM (60.2s)  running={'THEOREM': 204, 'LINEAR': 266, 'SOLVED_FMB': 17, 'HARD_NONLINEAR': 1}
[489] order5big_3907: THEOREM (60.2s)  running={'THEOREM': 205, 'LINEAR': 266, 'SOLVED_FMB': 17, 'HARD_NONLINEAR': 1}
[490] order5big_3915: LINEAR (0.0s)  running={'THEOREM': 205, 'LINEAR': 267, 'SOLVED_FMB': 17, 'HARD_NONLINEAR': 1}
[491] order5big_3923: THEOREM (60.2s)  running={'THEOREM': 206, 'LINEAR': 267, 'SOLVED_FMB': 17, 'HARD_NONLINEAR': 1}
[492] order5big_3931: LINEAR (0.0s)  running={'THEOREM': 206, 'LINEAR': 268, 'SOLVED_FMB': 17, 'HARD_NONLINEAR': 1}
[493] order5big_3939: LINEAR (0.0s)  running={'THEOREM': 206, 'LINEAR': 269, 'SOLVED_FMB': 17, 'HARD_NONLINEAR': 1}
[494] order5big_3947: THEOREM (62.0s)  running={'THEOREM': 207, 'LINEAR': 269, 'SOLVED_FMB': 17, 'HARD_NONLINEAR': 1}
[495] order5big_3955: LINEAR (0.1s)  running={'THEOREM': 207, 'LINEAR': 270, 'SOLVED_FMB': 17, 'HARD_NONLINEAR': 1}
[496] order5big_3963: LINEAR (0.0s)  running={'THEOREM': 207, 'LINEAR': 271, 'SOLVED_FMB': 17, 'HARD_NONLINEAR': 1}
[497] order5big_3971: THEOREM (60.1s)  running={'THEOREM': 208, 'LINEAR': 271, 'SOLVED_FMB': 17, 'HARD_NONLINEAR': 1}
[498] order5big_3979: LINEAR (0.0s)  running={'THEOREM': 208, 'LINEAR': 272, 'SOLVED_FMB': 17, 'HARD_NONLINEAR': 1}
[499] order5big_3987: LINEAR (0.0s)  running={'THEOREM': 208, 'LINEAR': 273, 'SOLVED_FMB': 17, 'HARD_NONLINEAR': 1}
[500] order5big_3995: LINEAR (0.0s)  running={'THEOREM': 208, 'LINEAR': 274, 'SOLVED_FMB': 17, 'HARD_NONLINEAR': 1}
[501] order5big_4003: THEOREM (60.2s)  running={'THEOREM': 209, 'LINEAR': 274, 'SOLVED_FMB': 17, 'HARD_NONLINEAR': 1}
[502] order5big_4011: THEOREM (60.3s)  running={'THEOREM': 210, 'LINEAR': 274, 'SOLVED_FMB': 17, 'HARD_NONLINEAR': 1}
[503] order5big_4019: LINEAR (0.0s)  running={'THEOREM': 210, 'LINEAR': 275, 'SOLVED_FMB': 17, 'HARD_NONLINEAR': 1}
[504] order5big_4027: LINEAR (0.0s)  running={'THEOREM': 210, 'LINEAR': 276, 'SOLVED_FMB': 17, 'HARD_NONLINEAR': 1}
[505] order5big_4035: THEOREM (60.2s)  running={'THEOREM': 211, 'LINEAR': 276, 'SOLVED_FMB': 17, 'HARD_NONLINEAR': 1}
[506] order5big_4043: LINEAR (0.0s)  running={'THEOREM': 211, 'LINEAR': 277, 'SOLVED_FMB': 17, 'HARD_NONLINEAR': 1}
[507] order5big_4051: LINEAR (0.0s)  running={'THEOREM': 211, 'LINEAR': 278, 'SOLVED_FMB': 17, 'HARD_NONLINEAR': 1}
[508] order5big_4059: LINEAR (0.0s)  running={'THEOREM': 211, 'LINEAR': 279, 'SOLVED_FMB': 17, 'HARD_NONLINEAR': 1}
[509] order5big_4067: THEOREM (60.2s)  running={'THEOREM': 212, 'LINEAR': 279, 'SOLVED_FMB': 17, 'HARD_NONLINEAR': 1}
[510] order5big_4075: THEOREM (60.2s)  running={'THEOREM': 213, 'LINEAR': 279, 'SOLVED_FMB': 17, 'HARD_NONLINEAR': 1}
[511] order5big_4083: LINEAR (0.0s)  running={'THEOREM': 213, 'LINEAR': 280, 'SOLVED_FMB': 17, 'HARD_NONLINEAR': 1}
[512] order5big_4091: LINEAR (0.0s)  running={'THEOREM': 213, 'LINEAR': 281, 'SOLVED_FMB': 17, 'HARD_NONLINEAR': 1}
[513] order5big_4099: LINEAR (0.0s)  running={'THEOREM': 213, 'LINEAR': 282, 'SOLVED_FMB': 17, 'HARD_NONLINEAR': 1}
[514] order5big_4107: THEOREM (60.1s)  running={'THEOREM': 214, 'LINEAR': 282, 'SOLVED_FMB': 17, 'HARD_NONLINEAR': 1}
[515] order5big_4115: LINEAR (0.0s)  running={'THEOREM': 214, 'LINEAR': 283, 'SOLVED_FMB': 17, 'HARD_NONLINEAR': 1}
[516] order5big_4123: THEOREM (60.4s)  running={'THEOREM': 215, 'LINEAR': 283, 'SOLVED_FMB': 17, 'HARD_NONLINEAR': 1}
[517] order5big_4131: LINEAR (0.0s)  running={'THEOREM': 215, 'LINEAR': 284, 'SOLVED_FMB': 17, 'HARD_NONLINEAR': 1}
[518] order5big_4139: LINEAR (0.0s)  running={'THEOREM': 215, 'LINEAR': 285, 'SOLVED_FMB': 17, 'HARD_NONLINEAR': 1}
[519] order5big_4147: LINEAR (0.0s)  running={'THEOREM': 215, 'LINEAR': 286, 'SOLVED_FMB': 17, 'HARD_NONLINEAR': 1}
[520] order5big_4155: LINEAR (0.0s)  running={'THEOREM': 215, 'LINEAR': 287, 'SOLVED_FMB': 17, 'HARD_NONLINEAR': 1}
[521] order5big_4163: THEOREM (60.2s)  running={'THEOREM': 216, 'LINEAR': 287, 'SOLVED_FMB': 17, 'HARD_NONLINEAR': 1}
[522] order5big_4171: LINEAR (0.0s)  running={'THEOREM': 216, 'LINEAR': 288, 'SOLVED_FMB': 17, 'HARD_NONLINEAR': 1}
[523] order5big_4179: LINEAR (0.0s)  running={'THEOREM': 216, 'LINEAR': 289, 'SOLVED_FMB': 17, 'HARD_NONLINEAR': 1}
[524] order5big_4187: SOLVED_FMB (1.1s)  running={'THEOREM': 216, 'LINEAR': 289, 'SOLVED_FMB': 18, 'HARD_NONLINEAR': 1}
[525] order5big_4195: LINEAR (0.0s)  running={'THEOREM': 216, 'LINEAR': 290, 'SOLVED_FMB': 18, 'HARD_NONLINEAR': 1}
[526] order5big_4203: THEOREM (62.0s)  running={'THEOREM': 217, 'LINEAR': 290, 'SOLVED_FMB': 18, 'HARD_NONLINEAR': 1}
[527] order5big_4211: LINEAR (0.0s)  running={'THEOREM': 217, 'LINEAR': 291, 'SOLVED_FMB': 18, 'HARD_NONLINEAR': 1}
[528] order5big_4219: LINEAR (0.0s)  running={'THEOREM': 217, 'LINEAR': 292, 'SOLVED_FMB': 18, 'HARD_NONLINEAR': 1}
[529] order5big_4227: THEOREM (60.7s)  running={'THEOREM': 218, 'LINEAR': 292, 'SOLVED_FMB': 18, 'HARD_NONLINEAR': 1}
[530] order5big_4235: LINEAR (0.0s)  running={'THEOREM': 218, 'LINEAR': 293, 'SOLVED_FMB': 18, 'HARD_NONLINEAR': 1}
[531] order5big_4243: THEOREM (60.2s)  running={'THEOREM': 219, 'LINEAR': 293, 'SOLVED_FMB': 18, 'HARD_NONLINEAR': 1}
[532] order5big_4251: LINEAR (0.0s)  running={'THEOREM': 219, 'LINEAR': 294, 'SOLVED_FMB': 18, 'HARD_NONLINEAR': 1}
[533] order5big_4259: LINEAR (0.0s)  running={'THEOREM': 219, 'LINEAR': 295, 'SOLVED_FMB': 18, 'HARD_NONLINEAR': 1}
[534] order5big_4267: THEOREM (60.2s)  running={'THEOREM': 220, 'LINEAR': 295, 'SOLVED_FMB': 18, 'HARD_NONLINEAR': 1}
[535] order5big_4275: THEOREM (60.2s)  running={'THEOREM': 221, 'LINEAR': 295, 'SOLVED_FMB': 18, 'HARD_NONLINEAR': 1}
[536] order5big_4283: THEOREM (60.2s)  running={'THEOREM': 222, 'LINEAR': 295, 'SOLVED_FMB': 18, 'HARD_NONLINEAR': 1}
[537] order5big_4291: THEOREM (60.7s)  running={'THEOREM': 223, 'LINEAR': 295, 'SOLVED_FMB': 18, 'HARD_NONLINEAR': 1}
[538] order5big_4299: SOLVED_FMB (0.3s)  running={'THEOREM': 223, 'LINEAR': 295, 'SOLVED_FMB': 19, 'HARD_NONLINEAR': 1}
[539] order5big_4307: LINEAR (0.0s)  running={'THEOREM': 223, 'LINEAR': 296, 'SOLVED_FMB': 19, 'HARD_NONLINEAR': 1}
[540] order5big_4315: LINEAR (0.0s)  running={'THEOREM': 223, 'LINEAR': 297, 'SOLVED_FMB': 19, 'HARD_NONLINEAR': 1}
[541] order5big_4323: THEOREM (60.2s)  running={'THEOREM': 224, 'LINEAR': 297, 'SOLVED_FMB': 19, 'HARD_NONLINEAR': 1}
[542] order5big_4331: THEOREM (60.3s)  running={'THEOREM': 225, 'LINEAR': 297, 'SOLVED_FMB': 19, 'HARD_NONLINEAR': 1}
[543] order5big_4339: LINEAR (0.0s)  running={'THEOREM': 225, 'LINEAR': 298, 'SOLVED_FMB': 19, 'HARD_NONLINEAR': 1}
[544] order5big_4347: LINEAR (0.0s)  running={'THEOREM': 225, 'LINEAR': 299, 'SOLVED_FMB': 19, 'HARD_NONLINEAR': 1}
[545] order5big_4355: SOLVED_FMB (1.3s)  running={'THEOREM': 225, 'LINEAR': 299, 'SOLVED_FMB': 20, 'HARD_NONLINEAR': 1}
[546] order5big_4363: LINEAR (0.0s)  running={'THEOREM': 225, 'LINEAR': 300, 'SOLVED_FMB': 20, 'HARD_NONLINEAR': 1}
[547] order5big_4371: LINEAR (0.0s)  running={'THEOREM': 225, 'LINEAR': 301, 'SOLVED_FMB': 20, 'HARD_NONLINEAR': 1}
[548] order5big_4379: LINEAR (0.0s)  running={'THEOREM': 225, 'LINEAR': 302, 'SOLVED_FMB': 20, 'HARD_NONLINEAR': 1}
[549] order5big_4387: LINEAR (0.0s)  running={'THEOREM': 225, 'LINEAR': 303, 'SOLVED_FMB': 20, 'HARD_NONLINEAR': 1}
[550] order5big_4395: THEOREM (60.2s)  running={'THEOREM': 226, 'LINEAR': 303, 'SOLVED_FMB': 20, 'HARD_NONLINEAR': 1}
[551] order5big_4403: THEOREM (60.3s)  running={'THEOREM': 227, 'LINEAR': 303, 'SOLVED_FMB': 20, 'HARD_NONLINEAR': 1}
[552] order5big_4411: THEOREM (60.5s)  running={'THEOREM': 228, 'LINEAR': 303, 'SOLVED_FMB': 20, 'HARD_NONLINEAR': 1}
[553] order5big_4419: THEOREM (60.3s)  running={'THEOREM': 229, 'LINEAR': 303, 'SOLVED_FMB': 20, 'HARD_NONLINEAR': 1}
[554] order5big_4427: LINEAR (0.0s)  running={'THEOREM': 229, 'LINEAR': 304, 'SOLVED_FMB': 20, 'HARD_NONLINEAR': 1}
[555] order5big_4435: THEOREM (60.6s)  running={'THEOREM': 230, 'LINEAR': 304, 'SOLVED_FMB': 20, 'HARD_NONLINEAR': 1}
[556] order5big_4443: LINEAR (0.0s)  running={'THEOREM': 230, 'LINEAR': 305, 'SOLVED_FMB': 20, 'HARD_NONLINEAR': 1}
[557] order5big_4451: LINEAR (0.0s)  running={'THEOREM': 230, 'LINEAR': 306, 'SOLVED_FMB': 20, 'HARD_NONLINEAR': 1}
[558] order5big_4459: LINEAR (0.0s)  running={'THEOREM': 230, 'LINEAR': 307, 'SOLVED_FMB': 20, 'HARD_NONLINEAR': 1}
[559] order5big_4467: THEOREM (60.3s)  running={'THEOREM': 231, 'LINEAR': 307, 'SOLVED_FMB': 20, 'HARD_NONLINEAR': 1}
[560] order5big_4475: THEOREM (60.7s)  running={'THEOREM': 232, 'LINEAR': 307, 'SOLVED_FMB': 20, 'HARD_NONLINEAR': 1}
[561] order5big_4483: LINEAR (0.0s)  running={'THEOREM': 232, 'LINEAR': 308, 'SOLVED_FMB': 20, 'HARD_NONLINEAR': 1}
[562] order5big_4491: THEOREM (60.2s)  running={'THEOREM': 233, 'LINEAR': 308, 'SOLVED_FMB': 20, 'HARD_NONLINEAR': 1}
[563] order5big_4499: THEOREM (60.4s)  running={'THEOREM': 234, 'LINEAR': 308, 'SOLVED_FMB': 20, 'HARD_NONLINEAR': 1}
[564] order5big_4507: LINEAR (0.0s)  running={'THEOREM': 234, 'LINEAR': 309, 'SOLVED_FMB': 20, 'HARD_NONLINEAR': 1}
[565] order5big_4515: THEOREM (73.0s)  running={'THEOREM': 235, 'LINEAR': 309, 'SOLVED_FMB': 20, 'HARD_NONLINEAR': 1}
[566] order5big_4523: LINEAR (0.0s)  running={'THEOREM': 235, 'LINEAR': 310, 'SOLVED_FMB': 20, 'HARD_NONLINEAR': 1}
[567] order5big_4531: THEOREM (60.4s)  running={'THEOREM': 236, 'LINEAR': 310, 'SOLVED_FMB': 20, 'HARD_NONLINEAR': 1}
[568] order5big_4539: LINEAR (0.0s)  running={'THEOREM': 236, 'LINEAR': 311, 'SOLVED_FMB': 20, 'HARD_NONLINEAR': 1}
[569] order5big_4547: THEOREM (60.7s)  running={'THEOREM': 237, 'LINEAR': 311, 'SOLVED_FMB': 20, 'HARD_NONLINEAR': 1}
[570] order5big_4555: LINEAR (0.0s)  running={'THEOREM': 237, 'LINEAR': 312, 'SOLVED_FMB': 20, 'HARD_NONLINEAR': 1}
[571] order5big_4563: THEOREM (61.7s)  running={'THEOREM': 238, 'LINEAR': 312, 'SOLVED_FMB': 20, 'HARD_NONLINEAR': 1}
[572] order5big_4571: LINEAR (0.0s)  running={'THEOREM': 238, 'LINEAR': 313, 'SOLVED_FMB': 20, 'HARD_NONLINEAR': 1}
[573] order5big_4579: LINEAR (0.0s)  running={'THEOREM': 238, 'LINEAR': 314, 'SOLVED_FMB': 20, 'HARD_NONLINEAR': 1}
[574] order5big_4587: LINEAR (0.0s)  running={'THEOREM': 238, 'LINEAR': 315, 'SOLVED_FMB': 20, 'HARD_NONLINEAR': 1}
[575] order5big_4595: LINEAR (0.0s)  running={'THEOREM': 238, 'LINEAR': 316, 'SOLVED_FMB': 20, 'HARD_NONLINEAR': 1}
[576] order5big_4603: LINEAR (0.0s)  running={'THEOREM': 238, 'LINEAR': 317, 'SOLVED_FMB': 20, 'HARD_NONLINEAR': 1}
[577] order5big_4611: THEOREM (60.3s)  running={'THEOREM': 239, 'LINEAR': 317, 'SOLVED_FMB': 20, 'HARD_NONLINEAR': 1}
[578] order5big_4619: SOLVED_FMB (3.0s)  running={'THEOREM': 239, 'LINEAR': 317, 'SOLVED_FMB': 21, 'HARD_NONLINEAR': 1}
[579] order5big_4627: LINEAR (0.0s)  running={'THEOREM': 239, 'LINEAR': 318, 'SOLVED_FMB': 21, 'HARD_NONLINEAR': 1}
[580] order5big_4635: THEOREM (60.2s)  running={'THEOREM': 240, 'LINEAR': 318, 'SOLVED_FMB': 21, 'HARD_NONLINEAR': 1}
[581] order5big_4643: LINEAR (0.0s)  running={'THEOREM': 240, 'LINEAR': 319, 'SOLVED_FMB': 21, 'HARD_NONLINEAR': 1}
[582] order5big_4651: LINEAR (0.0s)  running={'THEOREM': 240, 'LINEAR': 320, 'SOLVED_FMB': 21, 'HARD_NONLINEAR': 1}
[583] order5big_4659: LINEAR (0.0s)  running={'THEOREM': 240, 'LINEAR': 321, 'SOLVED_FMB': 21, 'HARD_NONLINEAR': 1}
[584] order5big_4667: LINEAR (0.0s)  running={'THEOREM': 240, 'LINEAR': 322, 'SOLVED_FMB': 21, 'HARD_NONLINEAR': 1}
[585] order5big_4675: LINEAR (0.0s)  running={'THEOREM': 240, 'LINEAR': 323, 'SOLVED_FMB': 21, 'HARD_NONLINEAR': 1}
[586] order5big_4683: THEOREM (60.2s)  running={'THEOREM': 241, 'LINEAR': 323, 'SOLVED_FMB': 21, 'HARD_NONLINEAR': 1}
[587] order5big_4691: LINEAR (0.0s)  running={'THEOREM': 241, 'LINEAR': 324, 'SOLVED_FMB': 21, 'HARD_NONLINEAR': 1}
[588] order5big_4699: THEOREM (60.3s)  running={'THEOREM': 242, 'LINEAR': 324, 'SOLVED_FMB': 21, 'HARD_NONLINEAR': 1}
[589] order5big_4707: LINEAR (0.0s)  running={'THEOREM': 242, 'LINEAR': 325, 'SOLVED_FMB': 21, 'HARD_NONLINEAR': 1}
[590] order5big_4715: LINEAR (0.0s)  running={'THEOREM': 242, 'LINEAR': 326, 'SOLVED_FMB': 21, 'HARD_NONLINEAR': 1}
[591] order5big_4723: THEOREM (60.2s)  running={'THEOREM': 243, 'LINEAR': 326, 'SOLVED_FMB': 21, 'HARD_NONLINEAR': 1}
[592] order5big_4731: THEOREM (2.5s)  running={'THEOREM': 244, 'LINEAR': 326, 'SOLVED_FMB': 21, 'HARD_NONLINEAR': 1}
[593] order5big_4739: LINEAR (0.0s)  running={'THEOREM': 244, 'LINEAR': 327, 'SOLVED_FMB': 21, 'HARD_NONLINEAR': 1}
[594] order5big_4747: LINEAR (0.0s)  running={'THEOREM': 244, 'LINEAR': 328, 'SOLVED_FMB': 21, 'HARD_NONLINEAR': 1}
[595] order5big_4755: LINEAR (0.0s)  running={'THEOREM': 244, 'LINEAR': 329, 'SOLVED_FMB': 21, 'HARD_NONLINEAR': 1}
[596] order5big_4763: THEOREM (60.2s)  running={'THEOREM': 245, 'LINEAR': 329, 'SOLVED_FMB': 21, 'HARD_NONLINEAR': 1}
[597] order5big_4771: LINEAR (0.0s)  running={'THEOREM': 245, 'LINEAR': 330, 'SOLVED_FMB': 21, 'HARD_NONLINEAR': 1}
[598] order5big_4779: LINEAR (0.0s)  running={'THEOREM': 245, 'LINEAR': 331, 'SOLVED_FMB': 21, 'HARD_NONLINEAR': 1}
[599] order5big_4787: THEOREM (60.2s)  running={'THEOREM': 246, 'LINEAR': 331, 'SOLVED_FMB': 21, 'HARD_NONLINEAR': 1}
[600] order5big_4795: SOLVED_FMB (0.3s)  running={'THEOREM': 246, 'LINEAR': 331, 'SOLVED_FMB': 22, 'HARD_NONLINEAR': 1}
[601] order5big_4803: LINEAR (0.0s)  running={'THEOREM': 246, 'LINEAR': 332, 'SOLVED_FMB': 22, 'HARD_NONLINEAR': 1}
[602] order5big_4811: LINEAR (0.0s)  running={'THEOREM': 246, 'LINEAR': 333, 'SOLVED_FMB': 22, 'HARD_NONLINEAR': 1}
[603] order5big_4819: LINEAR (0.0s)  running={'THEOREM': 246, 'LINEAR': 334, 'SOLVED_FMB': 22, 'HARD_NONLINEAR': 1}
[604] order5big_4827: LINEAR (0.0s)  running={'THEOREM': 246, 'LINEAR': 335, 'SOLVED_FMB': 22, 'HARD_NONLINEAR': 1}
[605] order5big_4835: THEOREM (60.2s)  running={'THEOREM': 247, 'LINEAR': 335, 'SOLVED_FMB': 22, 'HARD_NONLINEAR': 1}
[606] order5big_4843: THEOREM (60.2s)  running={'THEOREM': 248, 'LINEAR': 335, 'SOLVED_FMB': 22, 'HARD_NONLINEAR': 1}
[607] order5big_4851: THEOREM (60.2s)  running={'THEOREM': 249, 'LINEAR': 335, 'SOLVED_FMB': 22, 'HARD_NONLINEAR': 1}
[608] order5big_4859: THEOREM (33.4s)  running={'THEOREM': 250, 'LINEAR': 335, 'SOLVED_FMB': 22, 'HARD_NONLINEAR': 1}
[609] order5big_4867: THEOREM (60.2s)  running={'THEOREM': 251, 'LINEAR': 335, 'SOLVED_FMB': 22, 'HARD_NONLINEAR': 1}
[610] order5big_4875: LINEAR (0.0s)  running={'THEOREM': 251, 'LINEAR': 336, 'SOLVED_FMB': 22, 'HARD_NONLINEAR': 1}
[611] order5big_4883: LINEAR (0.0s)  running={'THEOREM': 251, 'LINEAR': 337, 'SOLVED_FMB': 22, 'HARD_NONLINEAR': 1}
[612] order5big_4891: THEOREM (60.3s)  running={'THEOREM': 252, 'LINEAR': 337, 'SOLVED_FMB': 22, 'HARD_NONLINEAR': 1}
[613] order5big_4899: LINEAR (0.0s)  running={'THEOREM': 252, 'LINEAR': 338, 'SOLVED_FMB': 22, 'HARD_NONLINEAR': 1}
[614] order5big_4907: THEOREM (60.2s)  running={'THEOREM': 253, 'LINEAR': 338, 'SOLVED_FMB': 22, 'HARD_NONLINEAR': 1}
[615] order5big_4915: LINEAR (0.0s)  running={'THEOREM': 253, 'LINEAR': 339, 'SOLVED_FMB': 22, 'HARD_NONLINEAR': 1}
[616] order5big_4923: LINEAR (0.0s)  running={'THEOREM': 253, 'LINEAR': 340, 'SOLVED_FMB': 22, 'HARD_NONLINEAR': 1}
[617] order5big_4931: THEOREM (60.2s)  running={'THEOREM': 254, 'LINEAR': 340, 'SOLVED_FMB': 22, 'HARD_NONLINEAR': 1}
[618] order5big_4939: SOLVED_FMB (2.0s)  running={'THEOREM': 254, 'LINEAR': 340, 'SOLVED_FMB': 23, 'HARD_NONLINEAR': 1}
[619] order5big_4947: THEOREM (60.8s)  running={'THEOREM': 255, 'LINEAR': 340, 'SOLVED_FMB': 23, 'HARD_NONLINEAR': 1}
[620] order5big_4955: LINEAR (0.0s)  running={'THEOREM': 255, 'LINEAR': 341, 'SOLVED_FMB': 23, 'HARD_NONLINEAR': 1}
[621] order5big_4963: LINEAR (0.0s)  running={'THEOREM': 255, 'LINEAR': 342, 'SOLVED_FMB': 23, 'HARD_NONLINEAR': 1}
[622] order5big_4971: LINEAR (0.0s)  running={'THEOREM': 255, 'LINEAR': 343, 'SOLVED_FMB': 23, 'HARD_NONLINEAR': 1}
[623] order5big_4979: LINEAR (0.0s)  running={'THEOREM': 255, 'LINEAR': 344, 'SOLVED_FMB': 23, 'HARD_NONLINEAR': 1}
[624] order5big_4987: LINEAR (0.0s)  running={'THEOREM': 255, 'LINEAR': 345, 'SOLVED_FMB': 23, 'HARD_NONLINEAR': 1}
[625] order5big_4995: THEOREM (60.2s)  running={'THEOREM': 256, 'LINEAR': 345, 'SOLVED_FMB': 23, 'HARD_NONLINEAR': 1}
[626] order5big_5003: LINEAR (0.0s)  running={'THEOREM': 256, 'LINEAR': 346, 'SOLVED_FMB': 23, 'HARD_NONLINEAR': 1}
[627] order5big_5011: LINEAR (0.0s)  running={'THEOREM': 256, 'LINEAR': 347, 'SOLVED_FMB': 23, 'HARD_NONLINEAR': 1}
[628] order5big_5019: THEOREM (60.2s)  running={'THEOREM': 257, 'LINEAR': 347, 'SOLVED_FMB': 23, 'HARD_NONLINEAR': 1}
[629] order5big_5027: LINEAR (0.0s)  running={'THEOREM': 257, 'LINEAR': 348, 'SOLVED_FMB': 23, 'HARD_NONLINEAR': 1}
[630] order5big_5035: THEOREM (72.3s)  running={'THEOREM': 258, 'LINEAR': 348, 'SOLVED_FMB': 23, 'HARD_NONLINEAR': 1}
[631] order5big_5043: THEOREM (62.9s)  running={'THEOREM': 259, 'LINEAR': 348, 'SOLVED_FMB': 23, 'HARD_NONLINEAR': 1}
[632] order5big_5051: LINEAR (0.0s)  running={'THEOREM': 259, 'LINEAR': 349, 'SOLVED_FMB': 23, 'HARD_NONLINEAR': 1}
[633] order5big_5059: THEOREM (61.2s)  running={'THEOREM': 260, 'LINEAR': 349, 'SOLVED_FMB': 23, 'HARD_NONLINEAR': 1}
[634] order5big_5067: LINEAR (0.0s)  running={'THEOREM': 260, 'LINEAR': 350, 'SOLVED_FMB': 23, 'HARD_NONLINEAR': 1}
[635] order5big_5075: THEOREM (60.3s)  running={'THEOREM': 261, 'LINEAR': 350, 'SOLVED_FMB': 23, 'HARD_NONLINEAR': 1}
[636] order5big_5083: LINEAR (0.0s)  running={'THEOREM': 261, 'LINEAR': 351, 'SOLVED_FMB': 23, 'HARD_NONLINEAR': 1}
[637] order5big_5091: LINEAR (0.0s)  running={'THEOREM': 261, 'LINEAR': 352, 'SOLVED_FMB': 23, 'HARD_NONLINEAR': 1}
[638] order5big_5099: THEOREM (60.5s)  running={'THEOREM': 262, 'LINEAR': 352, 'SOLVED_FMB': 23, 'HARD_NONLINEAR': 1}
[639] order5big_5107: LINEAR (0.0s)  running={'THEOREM': 262, 'LINEAR': 353, 'SOLVED_FMB': 23, 'HARD_NONLINEAR': 1}
[640] order5big_5115: LINEAR (0.0s)  running={'THEOREM': 262, 'LINEAR': 354, 'SOLVED_FMB': 23, 'HARD_NONLINEAR': 1}
[641] order5big_5123: THEOREM (60.6s)  running={'THEOREM': 263, 'LINEAR': 354, 'SOLVED_FMB': 23, 'HARD_NONLINEAR': 1}
[642] order5big_5131: THEOREM (60.2s)  running={'THEOREM': 264, 'LINEAR': 354, 'SOLVED_FMB': 23, 'HARD_NONLINEAR': 1}
[643] order5big_5139: LINEAR (0.0s)  running={'THEOREM': 264, 'LINEAR': 355, 'SOLVED_FMB': 23, 'HARD_NONLINEAR': 1}
[644] order5big_5147: LINEAR (0.0s)  running={'THEOREM': 264, 'LINEAR': 356, 'SOLVED_FMB': 23, 'HARD_NONLINEAR': 1}
[645] order5big_5155: THEOREM (60.2s)  running={'THEOREM': 265, 'LINEAR': 356, 'SOLVED_FMB': 23, 'HARD_NONLINEAR': 1}
[646] order5big_5163: LINEAR (0.0s)  running={'THEOREM': 265, 'LINEAR': 357, 'SOLVED_FMB': 23, 'HARD_NONLINEAR': 1}
[647] order5big_5171: LINEAR (0.0s)  running={'THEOREM': 265, 'LINEAR': 358, 'SOLVED_FMB': 23, 'HARD_NONLINEAR': 1}
[648] order5big_5179: LINEAR (0.0s)  running={'THEOREM': 265, 'LINEAR': 359, 'SOLVED_FMB': 23, 'HARD_NONLINEAR': 1}
[649] order5big_5187: LINEAR (0.0s)  running={'THEOREM': 265, 'LINEAR': 360, 'SOLVED_FMB': 23, 'HARD_NONLINEAR': 1}
[650] order5big_5195: THEOREM (60.2s)  running={'THEOREM': 266, 'LINEAR': 360, 'SOLVED_FMB': 23, 'HARD_NONLINEAR': 1}
[651] order5big_5203: THEOREM (60.3s)  running={'THEOREM': 267, 'LINEAR': 360, 'SOLVED_FMB': 23, 'HARD_NONLINEAR': 1}
[652] order5big_5211: LINEAR (0.0s)  running={'THEOREM': 267, 'LINEAR': 361, 'SOLVED_FMB': 23, 'HARD_NONLINEAR': 1}
[653] order5big_5219: LINEAR (0.0s)  running={'THEOREM': 267, 'LINEAR': 362, 'SOLVED_FMB': 23, 'HARD_NONLINEAR': 1}
[654] order5big_5227: SOLVED_FMB (2.0s)  running={'THEOREM': 267, 'LINEAR': 362, 'SOLVED_FMB': 24, 'HARD_NONLINEAR': 1}
[655] order5big_5235: THEOREM (63.7s)  running={'THEOREM': 268, 'LINEAR': 362, 'SOLVED_FMB': 24, 'HARD_NONLINEAR': 1}
[656] order5big_5243: THEOREM (61.3s)  running={'THEOREM': 269, 'LINEAR': 362, 'SOLVED_FMB': 24, 'HARD_NONLINEAR': 1}
[657] order5big_5251: LINEAR (0.0s)  running={'THEOREM': 269, 'LINEAR': 363, 'SOLVED_FMB': 24, 'HARD_NONLINEAR': 1}
[658] order5big_5259: THEOREM (60.2s)  running={'THEOREM': 270, 'LINEAR': 363, 'SOLVED_FMB': 24, 'HARD_NONLINEAR': 1}
[659] order5big_5267: THEOREM (60.2s)  running={'THEOREM': 271, 'LINEAR': 363, 'SOLVED_FMB': 24, 'HARD_NONLINEAR': 1}
[660] order5big_5275: LINEAR (0.0s)  running={'THEOREM': 271, 'LINEAR': 364, 'SOLVED_FMB': 24, 'HARD_NONLINEAR': 1}
[661] order5big_5283: THEOREM (60.2s)  running={'THEOREM': 272, 'LINEAR': 364, 'SOLVED_FMB': 24, 'HARD_NONLINEAR': 1}
[662] order5big_5291: LINEAR (0.0s)  running={'THEOREM': 272, 'LINEAR': 365, 'SOLVED_FMB': 24, 'HARD_NONLINEAR': 1}
[663] order5big_5299: THEOREM (60.6s)  running={'THEOREM': 273, 'LINEAR': 365, 'SOLVED_FMB': 24, 'HARD_NONLINEAR': 1}
[664] order5big_5307: THEOREM (60.2s)  running={'THEOREM': 274, 'LINEAR': 365, 'SOLVED_FMB': 24, 'HARD_NONLINEAR': 1}
[665] order5big_5315: THEOREM (62.1s)  running={'THEOREM': 275, 'LINEAR': 365, 'SOLVED_FMB': 24, 'HARD_NONLINEAR': 1}
[666] order5big_5323: LINEAR (0.0s)  running={'THEOREM': 275, 'LINEAR': 366, 'SOLVED_FMB': 24, 'HARD_NONLINEAR': 1}
[667] order5big_5331: LINEAR (0.0s)  running={'THEOREM': 275, 'LINEAR': 367, 'SOLVED_FMB': 24, 'HARD_NONLINEAR': 1}
[668] order5big_5339: LINEAR (0.0s)  running={'THEOREM': 275, 'LINEAR': 368, 'SOLVED_FMB': 24, 'HARD_NONLINEAR': 1}
[669] order5big_5347: SOLVED_FMB (4.2s)  running={'THEOREM': 275, 'LINEAR': 368, 'SOLVED_FMB': 25, 'HARD_NONLINEAR': 1}
[670] order5big_5355: THEOREM (60.2s)  running={'THEOREM': 276, 'LINEAR': 368, 'SOLVED_FMB': 25, 'HARD_NONLINEAR': 1}
[671] order5big_5363: LINEAR (0.0s)  running={'THEOREM': 276, 'LINEAR': 369, 'SOLVED_FMB': 25, 'HARD_NONLINEAR': 1}
[672] order5big_5371: LINEAR (0.0s)  running={'THEOREM': 276, 'LINEAR': 370, 'SOLVED_FMB': 25, 'HARD_NONLINEAR': 1}
[673] order5big_5379: LINEAR (0.0s)  running={'THEOREM': 276, 'LINEAR': 371, 'SOLVED_FMB': 25, 'HARD_NONLINEAR': 1}
[674] order5big_5387: LINEAR (0.0s)  running={'THEOREM': 276, 'LINEAR': 372, 'SOLVED_FMB': 25, 'HARD_NONLINEAR': 1}
[675] order5big_5395: THEOREM (60.2s)  running={'THEOREM': 277, 'LINEAR': 372, 'SOLVED_FMB': 25, 'HARD_NONLINEAR': 1}
[676] order5big_5403: LINEAR (0.0s)  running={'THEOREM': 277, 'LINEAR': 373, 'SOLVED_FMB': 25, 'HARD_NONLINEAR': 1}
[677] order5big_5411: LINEAR (0.0s)  running={'THEOREM': 277, 'LINEAR': 374, 'SOLVED_FMB': 25, 'HARD_NONLINEAR': 1}
[678] order5big_5419: LINEAR (0.0s)  running={'THEOREM': 277, 'LINEAR': 375, 'SOLVED_FMB': 25, 'HARD_NONLINEAR': 1}
[679] order5big_5427: LINEAR (0.0s)  running={'THEOREM': 277, 'LINEAR': 376, 'SOLVED_FMB': 25, 'HARD_NONLINEAR': 1}
[680] order5big_5435: LINEAR (0.9s)  running={'THEOREM': 277, 'LINEAR': 377, 'SOLVED_FMB': 25, 'HARD_NONLINEAR': 1}
[681] order5big_5443: THEOREM (60.2s)  running={'THEOREM': 278, 'LINEAR': 377, 'SOLVED_FMB': 25, 'HARD_NONLINEAR': 1}
[682] order5big_5451: THEOREM (60.2s)  running={'THEOREM': 279, 'LINEAR': 377, 'SOLVED_FMB': 25, 'HARD_NONLINEAR': 1}
[683] order5big_5459: THEOREM (60.2s)  running={'THEOREM': 280, 'LINEAR': 377, 'SOLVED_FMB': 25, 'HARD_NONLINEAR': 1}
[684] order5big_5467: LINEAR (0.0s)  running={'THEOREM': 280, 'LINEAR': 378, 'SOLVED_FMB': 25, 'HARD_NONLINEAR': 1}
[685] order5big_5475: THEOREM (69.2s)  running={'THEOREM': 281, 'LINEAR': 378, 'SOLVED_FMB': 25, 'HARD_NONLINEAR': 1}
[686] order5big_5483: LINEAR (0.0s)  running={'THEOREM': 281, 'LINEAR': 379, 'SOLVED_FMB': 25, 'HARD_NONLINEAR': 1}
[687] order5big_5491: LINEAR (0.0s)  running={'THEOREM': 281, 'LINEAR': 380, 'SOLVED_FMB': 25, 'HARD_NONLINEAR': 1}
[688] order5big_5499: LINEAR (0.0s)  running={'THEOREM': 281, 'LINEAR': 381, 'SOLVED_FMB': 25, 'HARD_NONLINEAR': 1}
[689] order5big_5507: LINEAR (0.0s)  running={'THEOREM': 281, 'LINEAR': 382, 'SOLVED_FMB': 25, 'HARD_NONLINEAR': 1}
[690] order5big_5515: THEOREM (21.9s)  running={'THEOREM': 282, 'LINEAR': 382, 'SOLVED_FMB': 25, 'HARD_NONLINEAR': 1}
[691] order5big_5523: THEOREM (60.6s)  running={'THEOREM': 283, 'LINEAR': 382, 'SOLVED_FMB': 25, 'HARD_NONLINEAR': 1}
[692] order5big_5531: LINEAR (0.0s)  running={'THEOREM': 283, 'LINEAR': 383, 'SOLVED_FMB': 25, 'HARD_NONLINEAR': 1}
[693] order5big_5539: LINEAR (0.0s)  running={'THEOREM': 283, 'LINEAR': 384, 'SOLVED_FMB': 25, 'HARD_NONLINEAR': 1}
[694] order5big_5547: LINEAR (0.0s)  running={'THEOREM': 283, 'LINEAR': 385, 'SOLVED_FMB': 25, 'HARD_NONLINEAR': 1}
[695] order5big_5555: LINEAR (0.0s)  running={'THEOREM': 283, 'LINEAR': 386, 'SOLVED_FMB': 25, 'HARD_NONLINEAR': 1}
[696] order5big_5563: THEOREM (60.2s)  running={'THEOREM': 284, 'LINEAR': 386, 'SOLVED_FMB': 25, 'HARD_NONLINEAR': 1}
[697] order5big_5571: LINEAR (0.0s)  running={'THEOREM': 284, 'LINEAR': 387, 'SOLVED_FMB': 25, 'HARD_NONLINEAR': 1}
[698] order5big_5579: THEOREM (60.2s)  running={'THEOREM': 285, 'LINEAR': 387, 'SOLVED_FMB': 25, 'HARD_NONLINEAR': 1}
[699] order5big_5587: LINEAR (0.0s)  running={'THEOREM': 285, 'LINEAR': 388, 'SOLVED_FMB': 25, 'HARD_NONLINEAR': 1}
[700] order5big_5595: THEOREM (60.7s)  running={'THEOREM': 286, 'LINEAR': 388, 'SOLVED_FMB': 25, 'HARD_NONLINEAR': 1}
[701] order5big_5603: LINEAR (0.0s)  running={'THEOREM': 286, 'LINEAR': 389, 'SOLVED_FMB': 25, 'HARD_NONLINEAR': 1}
[702] order5big_5611: LINEAR (0.0s)  running={'THEOREM': 286, 'LINEAR': 390, 'SOLVED_FMB': 25, 'HARD_NONLINEAR': 1}
[703] order5big_5619: LINEAR (0.0s)  running={'THEOREM': 286, 'LINEAR': 391, 'SOLVED_FMB': 25, 'HARD_NONLINEAR': 1}
[704] order5big_5627: THEOREM (60.3s)  running={'THEOREM': 287, 'LINEAR': 391, 'SOLVED_FMB': 25, 'HARD_NONLINEAR': 1}
[705] order5big_5635: LINEAR (0.0s)  running={'THEOREM': 287, 'LINEAR': 392, 'SOLVED_FMB': 25, 'HARD_NONLINEAR': 1}
[706] order5big_5643: LINEAR (0.0s)  running={'THEOREM': 287, 'LINEAR': 393, 'SOLVED_FMB': 25, 'HARD_NONLINEAR': 1}
[707] order5big_5651: LINEAR (0.0s)  running={'THEOREM': 287, 'LINEAR': 394, 'SOLVED_FMB': 25, 'HARD_NONLINEAR': 1}
[708] order5big_5659: LINEAR (0.0s)  running={'THEOREM': 287, 'LINEAR': 395, 'SOLVED_FMB': 25, 'HARD_NONLINEAR': 1}
[709] order5big_5667: SOLVED_FMB (1.1s)  running={'THEOREM': 287, 'LINEAR': 395, 'SOLVED_FMB': 26, 'HARD_NONLINEAR': 1}
[710] order5big_5675: THEOREM (60.2s)  running={'THEOREM': 288, 'LINEAR': 395, 'SOLVED_FMB': 26, 'HARD_NONLINEAR': 1}
[711] order5big_5683: LINEAR (0.0s)  running={'THEOREM': 288, 'LINEAR': 396, 'SOLVED_FMB': 26, 'HARD_NONLINEAR': 1}
[712] order5big_5691: THEOREM (62.7s)  running={'THEOREM': 289, 'LINEAR': 396, 'SOLVED_FMB': 26, 'HARD_NONLINEAR': 1}
[713] order5big_5699: THEOREM (60.2s)  running={'THEOREM': 290, 'LINEAR': 396, 'SOLVED_FMB': 26, 'HARD_NONLINEAR': 1}
[714] order5big_5707: THEOREM (60.2s)  running={'THEOREM': 291, 'LINEAR': 396, 'SOLVED_FMB': 26, 'HARD_NONLINEAR': 1}
[715] order5big_5715: LINEAR (0.0s)  running={'THEOREM': 291, 'LINEAR': 397, 'SOLVED_FMB': 26, 'HARD_NONLINEAR': 1}
[716] order5big_5723: SOLVED_FMB (11.9s)  running={'THEOREM': 291, 'LINEAR': 397, 'SOLVED_FMB': 27, 'HARD_NONLINEAR': 1}
[717] order5big_5731: THEOREM (60.2s)  running={'THEOREM': 292, 'LINEAR': 397, 'SOLVED_FMB': 27, 'HARD_NONLINEAR': 1}
[718] order5big_5739: LINEAR (0.0s)  running={'THEOREM': 292, 'LINEAR': 398, 'SOLVED_FMB': 27, 'HARD_NONLINEAR': 1}
[719] order5big_5747: LINEAR (0.0s)  running={'THEOREM': 292, 'LINEAR': 399, 'SOLVED_FMB': 27, 'HARD_NONLINEAR': 1}
[720] order5big_5755: THEOREM (60.2s)  running={'THEOREM': 293, 'LINEAR': 399, 'SOLVED_FMB': 27, 'HARD_NONLINEAR': 1}
[721] order5big_5763: THEOREM (60.3s)  running={'THEOREM': 294, 'LINEAR': 399, 'SOLVED_FMB': 27, 'HARD_NONLINEAR': 1}
[722] order5big_5771: LINEAR (0.0s)  running={'THEOREM': 294, 'LINEAR': 400, 'SOLVED_FMB': 27, 'HARD_NONLINEAR': 1}
[723] order5big_5779: LINEAR (0.0s)  running={'THEOREM': 294, 'LINEAR': 401, 'SOLVED_FMB': 27, 'HARD_NONLINEAR': 1}
[724] order5big_5787: LINEAR (0.0s)  running={'THEOREM': 294, 'LINEAR': 402, 'SOLVED_FMB': 27, 'HARD_NONLINEAR': 1}
[725] order5big_5795: LINEAR (0.0s)  running={'THEOREM': 294, 'LINEAR': 403, 'SOLVED_FMB': 27, 'HARD_NONLINEAR': 1}
[726] order5big_5803: LINEAR (0.0s)  running={'THEOREM': 294, 'LINEAR': 404, 'SOLVED_FMB': 27, 'HARD_NONLINEAR': 1}
[727] order5big_5811: LINEAR (0.0s)  running={'THEOREM': 294, 'LINEAR': 405, 'SOLVED_FMB': 27, 'HARD_NONLINEAR': 1}
[728] order5big_5819: SOLVED_FMB (17.6s)  running={'THEOREM': 294, 'LINEAR': 405, 'SOLVED_FMB': 28, 'HARD_NONLINEAR': 1}
[729] order5big_5827: THEOREM (60.2s)  running={'THEOREM': 295, 'LINEAR': 405, 'SOLVED_FMB': 28, 'HARD_NONLINEAR': 1}
[730] order5big_5835: THEOREM (60.4s)  running={'THEOREM': 296, 'LINEAR': 405, 'SOLVED_FMB': 28, 'HARD_NONLINEAR': 1}
[731] order5big_5843: LINEAR (0.0s)  running={'THEOREM': 296, 'LINEAR': 406, 'SOLVED_FMB': 28, 'HARD_NONLINEAR': 1}
[732] order5big_5851: THEOREM (64.8s)  running={'THEOREM': 297, 'LINEAR': 406, 'SOLVED_FMB': 28, 'HARD_NONLINEAR': 1}
[733] order5big_5859: LINEAR (0.0s)  running={'THEOREM': 297, 'LINEAR': 407, 'SOLVED_FMB': 28, 'HARD_NONLINEAR': 1}
[734] order5big_5867: LINEAR (0.0s)  running={'THEOREM': 297, 'LINEAR': 408, 'SOLVED_FMB': 28, 'HARD_NONLINEAR': 1}
[735] order5big_5875: LINEAR (0.0s)  running={'THEOREM': 297, 'LINEAR': 409, 'SOLVED_FMB': 28, 'HARD_NONLINEAR': 1}
[736] order5big_5883: THEOREM (60.1s)  running={'THEOREM': 298, 'LINEAR': 409, 'SOLVED_FMB': 28, 'HARD_NONLINEAR': 1}
[737] order5big_5891: THEOREM (60.2s)  running={'THEOREM': 299, 'LINEAR': 409, 'SOLVED_FMB': 28, 'HARD_NONLINEAR': 1}
[738] order5big_5899: THEOREM (60.6s)  running={'THEOREM': 300, 'LINEAR': 409, 'SOLVED_FMB': 28, 'HARD_NONLINEAR': 1}
[739] order5big_5907: THEOREM (60.2s)  running={'THEOREM': 301, 'LINEAR': 409, 'SOLVED_FMB': 28, 'HARD_NONLINEAR': 1}
[740] order5big_5915: LINEAR (0.0s)  running={'THEOREM': 301, 'LINEAR': 410, 'SOLVED_FMB': 28, 'HARD_NONLINEAR': 1}
[741] order5big_5923: LINEAR (0.0s)  running={'THEOREM': 301, 'LINEAR': 411, 'SOLVED_FMB': 28, 'HARD_NONLINEAR': 1}
[742] order5big_5931: THEOREM (0.1s)  running={'THEOREM': 302, 'LINEAR': 411, 'SOLVED_FMB': 28, 'HARD_NONLINEAR': 1}
[743] order5big_5939: THEOREM (60.2s)  running={'THEOREM': 303, 'LINEAR': 411, 'SOLVED_FMB': 28, 'HARD_NONLINEAR': 1}
[744] order5big_5947: LINEAR (0.0s)  running={'THEOREM': 303, 'LINEAR': 412, 'SOLVED_FMB': 28, 'HARD_NONLINEAR': 1}
[745] order5big_5955: THEOREM (60.2s)  running={'THEOREM': 304, 'LINEAR': 412, 'SOLVED_FMB': 28, 'HARD_NONLINEAR': 1}
[746] order5big_5963: LINEAR (0.0s)  running={'THEOREM': 304, 'LINEAR': 413, 'SOLVED_FMB': 28, 'HARD_NONLINEAR': 1}
[747] order5big_5971: LINEAR (0.0s)  running={'THEOREM': 304, 'LINEAR': 414, 'SOLVED_FMB': 28, 'HARD_NONLINEAR': 1}
[748] order5big_5979: LINEAR (0.0s)  running={'THEOREM': 304, 'LINEAR': 415, 'SOLVED_FMB': 28, 'HARD_NONLINEAR': 1}
[749] order5big_5987: LINEAR (0.0s)  running={'THEOREM': 304, 'LINEAR': 416, 'SOLVED_FMB': 28, 'HARD_NONLINEAR': 1}
[750] order5big_5995: LINEAR (0.0s)  running={'THEOREM': 304, 'LINEAR': 417, 'SOLVED_FMB': 28, 'HARD_NONLINEAR': 1}
[751] order5big_6003: LINEAR (0.0s)  running={'THEOREM': 304, 'LINEAR': 418, 'SOLVED_FMB': 28, 'HARD_NONLINEAR': 1}
[752] order5big_6011: THEOREM (60.2s)  running={'THEOREM': 305, 'LINEAR': 418, 'SOLVED_FMB': 28, 'HARD_NONLINEAR': 1}
[753] order5big_6019: THEOREM (60.2s)  running={'THEOREM': 306, 'LINEAR': 418, 'SOLVED_FMB': 28, 'HARD_NONLINEAR': 1}
[754] order5big_6027: LINEAR (0.0s)  running={'THEOREM': 306, 'LINEAR': 419, 'SOLVED_FMB': 28, 'HARD_NONLINEAR': 1}
[755] order5big_6035: THEOREM (73.1s)  running={'THEOREM': 307, 'LINEAR': 419, 'SOLVED_FMB': 28, 'HARD_NONLINEAR': 1}
[756] order5big_6043: LINEAR (0.0s)  running={'THEOREM': 307, 'LINEAR': 420, 'SOLVED_FMB': 28, 'HARD_NONLINEAR': 1}
[757] order5big_6051: LINEAR (0.0s)  running={'THEOREM': 307, 'LINEAR': 421, 'SOLVED_FMB': 28, 'HARD_NONLINEAR': 1}
[758] order5big_6059: LINEAR (0.0s)  running={'THEOREM': 307, 'LINEAR': 422, 'SOLVED_FMB': 28, 'HARD_NONLINEAR': 1}
[759] order5big_6067: LINEAR (0.0s)  running={'THEOREM': 307, 'LINEAR': 423, 'SOLVED_FMB': 28, 'HARD_NONLINEAR': 1}
[760] order5big_6075: THEOREM (60.2s)  running={'THEOREM': 308, 'LINEAR': 423, 'SOLVED_FMB': 28, 'HARD_NONLINEAR': 1}
[761] order5big_6083: LINEAR (0.0s)  running={'THEOREM': 308, 'LINEAR': 424, 'SOLVED_FMB': 28, 'HARD_NONLINEAR': 1}
[762] order5big_6091: THEOREM (60.3s)  running={'THEOREM': 309, 'LINEAR': 424, 'SOLVED_FMB': 28, 'HARD_NONLINEAR': 1}
[763] order5big_6099: LINEAR (0.0s)  running={'THEOREM': 309, 'LINEAR': 425, 'SOLVED_FMB': 28, 'HARD_NONLINEAR': 1}
[764] order5big_6107: THEOREM (60.5s)  running={'THEOREM': 310, 'LINEAR': 425, 'SOLVED_FMB': 28, 'HARD_NONLINEAR': 1}
[765] order5big_6115: THEOREM (63.5s)  running={'THEOREM': 311, 'LINEAR': 425, 'SOLVED_FMB': 28, 'HARD_NONLINEAR': 1}
[766] order5big_6123: LINEAR (0.0s)  running={'THEOREM': 311, 'LINEAR': 426, 'SOLVED_FMB': 28, 'HARD_NONLINEAR': 1}
[767] order5big_6131: THEOREM (60.2s)  running={'THEOREM': 312, 'LINEAR': 426, 'SOLVED_FMB': 28, 'HARD_NONLINEAR': 1}
[768] order5big_6139: LINEAR (0.0s)  running={'THEOREM': 312, 'LINEAR': 427, 'SOLVED_FMB': 28, 'HARD_NONLINEAR': 1}
[769] order5big_6147: LINEAR (0.0s)  running={'THEOREM': 312, 'LINEAR': 428, 'SOLVED_FMB': 28, 'HARD_NONLINEAR': 1}
[770] order5big_6155: LINEAR (0.0s)  running={'THEOREM': 312, 'LINEAR': 429, 'SOLVED_FMB': 28, 'HARD_NONLINEAR': 1}
[771] order5big_6163: LINEAR (0.0s)  running={'THEOREM': 312, 'LINEAR': 430, 'SOLVED_FMB': 28, 'HARD_NONLINEAR': 1}
[772] order5big_6171: THEOREM (60.2s)  running={'THEOREM': 313, 'LINEAR': 430, 'SOLVED_FMB': 28, 'HARD_NONLINEAR': 1}
[773] order5big_6179: THEOREM (60.2s)  running={'THEOREM': 314, 'LINEAR': 430, 'SOLVED_FMB': 28, 'HARD_NONLINEAR': 1}
[774] order5big_6187: LINEAR (0.0s)  running={'THEOREM': 314, 'LINEAR': 431, 'SOLVED_FMB': 28, 'HARD_NONLINEAR': 1}
[775] order5big_6195: THEOREM (60.2s)  running={'THEOREM': 315, 'LINEAR': 431, 'SOLVED_FMB': 28, 'HARD_NONLINEAR': 1}
[776] order5big_6203: LINEAR (0.0s)  running={'THEOREM': 315, 'LINEAR': 432, 'SOLVED_FMB': 28, 'HARD_NONLINEAR': 1}
[777] order5big_6211: LINEAR (0.0s)  running={'THEOREM': 315, 'LINEAR': 433, 'SOLVED_FMB': 28, 'HARD_NONLINEAR': 1}
[778] order5big_6219: LINEAR (0.0s)  running={'THEOREM': 315, 'LINEAR': 434, 'SOLVED_FMB': 28, 'HARD_NONLINEAR': 1}
[779] order5big_6227: THEOREM (60.2s)  running={'THEOREM': 316, 'LINEAR': 434, 'SOLVED_FMB': 28, 'HARD_NONLINEAR': 1}
[780] order5big_6235: THEOREM (60.2s)  running={'THEOREM': 317, 'LINEAR': 434, 'SOLVED_FMB': 28, 'HARD_NONLINEAR': 1}
[781] order5big_6243: THEOREM (84.1s)  running={'THEOREM': 318, 'LINEAR': 434, 'SOLVED_FMB': 28, 'HARD_NONLINEAR': 1}
[782] order5big_6251: LINEAR (0.0s)  running={'THEOREM': 318, 'LINEAR': 435, 'SOLVED_FMB': 28, 'HARD_NONLINEAR': 1}
[783] order5big_6259: LINEAR (0.0s)  running={'THEOREM': 318, 'LINEAR': 436, 'SOLVED_FMB': 28, 'HARD_NONLINEAR': 1}
[784] order5big_6267: LINEAR (0.0s)  running={'THEOREM': 318, 'LINEAR': 437, 'SOLVED_FMB': 28, 'HARD_NONLINEAR': 1}
[785] order5big_6275: LINEAR (0.0s)  running={'THEOREM': 318, 'LINEAR': 438, 'SOLVED_FMB': 28, 'HARD_NONLINEAR': 1}
[786] order5big_6283: LINEAR (0.0s)  running={'THEOREM': 318, 'LINEAR': 439, 'SOLVED_FMB': 28, 'HARD_NONLINEAR': 1}
[787] order5big_6291: LINEAR (0.0s)  running={'THEOREM': 318, 'LINEAR': 440, 'SOLVED_FMB': 28, 'HARD_NONLINEAR': 1}
[788] order5big_6299: THEOREM (60.2s)  running={'THEOREM': 319, 'LINEAR': 440, 'SOLVED_FMB': 28, 'HARD_NONLINEAR': 1}
[789] order5big_6307: LINEAR (0.0s)  running={'THEOREM': 319, 'LINEAR': 441, 'SOLVED_FMB': 28, 'HARD_NONLINEAR': 1}
[790] order5big_6315: THEOREM (60.2s)  running={'THEOREM': 320, 'LINEAR': 441, 'SOLVED_FMB': 28, 'HARD_NONLINEAR': 1}
[791] order5big_6323: HARD_NONLINEAR (120.1s)  running={'THEOREM': 320, 'LINEAR': 441, 'SOLVED_FMB': 28, 'HARD_NONLINEAR': 2}
[792] order5big_6331: THEOREM (60.2s)  running={'THEOREM': 321, 'LINEAR': 441, 'SOLVED_FMB': 28, 'HARD_NONLINEAR': 2}
[793] order5big_6339: THEOREM (60.2s)  running={'THEOREM': 322, 'LINEAR': 441, 'SOLVED_FMB': 28, 'HARD_NONLINEAR': 2}
[794] order5big_6347: LINEAR (0.0s)  running={'THEOREM': 322, 'LINEAR': 442, 'SOLVED_FMB': 28, 'HARD_NONLINEAR': 2}
[795] order5big_6355: LINEAR (0.0s)  running={'THEOREM': 322, 'LINEAR': 443, 'SOLVED_FMB': 28, 'HARD_NONLINEAR': 2}
[796] order5big_6363: LINEAR (0.0s)  running={'THEOREM': 322, 'LINEAR': 444, 'SOLVED_FMB': 28, 'HARD_NONLINEAR': 2}
[797] order5big_6371: THEOREM (60.3s)  running={'THEOREM': 323, 'LINEAR': 444, 'SOLVED_FMB': 28, 'HARD_NONLINEAR': 2}
[798] order5big_6379: THEOREM (60.1s)  running={'THEOREM': 324, 'LINEAR': 444, 'SOLVED_FMB': 28, 'HARD_NONLINEAR': 2}
[799] order5big_6387: LINEAR (0.0s)  running={'THEOREM': 324, 'LINEAR': 445, 'SOLVED_FMB': 28, 'HARD_NONLINEAR': 2}
[800] order5big_6395: LINEAR (0.0s)  running={'THEOREM': 324, 'LINEAR': 446, 'SOLVED_FMB': 28, 'HARD_NONLINEAR': 2}
[801] order5big_6403: LINEAR (0.0s)  running={'THEOREM': 324, 'LINEAR': 447, 'SOLVED_FMB': 28, 'HARD_NONLINEAR': 2}
[802] order5big_6411: LINEAR (0.0s)  running={'THEOREM': 324, 'LINEAR': 448, 'SOLVED_FMB': 28, 'HARD_NONLINEAR': 2}
[803] order5big_6419: LINEAR (0.0s)  running={'THEOREM': 324, 'LINEAR': 449, 'SOLVED_FMB': 28, 'HARD_NONLINEAR': 2}
[804] order5big_6427: LINEAR (0.0s)  running={'THEOREM': 324, 'LINEAR': 450, 'SOLVED_FMB': 28, 'HARD_NONLINEAR': 2}
[805] order5big_6435: LINEAR (0.0s)  running={'THEOREM': 324, 'LINEAR': 451, 'SOLVED_FMB': 28, 'HARD_NONLINEAR': 2}
[806] order5big_6443: THEOREM (72.7s)  running={'THEOREM': 325, 'LINEAR': 451, 'SOLVED_FMB': 28, 'HARD_NONLINEAR': 2}
[807] order5big_6451: LINEAR (0.0s)  running={'THEOREM': 325, 'LINEAR': 452, 'SOLVED_FMB': 28, 'HARD_NONLINEAR': 2}
[808] order5big_6459: LINEAR (0.0s)  running={'THEOREM': 325, 'LINEAR': 453, 'SOLVED_FMB': 28, 'HARD_NONLINEAR': 2}
[809] order5big_6467: LINEAR (0.0s)  running={'THEOREM': 325, 'LINEAR': 454, 'SOLVED_FMB': 28, 'HARD_NONLINEAR': 2}
[810] order5big_6475: THEOREM (60.2s)  running={'THEOREM': 326, 'LINEAR': 454, 'SOLVED_FMB': 28, 'HARD_NONLINEAR': 2}
[811] order5big_6483: THEOREM (60.2s)  running={'THEOREM': 327, 'LINEAR': 454, 'SOLVED_FMB': 28, 'HARD_NONLINEAR': 2}
[812] order5big_6491: THEOREM (61.3s)  running={'THEOREM': 328, 'LINEAR': 454, 'SOLVED_FMB': 28, 'HARD_NONLINEAR': 2}
[813] order5big_6499: LINEAR (0.0s)  running={'THEOREM': 328, 'LINEAR': 455, 'SOLVED_FMB': 28, 'HARD_NONLINEAR': 2}
[814] order5big_6507: SOLVED_FMB (0.4s)  running={'THEOREM': 328, 'LINEAR': 455, 'SOLVED_FMB': 29, 'HARD_NONLINEAR': 2}
[815] order5big_6515: THEOREM (62.1s)  running={'THEOREM': 329, 'LINEAR': 455, 'SOLVED_FMB': 29, 'HARD_NONLINEAR': 2}
[816] order5big_6523: LINEAR (0.0s)  running={'THEOREM': 329, 'LINEAR': 456, 'SOLVED_FMB': 29, 'HARD_NONLINEAR': 2}
[817] order5big_6531: THEOREM (60.3s)  running={'THEOREM': 330, 'LINEAR': 456, 'SOLVED_FMB': 29, 'HARD_NONLINEAR': 2}
[818] order5big_6539: THEOREM (60.2s)  running={'THEOREM': 331, 'LINEAR': 456, 'SOLVED_FMB': 29, 'HARD_NONLINEAR': 2}
[819] order5big_6547: LINEAR (0.0s)  running={'THEOREM': 331, 'LINEAR': 457, 'SOLVED_FMB': 29, 'HARD_NONLINEAR': 2}
[820] order5big_6555: LINEAR (0.0s)  running={'THEOREM': 331, 'LINEAR': 458, 'SOLVED_FMB': 29, 'HARD_NONLINEAR': 2}
[821] order5big_6563: LINEAR (0.0s)  running={'THEOREM': 331, 'LINEAR': 459, 'SOLVED_FMB': 29, 'HARD_NONLINEAR': 2}
[822] order5big_6571: THEOREM (60.2s)  running={'THEOREM': 332, 'LINEAR': 459, 'SOLVED_FMB': 29, 'HARD_NONLINEAR': 2}
[823] order5big_6579: LINEAR (0.0s)  running={'THEOREM': 332, 'LINEAR': 460, 'SOLVED_FMB': 29, 'HARD_NONLINEAR': 2}
[824] order5big_6587: LINEAR (0.0s)  running={'THEOREM': 332, 'LINEAR': 461, 'SOLVED_FMB': 29, 'HARD_NONLINEAR': 2}
[825] order5big_6595: SOLVED_FMB (2.1s)  running={'THEOREM': 332, 'LINEAR': 461, 'SOLVED_FMB': 30, 'HARD_NONLINEAR': 2}
[826] order5big_6603: THEOREM (60.2s)  running={'THEOREM': 333, 'LINEAR': 461, 'SOLVED_FMB': 30, 'HARD_NONLINEAR': 2}
[827] order5big_6611: LINEAR (0.0s)  running={'THEOREM': 333, 'LINEAR': 462, 'SOLVED_FMB': 30, 'HARD_NONLINEAR': 2}
[828] order5big_6619: LINEAR (0.0s)  running={'THEOREM': 333, 'LINEAR': 463, 'SOLVED_FMB': 30, 'HARD_NONLINEAR': 2}
[829] order5big_6627: THEOREM (60.6s)  running={'THEOREM': 334, 'LINEAR': 463, 'SOLVED_FMB': 30, 'HARD_NONLINEAR': 2}
[830] order5big_6635: LINEAR (0.0s)  running={'THEOREM': 334, 'LINEAR': 464, 'SOLVED_FMB': 30, 'HARD_NONLINEAR': 2}
[831] order5big_6643: LINEAR (0.0s)  running={'THEOREM': 334, 'LINEAR': 465, 'SOLVED_FMB': 30, 'HARD_NONLINEAR': 2}
[832] order5big_6651: LINEAR (0.0s)  running={'THEOREM': 334, 'LINEAR': 466, 'SOLVED_FMB': 30, 'HARD_NONLINEAR': 2}
[833] order5big_6659: LINEAR (0.0s)  running={'THEOREM': 334, 'LINEAR': 467, 'SOLVED_FMB': 30, 'HARD_NONLINEAR': 2}
[834] order5big_6667: LINEAR (0.0s)  running={'THEOREM': 334, 'LINEAR': 468, 'SOLVED_FMB': 30, 'HARD_NONLINEAR': 2}
[835] order5big_6675: LINEAR (0.0s)  running={'THEOREM': 334, 'LINEAR': 469, 'SOLVED_FMB': 30, 'HARD_NONLINEAR': 2}
[836] order5big_6683: LINEAR (0.0s)  running={'THEOREM': 334, 'LINEAR': 470, 'SOLVED_FMB': 30, 'HARD_NONLINEAR': 2}
[837] order5big_6691: THEOREM (60.8s)  running={'THEOREM': 335, 'LINEAR': 470, 'SOLVED_FMB': 30, 'HARD_NONLINEAR': 2}
[838] order5big_6699: THEOREM (60.2s)  running={'THEOREM': 336, 'LINEAR': 470, 'SOLVED_FMB': 30, 'HARD_NONLINEAR': 2}
[839] order5big_6707: THEOREM (60.5s)  running={'THEOREM': 337, 'LINEAR': 470, 'SOLVED_FMB': 30, 'HARD_NONLINEAR': 2}
[840] order5big_6715: LINEAR (0.0s)  running={'THEOREM': 337, 'LINEAR': 471, 'SOLVED_FMB': 30, 'HARD_NONLINEAR': 2}
[841] order5big_6723: LINEAR (0.0s)  running={'THEOREM': 337, 'LINEAR': 472, 'SOLVED_FMB': 30, 'HARD_NONLINEAR': 2}
[842] order5big_6731: LINEAR (0.0s)  running={'THEOREM': 337, 'LINEAR': 473, 'SOLVED_FMB': 30, 'HARD_NONLINEAR': 2}
[843] order5big_6739: LINEAR (0.0s)  running={'THEOREM': 337, 'LINEAR': 474, 'SOLVED_FMB': 30, 'HARD_NONLINEAR': 2}
[844] order5big_6747: LINEAR (0.0s)  running={'THEOREM': 337, 'LINEAR': 475, 'SOLVED_FMB': 30, 'HARD_NONLINEAR': 2}
[845] order5big_6755: LINEAR (0.0s)  running={'THEOREM': 337, 'LINEAR': 476, 'SOLVED_FMB': 30, 'HARD_NONLINEAR': 2}
[846] order5big_6763: THEOREM (60.2s)  running={'THEOREM': 338, 'LINEAR': 476, 'SOLVED_FMB': 30, 'HARD_NONLINEAR': 2}
[847] order5big_6771: LINEAR (0.0s)  running={'THEOREM': 338, 'LINEAR': 477, 'SOLVED_FMB': 30, 'HARD_NONLINEAR': 2}
[848] order5big_6779: THEOREM (60.9s)  running={'THEOREM': 339, 'LINEAR': 477, 'SOLVED_FMB': 30, 'HARD_NONLINEAR': 2}
[849] order5big_6787: LINEAR (0.0s)  running={'THEOREM': 339, 'LINEAR': 478, 'SOLVED_FMB': 30, 'HARD_NONLINEAR': 2}
[850] order5big_6795: THEOREM (60.2s)  running={'THEOREM': 340, 'LINEAR': 478, 'SOLVED_FMB': 30, 'HARD_NONLINEAR': 2}
[851] order5big_6803: THEOREM (60.3s)  running={'THEOREM': 341, 'LINEAR': 478, 'SOLVED_FMB': 30, 'HARD_NONLINEAR': 2}
[852] order5big_6811: LINEAR (0.0s)  running={'THEOREM': 341, 'LINEAR': 479, 'SOLVED_FMB': 30, 'HARD_NONLINEAR': 2}
[853] order5big_6819: LINEAR (0.2s)  running={'THEOREM': 341, 'LINEAR': 480, 'SOLVED_FMB': 30, 'HARD_NONLINEAR': 2}
[854] order5big_6827: LINEAR (0.0s)  running={'THEOREM': 341, 'LINEAR': 481, 'SOLVED_FMB': 30, 'HARD_NONLINEAR': 2}
[855] order5big_6835: LINEAR (0.0s)  running={'THEOREM': 341, 'LINEAR': 482, 'SOLVED_FMB': 30, 'HARD_NONLINEAR': 2}
[856] order5big_6843: LINEAR (0.0s)  running={'THEOREM': 341, 'LINEAR': 483, 'SOLVED_FMB': 30, 'HARD_NONLINEAR': 2}
[857] order5big_6851: LINEAR (0.0s)  running={'THEOREM': 341, 'LINEAR': 484, 'SOLVED_FMB': 30, 'HARD_NONLINEAR': 2}
[858] order5big_6859: THEOREM (60.2s)  running={'THEOREM': 342, 'LINEAR': 484, 'SOLVED_FMB': 30, 'HARD_NONLINEAR': 2}
[859] order5big_6867: THEOREM (60.1s)  running={'THEOREM': 343, 'LINEAR': 484, 'SOLVED_FMB': 30, 'HARD_NONLINEAR': 2}
[860] order5big_6875: LINEAR (0.0s)  running={'THEOREM': 343, 'LINEAR': 485, 'SOLVED_FMB': 30, 'HARD_NONLINEAR': 2}
[861] order5big_6883: THEOREM (60.4s)  running={'THEOREM': 344, 'LINEAR': 485, 'SOLVED_FMB': 30, 'HARD_NONLINEAR': 2}
[862] order5big_6891: THEOREM (60.6s)  running={'THEOREM': 345, 'LINEAR': 485, 'SOLVED_FMB': 30, 'HARD_NONLINEAR': 2}
[863] order5big_6899: THEOREM (61.2s)  running={'THEOREM': 346, 'LINEAR': 485, 'SOLVED_FMB': 30, 'HARD_NONLINEAR': 2}
[864] order5big_6907: LINEAR (0.0s)  running={'THEOREM': 346, 'LINEAR': 486, 'SOLVED_FMB': 30, 'HARD_NONLINEAR': 2}
[865] order5big_6915: THEOREM (60.2s)  running={'THEOREM': 347, 'LINEAR': 486, 'SOLVED_FMB': 30, 'HARD_NONLINEAR': 2}
[866] order5big_6923: LINEAR (0.0s)  running={'THEOREM': 347, 'LINEAR': 487, 'SOLVED_FMB': 30, 'HARD_NONLINEAR': 2}
[867] order5big_6931: LINEAR (0.0s)  running={'THEOREM': 347, 'LINEAR': 488, 'SOLVED_FMB': 30, 'HARD_NONLINEAR': 2}
[868] order5big_6939: LINEAR (0.0s)  running={'THEOREM': 347, 'LINEAR': 489, 'SOLVED_FMB': 30, 'HARD_NONLINEAR': 2}
[869] order5big_6947: LINEAR (0.0s)  running={'THEOREM': 347, 'LINEAR': 490, 'SOLVED_FMB': 30, 'HARD_NONLINEAR': 2}
[870] order5big_6955: THEOREM (60.4s)  running={'THEOREM': 348, 'LINEAR': 490, 'SOLVED_FMB': 30, 'HARD_NONLINEAR': 2}
[871] order5big_6963: THEOREM (60.2s)  running={'THEOREM': 349, 'LINEAR': 490, 'SOLVED_FMB': 30, 'HARD_NONLINEAR': 2}
[872] order5big_6971: THEOREM (60.2s)  running={'THEOREM': 350, 'LINEAR': 490, 'SOLVED_FMB': 30, 'HARD_NONLINEAR': 2}
[873] order5big_6979: THEOREM (60.6s)  running={'THEOREM': 351, 'LINEAR': 490, 'SOLVED_FMB': 30, 'HARD_NONLINEAR': 2}
[874] order5big_6987: LINEAR (0.0s)  running={'THEOREM': 351, 'LINEAR': 491, 'SOLVED_FMB': 30, 'HARD_NONLINEAR': 2}
[875] order5big_6995: LINEAR (0.0s)  running={'THEOREM': 351, 'LINEAR': 492, 'SOLVED_FMB': 30, 'HARD_NONLINEAR': 2}
[876] order5big_7003: THEOREM (60.2s)  running={'THEOREM': 352, 'LINEAR': 492, 'SOLVED_FMB': 30, 'HARD_NONLINEAR': 2}
[877] order5big_7011: LINEAR (0.0s)  running={'THEOREM': 352, 'LINEAR': 493, 'SOLVED_FMB': 30, 'HARD_NONLINEAR': 2}
[878] order5big_7019: THEOREM (60.2s)  running={'THEOREM': 353, 'LINEAR': 493, 'SOLVED_FMB': 30, 'HARD_NONLINEAR': 2}
[879] order5big_7027: THEOREM (60.5s)  running={'THEOREM': 354, 'LINEAR': 493, 'SOLVED_FMB': 30, 'HARD_NONLINEAR': 2}
[880] order5big_7035: THEOREM (60.2s)  running={'THEOREM': 355, 'LINEAR': 493, 'SOLVED_FMB': 30, 'HARD_NONLINEAR': 2}
[881] order5big_7043: THEOREM (60.2s)  running={'THEOREM': 356, 'LINEAR': 493, 'SOLVED_FMB': 30, 'HARD_NONLINEAR': 2}
[882] order5big_7051: LINEAR (0.0s)  running={'THEOREM': 356, 'LINEAR': 494, 'SOLVED_FMB': 30, 'HARD_NONLINEAR': 2}
[883] order5big_7059: LINEAR (0.0s)  running={'THEOREM': 356, 'LINEAR': 495, 'SOLVED_FMB': 30, 'HARD_NONLINEAR': 2}
[884] order5big_7067: LINEAR (0.0s)  running={'THEOREM': 356, 'LINEAR': 496, 'SOLVED_FMB': 30, 'HARD_NONLINEAR': 2}
[885] order5big_7075: LINEAR (0.0s)  running={'THEOREM': 356, 'LINEAR': 497, 'SOLVED_FMB': 30, 'HARD_NONLINEAR': 2}
[886] order5big_7083: LINEAR (0.0s)  running={'THEOREM': 356, 'LINEAR': 498, 'SOLVED_FMB': 30, 'HARD_NONLINEAR': 2}
[887] order5big_7091: THEOREM (60.1s)  running={'THEOREM': 357, 'LINEAR': 498, 'SOLVED_FMB': 30, 'HARD_NONLINEAR': 2}
[888] order5big_7099: LINEAR (0.0s)  running={'THEOREM': 357, 'LINEAR': 499, 'SOLVED_FMB': 30, 'HARD_NONLINEAR': 2}
[889] order5big_7107: THEOREM (60.5s)  running={'THEOREM': 358, 'LINEAR': 499, 'SOLVED_FMB': 30, 'HARD_NONLINEAR': 2}
[890] order5big_7115: THEOREM (60.7s)  running={'THEOREM': 359, 'LINEAR': 499, 'SOLVED_FMB': 30, 'HARD_NONLINEAR': 2}
[891] order5big_7123: THEOREM (61.2s)  running={'THEOREM': 360, 'LINEAR': 499, 'SOLVED_FMB': 30, 'HARD_NONLINEAR': 2}
[892] order5big_7131: THEOREM (60.6s)  running={'THEOREM': 361, 'LINEAR': 499, 'SOLVED_FMB': 30, 'HARD_NONLINEAR': 2}
[893] order5big_7139: THEOREM (60.2s)  running={'THEOREM': 362, 'LINEAR': 499, 'SOLVED_FMB': 30, 'HARD_NONLINEAR': 2}
[894] order5big_7147: LINEAR (0.0s)  running={'THEOREM': 362, 'LINEAR': 500, 'SOLVED_FMB': 30, 'HARD_NONLINEAR': 2}
[895] order5big_7155: THEOREM (60.2s)  running={'THEOREM': 363, 'LINEAR': 500, 'SOLVED_FMB': 30, 'HARD_NONLINEAR': 2}
[896] order5big_7163: THEOREM (60.3s)  running={'THEOREM': 364, 'LINEAR': 500, 'SOLVED_FMB': 30, 'HARD_NONLINEAR': 2}
[897] order5big_7171: THEOREM (60.2s)  running={'THEOREM': 365, 'LINEAR': 500, 'SOLVED_FMB': 30, 'HARD_NONLINEAR': 2}
[898] order5big_7179: THEOREM (60.2s)  running={'THEOREM': 366, 'LINEAR': 500, 'SOLVED_FMB': 30, 'HARD_NONLINEAR': 2}
[899] order5big_7187: LINEAR (0.0s)  running={'THEOREM': 366, 'LINEAR': 501, 'SOLVED_FMB': 30, 'HARD_NONLINEAR': 2}
[900] order5big_7195: LINEAR (0.0s)  running={'THEOREM': 366, 'LINEAR': 502, 'SOLVED_FMB': 30, 'HARD_NONLINEAR': 2}
[901] order5big_7203: LINEAR (0.0s)  running={'THEOREM': 366, 'LINEAR': 503, 'SOLVED_FMB': 30, 'HARD_NONLINEAR': 2}
[902] order5big_7211: LINEAR (0.0s)  running={'THEOREM': 366, 'LINEAR': 504, 'SOLVED_FMB': 30, 'HARD_NONLINEAR': 2}
[903] order5big_7219: LINEAR (0.0s)  running={'THEOREM': 366, 'LINEAR': 505, 'SOLVED_FMB': 30, 'HARD_NONLINEAR': 2}
[904] order5big_7227: LINEAR (0.0s)  running={'THEOREM': 366, 'LINEAR': 506, 'SOLVED_FMB': 30, 'HARD_NONLINEAR': 2}
[905] order5big_7235: LINEAR (0.0s)  running={'THEOREM': 366, 'LINEAR': 507, 'SOLVED_FMB': 30, 'HARD_NONLINEAR': 2}
[906] order5big_7243: LINEAR (0.0s)  running={'THEOREM': 366, 'LINEAR': 508, 'SOLVED_FMB': 30, 'HARD_NONLINEAR': 2}
[907] order5big_7251: LINEAR (0.0s)  running={'THEOREM': 366, 'LINEAR': 509, 'SOLVED_FMB': 30, 'HARD_NONLINEAR': 2}
[908] order5big_7259: LINEAR (0.0s)  running={'THEOREM': 366, 'LINEAR': 510, 'SOLVED_FMB': 30, 'HARD_NONLINEAR': 2}
[909] order5big_7267: SOLVED_FMB (1.6s)  running={'THEOREM': 366, 'LINEAR': 510, 'SOLVED_FMB': 31, 'HARD_NONLINEAR': 2}
[910] order5big_7275: LINEAR (0.0s)  running={'THEOREM': 366, 'LINEAR': 511, 'SOLVED_FMB': 31, 'HARD_NONLINEAR': 2}
[911] order5big_7283: LINEAR (0.0s)  running={'THEOREM': 366, 'LINEAR': 512, 'SOLVED_FMB': 31, 'HARD_NONLINEAR': 2}
[912] order5big_7291: LINEAR (0.0s)  running={'THEOREM': 366, 'LINEAR': 513, 'SOLVED_FMB': 31, 'HARD_NONLINEAR': 2}
[913] order5big_7299: LINEAR (0.0s)  running={'THEOREM': 366, 'LINEAR': 514, 'SOLVED_FMB': 31, 'HARD_NONLINEAR': 2}
[914] order5big_7307: THEOREM (60.4s)  running={'THEOREM': 367, 'LINEAR': 514, 'SOLVED_FMB': 31, 'HARD_NONLINEAR': 2}
[915] order5big_7315: THEOREM (60.2s)  running={'THEOREM': 368, 'LINEAR': 514, 'SOLVED_FMB': 31, 'HARD_NONLINEAR': 2}
[916] order5big_7323: LINEAR (0.0s)  running={'THEOREM': 368, 'LINEAR': 515, 'SOLVED_FMB': 31, 'HARD_NONLINEAR': 2}
[917] order5big_7331: LINEAR (0.0s)  running={'THEOREM': 368, 'LINEAR': 516, 'SOLVED_FMB': 31, 'HARD_NONLINEAR': 2}
[918] order5big_7339: LINEAR (0.0s)  running={'THEOREM': 368, 'LINEAR': 517, 'SOLVED_FMB': 31, 'HARD_NONLINEAR': 2}
[919] order5big_7347: LINEAR (0.0s)  running={'THEOREM': 368, 'LINEAR': 518, 'SOLVED_FMB': 31, 'HARD_NONLINEAR': 2}
[920] order5big_7355: LINEAR (0.0s)  running={'THEOREM': 368, 'LINEAR': 519, 'SOLVED_FMB': 31, 'HARD_NONLINEAR': 2}
[921] order5big_7363: LINEAR (0.0s)  running={'THEOREM': 368, 'LINEAR': 520, 'SOLVED_FMB': 31, 'HARD_NONLINEAR': 2}
[922] order5big_7371: THEOREM (60.2s)  running={'THEOREM': 369, 'LINEAR': 520, 'SOLVED_FMB': 31, 'HARD_NONLINEAR': 2}
[923] order5big_7379: LINEAR (0.0s)  running={'THEOREM': 369, 'LINEAR': 521, 'SOLVED_FMB': 31, 'HARD_NONLINEAR': 2}
[924] order5big_7387: THEOREM (61.3s)  running={'THEOREM': 370, 'LINEAR': 521, 'SOLVED_FMB': 31, 'HARD_NONLINEAR': 2}
[925] order5big_7395: THEOREM (62.8s)  running={'THEOREM': 371, 'LINEAR': 521, 'SOLVED_FMB': 31, 'HARD_NONLINEAR': 2}
[926] order5big_7403: LINEAR (0.0s)  running={'THEOREM': 371, 'LINEAR': 522, 'SOLVED_FMB': 31, 'HARD_NONLINEAR': 2}
[927] order5big_7411: LINEAR (0.0s)  running={'THEOREM': 371, 'LINEAR': 523, 'SOLVED_FMB': 31, 'HARD_NONLINEAR': 2}
[928] order5big_7419: LINEAR (0.0s)  running={'THEOREM': 371, 'LINEAR': 524, 'SOLVED_FMB': 31, 'HARD_NONLINEAR': 2}
[929] order5big_7427: LINEAR (0.0s)  running={'THEOREM': 371, 'LINEAR': 525, 'SOLVED_FMB': 31, 'HARD_NONLINEAR': 2}
[930] order5big_7435: LINEAR (0.0s)  running={'THEOREM': 371, 'LINEAR': 526, 'SOLVED_FMB': 31, 'HARD_NONLINEAR': 2}
[931] order5big_7443: THEOREM (60.2s)  running={'THEOREM': 372, 'LINEAR': 526, 'SOLVED_FMB': 31, 'HARD_NONLINEAR': 2}
[932] order5big_7451: LINEAR (0.0s)  running={'THEOREM': 372, 'LINEAR': 527, 'SOLVED_FMB': 31, 'HARD_NONLINEAR': 2}
[933] order5big_7459: LINEAR (0.0s)  running={'THEOREM': 372, 'LINEAR': 528, 'SOLVED_FMB': 31, 'HARD_NONLINEAR': 2}
[934] order5big_7467: LINEAR (0.0s)  running={'THEOREM': 372, 'LINEAR': 529, 'SOLVED_FMB': 31, 'HARD_NONLINEAR': 2}
[935] order5big_7475: THEOREM (60.2s)  running={'THEOREM': 373, 'LINEAR': 529, 'SOLVED_FMB': 31, 'HARD_NONLINEAR': 2}
[936] order5big_7483: LINEAR (0.0s)  running={'THEOREM': 373, 'LINEAR': 530, 'SOLVED_FMB': 31, 'HARD_NONLINEAR': 2}
[937] order5big_7491: THEOREM (63.0s)  running={'THEOREM': 374, 'LINEAR': 530, 'SOLVED_FMB': 31, 'HARD_NONLINEAR': 2}
[938] order5big_7499: LINEAR (0.0s)  running={'THEOREM': 374, 'LINEAR': 531, 'SOLVED_FMB': 31, 'HARD_NONLINEAR': 2}
[939] order5big_7507: LINEAR (0.0s)  running={'THEOREM': 374, 'LINEAR': 532, 'SOLVED_FMB': 31, 'HARD_NONLINEAR': 2}
[940] order5big_7515: LINEAR (0.0s)  running={'THEOREM': 374, 'LINEAR': 533, 'SOLVED_FMB': 31, 'HARD_NONLINEAR': 2}
[941] order5big_7523: LINEAR (0.0s)  running={'THEOREM': 374, 'LINEAR': 534, 'SOLVED_FMB': 31, 'HARD_NONLINEAR': 2}
[942] order5big_7531: LINEAR (0.0s)  running={'THEOREM': 374, 'LINEAR': 535, 'SOLVED_FMB': 31, 'HARD_NONLINEAR': 2}
[943] order5big_7539: THEOREM (60.7s)  running={'THEOREM': 375, 'LINEAR': 535, 'SOLVED_FMB': 31, 'HARD_NONLINEAR': 2}
[944] order5big_7547: THEOREM (60.5s)  running={'THEOREM': 376, 'LINEAR': 535, 'SOLVED_FMB': 31, 'HARD_NONLINEAR': 2}
[945] order5big_7555: LINEAR (0.0s)  running={'THEOREM': 376, 'LINEAR': 536, 'SOLVED_FMB': 31, 'HARD_NONLINEAR': 2}
[946] order5big_7563: THEOREM (60.2s)  running={'THEOREM': 377, 'LINEAR': 536, 'SOLVED_FMB': 31, 'HARD_NONLINEAR': 2}
[947] order5big_7571: THEOREM (60.1s)  running={'THEOREM': 378, 'LINEAR': 536, 'SOLVED_FMB': 31, 'HARD_NONLINEAR': 2}
[948] order5big_7579: LINEAR (0.0s)  running={'THEOREM': 378, 'LINEAR': 537, 'SOLVED_FMB': 31, 'HARD_NONLINEAR': 2}
[949] order5big_7587: LINEAR (0.0s)  running={'THEOREM': 378, 'LINEAR': 538, 'SOLVED_FMB': 31, 'HARD_NONLINEAR': 2}
[950] order5big_7595: LINEAR (0.0s)  running={'THEOREM': 378, 'LINEAR': 539, 'SOLVED_FMB': 31, 'HARD_NONLINEAR': 2}
[951] order5big_7603: LINEAR (0.0s)  running={'THEOREM': 378, 'LINEAR': 540, 'SOLVED_FMB': 31, 'HARD_NONLINEAR': 2}
[952] order5big_7611: LINEAR (0.0s)  running={'THEOREM': 378, 'LINEAR': 541, 'SOLVED_FMB': 31, 'HARD_NONLINEAR': 2}
[953] order5big_7619: THEOREM (60.2s)  running={'THEOREM': 379, 'LINEAR': 541, 'SOLVED_FMB': 31, 'HARD_NONLINEAR': 2}
[954] order5big_7627: LINEAR (0.0s)  running={'THEOREM': 379, 'LINEAR': 542, 'SOLVED_FMB': 31, 'HARD_NONLINEAR': 2}
[955] order5big_7635: SOLVED_FMB (0.1s)  running={'THEOREM': 379, 'LINEAR': 542, 'SOLVED_FMB': 32, 'HARD_NONLINEAR': 2}
[956] order5big_7643: THEOREM (60.6s)  running={'THEOREM': 380, 'LINEAR': 542, 'SOLVED_FMB': 32, 'HARD_NONLINEAR': 2}
[957] order5big_7651: LINEAR (0.0s)  running={'THEOREM': 380, 'LINEAR': 543, 'SOLVED_FMB': 32, 'HARD_NONLINEAR': 2}
[958] order5big_7659: LINEAR (0.0s)  running={'THEOREM': 380, 'LINEAR': 544, 'SOLVED_FMB': 32, 'HARD_NONLINEAR': 2}
[959] order5big_7667: LINEAR (0.0s)  running={'THEOREM': 380, 'LINEAR': 545, 'SOLVED_FMB': 32, 'HARD_NONLINEAR': 2}
[960] order5big_7675: THEOREM (60.1s)  running={'THEOREM': 381, 'LINEAR': 545, 'SOLVED_FMB': 32, 'HARD_NONLINEAR': 2}
[961] order5big_7683: LINEAR (0.0s)  running={'THEOREM': 381, 'LINEAR': 546, 'SOLVED_FMB': 32, 'HARD_NONLINEAR': 2}
[962] order5big_7691: LINEAR (0.0s)  running={'THEOREM': 381, 'LINEAR': 547, 'SOLVED_FMB': 32, 'HARD_NONLINEAR': 2}
[963] order5big_7699: LINEAR (0.0s)  running={'THEOREM': 381, 'LINEAR': 548, 'SOLVED_FMB': 32, 'HARD_NONLINEAR': 2}
[964] order5big_7707: LINEAR (0.0s)  running={'THEOREM': 381, 'LINEAR': 549, 'SOLVED_FMB': 32, 'HARD_NONLINEAR': 2}
[965] order5big_7715: LINEAR (0.0s)  running={'THEOREM': 381, 'LINEAR': 550, 'SOLVED_FMB': 32, 'HARD_NONLINEAR': 2}
[966] order5big_7723: THEOREM (62.9s)  running={'THEOREM': 382, 'LINEAR': 550, 'SOLVED_FMB': 32, 'HARD_NONLINEAR': 2}
[967] order5big_7731: LINEAR (0.0s)  running={'THEOREM': 382, 'LINEAR': 551, 'SOLVED_FMB': 32, 'HARD_NONLINEAR': 2}
[968] order5big_7739: THEOREM (62.8s)  running={'THEOREM': 383, 'LINEAR': 551, 'SOLVED_FMB': 32, 'HARD_NONLINEAR': 2}
[969] order5big_7747: LINEAR (0.0s)  running={'THEOREM': 383, 'LINEAR': 552, 'SOLVED_FMB': 32, 'HARD_NONLINEAR': 2}
[970] order5big_7755: THEOREM (60.5s)  running={'THEOREM': 384, 'LINEAR': 552, 'SOLVED_FMB': 32, 'HARD_NONLINEAR': 2}
[971] order5big_7763: THEOREM (60.2s)  running={'THEOREM': 385, 'LINEAR': 552, 'SOLVED_FMB': 32, 'HARD_NONLINEAR': 2}
[972] order5big_7771: THEOREM (60.2s)  running={'THEOREM': 386, 'LINEAR': 552, 'SOLVED_FMB': 32, 'HARD_NONLINEAR': 2}
[973] order5big_7779: THEOREM (62.0s)  running={'THEOREM': 387, 'LINEAR': 552, 'SOLVED_FMB': 32, 'HARD_NONLINEAR': 2}
[974] order5big_7787: LINEAR (0.0s)  running={'THEOREM': 387, 'LINEAR': 553, 'SOLVED_FMB': 32, 'HARD_NONLINEAR': 2}
[975] order5big_7795: THEOREM (60.2s)  running={'THEOREM': 388, 'LINEAR': 553, 'SOLVED_FMB': 32, 'HARD_NONLINEAR': 2}
[976] order5big_7803: THEOREM (60.3s)  running={'THEOREM': 389, 'LINEAR': 553, 'SOLVED_FMB': 32, 'HARD_NONLINEAR': 2}
[977] order5big_7811: LINEAR (0.0s)  running={'THEOREM': 389, 'LINEAR': 554, 'SOLVED_FMB': 32, 'HARD_NONLINEAR': 2}
[978] order5big_7819: THEOREM (83.7s)  running={'THEOREM': 390, 'LINEAR': 554, 'SOLVED_FMB': 32, 'HARD_NONLINEAR': 2}
[979] order5big_7827: THEOREM (60.5s)  running={'THEOREM': 391, 'LINEAR': 554, 'SOLVED_FMB': 32, 'HARD_NONLINEAR': 2}
[980] order5big_7835: LINEAR (0.0s)  running={'THEOREM': 391, 'LINEAR': 555, 'SOLVED_FMB': 32, 'HARD_NONLINEAR': 2}
[981] order5big_7843: LINEAR (0.0s)  running={'THEOREM': 391, 'LINEAR': 556, 'SOLVED_FMB': 32, 'HARD_NONLINEAR': 2}
[982] order5big_7851: LINEAR (0.0s)  running={'THEOREM': 391, 'LINEAR': 557, 'SOLVED_FMB': 32, 'HARD_NONLINEAR': 2}
[983] order5big_7859: LINEAR (0.0s)  running={'THEOREM': 391, 'LINEAR': 558, 'SOLVED_FMB': 32, 'HARD_NONLINEAR': 2}
[984] order5big_7867: THEOREM (60.2s)  running={'THEOREM': 392, 'LINEAR': 558, 'SOLVED_FMB': 32, 'HARD_NONLINEAR': 2}
[985] order5big_7875: LINEAR (0.0s)  running={'THEOREM': 392, 'LINEAR': 559, 'SOLVED_FMB': 32, 'HARD_NONLINEAR': 2}
[986] order5big_7883: SOLVED_FMB (1.5s)  running={'THEOREM': 392, 'LINEAR': 559, 'SOLVED_FMB': 33, 'HARD_NONLINEAR': 2}
[987] order5big_7891: LINEAR (0.0s)  running={'THEOREM': 392, 'LINEAR': 560, 'SOLVED_FMB': 33, 'HARD_NONLINEAR': 2}
[988] order5big_7899: THEOREM (60.6s)  running={'THEOREM': 393, 'LINEAR': 560, 'SOLVED_FMB': 33, 'HARD_NONLINEAR': 2}
[989] order5big_7907: LINEAR (0.0s)  running={'THEOREM': 393, 'LINEAR': 561, 'SOLVED_FMB': 33, 'HARD_NONLINEAR': 2}
[990] order5big_7915: LINEAR (0.0s)  running={'THEOREM': 393, 'LINEAR': 562, 'SOLVED_FMB': 33, 'HARD_NONLINEAR': 2}
[991] order5big_7923: THEOREM (60.4s)  running={'THEOREM': 394, 'LINEAR': 562, 'SOLVED_FMB': 33, 'HARD_NONLINEAR': 2}
[992] order5big_7931: THEOREM (60.2s)  running={'THEOREM': 395, 'LINEAR': 562, 'SOLVED_FMB': 33, 'HARD_NONLINEAR': 2}
[993] order5big_7939: LINEAR (0.0s)  running={'THEOREM': 395, 'LINEAR': 563, 'SOLVED_FMB': 33, 'HARD_NONLINEAR': 2}
[994] order5big_7947: LINEAR (0.0s)  running={'THEOREM': 395, 'LINEAR': 564, 'SOLVED_FMB': 33, 'HARD_NONLINEAR': 2}
[995] order5big_7955: THEOREM (60.2s)  running={'THEOREM': 396, 'LINEAR': 564, 'SOLVED_FMB': 33, 'HARD_NONLINEAR': 2}
[996] order5big_7963: LINEAR (0.0s)  running={'THEOREM': 396, 'LINEAR': 565, 'SOLVED_FMB': 33, 'HARD_NONLINEAR': 2}
[997] order5big_7971: LINEAR (0.0s)  running={'THEOREM': 396, 'LINEAR': 566, 'SOLVED_FMB': 33, 'HARD_NONLINEAR': 2}
[998] order5big_7979: LINEAR (0.0s)  running={'THEOREM': 396, 'LINEAR': 567, 'SOLVED_FMB': 33, 'HARD_NONLINEAR': 2}
[999] order5big_7987: THEOREM (60.2s)  running={'THEOREM': 397, 'LINEAR': 567, 'SOLVED_FMB': 33, 'HARD_NONLINEAR': 2}
[1000] order5big_7995: LINEAR (0.0s)  running={'THEOREM': 397, 'LINEAR': 568, 'SOLVED_FMB': 33, 'HARD_NONLINEAR': 2}
[1001] order5big_8003: LINEAR (0.0s)  running={'THEOREM': 397, 'LINEAR': 569, 'SOLVED_FMB': 33, 'HARD_NONLINEAR': 2}
[1002] order5big_8011: LINEAR (0.0s)  running={'THEOREM': 397, 'LINEAR': 570, 'SOLVED_FMB': 33, 'HARD_NONLINEAR': 2}
[1003] order5big_8019: THEOREM (60.3s)  running={'THEOREM': 398, 'LINEAR': 570, 'SOLVED_FMB': 33, 'HARD_NONLINEAR': 2}
[1004] order5big_8027: THEOREM (60.2s)  running={'THEOREM': 399, 'LINEAR': 570, 'SOLVED_FMB': 33, 'HARD_NONLINEAR': 2}
[1005] order5big_8035: LINEAR (0.0s)  running={'THEOREM': 399, 'LINEAR': 571, 'SOLVED_FMB': 33, 'HARD_NONLINEAR': 2}
[1006] order5big_8043: THEOREM (60.2s)  running={'THEOREM': 400, 'LINEAR': 571, 'SOLVED_FMB': 33, 'HARD_NONLINEAR': 2}
[1007] order5big_8051: THEOREM (71.9s)  running={'THEOREM': 401, 'LINEAR': 571, 'SOLVED_FMB': 33, 'HARD_NONLINEAR': 2}
[1008] order5big_8059: THEOREM (60.2s)  running={'THEOREM': 402, 'LINEAR': 571, 'SOLVED_FMB': 33, 'HARD_NONLINEAR': 2}
[1009] order5big_8067: LINEAR (0.0s)  running={'THEOREM': 402, 'LINEAR': 572, 'SOLVED_FMB': 33, 'HARD_NONLINEAR': 2}
[1010] order5big_8075: LINEAR (0.0s)  running={'THEOREM': 402, 'LINEAR': 573, 'SOLVED_FMB': 33, 'HARD_NONLINEAR': 2}
[1011] order5big_8083: THEOREM (60.2s)  running={'THEOREM': 403, 'LINEAR': 573, 'SOLVED_FMB': 33, 'HARD_NONLINEAR': 2}
[1012] order5big_8091: THEOREM (60.2s)  running={'THEOREM': 404, 'LINEAR': 573, 'SOLVED_FMB': 33, 'HARD_NONLINEAR': 2}
[1013] order5big_8099: LINEAR (0.0s)  running={'THEOREM': 404, 'LINEAR': 574, 'SOLVED_FMB': 33, 'HARD_NONLINEAR': 2}
[1014] order5big_8107: LINEAR (0.0s)  running={'THEOREM': 404, 'LINEAR': 575, 'SOLVED_FMB': 33, 'HARD_NONLINEAR': 2}
[1015] order5big_8115: THEOREM (60.2s)  running={'THEOREM': 405, 'LINEAR': 575, 'SOLVED_FMB': 33, 'HARD_NONLINEAR': 2}
[1016] order5big_8123: LINEAR (0.0s)  running={'THEOREM': 405, 'LINEAR': 576, 'SOLVED_FMB': 33, 'HARD_NONLINEAR': 2}
[1017] order5big_8131: THEOREM (26.5s)  running={'THEOREM': 406, 'LINEAR': 576, 'SOLVED_FMB': 33, 'HARD_NONLINEAR': 2}
[1018] order5big_8139: LINEAR (0.0s)  running={'THEOREM': 406, 'LINEAR': 577, 'SOLVED_FMB': 33, 'HARD_NONLINEAR': 2}
[1019] order5big_8147: THEOREM (60.2s)  running={'THEOREM': 407, 'LINEAR': 577, 'SOLVED_FMB': 33, 'HARD_NONLINEAR': 2}
[1020] order5big_8155: LINEAR (0.0s)  running={'THEOREM': 407, 'LINEAR': 578, 'SOLVED_FMB': 33, 'HARD_NONLINEAR': 2}
[1021] order5big_8163: LINEAR (0.0s)  running={'THEOREM': 407, 'LINEAR': 579, 'SOLVED_FMB': 33, 'HARD_NONLINEAR': 2}
[1022] order5big_8171: LINEAR (0.0s)  running={'THEOREM': 407, 'LINEAR': 580, 'SOLVED_FMB': 33, 'HARD_NONLINEAR': 2}
[1023] order5big_8179: SOLVED_FMB (0.1s)  running={'THEOREM': 407, 'LINEAR': 580, 'SOLVED_FMB': 34, 'HARD_NONLINEAR': 2}
[1024] order5big_8187: LINEAR (0.0s)  running={'THEOREM': 407, 'LINEAR': 581, 'SOLVED_FMB': 34, 'HARD_NONLINEAR': 2}
[1025] order5big_8195: LINEAR (0.0s)  running={'THEOREM': 407, 'LINEAR': 582, 'SOLVED_FMB': 34, 'HARD_NONLINEAR': 2}
[1026] order5big_8203: LINEAR (0.0s)  running={'THEOREM': 407, 'LINEAR': 583, 'SOLVED_FMB': 34, 'HARD_NONLINEAR': 2}
[1027] order5big_8211: THEOREM (65.3s)  running={'THEOREM': 408, 'LINEAR': 583, 'SOLVED_FMB': 34, 'HARD_NONLINEAR': 2}
[1028] order5big_8219: THEOREM (60.7s)  running={'THEOREM': 409, 'LINEAR': 583, 'SOLVED_FMB': 34, 'HARD_NONLINEAR': 2}
[1029] order5big_8227: LINEAR (0.0s)  running={'THEOREM': 409, 'LINEAR': 584, 'SOLVED_FMB': 34, 'HARD_NONLINEAR': 2}
[1030] order5big_8235: LINEAR (0.0s)  running={'THEOREM': 409, 'LINEAR': 585, 'SOLVED_FMB': 34, 'HARD_NONLINEAR': 2}
[1031] order5big_8243: LINEAR (0.0s)  running={'THEOREM': 409, 'LINEAR': 586, 'SOLVED_FMB': 34, 'HARD_NONLINEAR': 2}
[1032] order5big_8251: THEOREM (60.2s)  running={'THEOREM': 410, 'LINEAR': 586, 'SOLVED_FMB': 34, 'HARD_NONLINEAR': 2}
[1033] order5big_8259: LINEAR (0.0s)  running={'THEOREM': 410, 'LINEAR': 587, 'SOLVED_FMB': 34, 'HARD_NONLINEAR': 2}
[1034] order5big_8267: THEOREM (60.2s)  running={'THEOREM': 411, 'LINEAR': 587, 'SOLVED_FMB': 34, 'HARD_NONLINEAR': 2}
[1035] order5big_8275: LINEAR (0.0s)  running={'THEOREM': 411, 'LINEAR': 588, 'SOLVED_FMB': 34, 'HARD_NONLINEAR': 2}
[1036] order5big_8283: LINEAR (0.0s)  running={'THEOREM': 411, 'LINEAR': 589, 'SOLVED_FMB': 34, 'HARD_NONLINEAR': 2}
[1037] order5big_8291: THEOREM (60.4s)  running={'THEOREM': 412, 'LINEAR': 589, 'SOLVED_FMB': 34, 'HARD_NONLINEAR': 2}
[1038] order5big_8299: LINEAR (0.0s)  running={'THEOREM': 412, 'LINEAR': 590, 'SOLVED_FMB': 34, 'HARD_NONLINEAR': 2}
[1039] order5big_8307: LINEAR (0.0s)  running={'THEOREM': 412, 'LINEAR': 591, 'SOLVED_FMB': 34, 'HARD_NONLINEAR': 2}
[1040] order5big_8315: THEOREM (60.2s)  running={'THEOREM': 413, 'LINEAR': 591, 'SOLVED_FMB': 34, 'HARD_NONLINEAR': 2}
[1041] order5big_8323: THEOREM (60.2s)  running={'THEOREM': 414, 'LINEAR': 591, 'SOLVED_FMB': 34, 'HARD_NONLINEAR': 2}
[1042] order5big_8331: LINEAR (0.0s)  running={'THEOREM': 414, 'LINEAR': 592, 'SOLVED_FMB': 34, 'HARD_NONLINEAR': 2}
[1043] order5big_8339: LINEAR (0.0s)  running={'THEOREM': 414, 'LINEAR': 593, 'SOLVED_FMB': 34, 'HARD_NONLINEAR': 2}
[1044] order5big_8347: LINEAR (0.0s)  running={'THEOREM': 414, 'LINEAR': 594, 'SOLVED_FMB': 34, 'HARD_NONLINEAR': 2}
[1045] order5big_8355: LINEAR (0.0s)  running={'THEOREM': 414, 'LINEAR': 595, 'SOLVED_FMB': 34, 'HARD_NONLINEAR': 2}
[1046] order5big_8363: THEOREM (60.2s)  running={'THEOREM': 415, 'LINEAR': 595, 'SOLVED_FMB': 34, 'HARD_NONLINEAR': 2}
[1047] order5big_8371: THEOREM (60.4s)  running={'THEOREM': 416, 'LINEAR': 595, 'SOLVED_FMB': 34, 'HARD_NONLINEAR': 2}
[1048] order5big_8379: LINEAR (0.0s)  running={'THEOREM': 416, 'LINEAR': 596, 'SOLVED_FMB': 34, 'HARD_NONLINEAR': 2}
[1049] order5big_8387: THEOREM (60.2s)  running={'THEOREM': 417, 'LINEAR': 596, 'SOLVED_FMB': 34, 'HARD_NONLINEAR': 2}
[1050] order5big_8395: LINEAR (0.0s)  running={'THEOREM': 417, 'LINEAR': 597, 'SOLVED_FMB': 34, 'HARD_NONLINEAR': 2}
[1051] order5big_8403: THEOREM (60.2s)  running={'THEOREM': 418, 'LINEAR': 597, 'SOLVED_FMB': 34, 'HARD_NONLINEAR': 2}
[1052] order5big_8411: THEOREM (60.2s)  running={'THEOREM': 419, 'LINEAR': 597, 'SOLVED_FMB': 34, 'HARD_NONLINEAR': 2}
[1053] order5big_8419: LINEAR (0.0s)  running={'THEOREM': 419, 'LINEAR': 598, 'SOLVED_FMB': 34, 'HARD_NONLINEAR': 2}
[1054] order5big_8427: THEOREM (60.3s)  running={'THEOREM': 420, 'LINEAR': 598, 'SOLVED_FMB': 34, 'HARD_NONLINEAR': 2}
[1055] order5big_8435: THEOREM (60.2s)  running={'THEOREM': 421, 'LINEAR': 598, 'SOLVED_FMB': 34, 'HARD_NONLINEAR': 2}
[1056] order5big_8443: LINEAR (0.0s)  running={'THEOREM': 421, 'LINEAR': 599, 'SOLVED_FMB': 34, 'HARD_NONLINEAR': 2}
[1057] order5big_8451: LINEAR (0.0s)  running={'THEOREM': 421, 'LINEAR': 600, 'SOLVED_FMB': 34, 'HARD_NONLINEAR': 2}
[1058] order5big_8459: LINEAR (0.0s)  running={'THEOREM': 421, 'LINEAR': 601, 'SOLVED_FMB': 34, 'HARD_NONLINEAR': 2}
[1059] order5big_8467: THEOREM (60.6s)  running={'THEOREM': 422, 'LINEAR': 601, 'SOLVED_FMB': 34, 'HARD_NONLINEAR': 2}
[1060] order5big_8475: LINEAR (0.0s)  running={'THEOREM': 422, 'LINEAR': 602, 'SOLVED_FMB': 34, 'HARD_NONLINEAR': 2}
[1061] order5big_8483: THEOREM (60.9s)  running={'THEOREM': 423, 'LINEAR': 602, 'SOLVED_FMB': 34, 'HARD_NONLINEAR': 2}
[1062] order5big_8491: THEOREM (60.6s)  running={'THEOREM': 424, 'LINEAR': 602, 'SOLVED_FMB': 34, 'HARD_NONLINEAR': 2}
[1063] order5big_8499: LINEAR (0.0s)  running={'THEOREM': 424, 'LINEAR': 603, 'SOLVED_FMB': 34, 'HARD_NONLINEAR': 2}
[1064] order5big_8507: LINEAR (0.0s)  running={'THEOREM': 424, 'LINEAR': 604, 'SOLVED_FMB': 34, 'HARD_NONLINEAR': 2}
[1065] order5big_8515: THEOREM (60.3s)  running={'THEOREM': 425, 'LINEAR': 604, 'SOLVED_FMB': 34, 'HARD_NONLINEAR': 2}
[1066] order5big_8523: LINEAR (0.0s)  running={'THEOREM': 425, 'LINEAR': 605, 'SOLVED_FMB': 34, 'HARD_NONLINEAR': 2}
[1067] order5big_8531: LINEAR (0.0s)  running={'THEOREM': 425, 'LINEAR': 606, 'SOLVED_FMB': 34, 'HARD_NONLINEAR': 2}
[1068] order5big_8539: LINEAR (0.0s)  running={'THEOREM': 425, 'LINEAR': 607, 'SOLVED_FMB': 34, 'HARD_NONLINEAR': 2}
[1069] order5big_8547: LINEAR (0.0s)  running={'THEOREM': 425, 'LINEAR': 608, 'SOLVED_FMB': 34, 'HARD_NONLINEAR': 2}
[1070] order5big_8555: THEOREM (60.6s)  running={'THEOREM': 426, 'LINEAR': 608, 'SOLVED_FMB': 34, 'HARD_NONLINEAR': 2}
[1071] order5big_8563: LINEAR (0.0s)  running={'THEOREM': 426, 'LINEAR': 609, 'SOLVED_FMB': 34, 'HARD_NONLINEAR': 2}
[1072] order5big_8571: LINEAR (0.0s)  running={'THEOREM': 426, 'LINEAR': 610, 'SOLVED_FMB': 34, 'HARD_NONLINEAR': 2}
[1073] order5big_8579: LINEAR (0.0s)  running={'THEOREM': 426, 'LINEAR': 611, 'SOLVED_FMB': 34, 'HARD_NONLINEAR': 2}
[1074] order5big_8587: LINEAR (0.0s)  running={'THEOREM': 426, 'LINEAR': 612, 'SOLVED_FMB': 34, 'HARD_NONLINEAR': 2}
[1075] order5big_8595: LINEAR (0.0s)  running={'THEOREM': 426, 'LINEAR': 613, 'SOLVED_FMB': 34, 'HARD_NONLINEAR': 2}
[1076] order5big_8603: LINEAR (0.0s)  running={'THEOREM': 426, 'LINEAR': 614, 'SOLVED_FMB': 34, 'HARD_NONLINEAR': 2}
[1077] order5big_8611: THEOREM (60.3s)  running={'THEOREM': 427, 'LINEAR': 614, 'SOLVED_FMB': 34, 'HARD_NONLINEAR': 2}
[1078] order5big_8619: LINEAR (0.0s)  running={'THEOREM': 427, 'LINEAR': 615, 'SOLVED_FMB': 34, 'HARD_NONLINEAR': 2}
[1079] order5big_8627: LINEAR (0.0s)  running={'THEOREM': 427, 'LINEAR': 616, 'SOLVED_FMB': 34, 'HARD_NONLINEAR': 2}
[1080] order5big_8635: THEOREM (60.5s)  running={'THEOREM': 428, 'LINEAR': 616, 'SOLVED_FMB': 34, 'HARD_NONLINEAR': 2}
[1081] order5big_8643: LINEAR (0.0s)  running={'THEOREM': 428, 'LINEAR': 617, 'SOLVED_FMB': 34, 'HARD_NONLINEAR': 2}
[1082] order5big_8651: LINEAR (0.0s)  running={'THEOREM': 428, 'LINEAR': 618, 'SOLVED_FMB': 34, 'HARD_NONLINEAR': 2}
[1083] order5big_8659: THEOREM (60.3s)  running={'THEOREM': 429, 'LINEAR': 618, 'SOLVED_FMB': 34, 'HARD_NONLINEAR': 2}
[1084] order5big_8667: LINEAR (0.0s)  running={'THEOREM': 429, 'LINEAR': 619, 'SOLVED_FMB': 34, 'HARD_NONLINEAR': 2}
[1085] order5big_8675: THEOREM (61.2s)  running={'THEOREM': 430, 'LINEAR': 619, 'SOLVED_FMB': 34, 'HARD_NONLINEAR': 2}
[1086] order5big_8683: LINEAR (0.0s)  running={'THEOREM': 430, 'LINEAR': 620, 'SOLVED_FMB': 34, 'HARD_NONLINEAR': 2}
[1087] order5big_8691: LINEAR (0.0s)  running={'THEOREM': 430, 'LINEAR': 621, 'SOLVED_FMB': 34, 'HARD_NONLINEAR': 2}
[1088] order5big_8699: THEOREM (60.2s)  running={'THEOREM': 431, 'LINEAR': 621, 'SOLVED_FMB': 34, 'HARD_NONLINEAR': 2}
[1089] order5big_8707: LINEAR (0.0s)  running={'THEOREM': 431, 'LINEAR': 622, 'SOLVED_FMB': 34, 'HARD_NONLINEAR': 2}
[1090] order5big_8715: SOLVED_FMB (2.0s)  running={'THEOREM': 431, 'LINEAR': 622, 'SOLVED_FMB': 35, 'HARD_NONLINEAR': 2}
[1091] order5big_8723: LINEAR (0.0s)  running={'THEOREM': 431, 'LINEAR': 623, 'SOLVED_FMB': 35, 'HARD_NONLINEAR': 2}
[1092] order5big_8731: LINEAR (0.0s)  running={'THEOREM': 431, 'LINEAR': 624, 'SOLVED_FMB': 35, 'HARD_NONLINEAR': 2}
[1093] order5big_8739: THEOREM (60.2s)  running={'THEOREM': 432, 'LINEAR': 624, 'SOLVED_FMB': 35, 'HARD_NONLINEAR': 2}
[1094] order5big_8747: LINEAR (0.0s)  running={'THEOREM': 432, 'LINEAR': 625, 'SOLVED_FMB': 35, 'HARD_NONLINEAR': 2}
[1095] order5big_8755: THEOREM (60.1s)  running={'THEOREM': 433, 'LINEAR': 625, 'SOLVED_FMB': 35, 'HARD_NONLINEAR': 2}
[1096] order5big_8763: THEOREM (60.1s)  running={'THEOREM': 434, 'LINEAR': 625, 'SOLVED_FMB': 35, 'HARD_NONLINEAR': 2}
[1097] order5big_8771: LINEAR (0.0s)  running={'THEOREM': 434, 'LINEAR': 626, 'SOLVED_FMB': 35, 'HARD_NONLINEAR': 2}
[1098] order5big_8779: LINEAR (0.0s)  running={'THEOREM': 434, 'LINEAR': 627, 'SOLVED_FMB': 35, 'HARD_NONLINEAR': 2}
[1099] order5big_8787: LINEAR (0.0s)  running={'THEOREM': 434, 'LINEAR': 628, 'SOLVED_FMB': 35, 'HARD_NONLINEAR': 2}
[1100] order5big_8795: LINEAR (0.0s)  running={'THEOREM': 434, 'LINEAR': 629, 'SOLVED_FMB': 35, 'HARD_NONLINEAR': 2}
[1101] order5big_8803: LINEAR (0.0s)  running={'THEOREM': 434, 'LINEAR': 630, 'SOLVED_FMB': 35, 'HARD_NONLINEAR': 2}
[1102] order5big_8811: THEOREM (60.2s)  running={'THEOREM': 435, 'LINEAR': 630, 'SOLVED_FMB': 35, 'HARD_NONLINEAR': 2}
[1103] order5big_8819: THEOREM (60.3s)  running={'THEOREM': 436, 'LINEAR': 630, 'SOLVED_FMB': 35, 'HARD_NONLINEAR': 2}
[1104] order5big_8827: SOLVED_FMB (2.0s)  running={'THEOREM': 436, 'LINEAR': 630, 'SOLVED_FMB': 36, 'HARD_NONLINEAR': 2}
[1105] order5big_8835: LINEAR (0.0s)  running={'THEOREM': 436, 'LINEAR': 631, 'SOLVED_FMB': 36, 'HARD_NONLINEAR': 2}
[1106] order5big_8843: LINEAR (0.0s)  running={'THEOREM': 436, 'LINEAR': 632, 'SOLVED_FMB': 36, 'HARD_NONLINEAR': 2}
[1107] order5big_8851: THEOREM (60.8s)  running={'THEOREM': 437, 'LINEAR': 632, 'SOLVED_FMB': 36, 'HARD_NONLINEAR': 2}
[1108] order5big_8859: THEOREM (60.2s)  running={'THEOREM': 438, 'LINEAR': 632, 'SOLVED_FMB': 36, 'HARD_NONLINEAR': 2}
[1109] order5big_8867: LINEAR (0.0s)  running={'THEOREM': 438, 'LINEAR': 633, 'SOLVED_FMB': 36, 'HARD_NONLINEAR': 2}
[1110] order5big_8875: THEOREM (60.2s)  running={'THEOREM': 439, 'LINEAR': 633, 'SOLVED_FMB': 36, 'HARD_NONLINEAR': 2}
[1111] order5big_8883: LINEAR (0.0s)  running={'THEOREM': 439, 'LINEAR': 634, 'SOLVED_FMB': 36, 'HARD_NONLINEAR': 2}
[1112] order5big_8891: LINEAR (0.0s)  running={'THEOREM': 439, 'LINEAR': 635, 'SOLVED_FMB': 36, 'HARD_NONLINEAR': 2}
[1113] order5big_8899: THEOREM (60.2s)  running={'THEOREM': 440, 'LINEAR': 635, 'SOLVED_FMB': 36, 'HARD_NONLINEAR': 2}
[1114] order5big_8907: THEOREM (60.2s)  running={'THEOREM': 441, 'LINEAR': 635, 'SOLVED_FMB': 36, 'HARD_NONLINEAR': 2}
[1115] order5big_8915: LINEAR (0.0s)  running={'THEOREM': 441, 'LINEAR': 636, 'SOLVED_FMB': 36, 'HARD_NONLINEAR': 2}
[1116] order5big_8923: THEOREM (60.1s)  running={'THEOREM': 442, 'LINEAR': 636, 'SOLVED_FMB': 36, 'HARD_NONLINEAR': 2}
[1117] order5big_8931: LINEAR (0.0s)  running={'THEOREM': 442, 'LINEAR': 637, 'SOLVED_FMB': 36, 'HARD_NONLINEAR': 2}
[1118] order5big_8939: LINEAR (0.0s)  running={'THEOREM': 442, 'LINEAR': 638, 'SOLVED_FMB': 36, 'HARD_NONLINEAR': 2}
[1119] order5big_8947: LINEAR (0.0s)  running={'THEOREM': 442, 'LINEAR': 639, 'SOLVED_FMB': 36, 'HARD_NONLINEAR': 2}
[1120] order5big_8955: THEOREM (60.6s)  running={'THEOREM': 443, 'LINEAR': 639, 'SOLVED_FMB': 36, 'HARD_NONLINEAR': 2}
[1121] order5big_8963: LINEAR (0.0s)  running={'THEOREM': 443, 'LINEAR': 640, 'SOLVED_FMB': 36, 'HARD_NONLINEAR': 2}
[1122] order5big_8971: LINEAR (0.0s)  running={'THEOREM': 443, 'LINEAR': 641, 'SOLVED_FMB': 36, 'HARD_NONLINEAR': 2}
[1123] order5big_8979: THEOREM (60.1s)  running={'THEOREM': 444, 'LINEAR': 641, 'SOLVED_FMB': 36, 'HARD_NONLINEAR': 2}
[1124] order5big_8987: LINEAR (0.0s)  running={'THEOREM': 444, 'LINEAR': 642, 'SOLVED_FMB': 36, 'HARD_NONLINEAR': 2}
[1125] order5big_8995: THEOREM (60.2s)  running={'THEOREM': 445, 'LINEAR': 642, 'SOLVED_FMB': 36, 'HARD_NONLINEAR': 2}
[1126] order5big_9003: LINEAR (0.0s)  running={'THEOREM': 445, 'LINEAR': 643, 'SOLVED_FMB': 36, 'HARD_NONLINEAR': 2}
[1127] order5big_9011: LINEAR (0.0s)  running={'THEOREM': 445, 'LINEAR': 644, 'SOLVED_FMB': 36, 'HARD_NONLINEAR': 2}
[1128] order5big_9019: LINEAR (0.0s)  running={'THEOREM': 445, 'LINEAR': 645, 'SOLVED_FMB': 36, 'HARD_NONLINEAR': 2}
[1129] order5big_9027: LINEAR (0.0s)  running={'THEOREM': 445, 'LINEAR': 646, 'SOLVED_FMB': 36, 'HARD_NONLINEAR': 2}
[1130] order5big_9035: LINEAR (0.0s)  running={'THEOREM': 445, 'LINEAR': 647, 'SOLVED_FMB': 36, 'HARD_NONLINEAR': 2}
[1131] order5big_9043: LINEAR (0.0s)  running={'THEOREM': 445, 'LINEAR': 648, 'SOLVED_FMB': 36, 'HARD_NONLINEAR': 2}
[1132] order5big_9051: THEOREM (60.6s)  running={'THEOREM': 446, 'LINEAR': 648, 'SOLVED_FMB': 36, 'HARD_NONLINEAR': 2}
[1133] order5big_9059: LINEAR (0.0s)  running={'THEOREM': 446, 'LINEAR': 649, 'SOLVED_FMB': 36, 'HARD_NONLINEAR': 2}
[1134] order5big_9067: LINEAR (0.0s)  running={'THEOREM': 446, 'LINEAR': 650, 'SOLVED_FMB': 36, 'HARD_NONLINEAR': 2}
[1135] order5big_9075: THEOREM (2.4s)  running={'THEOREM': 447, 'LINEAR': 650, 'SOLVED_FMB': 36, 'HARD_NONLINEAR': 2}
[1136] order5big_9083: LINEAR (0.0s)  running={'THEOREM': 447, 'LINEAR': 651, 'SOLVED_FMB': 36, 'HARD_NONLINEAR': 2}
[1137] order5big_9091: LINEAR (0.0s)  running={'THEOREM': 447, 'LINEAR': 652, 'SOLVED_FMB': 36, 'HARD_NONLINEAR': 2}
[1138] order5big_9099: THEOREM (60.2s)  running={'THEOREM': 448, 'LINEAR': 652, 'SOLVED_FMB': 36, 'HARD_NONLINEAR': 2}
[1139] order5big_9107: LINEAR (0.0s)  running={'THEOREM': 448, 'LINEAR': 653, 'SOLVED_FMB': 36, 'HARD_NONLINEAR': 2}
[1140] order5big_9115: SOLVED_FMB (34.1s)  running={'THEOREM': 448, 'LINEAR': 653, 'SOLVED_FMB': 37, 'HARD_NONLINEAR': 2}
[1141] order5big_9123: THEOREM (60.2s)  running={'THEOREM': 449, 'LINEAR': 653, 'SOLVED_FMB': 37, 'HARD_NONLINEAR': 2}
[1142] order5big_9131: LINEAR (0.0s)  running={'THEOREM': 449, 'LINEAR': 654, 'SOLVED_FMB': 37, 'HARD_NONLINEAR': 2}
[1143] order5big_9139: LINEAR (0.0s)  running={'THEOREM': 449, 'LINEAR': 655, 'SOLVED_FMB': 37, 'HARD_NONLINEAR': 2}
[1144] order5big_9147: LINEAR (0.0s)  running={'THEOREM': 449, 'LINEAR': 656, 'SOLVED_FMB': 37, 'HARD_NONLINEAR': 2}
[1145] order5big_9155: LINEAR (0.0s)  running={'THEOREM': 449, 'LINEAR': 657, 'SOLVED_FMB': 37, 'HARD_NONLINEAR': 2}
[1146] order5big_9163: LINEAR (0.0s)  running={'THEOREM': 449, 'LINEAR': 658, 'SOLVED_FMB': 37, 'HARD_NONLINEAR': 2}
[1147] order5big_9171: LINEAR (0.0s)  running={'THEOREM': 449, 'LINEAR': 659, 'SOLVED_FMB': 37, 'HARD_NONLINEAR': 2}
[1148] order5big_9179: THEOREM (60.2s)  running={'THEOREM': 450, 'LINEAR': 659, 'SOLVED_FMB': 37, 'HARD_NONLINEAR': 2}
[1149] order5big_9187: THEOREM (60.2s)  running={'THEOREM': 451, 'LINEAR': 659, 'SOLVED_FMB': 37, 'HARD_NONLINEAR': 2}
[1150] order5big_9195: LINEAR (0.0s)  running={'THEOREM': 451, 'LINEAR': 660, 'SOLVED_FMB': 37, 'HARD_NONLINEAR': 2}
[1151] order5big_9203: LINEAR (0.0s)  running={'THEOREM': 451, 'LINEAR': 661, 'SOLVED_FMB': 37, 'HARD_NONLINEAR': 2}
[1152] order5big_9211: LINEAR (0.0s)  running={'THEOREM': 451, 'LINEAR': 662, 'SOLVED_FMB': 37, 'HARD_NONLINEAR': 2}
[1153] order5big_9219: HARD_NONLINEAR (120.2s)  running={'THEOREM': 451, 'LINEAR': 662, 'SOLVED_FMB': 37, 'HARD_NONLINEAR': 3}
[1154] order5big_9227: THEOREM (63.5s)  running={'THEOREM': 452, 'LINEAR': 662, 'SOLVED_FMB': 37, 'HARD_NONLINEAR': 3}
[1155] order5big_9235: LINEAR (0.0s)  running={'THEOREM': 452, 'LINEAR': 663, 'SOLVED_FMB': 37, 'HARD_NONLINEAR': 3}
[1156] order5big_9243: LINEAR (0.0s)  running={'THEOREM': 452, 'LINEAR': 664, 'SOLVED_FMB': 37, 'HARD_NONLINEAR': 3}
[1157] order5big_9251: LINEAR (0.0s)  running={'THEOREM': 452, 'LINEAR': 665, 'SOLVED_FMB': 37, 'HARD_NONLINEAR': 3}
[1158] order5big_9259: LINEAR (0.0s)  running={'THEOREM': 452, 'LINEAR': 666, 'SOLVED_FMB': 37, 'HARD_NONLINEAR': 3}
[1159] order5big_9267: LINEAR (0.0s)  running={'THEOREM': 452, 'LINEAR': 667, 'SOLVED_FMB': 37, 'HARD_NONLINEAR': 3}
[1160] order5big_9275: LINEAR (0.0s)  running={'THEOREM': 452, 'LINEAR': 668, 'SOLVED_FMB': 37, 'HARD_NONLINEAR': 3}
[1161] order5big_9283: THEOREM (60.2s)  running={'THEOREM': 453, 'LINEAR': 668, 'SOLVED_FMB': 37, 'HARD_NONLINEAR': 3}
[1162] order5big_9291: THEOREM (60.3s)  running={'THEOREM': 454, 'LINEAR': 668, 'SOLVED_FMB': 37, 'HARD_NONLINEAR': 3}
[1163] order5big_9299: THEOREM (60.2s)  running={'THEOREM': 455, 'LINEAR': 668, 'SOLVED_FMB': 37, 'HARD_NONLINEAR': 3}
[1164] order5big_9307: THEOREM (60.7s)  running={'THEOREM': 456, 'LINEAR': 668, 'SOLVED_FMB': 37, 'HARD_NONLINEAR': 3}
[1165] order5big_9315: LINEAR (0.0s)  running={'THEOREM': 456, 'LINEAR': 669, 'SOLVED_FMB': 37, 'HARD_NONLINEAR': 3}
[1166] order5big_9323: THEOREM (60.2s)  running={'THEOREM': 457, 'LINEAR': 669, 'SOLVED_FMB': 37, 'HARD_NONLINEAR': 3}
[1167] order5big_9331: THEOREM (60.3s)  running={'THEOREM': 458, 'LINEAR': 669, 'SOLVED_FMB': 37, 'HARD_NONLINEAR': 3}
[1168] order5big_9339: THEOREM (60.2s)  running={'THEOREM': 459, 'LINEAR': 669, 'SOLVED_FMB': 37, 'HARD_NONLINEAR': 3}
[1169] order5big_9347: LINEAR (0.0s)  running={'THEOREM': 459, 'LINEAR': 670, 'SOLVED_FMB': 37, 'HARD_NONLINEAR': 3}
[1170] order5big_9355: THEOREM (62.6s)  running={'THEOREM': 460, 'LINEAR': 670, 'SOLVED_FMB': 37, 'HARD_NONLINEAR': 3}
[1171] order5big_9363: THEOREM (64.0s)  running={'THEOREM': 461, 'LINEAR': 670, 'SOLVED_FMB': 37, 'HARD_NONLINEAR': 3}
[1172] order5big_9371: LINEAR (0.0s)  running={'THEOREM': 461, 'LINEAR': 671, 'SOLVED_FMB': 37, 'HARD_NONLINEAR': 3}
[1173] order5big_9379: LINEAR (0.0s)  running={'THEOREM': 461, 'LINEAR': 672, 'SOLVED_FMB': 37, 'HARD_NONLINEAR': 3}
[1174] order5big_9387: THEOREM (72.2s)  running={'THEOREM': 462, 'LINEAR': 672, 'SOLVED_FMB': 37, 'HARD_NONLINEAR': 3}
[1175] order5big_9395: THEOREM (60.2s)  running={'THEOREM': 463, 'LINEAR': 672, 'SOLVED_FMB': 37, 'HARD_NONLINEAR': 3}
[1176] order5big_9403: THEOREM (73.1s)  running={'THEOREM': 464, 'LINEAR': 672, 'SOLVED_FMB': 37, 'HARD_NONLINEAR': 3}
[1177] order5big_9411: THEOREM (60.2s)  running={'THEOREM': 465, 'LINEAR': 672, 'SOLVED_FMB': 37, 'HARD_NONLINEAR': 3}
[1178] order5big_9419: LINEAR (0.0s)  running={'THEOREM': 465, 'LINEAR': 673, 'SOLVED_FMB': 37, 'HARD_NONLINEAR': 3}
[1179] order5big_9427: LINEAR (0.0s)  running={'THEOREM': 465, 'LINEAR': 674, 'SOLVED_FMB': 37, 'HARD_NONLINEAR': 3}
[1180] order5big_9435: LINEAR (0.0s)  running={'THEOREM': 465, 'LINEAR': 675, 'SOLVED_FMB': 37, 'HARD_NONLINEAR': 3}
[1181] order5big_9443: LINEAR (0.0s)  running={'THEOREM': 465, 'LINEAR': 676, 'SOLVED_FMB': 37, 'HARD_NONLINEAR': 3}
[1182] order5big_9451: THEOREM (60.2s)  running={'THEOREM': 466, 'LINEAR': 676, 'SOLVED_FMB': 37, 'HARD_NONLINEAR': 3}
[1183] order5big_9459: THEOREM (61.3s)  running={'THEOREM': 467, 'LINEAR': 676, 'SOLVED_FMB': 37, 'HARD_NONLINEAR': 3}
[1184] order5big_9467: LINEAR (0.0s)  running={'THEOREM': 467, 'LINEAR': 677, 'SOLVED_FMB': 37, 'HARD_NONLINEAR': 3}
[1185] order5big_9475: LINEAR (0.0s)  running={'THEOREM': 467, 'LINEAR': 678, 'SOLVED_FMB': 37, 'HARD_NONLINEAR': 3}
[1186] order5big_9483: THEOREM (60.2s)  running={'THEOREM': 468, 'LINEAR': 678, 'SOLVED_FMB': 37, 'HARD_NONLINEAR': 3}
[1187] order5big_9491: LINEAR (0.0s)  running={'THEOREM': 468, 'LINEAR': 679, 'SOLVED_FMB': 37, 'HARD_NONLINEAR': 3}
[1188] order5big_9499: LINEAR (0.0s)  running={'THEOREM': 468, 'LINEAR': 680, 'SOLVED_FMB': 37, 'HARD_NONLINEAR': 3}
[1189] order5big_9507: LINEAR (0.0s)  running={'THEOREM': 468, 'LINEAR': 681, 'SOLVED_FMB': 37, 'HARD_NONLINEAR': 3}
[1190] order5big_9515: THEOREM (61.2s)  running={'THEOREM': 469, 'LINEAR': 681, 'SOLVED_FMB': 37, 'HARD_NONLINEAR': 3}
[1191] order5big_9523: THEOREM (60.4s)  running={'THEOREM': 470, 'LINEAR': 681, 'SOLVED_FMB': 37, 'HARD_NONLINEAR': 3}
[1192] order5big_9531: THEOREM (60.2s)  running={'THEOREM': 471, 'LINEAR': 681, 'SOLVED_FMB': 37, 'HARD_NONLINEAR': 3}
[1193] order5big_9539: THEOREM (60.3s)  running={'THEOREM': 472, 'LINEAR': 681, 'SOLVED_FMB': 37, 'HARD_NONLINEAR': 3}
[1194] order5big_9547: LINEAR (0.0s)  running={'THEOREM': 472, 'LINEAR': 682, 'SOLVED_FMB': 37, 'HARD_NONLINEAR': 3}
[1195] order5big_9555: THEOREM (60.2s)  running={'THEOREM': 473, 'LINEAR': 682, 'SOLVED_FMB': 37, 'HARD_NONLINEAR': 3}
[1196] order5big_9563: SOLVED_FMB (0.2s)  running={'THEOREM': 473, 'LINEAR': 682, 'SOLVED_FMB': 38, 'HARD_NONLINEAR': 3}
[1197] order5big_9571: LINEAR (0.0s)  running={'THEOREM': 473, 'LINEAR': 683, 'SOLVED_FMB': 38, 'HARD_NONLINEAR': 3}
[1198] order5big_9579: LINEAR (0.0s)  running={'THEOREM': 473, 'LINEAR': 684, 'SOLVED_FMB': 38, 'HARD_NONLINEAR': 3}
[1199] order5big_9587: LINEAR (0.0s)  running={'THEOREM': 473, 'LINEAR': 685, 'SOLVED_FMB': 38, 'HARD_NONLINEAR': 3}
[1200] order5big_9595: LINEAR (0.0s)  running={'THEOREM': 473, 'LINEAR': 686, 'SOLVED_FMB': 38, 'HARD_NONLINEAR': 3}
[1201] order5big_9603: LINEAR (0.0s)  running={'THEOREM': 473, 'LINEAR': 687, 'SOLVED_FMB': 38, 'HARD_NONLINEAR': 3}
[1202] order5big_9611: LINEAR (0.0s)  running={'THEOREM': 473, 'LINEAR': 688, 'SOLVED_FMB': 38, 'HARD_NONLINEAR': 3}
[1203] order5big_9619: LINEAR (0.0s)  running={'THEOREM': 473, 'LINEAR': 689, 'SOLVED_FMB': 38, 'HARD_NONLINEAR': 3}
[1204] order5big_9627: LINEAR (0.0s)  running={'THEOREM': 473, 'LINEAR': 690, 'SOLVED_FMB': 38, 'HARD_NONLINEAR': 3}
[1205] order5big_9635: LINEAR (0.0s)  running={'THEOREM': 473, 'LINEAR': 691, 'SOLVED_FMB': 38, 'HARD_NONLINEAR': 3}
[1206] order5big_9643: LINEAR (0.0s)  running={'THEOREM': 473, 'LINEAR': 692, 'SOLVED_FMB': 38, 'HARD_NONLINEAR': 3}
[1207] order5big_9651: THEOREM (60.2s)  running={'THEOREM': 474, 'LINEAR': 692, 'SOLVED_FMB': 38, 'HARD_NONLINEAR': 3}
[1208] order5big_9659: LINEAR (0.0s)  running={'THEOREM': 474, 'LINEAR': 693, 'SOLVED_FMB': 38, 'HARD_NONLINEAR': 3}
[1209] order5big_9667: LINEAR (0.0s)  running={'THEOREM': 474, 'LINEAR': 694, 'SOLVED_FMB': 38, 'HARD_NONLINEAR': 3}
[1210] order5big_9675: THEOREM (60.2s)  running={'THEOREM': 475, 'LINEAR': 694, 'SOLVED_FMB': 38, 'HARD_NONLINEAR': 3}
[1211] order5big_9683: LINEAR (0.0s)  running={'THEOREM': 475, 'LINEAR': 695, 'SOLVED_FMB': 38, 'HARD_NONLINEAR': 3}
[1212] order5big_9691: LINEAR (0.0s)  running={'THEOREM': 475, 'LINEAR': 696, 'SOLVED_FMB': 38, 'HARD_NONLINEAR': 3}
[1213] order5big_9699: LINEAR (0.0s)  running={'THEOREM': 475, 'LINEAR': 697, 'SOLVED_FMB': 38, 'HARD_NONLINEAR': 3}
[1214] order5big_9707: THEOREM (60.4s)  running={'THEOREM': 476, 'LINEAR': 697, 'SOLVED_FMB': 38, 'HARD_NONLINEAR': 3}
[1215] order5big_9715: LINEAR (0.0s)  running={'THEOREM': 476, 'LINEAR': 698, 'SOLVED_FMB': 38, 'HARD_NONLINEAR': 3}
[1216] order5big_9723: THEOREM (60.7s)  running={'THEOREM': 477, 'LINEAR': 698, 'SOLVED_FMB': 38, 'HARD_NONLINEAR': 3}
[1217] order5big_9731: THEOREM (60.2s)  running={'THEOREM': 478, 'LINEAR': 698, 'SOLVED_FMB': 38, 'HARD_NONLINEAR': 3}
[1218] order5big_9739: LINEAR (0.0s)  running={'THEOREM': 478, 'LINEAR': 699, 'SOLVED_FMB': 38, 'HARD_NONLINEAR': 3}
[1219] order5big_9747: LINEAR (0.0s)  running={'THEOREM': 478, 'LINEAR': 700, 'SOLVED_FMB': 38, 'HARD_NONLINEAR': 3}
[1220] order5big_9755: LINEAR (0.0s)  running={'THEOREM': 478, 'LINEAR': 701, 'SOLVED_FMB': 38, 'HARD_NONLINEAR': 3}
[1221] order5big_9763: LINEAR (0.0s)  running={'THEOREM': 478, 'LINEAR': 702, 'SOLVED_FMB': 38, 'HARD_NONLINEAR': 3}
[1222] order5big_9771: THEOREM (60.1s)  running={'THEOREM': 479, 'LINEAR': 702, 'SOLVED_FMB': 38, 'HARD_NONLINEAR': 3}
[1223] order5big_9779: LINEAR (0.0s)  running={'THEOREM': 479, 'LINEAR': 703, 'SOLVED_FMB': 38, 'HARD_NONLINEAR': 3}
[1224] order5big_9787: THEOREM (60.3s)  running={'THEOREM': 480, 'LINEAR': 703, 'SOLVED_FMB': 38, 'HARD_NONLINEAR': 3}
[1225] order5big_9795: LINEAR (0.0s)  running={'THEOREM': 480, 'LINEAR': 704, 'SOLVED_FMB': 38, 'HARD_NONLINEAR': 3}
[1226] order5big_9803: THEOREM (60.2s)  running={'THEOREM': 481, 'LINEAR': 704, 'SOLVED_FMB': 38, 'HARD_NONLINEAR': 3}
[1227] order5big_9811: LINEAR (0.0s)  running={'THEOREM': 481, 'LINEAR': 705, 'SOLVED_FMB': 38, 'HARD_NONLINEAR': 3}
[1228] order5big_9819: THEOREM (60.2s)  running={'THEOREM': 482, 'LINEAR': 705, 'SOLVED_FMB': 38, 'HARD_NONLINEAR': 3}
[1229] order5big_9827: LINEAR (0.0s)  running={'THEOREM': 482, 'LINEAR': 706, 'SOLVED_FMB': 38, 'HARD_NONLINEAR': 3}
[1230] order5big_9835: LINEAR (0.0s)  running={'THEOREM': 482, 'LINEAR': 707, 'SOLVED_FMB': 38, 'HARD_NONLINEAR': 3}
[1231] order5big_9843: LINEAR (0.0s)  running={'THEOREM': 482, 'LINEAR': 708, 'SOLVED_FMB': 38, 'HARD_NONLINEAR': 3}
[1232] order5big_9851: LINEAR (0.0s)  running={'THEOREM': 482, 'LINEAR': 709, 'SOLVED_FMB': 38, 'HARD_NONLINEAR': 3}
[1233] order5big_9859: THEOREM (60.2s)  running={'THEOREM': 483, 'LINEAR': 709, 'SOLVED_FMB': 38, 'HARD_NONLINEAR': 3}
[1234] order5big_9867: THEOREM (205.9s)  running={'THEOREM': 484, 'LINEAR': 709, 'SOLVED_FMB': 38, 'HARD_NONLINEAR': 3}
[1235] order5big_9875: LINEAR (0.0s)  running={'THEOREM': 484, 'LINEAR': 710, 'SOLVED_FMB': 38, 'HARD_NONLINEAR': 3}
[1236] order5big_9883: THEOREM (60.2s)  running={'THEOREM': 485, 'LINEAR': 710, 'SOLVED_FMB': 38, 'HARD_NONLINEAR': 3}
[1237] order5big_9891: LINEAR (0.0s)  running={'THEOREM': 485, 'LINEAR': 711, 'SOLVED_FMB': 38, 'HARD_NONLINEAR': 3}
[1238] order5big_9899: LINEAR (0.0s)  running={'THEOREM': 485, 'LINEAR': 712, 'SOLVED_FMB': 38, 'HARD_NONLINEAR': 3}
[1239] order5big_9907: LINEAR (0.0s)  running={'THEOREM': 485, 'LINEAR': 713, 'SOLVED_FMB': 38, 'HARD_NONLINEAR': 3}
[1240] order5big_9915: LINEAR (0.0s)  running={'THEOREM': 485, 'LINEAR': 714, 'SOLVED_FMB': 38, 'HARD_NONLINEAR': 3}
[1241] order5big_9923: THEOREM (60.2s)  running={'THEOREM': 486, 'LINEAR': 714, 'SOLVED_FMB': 38, 'HARD_NONLINEAR': 3}
[1242] order5big_9931: THEOREM (60.2s)  running={'THEOREM': 487, 'LINEAR': 714, 'SOLVED_FMB': 38, 'HARD_NONLINEAR': 3}
[1243] order5big_9939: LINEAR (0.0s)  running={'THEOREM': 487, 'LINEAR': 715, 'SOLVED_FMB': 38, 'HARD_NONLINEAR': 3}
[1244] order5big_9947: THEOREM (60.2s)  running={'THEOREM': 488, 'LINEAR': 715, 'SOLVED_FMB': 38, 'HARD_NONLINEAR': 3}
[1245] order5big_9955: THEOREM (63.1s)  running={'THEOREM': 489, 'LINEAR': 715, 'SOLVED_FMB': 38, 'HARD_NONLINEAR': 3}
[1246] order5big_9963: LINEAR (0.0s)  running={'THEOREM': 489, 'LINEAR': 716, 'SOLVED_FMB': 38, 'HARD_NONLINEAR': 3}
[1247] order5big_9971: LINEAR (0.0s)  running={'THEOREM': 489, 'LINEAR': 717, 'SOLVED_FMB': 38, 'HARD_NONLINEAR': 3}
[1248] order5big_9979: LINEAR (0.0s)  running={'THEOREM': 489, 'LINEAR': 718, 'SOLVED_FMB': 38, 'HARD_NONLINEAR': 3}
[1249] order5big_9987: LINEAR (0.0s)  running={'THEOREM': 489, 'LINEAR': 719, 'SOLVED_FMB': 38, 'HARD_NONLINEAR': 3}
[1250] order5big_9995: LINEAR (0.0s)  running={'THEOREM': 489, 'LINEAR': 720, 'SOLVED_FMB': 38, 'HARD_NONLINEAR': 3}
[1251] order5big_10003: LINEAR (0.0s)  running={'THEOREM': 489, 'LINEAR': 721, 'SOLVED_FMB': 38, 'HARD_NONLINEAR': 3}
[1252] order5big_10011: LINEAR (0.0s)  running={'THEOREM': 489, 'LINEAR': 722, 'SOLVED_FMB': 38, 'HARD_NONLINEAR': 3}
[1253] order5big_10019: LINEAR (0.0s)  running={'THEOREM': 489, 'LINEAR': 723, 'SOLVED_FMB': 38, 'HARD_NONLINEAR': 3}
[1254] order5big_10027: THEOREM (65.1s)  running={'THEOREM': 490, 'LINEAR': 723, 'SOLVED_FMB': 38, 'HARD_NONLINEAR': 3}
[1255] order5big_10035: THEOREM (72.7s)  running={'THEOREM': 491, 'LINEAR': 723, 'SOLVED_FMB': 38, 'HARD_NONLINEAR': 3}
[1256] order5big_10043: THEOREM (60.1s)  running={'THEOREM': 492, 'LINEAR': 723, 'SOLVED_FMB': 38, 'HARD_NONLINEAR': 3}
[1257] order5big_10051: LINEAR (0.0s)  running={'THEOREM': 492, 'LINEAR': 724, 'SOLVED_FMB': 38, 'HARD_NONLINEAR': 3}
[1258] order5big_10059: LINEAR (0.0s)  running={'THEOREM': 492, 'LINEAR': 725, 'SOLVED_FMB': 38, 'HARD_NONLINEAR': 3}
[1259] order5big_10067: LINEAR (0.0s)  running={'THEOREM': 492, 'LINEAR': 726, 'SOLVED_FMB': 38, 'HARD_NONLINEAR': 3}
[1260] order5big_10075: LINEAR (0.0s)  running={'THEOREM': 492, 'LINEAR': 727, 'SOLVED_FMB': 38, 'HARD_NONLINEAR': 3}
[1261] order5big_10083: LINEAR (0.0s)  running={'THEOREM': 492, 'LINEAR': 728, 'SOLVED_FMB': 38, 'HARD_NONLINEAR': 3}
[1262] order5big_10091: LINEAR (0.0s)  running={'THEOREM': 492, 'LINEAR': 729, 'SOLVED_FMB': 38, 'HARD_NONLINEAR': 3}
[1263] order5big_10099: THEOREM (60.2s)  running={'THEOREM': 493, 'LINEAR': 729, 'SOLVED_FMB': 38, 'HARD_NONLINEAR': 3}
[1264] order5big_10107: LINEAR (0.0s)  running={'THEOREM': 493, 'LINEAR': 730, 'SOLVED_FMB': 38, 'HARD_NONLINEAR': 3}
[1265] order5big_10115: THEOREM (60.5s)  running={'THEOREM': 494, 'LINEAR': 730, 'SOLVED_FMB': 38, 'HARD_NONLINEAR': 3}
[1266] order5big_10123: LINEAR (0.0s)  running={'THEOREM': 494, 'LINEAR': 731, 'SOLVED_FMB': 38, 'HARD_NONLINEAR': 3}
[1267] order5big_10131: THEOREM (60.2s)  running={'THEOREM': 495, 'LINEAR': 731, 'SOLVED_FMB': 38, 'HARD_NONLINEAR': 3}
[1268] order5big_10139: LINEAR (0.0s)  running={'THEOREM': 495, 'LINEAR': 732, 'SOLVED_FMB': 38, 'HARD_NONLINEAR': 3}
[1269] order5big_10147: LINEAR (0.0s)  running={'THEOREM': 495, 'LINEAR': 733, 'SOLVED_FMB': 38, 'HARD_NONLINEAR': 3}
[1270] order5big_10155: LINEAR (0.0s)  running={'THEOREM': 495, 'LINEAR': 734, 'SOLVED_FMB': 38, 'HARD_NONLINEAR': 3}
[1271] order5big_10163: LINEAR (0.0s)  running={'THEOREM': 495, 'LINEAR': 735, 'SOLVED_FMB': 38, 'HARD_NONLINEAR': 3}
[1272] order5big_10171: LINEAR (0.0s)  running={'THEOREM': 495, 'LINEAR': 736, 'SOLVED_FMB': 38, 'HARD_NONLINEAR': 3}
[1273] order5big_10179: LINEAR (0.0s)  running={'THEOREM': 495, 'LINEAR': 737, 'SOLVED_FMB': 38, 'HARD_NONLINEAR': 3}
[1274] order5big_10187: LINEAR (0.0s)  running={'THEOREM': 495, 'LINEAR': 738, 'SOLVED_FMB': 38, 'HARD_NONLINEAR': 3}
[1275] order5big_10195: LINEAR (0.0s)  running={'THEOREM': 495, 'LINEAR': 739, 'SOLVED_FMB': 38, 'HARD_NONLINEAR': 3}
[1276] order5big_10203: LINEAR (0.3s)  running={'THEOREM': 495, 'LINEAR': 740, 'SOLVED_FMB': 38, 'HARD_NONLINEAR': 3}
[1277] order5big_10211: LINEAR (0.0s)  running={'THEOREM': 495, 'LINEAR': 741, 'SOLVED_FMB': 38, 'HARD_NONLINEAR': 3}
[1278] order5big_10219: THEOREM (60.2s)  running={'THEOREM': 496, 'LINEAR': 741, 'SOLVED_FMB': 38, 'HARD_NONLINEAR': 3}
[1279] order5big_10227: LINEAR (0.0s)  running={'THEOREM': 496, 'LINEAR': 742, 'SOLVED_FMB': 38, 'HARD_NONLINEAR': 3}
[1280] order5big_10235: THEOREM (60.2s)  running={'THEOREM': 497, 'LINEAR': 742, 'SOLVED_FMB': 38, 'HARD_NONLINEAR': 3}
[1281] order5big_10243: LINEAR (0.0s)  running={'THEOREM': 497, 'LINEAR': 743, 'SOLVED_FMB': 38, 'HARD_NONLINEAR': 3}
[1282] order5big_10251: LINEAR (0.0s)  running={'THEOREM': 497, 'LINEAR': 744, 'SOLVED_FMB': 38, 'HARD_NONLINEAR': 3}
[1283] order5big_10259: THEOREM (60.2s)  running={'THEOREM': 498, 'LINEAR': 744, 'SOLVED_FMB': 38, 'HARD_NONLINEAR': 3}
[1284] order5big_10267: LINEAR (0.0s)  running={'THEOREM': 498, 'LINEAR': 745, 'SOLVED_FMB': 38, 'HARD_NONLINEAR': 3}
[1285] order5big_10275: THEOREM (60.2s)  running={'THEOREM': 499, 'LINEAR': 745, 'SOLVED_FMB': 38, 'HARD_NONLINEAR': 3}
[1286] order5big_10283: THEOREM (60.3s)  running={'THEOREM': 500, 'LINEAR': 745, 'SOLVED_FMB': 38, 'HARD_NONLINEAR': 3}
[1287] order5big_10291: THEOREM (60.9s)  running={'THEOREM': 501, 'LINEAR': 745, 'SOLVED_FMB': 38, 'HARD_NONLINEAR': 3}
[1288] order5big_10299: THEOREM (60.2s)  running={'THEOREM': 502, 'LINEAR': 745, 'SOLVED_FMB': 38, 'HARD_NONLINEAR': 3}
[1289] order5big_10307: LINEAR (0.0s)  running={'THEOREM': 502, 'LINEAR': 746, 'SOLVED_FMB': 38, 'HARD_NONLINEAR': 3}
[1290] order5big_10315: THEOREM (60.7s)  running={'THEOREM': 503, 'LINEAR': 746, 'SOLVED_FMB': 38, 'HARD_NONLINEAR': 3}
[1291] order5big_10323: THEOREM (60.4s)  running={'THEOREM': 504, 'LINEAR': 746, 'SOLVED_FMB': 38, 'HARD_NONLINEAR': 3}
[1292] order5big_10331: THEOREM (60.9s)  running={'THEOREM': 505, 'LINEAR': 746, 'SOLVED_FMB': 38, 'HARD_NONLINEAR': 3}
[1293] order5big_10339: LINEAR (0.0s)  running={'THEOREM': 505, 'LINEAR': 747, 'SOLVED_FMB': 38, 'HARD_NONLINEAR': 3}
[1294] order5big_10347: THEOREM (61.6s)  running={'THEOREM': 506, 'LINEAR': 747, 'SOLVED_FMB': 38, 'HARD_NONLINEAR': 3}
[1295] order5big_10355: LINEAR (0.0s)  running={'THEOREM': 506, 'LINEAR': 748, 'SOLVED_FMB': 38, 'HARD_NONLINEAR': 3}
[1296] order5big_10363: THEOREM (60.2s)  running={'THEOREM': 507, 'LINEAR': 748, 'SOLVED_FMB': 38, 'HARD_NONLINEAR': 3}
[1297] order5big_10371: THEOREM (60.6s)  running={'THEOREM': 508, 'LINEAR': 748, 'SOLVED_FMB': 38, 'HARD_NONLINEAR': 3}
[1298] order5big_10379: LINEAR (0.0s)  running={'THEOREM': 508, 'LINEAR': 749, 'SOLVED_FMB': 38, 'HARD_NONLINEAR': 3}
[1299] order5big_10387: LINEAR (0.0s)  running={'THEOREM': 508, 'LINEAR': 750, 'SOLVED_FMB': 38, 'HARD_NONLINEAR': 3}
[1300] order5big_10395: LINEAR (0.0s)  running={'THEOREM': 508, 'LINEAR': 751, 'SOLVED_FMB': 38, 'HARD_NONLINEAR': 3}
[1301] order5big_10403: LINEAR (0.0s)  running={'THEOREM': 508, 'LINEAR': 752, 'SOLVED_FMB': 38, 'HARD_NONLINEAR': 3}
[1302] order5big_10411: LINEAR (0.0s)  running={'THEOREM': 508, 'LINEAR': 753, 'SOLVED_FMB': 38, 'HARD_NONLINEAR': 3}
[1303] order5big_10419: LINEAR (0.0s)  running={'THEOREM': 508, 'LINEAR': 754, 'SOLVED_FMB': 38, 'HARD_NONLINEAR': 3}
[1304] order5big_10427: LINEAR (0.0s)  running={'THEOREM': 508, 'LINEAR': 755, 'SOLVED_FMB': 38, 'HARD_NONLINEAR': 3}
[1305] order5big_10435: LINEAR (0.0s)  running={'THEOREM': 508, 'LINEAR': 756, 'SOLVED_FMB': 38, 'HARD_NONLINEAR': 3}
[1306] order5big_10443: THEOREM (60.1s)  running={'THEOREM': 509, 'LINEAR': 756, 'SOLVED_FMB': 38, 'HARD_NONLINEAR': 3}
[1307] order5big_10451: LINEAR (0.0s)  running={'THEOREM': 509, 'LINEAR': 757, 'SOLVED_FMB': 38, 'HARD_NONLINEAR': 3}
[1308] order5big_10459: THEOREM (60.2s)  running={'THEOREM': 510, 'LINEAR': 757, 'SOLVED_FMB': 38, 'HARD_NONLINEAR': 3}
[1309] order5big_10467: THEOREM (60.2s)  running={'THEOREM': 511, 'LINEAR': 757, 'SOLVED_FMB': 38, 'HARD_NONLINEAR': 3}
[1310] order5big_10475: LINEAR (0.0s)  running={'THEOREM': 511, 'LINEAR': 758, 'SOLVED_FMB': 38, 'HARD_NONLINEAR': 3}
[1311] order5big_10483: THEOREM (17.2s)  running={'THEOREM': 512, 'LINEAR': 758, 'SOLVED_FMB': 38, 'HARD_NONLINEAR': 3}
[1312] order5big_10491: LINEAR (0.0s)  running={'THEOREM': 512, 'LINEAR': 759, 'SOLVED_FMB': 38, 'HARD_NONLINEAR': 3}
[1313] order5big_10499: THEOREM (60.2s)  running={'THEOREM': 513, 'LINEAR': 759, 'SOLVED_FMB': 38, 'HARD_NONLINEAR': 3}
[1314] order5big_10507: LINEAR (0.0s)  running={'THEOREM': 513, 'LINEAR': 760, 'SOLVED_FMB': 38, 'HARD_NONLINEAR': 3}
[1315] order5big_10515: LINEAR (0.0s)  running={'THEOREM': 513, 'LINEAR': 761, 'SOLVED_FMB': 38, 'HARD_NONLINEAR': 3}
[1316] order5big_10523: THEOREM (60.2s)  running={'THEOREM': 514, 'LINEAR': 761, 'SOLVED_FMB': 38, 'HARD_NONLINEAR': 3}
[1317] order5big_10531: LINEAR (0.0s)  running={'THEOREM': 514, 'LINEAR': 762, 'SOLVED_FMB': 38, 'HARD_NONLINEAR': 3}
[1318] order5big_10539: THEOREM (60.5s)  running={'THEOREM': 515, 'LINEAR': 762, 'SOLVED_FMB': 38, 'HARD_NONLINEAR': 3}
[1319] order5big_10547: THEOREM (60.4s)  running={'THEOREM': 516, 'LINEAR': 762, 'SOLVED_FMB': 38, 'HARD_NONLINEAR': 3}
[1320] order5big_10555: THEOREM (61.2s)  running={'THEOREM': 517, 'LINEAR': 762, 'SOLVED_FMB': 38, 'HARD_NONLINEAR': 3}
[1321] order5big_10563: LINEAR (0.0s)  running={'THEOREM': 517, 'LINEAR': 763, 'SOLVED_FMB': 38, 'HARD_NONLINEAR': 3}
[1322] order5big_10571: THEOREM (60.4s)  running={'THEOREM': 518, 'LINEAR': 763, 'SOLVED_FMB': 38, 'HARD_NONLINEAR': 3}
[1323] order5big_10579: THEOREM (60.2s)  running={'THEOREM': 519, 'LINEAR': 763, 'SOLVED_FMB': 38, 'HARD_NONLINEAR': 3}
[1324] order5big_10587: LINEAR (0.0s)  running={'THEOREM': 519, 'LINEAR': 764, 'SOLVED_FMB': 38, 'HARD_NONLINEAR': 3}
[1325] order5big_10595: LINEAR (0.0s)  running={'THEOREM': 519, 'LINEAR': 765, 'SOLVED_FMB': 38, 'HARD_NONLINEAR': 3}
[1326] order5big_10603: LINEAR (0.0s)  running={'THEOREM': 519, 'LINEAR': 766, 'SOLVED_FMB': 38, 'HARD_NONLINEAR': 3}
[1327] order5big_10611: LINEAR (0.0s)  running={'THEOREM': 519, 'LINEAR': 767, 'SOLVED_FMB': 38, 'HARD_NONLINEAR': 3}
[1328] order5big_10619: LINEAR (0.0s)  running={'THEOREM': 519, 'LINEAR': 768, 'SOLVED_FMB': 38, 'HARD_NONLINEAR': 3}
[1329] order5big_10627: LINEAR (0.0s)  running={'THEOREM': 519, 'LINEAR': 769, 'SOLVED_FMB': 38, 'HARD_NONLINEAR': 3}
[1330] order5big_10635: LINEAR (0.0s)  running={'THEOREM': 519, 'LINEAR': 770, 'SOLVED_FMB': 38, 'HARD_NONLINEAR': 3}
[1331] order5big_10643: THEOREM (60.2s)  running={'THEOREM': 520, 'LINEAR': 770, 'SOLVED_FMB': 38, 'HARD_NONLINEAR': 3}
[1332] order5big_10651: THEOREM (60.4s)  running={'THEOREM': 521, 'LINEAR': 770, 'SOLVED_FMB': 38, 'HARD_NONLINEAR': 3}
[1333] order5big_10659: LINEAR (0.0s)  running={'THEOREM': 521, 'LINEAR': 771, 'SOLVED_FMB': 38, 'HARD_NONLINEAR': 3}
[1334] order5big_10667: LINEAR (0.0s)  running={'THEOREM': 521, 'LINEAR': 772, 'SOLVED_FMB': 38, 'HARD_NONLINEAR': 3}
[1335] order5big_10675: LINEAR (0.0s)  running={'THEOREM': 521, 'LINEAR': 773, 'SOLVED_FMB': 38, 'HARD_NONLINEAR': 3}
[1336] order5big_10683: LINEAR (0.0s)  running={'THEOREM': 521, 'LINEAR': 774, 'SOLVED_FMB': 38, 'HARD_NONLINEAR': 3}
[1337] order5big_10691: THEOREM (84.9s)  running={'THEOREM': 522, 'LINEAR': 774, 'SOLVED_FMB': 38, 'HARD_NONLINEAR': 3}
[1338] order5big_10699: THEOREM (60.2s)  running={'THEOREM': 523, 'LINEAR': 774, 'SOLVED_FMB': 38, 'HARD_NONLINEAR': 3}
[1339] order5big_10707: LINEAR (0.0s)  running={'THEOREM': 523, 'LINEAR': 775, 'SOLVED_FMB': 38, 'HARD_NONLINEAR': 3}
[1340] order5big_10715: THEOREM (61.2s)  running={'THEOREM': 524, 'LINEAR': 775, 'SOLVED_FMB': 38, 'HARD_NONLINEAR': 3}
[1341] order5big_10723: LINEAR (0.0s)  running={'THEOREM': 524, 'LINEAR': 776, 'SOLVED_FMB': 38, 'HARD_NONLINEAR': 3}
[1342] order5big_10731: LINEAR (0.0s)  running={'THEOREM': 524, 'LINEAR': 777, 'SOLVED_FMB': 38, 'HARD_NONLINEAR': 3}
[1343] order5big_10739: LINEAR (0.0s)  running={'THEOREM': 524, 'LINEAR': 778, 'SOLVED_FMB': 38, 'HARD_NONLINEAR': 3}
[1344] order5big_10747: LINEAR (0.0s)  running={'THEOREM': 524, 'LINEAR': 779, 'SOLVED_FMB': 38, 'HARD_NONLINEAR': 3}
[1345] order5big_10755: LINEAR (0.0s)  running={'THEOREM': 524, 'LINEAR': 780, 'SOLVED_FMB': 38, 'HARD_NONLINEAR': 3}
[1346] order5big_10763: LINEAR (0.0s)  running={'THEOREM': 524, 'LINEAR': 781, 'SOLVED_FMB': 38, 'HARD_NONLINEAR': 3}
[1347] order5big_10771: LINEAR (0.0s)  running={'THEOREM': 524, 'LINEAR': 782, 'SOLVED_FMB': 38, 'HARD_NONLINEAR': 3}
[1348] order5big_10779: LINEAR (0.0s)  running={'THEOREM': 524, 'LINEAR': 783, 'SOLVED_FMB': 38, 'HARD_NONLINEAR': 3}
[1349] order5big_10787: LINEAR (0.0s)  running={'THEOREM': 524, 'LINEAR': 784, 'SOLVED_FMB': 38, 'HARD_NONLINEAR': 3}
[1350] order5big_10795: THEOREM (60.2s)  running={'THEOREM': 525, 'LINEAR': 784, 'SOLVED_FMB': 38, 'HARD_NONLINEAR': 3}
[1351] order5big_10803: LINEAR (0.0s)  running={'THEOREM': 525, 'LINEAR': 785, 'SOLVED_FMB': 38, 'HARD_NONLINEAR': 3}
[1352] order5big_10811: THEOREM (60.3s)  running={'THEOREM': 526, 'LINEAR': 785, 'SOLVED_FMB': 38, 'HARD_NONLINEAR': 3}
[1353] order5big_10819: LINEAR (0.0s)  running={'THEOREM': 526, 'LINEAR': 786, 'SOLVED_FMB': 38, 'HARD_NONLINEAR': 3}
[1354] order5big_10827: LINEAR (0.0s)  running={'THEOREM': 526, 'LINEAR': 787, 'SOLVED_FMB': 38, 'HARD_NONLINEAR': 3}
[1355] order5big_10835: THEOREM (60.2s)  running={'THEOREM': 527, 'LINEAR': 787, 'SOLVED_FMB': 38, 'HARD_NONLINEAR': 3}
[1356] order5big_10843: LINEAR (0.0s)  running={'THEOREM': 527, 'LINEAR': 788, 'SOLVED_FMB': 38, 'HARD_NONLINEAR': 3}
[1357] order5big_10851: THEOREM (60.2s)  running={'THEOREM': 528, 'LINEAR': 788, 'SOLVED_FMB': 38, 'HARD_NONLINEAR': 3}
[1358] order5big_10859: LINEAR (0.0s)  running={'THEOREM': 528, 'LINEAR': 789, 'SOLVED_FMB': 38, 'HARD_NONLINEAR': 3}
[1359] order5big_10867: THEOREM (60.1s)  running={'THEOREM': 529, 'LINEAR': 789, 'SOLVED_FMB': 38, 'HARD_NONLINEAR': 3}
[1360] order5big_10875: THEOREM (60.2s)  running={'THEOREM': 530, 'LINEAR': 789, 'SOLVED_FMB': 38, 'HARD_NONLINEAR': 3}
[1361] order5big_10883: LINEAR (0.0s)  running={'THEOREM': 530, 'LINEAR': 790, 'SOLVED_FMB': 38, 'HARD_NONLINEAR': 3}
[1362] order5big_10891: LINEAR (0.0s)  running={'THEOREM': 530, 'LINEAR': 791, 'SOLVED_FMB': 38, 'HARD_NONLINEAR': 3}
[1363] order5big_10899: LINEAR (0.0s)  running={'THEOREM': 530, 'LINEAR': 792, 'SOLVED_FMB': 38, 'HARD_NONLINEAR': 3}
[1364] order5big_10907: LINEAR (0.0s)  running={'THEOREM': 530, 'LINEAR': 793, 'SOLVED_FMB': 38, 'HARD_NONLINEAR': 3}
[1365] order5big_10915: THEOREM (60.2s)  running={'THEOREM': 531, 'LINEAR': 793, 'SOLVED_FMB': 38, 'HARD_NONLINEAR': 3}
[1366] order5big_10923: THEOREM (60.2s)  running={'THEOREM': 532, 'LINEAR': 793, 'SOLVED_FMB': 38, 'HARD_NONLINEAR': 3}
[1367] order5big_10931: THEOREM (13.3s)  running={'THEOREM': 533, 'LINEAR': 793, 'SOLVED_FMB': 38, 'HARD_NONLINEAR': 3}
[1368] order5big_10939: LINEAR (0.0s)  running={'THEOREM': 533, 'LINEAR': 794, 'SOLVED_FMB': 38, 'HARD_NONLINEAR': 3}
[1369] order5big_10947: HARD_NONLINEAR (120.1s)  running={'THEOREM': 533, 'LINEAR': 794, 'SOLVED_FMB': 38, 'HARD_NONLINEAR': 4}
[1370] order5big_10955: LINEAR (0.0s)  running={'THEOREM': 533, 'LINEAR': 795, 'SOLVED_FMB': 38, 'HARD_NONLINEAR': 4}
[1371] order5big_10963: LINEAR (0.0s)  running={'THEOREM': 533, 'LINEAR': 796, 'SOLVED_FMB': 38, 'HARD_NONLINEAR': 4}
[1372] order5big_10971: THEOREM (60.2s)  running={'THEOREM': 534, 'LINEAR': 796, 'SOLVED_FMB': 38, 'HARD_NONLINEAR': 4}
[1373] order5big_10979: LINEAR (0.0s)  running={'THEOREM': 534, 'LINEAR': 797, 'SOLVED_FMB': 38, 'HARD_NONLINEAR': 4}
[1374] order5big_10987: LINEAR (0.0s)  running={'THEOREM': 534, 'LINEAR': 798, 'SOLVED_FMB': 38, 'HARD_NONLINEAR': 4}
[1375] order5big_10995: LINEAR (0.0s)  running={'THEOREM': 534, 'LINEAR': 799, 'SOLVED_FMB': 38, 'HARD_NONLINEAR': 4}
[1376] order5big_11003: THEOREM (60.2s)  running={'THEOREM': 535, 'LINEAR': 799, 'SOLVED_FMB': 38, 'HARD_NONLINEAR': 4}
[1377] order5big_11011: THEOREM (62.9s)  running={'THEOREM': 536, 'LINEAR': 799, 'SOLVED_FMB': 38, 'HARD_NONLINEAR': 4}
[1378] order5big_11019: LINEAR (0.0s)  running={'THEOREM': 536, 'LINEAR': 800, 'SOLVED_FMB': 38, 'HARD_NONLINEAR': 4}
[1379] order5big_11027: LINEAR (0.0s)  running={'THEOREM': 536, 'LINEAR': 801, 'SOLVED_FMB': 38, 'HARD_NONLINEAR': 4}
[1380] order5big_11035: LINEAR (0.0s)  running={'THEOREM': 536, 'LINEAR': 802, 'SOLVED_FMB': 38, 'HARD_NONLINEAR': 4}
[1381] order5big_11043: THEOREM (60.2s)  running={'THEOREM': 537, 'LINEAR': 802, 'SOLVED_FMB': 38, 'HARD_NONLINEAR': 4}
[1382] order5big_11051: THEOREM (60.2s)  running={'THEOREM': 538, 'LINEAR': 802, 'SOLVED_FMB': 38, 'HARD_NONLINEAR': 4}
[1383] order5big_11059: LINEAR (0.0s)  running={'THEOREM': 538, 'LINEAR': 803, 'SOLVED_FMB': 38, 'HARD_NONLINEAR': 4}
[1384] order5big_11067: LINEAR (0.0s)  running={'THEOREM': 538, 'LINEAR': 804, 'SOLVED_FMB': 38, 'HARD_NONLINEAR': 4}
[1385] order5big_11075: THEOREM (20.7s)  running={'THEOREM': 539, 'LINEAR': 804, 'SOLVED_FMB': 38, 'HARD_NONLINEAR': 4}
[1386] order5big_11083: LINEAR (0.0s)  running={'THEOREM': 539, 'LINEAR': 805, 'SOLVED_FMB': 38, 'HARD_NONLINEAR': 4}
[1387] order5big_11091: LINEAR (0.0s)  running={'THEOREM': 539, 'LINEAR': 806, 'SOLVED_FMB': 38, 'HARD_NONLINEAR': 4}
[1388] order5big_11099: THEOREM (60.4s)  running={'THEOREM': 540, 'LINEAR': 806, 'SOLVED_FMB': 38, 'HARD_NONLINEAR': 4}
[1389] order5big_11107: LINEAR (0.0s)  running={'THEOREM': 540, 'LINEAR': 807, 'SOLVED_FMB': 38, 'HARD_NONLINEAR': 4}
[1390] order5big_11115: LINEAR (0.0s)  running={'THEOREM': 540, 'LINEAR': 808, 'SOLVED_FMB': 38, 'HARD_NONLINEAR': 4}
[1391] order5big_11123: THEOREM (60.3s)  running={'THEOREM': 541, 'LINEAR': 808, 'SOLVED_FMB': 38, 'HARD_NONLINEAR': 4}
[1392] order5big_11131: LINEAR (0.0s)  running={'THEOREM': 541, 'LINEAR': 809, 'SOLVED_FMB': 38, 'HARD_NONLINEAR': 4}
[1393] order5big_11139: THEOREM (60.3s)  running={'THEOREM': 542, 'LINEAR': 809, 'SOLVED_FMB': 38, 'HARD_NONLINEAR': 4}
[1394] order5big_11147: LINEAR (0.0s)  running={'THEOREM': 542, 'LINEAR': 810, 'SOLVED_FMB': 38, 'HARD_NONLINEAR': 4}
[1395] order5big_11155: LINEAR (0.0s)  running={'THEOREM': 542, 'LINEAR': 811, 'SOLVED_FMB': 38, 'HARD_NONLINEAR': 4}
[1396] order5big_11163: LINEAR (0.0s)  running={'THEOREM': 542, 'LINEAR': 812, 'SOLVED_FMB': 38, 'HARD_NONLINEAR': 4}
[1397] order5big_11171: LINEAR (0.0s)  running={'THEOREM': 542, 'LINEAR': 813, 'SOLVED_FMB': 38, 'HARD_NONLINEAR': 4}
[1398] order5big_11179: LINEAR (0.0s)  running={'THEOREM': 542, 'LINEAR': 814, 'SOLVED_FMB': 38, 'HARD_NONLINEAR': 4}
[1399] order5big_11187: THEOREM (62.8s)  running={'THEOREM': 543, 'LINEAR': 814, 'SOLVED_FMB': 38, 'HARD_NONLINEAR': 4}
[1400] order5big_11195: THEOREM (60.2s)  running={'THEOREM': 544, 'LINEAR': 814, 'SOLVED_FMB': 38, 'HARD_NONLINEAR': 4}
[1401] order5big_11203: THEOREM (60.2s)  running={'THEOREM': 545, 'LINEAR': 814, 'SOLVED_FMB': 38, 'HARD_NONLINEAR': 4}
[1402] order5big_11211: THEOREM (60.2s)  running={'THEOREM': 546, 'LINEAR': 814, 'SOLVED_FMB': 38, 'HARD_NONLINEAR': 4}
[1403] order5big_11219: LINEAR (0.0s)  running={'THEOREM': 546, 'LINEAR': 815, 'SOLVED_FMB': 38, 'HARD_NONLINEAR': 4}
[1404] order5big_11227: THEOREM (201.3s)  running={'THEOREM': 547, 'LINEAR': 815, 'SOLVED_FMB': 38, 'HARD_NONLINEAR': 4}
[1405] order5big_11235: THEOREM (60.7s)  running={'THEOREM': 548, 'LINEAR': 815, 'SOLVED_FMB': 38, 'HARD_NONLINEAR': 4}
[1406] order5big_11243: THEOREM (60.2s)  running={'THEOREM': 549, 'LINEAR': 815, 'SOLVED_FMB': 38, 'HARD_NONLINEAR': 4}
[1407] order5big_11251: LINEAR (0.0s)  running={'THEOREM': 549, 'LINEAR': 816, 'SOLVED_FMB': 38, 'HARD_NONLINEAR': 4}
[1408] order5big_11259: THEOREM (60.2s)  running={'THEOREM': 550, 'LINEAR': 816, 'SOLVED_FMB': 38, 'HARD_NONLINEAR': 4}
[1409] order5big_11267: LINEAR (0.0s)  running={'THEOREM': 550, 'LINEAR': 817, 'SOLVED_FMB': 38, 'HARD_NONLINEAR': 4}
[1410] order5big_11275: THEOREM (60.1s)  running={'THEOREM': 551, 'LINEAR': 817, 'SOLVED_FMB': 38, 'HARD_NONLINEAR': 4}
[1411] order5big_11283: LINEAR (0.0s)  running={'THEOREM': 551, 'LINEAR': 818, 'SOLVED_FMB': 38, 'HARD_NONLINEAR': 4}
[1412] order5big_11291: LINEAR (0.0s)  running={'THEOREM': 551, 'LINEAR': 819, 'SOLVED_FMB': 38, 'HARD_NONLINEAR': 4}
[1413] order5big_11299: LINEAR (0.0s)  running={'THEOREM': 551, 'LINEAR': 820, 'SOLVED_FMB': 38, 'HARD_NONLINEAR': 4}
[1414] order5big_11307: LINEAR (0.0s)  running={'THEOREM': 551, 'LINEAR': 821, 'SOLVED_FMB': 38, 'HARD_NONLINEAR': 4}
[1415] order5big_11315: THEOREM (4.0s)  running={'THEOREM': 552, 'LINEAR': 821, 'SOLVED_FMB': 38, 'HARD_NONLINEAR': 4}
[1416] order5big_11323: THEOREM (61.6s)  running={'THEOREM': 553, 'LINEAR': 821, 'SOLVED_FMB': 38, 'HARD_NONLINEAR': 4}
[1417] order5big_11331: THEOREM (60.4s)  running={'THEOREM': 554, 'LINEAR': 821, 'SOLVED_FMB': 38, 'HARD_NONLINEAR': 4}
[1418] order5big_11339: LINEAR (0.0s)  running={'THEOREM': 554, 'LINEAR': 822, 'SOLVED_FMB': 38, 'HARD_NONLINEAR': 4}
[1419] order5big_11347: THEOREM (60.2s)  running={'THEOREM': 555, 'LINEAR': 822, 'SOLVED_FMB': 38, 'HARD_NONLINEAR': 4}
[1420] order5big_11355: LINEAR (0.0s)  running={'THEOREM': 555, 'LINEAR': 823, 'SOLVED_FMB': 38, 'HARD_NONLINEAR': 4}
[1421] order5big_11363: THEOREM (60.2s)  running={'THEOREM': 556, 'LINEAR': 823, 'SOLVED_FMB': 38, 'HARD_NONLINEAR': 4}
[1422] order5big_11371: LINEAR (0.0s)  running={'THEOREM': 556, 'LINEAR': 824, 'SOLVED_FMB': 38, 'HARD_NONLINEAR': 4}
[1423] order5big_11379: LINEAR (0.0s)  running={'THEOREM': 556, 'LINEAR': 825, 'SOLVED_FMB': 38, 'HARD_NONLINEAR': 4}
[1424] order5big_11387: LINEAR (0.0s)  running={'THEOREM': 556, 'LINEAR': 826, 'SOLVED_FMB': 38, 'HARD_NONLINEAR': 4}
[1425] order5big_11395: LINEAR (0.0s)  running={'THEOREM': 556, 'LINEAR': 827, 'SOLVED_FMB': 38, 'HARD_NONLINEAR': 4}
[1426] order5big_11403: THEOREM (60.2s)  running={'THEOREM': 557, 'LINEAR': 827, 'SOLVED_FMB': 38, 'HARD_NONLINEAR': 4}
[1427] order5big_11411: LINEAR (0.0s)  running={'THEOREM': 557, 'LINEAR': 828, 'SOLVED_FMB': 38, 'HARD_NONLINEAR': 4}
[1428] order5big_11419: THEOREM (63.6s)  running={'THEOREM': 558, 'LINEAR': 828, 'SOLVED_FMB': 38, 'HARD_NONLINEAR': 4}
[1429] order5big_11427: LINEAR (0.0s)  running={'THEOREM': 558, 'LINEAR': 829, 'SOLVED_FMB': 38, 'HARD_NONLINEAR': 4}
[1430] order5big_11435: LINEAR (0.0s)  running={'THEOREM': 558, 'LINEAR': 830, 'SOLVED_FMB': 38, 'HARD_NONLINEAR': 4}
[1431] order5big_11443: LINEAR (0.0s)  running={'THEOREM': 558, 'LINEAR': 831, 'SOLVED_FMB': 38, 'HARD_NONLINEAR': 4}
[1432] order5big_11451: LINEAR (0.0s)  running={'THEOREM': 558, 'LINEAR': 832, 'SOLVED_FMB': 38, 'HARD_NONLINEAR': 4}
[1433] order5big_11459: THEOREM (60.1s)  running={'THEOREM': 559, 'LINEAR': 832, 'SOLVED_FMB': 38, 'HARD_NONLINEAR': 4}
[1434] order5big_11467: LINEAR (0.0s)  running={'THEOREM': 559, 'LINEAR': 833, 'SOLVED_FMB': 38, 'HARD_NONLINEAR': 4}
[1435] order5big_11475: LINEAR (0.0s)  running={'THEOREM': 559, 'LINEAR': 834, 'SOLVED_FMB': 38, 'HARD_NONLINEAR': 4}
[1436] order5big_11483: THEOREM (19.7s)  running={'THEOREM': 560, 'LINEAR': 834, 'SOLVED_FMB': 38, 'HARD_NONLINEAR': 4}
[1437] order5big_11491: LINEAR (0.0s)  running={'THEOREM': 560, 'LINEAR': 835, 'SOLVED_FMB': 38, 'HARD_NONLINEAR': 4}
[1438] order5big_11499: LINEAR (0.0s)  running={'THEOREM': 560, 'LINEAR': 836, 'SOLVED_FMB': 38, 'HARD_NONLINEAR': 4}
[1439] order5big_11507: THEOREM (60.3s)  running={'THEOREM': 561, 'LINEAR': 836, 'SOLVED_FMB': 38, 'HARD_NONLINEAR': 4}
[1440] order5big_11515: THEOREM (60.3s)  running={'THEOREM': 562, 'LINEAR': 836, 'SOLVED_FMB': 38, 'HARD_NONLINEAR': 4}
[1441] order5big_11523: THEOREM (60.2s)  running={'THEOREM': 563, 'LINEAR': 836, 'SOLVED_FMB': 38, 'HARD_NONLINEAR': 4}
[1442] order5big_11531: LINEAR (0.0s)  running={'THEOREM': 563, 'LINEAR': 837, 'SOLVED_FMB': 38, 'HARD_NONLINEAR': 4}
[1443] order5big_11539: LINEAR (0.0s)  running={'THEOREM': 563, 'LINEAR': 838, 'SOLVED_FMB': 38, 'HARD_NONLINEAR': 4}
[1444] order5big_11547: THEOREM (60.7s)  running={'THEOREM': 564, 'LINEAR': 838, 'SOLVED_FMB': 38, 'HARD_NONLINEAR': 4}
[1445] order5big_11555: THEOREM (60.7s)  running={'THEOREM': 565, 'LINEAR': 838, 'SOLVED_FMB': 38, 'HARD_NONLINEAR': 4}
[1446] order5big_11563: LINEAR (0.0s)  running={'THEOREM': 565, 'LINEAR': 839, 'SOLVED_FMB': 38, 'HARD_NONLINEAR': 4}
[1447] order5big_11571: LINEAR (0.0s)  running={'THEOREM': 565, 'LINEAR': 840, 'SOLVED_FMB': 38, 'HARD_NONLINEAR': 4}
[1448] order5big_11579: THEOREM (60.2s)  running={'THEOREM': 566, 'LINEAR': 840, 'SOLVED_FMB': 38, 'HARD_NONLINEAR': 4}
[1449] order5big_11587: LINEAR (0.0s)  running={'THEOREM': 566, 'LINEAR': 841, 'SOLVED_FMB': 38, 'HARD_NONLINEAR': 4}
[1450] order5big_11595: LINEAR (0.0s)  running={'THEOREM': 566, 'LINEAR': 842, 'SOLVED_FMB': 38, 'HARD_NONLINEAR': 4}
[1451] order5big_11603: LINEAR (0.0s)  running={'THEOREM': 566, 'LINEAR': 843, 'SOLVED_FMB': 38, 'HARD_NONLINEAR': 4}
[1452] order5big_11611: LINEAR (0.0s)  running={'THEOREM': 566, 'LINEAR': 844, 'SOLVED_FMB': 38, 'HARD_NONLINEAR': 4}
[1453] order5big_11619: LINEAR (0.0s)  running={'THEOREM': 566, 'LINEAR': 845, 'SOLVED_FMB': 38, 'HARD_NONLINEAR': 4}
[1454] order5big_11627: LINEAR (0.0s)  running={'THEOREM': 566, 'LINEAR': 846, 'SOLVED_FMB': 38, 'HARD_NONLINEAR': 4}
[1455] order5big_11635: LINEAR (0.0s)  running={'THEOREM': 566, 'LINEAR': 847, 'SOLVED_FMB': 38, 'HARD_NONLINEAR': 4}
[1456] order5big_11643: LINEAR (0.0s)  running={'THEOREM': 566, 'LINEAR': 848, 'SOLVED_FMB': 38, 'HARD_NONLINEAR': 4}
[1457] order5big_11651: LINEAR (0.0s)  running={'THEOREM': 566, 'LINEAR': 849, 'SOLVED_FMB': 38, 'HARD_NONLINEAR': 4}
[1458] order5big_11659: LINEAR (0.0s)  running={'THEOREM': 566, 'LINEAR': 850, 'SOLVED_FMB': 38, 'HARD_NONLINEAR': 4}
[1459] order5big_11667: LINEAR (0.0s)  running={'THEOREM': 566, 'LINEAR': 851, 'SOLVED_FMB': 38, 'HARD_NONLINEAR': 4}
[1460] order5big_11675: LINEAR (0.0s)  running={'THEOREM': 566, 'LINEAR': 852, 'SOLVED_FMB': 38, 'HARD_NONLINEAR': 4}
[1461] order5big_11683: THEOREM (60.2s)  running={'THEOREM': 567, 'LINEAR': 852, 'SOLVED_FMB': 38, 'HARD_NONLINEAR': 4}
[1462] order5big_11691: HARD_NONLINEAR (120.2s)  running={'THEOREM': 567, 'LINEAR': 852, 'SOLVED_FMB': 38, 'HARD_NONLINEAR': 5}
[1463] order5big_11699: THEOREM (60.1s)  running={'THEOREM': 568, 'LINEAR': 852, 'SOLVED_FMB': 38, 'HARD_NONLINEAR': 5}
[1464] order5big_11707: THEOREM (62.8s)  running={'THEOREM': 569, 'LINEAR': 852, 'SOLVED_FMB': 38, 'HARD_NONLINEAR': 5}
[1465] order5big_11715: THEOREM (60.4s)  running={'THEOREM': 570, 'LINEAR': 852, 'SOLVED_FMB': 38, 'HARD_NONLINEAR': 5}
[1466] order5big_11723: THEOREM (60.2s)  running={'THEOREM': 571, 'LINEAR': 852, 'SOLVED_FMB': 38, 'HARD_NONLINEAR': 5}
[1467] order5big_11731: LINEAR (0.0s)  running={'THEOREM': 571, 'LINEAR': 853, 'SOLVED_FMB': 38, 'HARD_NONLINEAR': 5}
[1468] order5big_11739: LINEAR (0.0s)  running={'THEOREM': 571, 'LINEAR': 854, 'SOLVED_FMB': 38, 'HARD_NONLINEAR': 5}
[1469] order5big_11747: LINEAR (0.0s)  running={'THEOREM': 571, 'LINEAR': 855, 'SOLVED_FMB': 38, 'HARD_NONLINEAR': 5}
[1470] order5big_11755: LINEAR (0.0s)  running={'THEOREM': 571, 'LINEAR': 856, 'SOLVED_FMB': 38, 'HARD_NONLINEAR': 5}
[1471] order5big_11763: LINEAR (0.0s)  running={'THEOREM': 571, 'LINEAR': 857, 'SOLVED_FMB': 38, 'HARD_NONLINEAR': 5}
[1472] order5big_11771: THEOREM (60.7s)  running={'THEOREM': 572, 'LINEAR': 857, 'SOLVED_FMB': 38, 'HARD_NONLINEAR': 5}
[1473] order5big_11779: LINEAR (0.0s)  running={'THEOREM': 572, 'LINEAR': 858, 'SOLVED_FMB': 38, 'HARD_NONLINEAR': 5}
[1474] order5big_11787: THEOREM (60.2s)  running={'THEOREM': 573, 'LINEAR': 858, 'SOLVED_FMB': 38, 'HARD_NONLINEAR': 5}
[1475] order5big_11795: SOLVED_FMB (189.6s)  running={'THEOREM': 573, 'LINEAR': 858, 'SOLVED_FMB': 39, 'HARD_NONLINEAR': 5}
[1476] order5big_11803: THEOREM (60.6s)  running={'THEOREM': 574, 'LINEAR': 858, 'SOLVED_FMB': 39, 'HARD_NONLINEAR': 5}
[1477] order5big_11811: LINEAR (0.0s)  running={'THEOREM': 574, 'LINEAR': 859, 'SOLVED_FMB': 39, 'HARD_NONLINEAR': 5}
[1478] order5big_11819: LINEAR (0.0s)  running={'THEOREM': 574, 'LINEAR': 860, 'SOLVED_FMB': 39, 'HARD_NONLINEAR': 5}
[1479] order5big_11827: LINEAR (0.0s)  running={'THEOREM': 574, 'LINEAR': 861, 'SOLVED_FMB': 39, 'HARD_NONLINEAR': 5}
[1480] order5big_11835: LINEAR (0.0s)  running={'THEOREM': 574, 'LINEAR': 862, 'SOLVED_FMB': 39, 'HARD_NONLINEAR': 5}
[1481] order5big_11843: THEOREM (60.2s)  running={'THEOREM': 575, 'LINEAR': 862, 'SOLVED_FMB': 39, 'HARD_NONLINEAR': 5}
[1482] order5big_11851: THEOREM (60.3s)  running={'THEOREM': 576, 'LINEAR': 862, 'SOLVED_FMB': 39, 'HARD_NONLINEAR': 5}
[1483] order5big_11859: LINEAR (0.0s)  running={'THEOREM': 576, 'LINEAR': 863, 'SOLVED_FMB': 39, 'HARD_NONLINEAR': 5}
[1484] order5big_11867: LINEAR (0.0s)  running={'THEOREM': 576, 'LINEAR': 864, 'SOLVED_FMB': 39, 'HARD_NONLINEAR': 5}
[1485] order5big_11875: LINEAR (0.0s)  running={'THEOREM': 576, 'LINEAR': 865, 'SOLVED_FMB': 39, 'HARD_NONLINEAR': 5}
[1486] order5big_11883: THEOREM (60.3s)  running={'THEOREM': 577, 'LINEAR': 865, 'SOLVED_FMB': 39, 'HARD_NONLINEAR': 5}
[1487] order5big_11891: LINEAR (0.0s)  running={'THEOREM': 577, 'LINEAR': 866, 'SOLVED_FMB': 39, 'HARD_NONLINEAR': 5}
[1488] order5big_11899: SOLVED_FMB (0.1s)  running={'THEOREM': 577, 'LINEAR': 866, 'SOLVED_FMB': 40, 'HARD_NONLINEAR': 5}
[1489] order5big_11907: LINEAR (0.0s)  running={'THEOREM': 577, 'LINEAR': 867, 'SOLVED_FMB': 40, 'HARD_NONLINEAR': 5}
[1490] order5big_11915: LINEAR (0.0s)  running={'THEOREM': 577, 'LINEAR': 868, 'SOLVED_FMB': 40, 'HARD_NONLINEAR': 5}
[1491] order5big_11923: LINEAR (0.0s)  running={'THEOREM': 577, 'LINEAR': 869, 'SOLVED_FMB': 40, 'HARD_NONLINEAR': 5}
[1492] order5big_11931: THEOREM (62.1s)  running={'THEOREM': 578, 'LINEAR': 869, 'SOLVED_FMB': 40, 'HARD_NONLINEAR': 5}
[1493] order5big_11939: LINEAR (0.0s)  running={'THEOREM': 578, 'LINEAR': 870, 'SOLVED_FMB': 40, 'HARD_NONLINEAR': 5}
[1494] order5big_11947: THEOREM (60.2s)  running={'THEOREM': 579, 'LINEAR': 870, 'SOLVED_FMB': 40, 'HARD_NONLINEAR': 5}
[1495] order5big_11955: LINEAR (0.0s)  running={'THEOREM': 579, 'LINEAR': 871, 'SOLVED_FMB': 40, 'HARD_NONLINEAR': 5}
[1496] order5big_11963: LINEAR (0.0s)  running={'THEOREM': 579, 'LINEAR': 872, 'SOLVED_FMB': 40, 'HARD_NONLINEAR': 5}
[1497] order5big_11971: LINEAR (0.0s)  running={'THEOREM': 579, 'LINEAR': 873, 'SOLVED_FMB': 40, 'HARD_NONLINEAR': 5}
[1498] order5big_11979: THEOREM (0.7s)  running={'THEOREM': 580, 'LINEAR': 873, 'SOLVED_FMB': 40, 'HARD_NONLINEAR': 5}
[1499] order5big_11987: LINEAR (0.0s)  running={'THEOREM': 580, 'LINEAR': 874, 'SOLVED_FMB': 40, 'HARD_NONLINEAR': 5}
[1500] order5big_11995: THEOREM (60.4s)  running={'THEOREM': 581, 'LINEAR': 874, 'SOLVED_FMB': 40, 'HARD_NONLINEAR': 5}
[1501] order5big_12003: THEOREM (60.8s)  running={'THEOREM': 582, 'LINEAR': 874, 'SOLVED_FMB': 40, 'HARD_NONLINEAR': 5}
[1502] order5big_12011: THEOREM (60.2s)  running={'THEOREM': 583, 'LINEAR': 874, 'SOLVED_FMB': 40, 'HARD_NONLINEAR': 5}
[1503] order5big_12019: LINEAR (0.0s)  running={'THEOREM': 583, 'LINEAR': 875, 'SOLVED_FMB': 40, 'HARD_NONLINEAR': 5}
[1504] order5big_12027: LINEAR (0.0s)  running={'THEOREM': 583, 'LINEAR': 876, 'SOLVED_FMB': 40, 'HARD_NONLINEAR': 5}
[1505] order5big_12035: LINEAR (0.0s)  running={'THEOREM': 583, 'LINEAR': 877, 'SOLVED_FMB': 40, 'HARD_NONLINEAR': 5}
[1506] order5big_12043: LINEAR (0.0s)  running={'THEOREM': 583, 'LINEAR': 878, 'SOLVED_FMB': 40, 'HARD_NONLINEAR': 5}
[1507] order5big_12051: LINEAR (0.0s)  running={'THEOREM': 583, 'LINEAR': 879, 'SOLVED_FMB': 40, 'HARD_NONLINEAR': 5}
[1508] order5big_12059: LINEAR (0.0s)  running={'THEOREM': 583, 'LINEAR': 880, 'SOLVED_FMB': 40, 'HARD_NONLINEAR': 5}
[1509] order5big_12067: THEOREM (60.2s)  running={'THEOREM': 584, 'LINEAR': 880, 'SOLVED_FMB': 40, 'HARD_NONLINEAR': 5}
[1510] order5big_12075: LINEAR (0.0s)  running={'THEOREM': 584, 'LINEAR': 881, 'SOLVED_FMB': 40, 'HARD_NONLINEAR': 5}
[1511] order5big_12083: LINEAR (0.0s)  running={'THEOREM': 584, 'LINEAR': 882, 'SOLVED_FMB': 40, 'HARD_NONLINEAR': 5}
[1512] order5big_12091: LINEAR (0.0s)  running={'THEOREM': 584, 'LINEAR': 883, 'SOLVED_FMB': 40, 'HARD_NONLINEAR': 5}
[1513] order5big_12099: THEOREM (60.2s)  running={'THEOREM': 585, 'LINEAR': 883, 'SOLVED_FMB': 40, 'HARD_NONLINEAR': 5}
[1514] order5big_12107: LINEAR (0.0s)  running={'THEOREM': 585, 'LINEAR': 884, 'SOLVED_FMB': 40, 'HARD_NONLINEAR': 5}
[1515] order5big_12115: LINEAR (0.0s)  running={'THEOREM': 585, 'LINEAR': 885, 'SOLVED_FMB': 40, 'HARD_NONLINEAR': 5}
[1516] order5big_12123: SOLVED_FMB (13.1s)  running={'THEOREM': 585, 'LINEAR': 885, 'SOLVED_FMB': 41, 'HARD_NONLINEAR': 5}
[1517] order5big_12131: LINEAR (0.0s)  running={'THEOREM': 585, 'LINEAR': 886, 'SOLVED_FMB': 41, 'HARD_NONLINEAR': 5}
[1518] order5big_12139: THEOREM (61.9s)  running={'THEOREM': 586, 'LINEAR': 886, 'SOLVED_FMB': 41, 'HARD_NONLINEAR': 5}
[1519] order5big_12147: LINEAR (0.0s)  running={'THEOREM': 586, 'LINEAR': 887, 'SOLVED_FMB': 41, 'HARD_NONLINEAR': 5}
[1520] order5big_12155: THEOREM (60.1s)  running={'THEOREM': 587, 'LINEAR': 887, 'SOLVED_FMB': 41, 'HARD_NONLINEAR': 5}
[1521] order5big_12163: THEOREM (60.2s)  running={'THEOREM': 588, 'LINEAR': 887, 'SOLVED_FMB': 41, 'HARD_NONLINEAR': 5}
[1522] order5big_12171: THEOREM (60.1s)  running={'THEOREM': 589, 'LINEAR': 887, 'SOLVED_FMB': 41, 'HARD_NONLINEAR': 5}
[1523] order5big_12179: LINEAR (0.0s)  running={'THEOREM': 589, 'LINEAR': 888, 'SOLVED_FMB': 41, 'HARD_NONLINEAR': 5}
[1524] order5big_12187: LINEAR (0.0s)  running={'THEOREM': 589, 'LINEAR': 889, 'SOLVED_FMB': 41, 'HARD_NONLINEAR': 5}
[1525] order5big_12195: THEOREM (81.2s)  running={'THEOREM': 590, 'LINEAR': 889, 'SOLVED_FMB': 41, 'HARD_NONLINEAR': 5}
[1526] order5big_12203: THEOREM (73.2s)  running={'THEOREM': 591, 'LINEAR': 889, 'SOLVED_FMB': 41, 'HARD_NONLINEAR': 5}
[1527] order5big_12211: LINEAR (0.0s)  running={'THEOREM': 591, 'LINEAR': 890, 'SOLVED_FMB': 41, 'HARD_NONLINEAR': 5}
[1528] order5big_12219: THEOREM (60.2s)  running={'THEOREM': 592, 'LINEAR': 890, 'SOLVED_FMB': 41, 'HARD_NONLINEAR': 5}
[1529] order5big_12227: LINEAR (0.0s)  running={'THEOREM': 592, 'LINEAR': 891, 'SOLVED_FMB': 41, 'HARD_NONLINEAR': 5}
[1530] order5big_12235: THEOREM (94.1s)  running={'THEOREM': 593, 'LINEAR': 891, 'SOLVED_FMB': 41, 'HARD_NONLINEAR': 5}
[1531] order5big_12243: LINEAR (0.0s)  running={'THEOREM': 593, 'LINEAR': 892, 'SOLVED_FMB': 41, 'HARD_NONLINEAR': 5}
[1532] order5big_12251: LINEAR (0.0s)  running={'THEOREM': 593, 'LINEAR': 893, 'SOLVED_FMB': 41, 'HARD_NONLINEAR': 5}
[1533] order5big_12259: LINEAR (0.0s)  running={'THEOREM': 593, 'LINEAR': 894, 'SOLVED_FMB': 41, 'HARD_NONLINEAR': 5}
[1534] order5big_12267: LINEAR (0.0s)  running={'THEOREM': 593, 'LINEAR': 895, 'SOLVED_FMB': 41, 'HARD_NONLINEAR': 5}
[1535] order5big_12275: LINEAR (0.0s)  running={'THEOREM': 593, 'LINEAR': 896, 'SOLVED_FMB': 41, 'HARD_NONLINEAR': 5}
[1536] order5big_12283: LINEAR (0.0s)  running={'THEOREM': 593, 'LINEAR': 897, 'SOLVED_FMB': 41, 'HARD_NONLINEAR': 5}
[1537] order5big_12291: THEOREM (60.5s)  running={'THEOREM': 594, 'LINEAR': 897, 'SOLVED_FMB': 41, 'HARD_NONLINEAR': 5}
[1538] order5big_12299: SOLVED_FMB (0.3s)  running={'THEOREM': 594, 'LINEAR': 897, 'SOLVED_FMB': 42, 'HARD_NONLINEAR': 5}
[1539] order5big_12307: THEOREM (60.2s)  running={'THEOREM': 595, 'LINEAR': 897, 'SOLVED_FMB': 42, 'HARD_NONLINEAR': 5}
[1540] order5big_12315: LINEAR (0.0s)  running={'THEOREM': 595, 'LINEAR': 898, 'SOLVED_FMB': 42, 'HARD_NONLINEAR': 5}
[1541] order5big_12323: THEOREM (60.1s)  running={'THEOREM': 596, 'LINEAR': 898, 'SOLVED_FMB': 42, 'HARD_NONLINEAR': 5}
[1542] order5big_12331: THEOREM (60.7s)  running={'THEOREM': 597, 'LINEAR': 898, 'SOLVED_FMB': 42, 'HARD_NONLINEAR': 5}
[1543] order5big_12339: SOLVED_FMB (0.3s)  running={'THEOREM': 597, 'LINEAR': 898, 'SOLVED_FMB': 43, 'HARD_NONLINEAR': 5}
[1544] order5big_12347: LINEAR (0.0s)  running={'THEOREM': 597, 'LINEAR': 899, 'SOLVED_FMB': 43, 'HARD_NONLINEAR': 5}
[1545] order5big_12355: THEOREM (60.2s)  running={'THEOREM': 598, 'LINEAR': 899, 'SOLVED_FMB': 43, 'HARD_NONLINEAR': 5}
[1546] order5big_12363: LINEAR (0.0s)  running={'THEOREM': 598, 'LINEAR': 900, 'SOLVED_FMB': 43, 'HARD_NONLINEAR': 5}
[1547] order5big_12371: LINEAR (0.0s)  running={'THEOREM': 598, 'LINEAR': 901, 'SOLVED_FMB': 43, 'HARD_NONLINEAR': 5}
[1548] order5big_12379: LINEAR (0.0s)  running={'THEOREM': 598, 'LINEAR': 902, 'SOLVED_FMB': 43, 'HARD_NONLINEAR': 5}
[1549] order5big_12387: THEOREM (62.8s)  running={'THEOREM': 599, 'LINEAR': 902, 'SOLVED_FMB': 43, 'HARD_NONLINEAR': 5}
[1550] order5big_12395: LINEAR (0.0s)  running={'THEOREM': 599, 'LINEAR': 903, 'SOLVED_FMB': 43, 'HARD_NONLINEAR': 5}
[1551] order5big_12403: LINEAR (0.0s)  running={'THEOREM': 599, 'LINEAR': 904, 'SOLVED_FMB': 43, 'HARD_NONLINEAR': 5}
[1552] order5big_12411: LINEAR (0.0s)  running={'THEOREM': 599, 'LINEAR': 905, 'SOLVED_FMB': 43, 'HARD_NONLINEAR': 5}
[1553] order5big_12419: LINEAR (0.0s)  running={'THEOREM': 599, 'LINEAR': 906, 'SOLVED_FMB': 43, 'HARD_NONLINEAR': 5}
[1554] order5big_12427: THEOREM (60.7s)  running={'THEOREM': 600, 'LINEAR': 906, 'SOLVED_FMB': 43, 'HARD_NONLINEAR': 5}
[1555] order5big_12435: LINEAR (0.0s)  running={'THEOREM': 600, 'LINEAR': 907, 'SOLVED_FMB': 43, 'HARD_NONLINEAR': 5}
[1556] order5big_12443: LINEAR (0.0s)  running={'THEOREM': 600, 'LINEAR': 908, 'SOLVED_FMB': 43, 'HARD_NONLINEAR': 5}
[1557] order5big_12451: THEOREM (61.2s)  running={'THEOREM': 601, 'LINEAR': 908, 'SOLVED_FMB': 43, 'HARD_NONLINEAR': 5}
[1558] order5big_12459: LINEAR (0.0s)  running={'THEOREM': 601, 'LINEAR': 909, 'SOLVED_FMB': 43, 'HARD_NONLINEAR': 5}
[1559] order5big_12467: THEOREM (60.2s)  running={'THEOREM': 602, 'LINEAR': 909, 'SOLVED_FMB': 43, 'HARD_NONLINEAR': 5}
[1560] order5big_12475: LINEAR (0.0s)  running={'THEOREM': 602, 'LINEAR': 910, 'SOLVED_FMB': 43, 'HARD_NONLINEAR': 5}
[1561] order5big_12483: THEOREM (60.4s)  running={'THEOREM': 603, 'LINEAR': 910, 'SOLVED_FMB': 43, 'HARD_NONLINEAR': 5}
[1562] order5big_12491: LINEAR (0.0s)  running={'THEOREM': 603, 'LINEAR': 911, 'SOLVED_FMB': 43, 'HARD_NONLINEAR': 5}
[1563] order5big_12499: LINEAR (0.0s)  running={'THEOREM': 603, 'LINEAR': 912, 'SOLVED_FMB': 43, 'HARD_NONLINEAR': 5}
[1564] order5big_12507: LINEAR (0.0s)  running={'THEOREM': 603, 'LINEAR': 913, 'SOLVED_FMB': 43, 'HARD_NONLINEAR': 5}
[1565] order5big_12515: LINEAR (0.0s)  running={'THEOREM': 603, 'LINEAR': 914, 'SOLVED_FMB': 43, 'HARD_NONLINEAR': 5}
[1566] order5big_12523: LINEAR (0.0s)  running={'THEOREM': 603, 'LINEAR': 915, 'SOLVED_FMB': 43, 'HARD_NONLINEAR': 5}
[1567] order5big_12531: LINEAR (0.0s)  running={'THEOREM': 603, 'LINEAR': 916, 'SOLVED_FMB': 43, 'HARD_NONLINEAR': 5}
[1568] order5big_12539: THEOREM (60.4s)  running={'THEOREM': 604, 'LINEAR': 916, 'SOLVED_FMB': 43, 'HARD_NONLINEAR': 5}
[1569] order5big_12547: LINEAR (0.0s)  running={'THEOREM': 604, 'LINEAR': 917, 'SOLVED_FMB': 43, 'HARD_NONLINEAR': 5}
[1570] order5big_12555: THEOREM (60.2s)  running={'THEOREM': 605, 'LINEAR': 917, 'SOLVED_FMB': 43, 'HARD_NONLINEAR': 5}
[1571] order5big_12563: LINEAR (0.0s)  running={'THEOREM': 605, 'LINEAR': 918, 'SOLVED_FMB': 43, 'HARD_NONLINEAR': 5}
[1572] order5big_12571: LINEAR (0.0s)  running={'THEOREM': 605, 'LINEAR': 919, 'SOLVED_FMB': 43, 'HARD_NONLINEAR': 5}
[1573] order5big_12579: THEOREM (60.5s)  running={'THEOREM': 606, 'LINEAR': 919, 'SOLVED_FMB': 43, 'HARD_NONLINEAR': 5}
[1574] order5big_12587: LINEAR (0.0s)  running={'THEOREM': 606, 'LINEAR': 920, 'SOLVED_FMB': 43, 'HARD_NONLINEAR': 5}
[1575] order5big_12595: LINEAR (0.0s)  running={'THEOREM': 606, 'LINEAR': 921, 'SOLVED_FMB': 43, 'HARD_NONLINEAR': 5}
[1576] order5big_12603: THEOREM (61.2s)  running={'THEOREM': 607, 'LINEAR': 921, 'SOLVED_FMB': 43, 'HARD_NONLINEAR': 5}
[1577] order5big_12611: LINEAR (0.0s)  running={'THEOREM': 607, 'LINEAR': 922, 'SOLVED_FMB': 43, 'HARD_NONLINEAR': 5}
[1578] order5big_12619: LINEAR (0.0s)  running={'THEOREM': 607, 'LINEAR': 923, 'SOLVED_FMB': 43, 'HARD_NONLINEAR': 5}
[1579] order5big_12627: THEOREM (60.2s)  running={'THEOREM': 608, 'LINEAR': 923, 'SOLVED_FMB': 43, 'HARD_NONLINEAR': 5}
[1580] order5big_12635: LINEAR (0.0s)  running={'THEOREM': 608, 'LINEAR': 924, 'SOLVED_FMB': 43, 'HARD_NONLINEAR': 5}
[1581] order5big_12643: LINEAR (0.0s)  running={'THEOREM': 608, 'LINEAR': 925, 'SOLVED_FMB': 43, 'HARD_NONLINEAR': 5}
[1582] order5big_12651: LINEAR (0.0s)  running={'THEOREM': 608, 'LINEAR': 926, 'SOLVED_FMB': 43, 'HARD_NONLINEAR': 5}
[1583] order5big_12659: LINEAR (0.0s)  running={'THEOREM': 608, 'LINEAR': 927, 'SOLVED_FMB': 43, 'HARD_NONLINEAR': 5}
[1584] order5big_12667: LINEAR (0.0s)  running={'THEOREM': 608, 'LINEAR': 928, 'SOLVED_FMB': 43, 'HARD_NONLINEAR': 5}
[1585] order5big_12675: LINEAR (0.0s)  running={'THEOREM': 608, 'LINEAR': 929, 'SOLVED_FMB': 43, 'HARD_NONLINEAR': 5}
[1586] order5big_12683: SOLVED_FMB (12.0s)  running={'THEOREM': 608, 'LINEAR': 929, 'SOLVED_FMB': 44, 'HARD_NONLINEAR': 5}
[1587] order5big_12691: LINEAR (0.0s)  running={'THEOREM': 608, 'LINEAR': 930, 'SOLVED_FMB': 44, 'HARD_NONLINEAR': 5}
[1588] order5big_12699: LINEAR (0.0s)  running={'THEOREM': 608, 'LINEAR': 931, 'SOLVED_FMB': 44, 'HARD_NONLINEAR': 5}
[1589] order5big_12707: THEOREM (60.2s)  running={'THEOREM': 609, 'LINEAR': 931, 'SOLVED_FMB': 44, 'HARD_NONLINEAR': 5}
[1590] order5big_12715: LINEAR (0.0s)  running={'THEOREM': 609, 'LINEAR': 932, 'SOLVED_FMB': 44, 'HARD_NONLINEAR': 5}
[1591] order5big_12723: LINEAR (0.0s)  running={'THEOREM': 609, 'LINEAR': 933, 'SOLVED_FMB': 44, 'HARD_NONLINEAR': 5}
[1592] order5big_12731: THEOREM (60.7s)  running={'THEOREM': 610, 'LINEAR': 933, 'SOLVED_FMB': 44, 'HARD_NONLINEAR': 5}
[1593] order5big_12739: LINEAR (0.0s)  running={'THEOREM': 610, 'LINEAR': 934, 'SOLVED_FMB': 44, 'HARD_NONLINEAR': 5}
[1594] order5big_12747: LINEAR (0.0s)  running={'THEOREM': 610, 'LINEAR': 935, 'SOLVED_FMB': 44, 'HARD_NONLINEAR': 5}
[1595] order5big_12755: LINEAR (0.0s)  running={'THEOREM': 610, 'LINEAR': 936, 'SOLVED_FMB': 44, 'HARD_NONLINEAR': 5}
[1596] order5big_12763: THEOREM (60.2s)  running={'THEOREM': 611, 'LINEAR': 936, 'SOLVED_FMB': 44, 'HARD_NONLINEAR': 5}
[1597] order5big_12771: LINEAR (0.0s)  running={'THEOREM': 611, 'LINEAR': 937, 'SOLVED_FMB': 44, 'HARD_NONLINEAR': 5}
[1598] order5big_12779: LINEAR (0.0s)  running={'THEOREM': 611, 'LINEAR': 938, 'SOLVED_FMB': 44, 'HARD_NONLINEAR': 5}
[1599] order5big_12787: THEOREM (60.2s)  running={'THEOREM': 612, 'LINEAR': 938, 'SOLVED_FMB': 44, 'HARD_NONLINEAR': 5}
[1600] order5big_12795: LINEAR (0.0s)  running={'THEOREM': 612, 'LINEAR': 939, 'SOLVED_FMB': 44, 'HARD_NONLINEAR': 5}
[1601] order5big_12803: THEOREM (60.2s)  running={'THEOREM': 613, 'LINEAR': 939, 'SOLVED_FMB': 44, 'HARD_NONLINEAR': 5}
[1602] order5big_12811: LINEAR (0.0s)  running={'THEOREM': 613, 'LINEAR': 940, 'SOLVED_FMB': 44, 'HARD_NONLINEAR': 5}
[1603] order5big_12819: LINEAR (0.0s)  running={'THEOREM': 613, 'LINEAR': 941, 'SOLVED_FMB': 44, 'HARD_NONLINEAR': 5}
[1604] order5big_12827: LINEAR (0.0s)  running={'THEOREM': 613, 'LINEAR': 942, 'SOLVED_FMB': 44, 'HARD_NONLINEAR': 5}
[1605] order5big_12835: LINEAR (0.0s)  running={'THEOREM': 613, 'LINEAR': 943, 'SOLVED_FMB': 44, 'HARD_NONLINEAR': 5}
[1606] order5big_12843: LINEAR (0.0s)  running={'THEOREM': 613, 'LINEAR': 944, 'SOLVED_FMB': 44, 'HARD_NONLINEAR': 5}
[1607] order5big_12851: THEOREM (60.2s)  running={'THEOREM': 614, 'LINEAR': 944, 'SOLVED_FMB': 44, 'HARD_NONLINEAR': 5}
[1608] order5big_12859: SOLVED_FMB (0.4s)  running={'THEOREM': 614, 'LINEAR': 944, 'SOLVED_FMB': 45, 'HARD_NONLINEAR': 5}
[1609] order5big_12867: SOLVED_FMB (0.1s)  running={'THEOREM': 614, 'LINEAR': 944, 'SOLVED_FMB': 46, 'HARD_NONLINEAR': 5}
[1610] order5big_12875: THEOREM (60.1s)  running={'THEOREM': 615, 'LINEAR': 944, 'SOLVED_FMB': 46, 'HARD_NONLINEAR': 5}
[1611] order5big_12883: LINEAR (0.0s)  running={'THEOREM': 615, 'LINEAR': 945, 'SOLVED_FMB': 46, 'HARD_NONLINEAR': 5}
[1612] order5big_12891: LINEAR (0.0s)  running={'THEOREM': 615, 'LINEAR': 946, 'SOLVED_FMB': 46, 'HARD_NONLINEAR': 5}
[1613] order5big_12899: LINEAR (0.0s)  running={'THEOREM': 615, 'LINEAR': 947, 'SOLVED_FMB': 46, 'HARD_NONLINEAR': 5}
[1614] order5big_12907: THEOREM (60.4s)  running={'THEOREM': 616, 'LINEAR': 947, 'SOLVED_FMB': 46, 'HARD_NONLINEAR': 5}
[1615] order5big_12915: LINEAR (0.0s)  running={'THEOREM': 616, 'LINEAR': 948, 'SOLVED_FMB': 46, 'HARD_NONLINEAR': 5}
[1616] order5big_12923: LINEAR (0.0s)  running={'THEOREM': 616, 'LINEAR': 949, 'SOLVED_FMB': 46, 'HARD_NONLINEAR': 5}
[1617] order5big_12931: LINEAR (0.0s)  running={'THEOREM': 616, 'LINEAR': 950, 'SOLVED_FMB': 46, 'HARD_NONLINEAR': 5}
[1618] order5big_12939: THEOREM (60.2s)  running={'THEOREM': 617, 'LINEAR': 950, 'SOLVED_FMB': 46, 'HARD_NONLINEAR': 5}
[1619] order5big_12947: THEOREM (60.6s)  running={'THEOREM': 618, 'LINEAR': 950, 'SOLVED_FMB': 46, 'HARD_NONLINEAR': 5}
[1620] order5big_12955: LINEAR (0.0s)  running={'THEOREM': 618, 'LINEAR': 951, 'SOLVED_FMB': 46, 'HARD_NONLINEAR': 5}
[1621] order5big_12963: LINEAR (0.0s)  running={'THEOREM': 618, 'LINEAR': 952, 'SOLVED_FMB': 46, 'HARD_NONLINEAR': 5}
[1622] order5big_12971: LINEAR (0.0s)  running={'THEOREM': 618, 'LINEAR': 953, 'SOLVED_FMB': 46, 'HARD_NONLINEAR': 5}
[1623] order5big_12979: LINEAR (0.0s)  running={'THEOREM': 618, 'LINEAR': 954, 'SOLVED_FMB': 46, 'HARD_NONLINEAR': 5}
[1624] order5big_12987: THEOREM (60.4s)  running={'THEOREM': 619, 'LINEAR': 954, 'SOLVED_FMB': 46, 'HARD_NONLINEAR': 5}
[1625] order5big_12995: THEOREM (60.2s)  running={'THEOREM': 620, 'LINEAR': 954, 'SOLVED_FMB': 46, 'HARD_NONLINEAR': 5}
[1626] order5big_13003: THEOREM (60.9s)  running={'THEOREM': 621, 'LINEAR': 954, 'SOLVED_FMB': 46, 'HARD_NONLINEAR': 5}
[1627] order5big_13011: THEOREM (1.0s)  running={'THEOREM': 622, 'LINEAR': 954, 'SOLVED_FMB': 46, 'HARD_NONLINEAR': 5}
[1628] order5big_13019: LINEAR (0.0s)  running={'THEOREM': 622, 'LINEAR': 955, 'SOLVED_FMB': 46, 'HARD_NONLINEAR': 5}
[1629] order5big_13027: LINEAR (0.0s)  running={'THEOREM': 622, 'LINEAR': 956, 'SOLVED_FMB': 46, 'HARD_NONLINEAR': 5}
[1630] order5big_13035: THEOREM (60.2s)  running={'THEOREM': 623, 'LINEAR': 956, 'SOLVED_FMB': 46, 'HARD_NONLINEAR': 5}
[1631] order5big_13043: LINEAR (0.0s)  running={'THEOREM': 623, 'LINEAR': 957, 'SOLVED_FMB': 46, 'HARD_NONLINEAR': 5}
[1632] order5big_13051: LINEAR (0.0s)  running={'THEOREM': 623, 'LINEAR': 958, 'SOLVED_FMB': 46, 'HARD_NONLINEAR': 5}
[1633] order5big_13059: LINEAR (0.0s)  running={'THEOREM': 623, 'LINEAR': 959, 'SOLVED_FMB': 46, 'HARD_NONLINEAR': 5}
[1634] order5big_13067: LINEAR (0.0s)  running={'THEOREM': 623, 'LINEAR': 960, 'SOLVED_FMB': 46, 'HARD_NONLINEAR': 5}
[1635] order5big_13075: THEOREM (60.1s)  running={'THEOREM': 624, 'LINEAR': 960, 'SOLVED_FMB': 46, 'HARD_NONLINEAR': 5}
[1636] order5big_13083: LINEAR (0.0s)  running={'THEOREM': 624, 'LINEAR': 961, 'SOLVED_FMB': 46, 'HARD_NONLINEAR': 5}
[1637] order5big_13091: LINEAR (0.0s)  running={'THEOREM': 624, 'LINEAR': 962, 'SOLVED_FMB': 46, 'HARD_NONLINEAR': 5}
[1638] order5big_13099: LINEAR (0.0s)  running={'THEOREM': 624, 'LINEAR': 963, 'SOLVED_FMB': 46, 'HARD_NONLINEAR': 5}
[1639] order5big_13107: THEOREM (60.4s)  running={'THEOREM': 625, 'LINEAR': 963, 'SOLVED_FMB': 46, 'HARD_NONLINEAR': 5}
[1640] order5big_13115: LINEAR (0.0s)  running={'THEOREM': 625, 'LINEAR': 964, 'SOLVED_FMB': 46, 'HARD_NONLINEAR': 5}
[1641] order5big_13123: THEOREM (60.2s)  running={'THEOREM': 626, 'LINEAR': 964, 'SOLVED_FMB': 46, 'HARD_NONLINEAR': 5}
[1642] order5big_13131: THEOREM (60.2s)  running={'THEOREM': 627, 'LINEAR': 964, 'SOLVED_FMB': 46, 'HARD_NONLINEAR': 5}
[1643] order5big_13139: LINEAR (0.0s)  running={'THEOREM': 627, 'LINEAR': 965, 'SOLVED_FMB': 46, 'HARD_NONLINEAR': 5}
[1644] order5big_13147: LINEAR (0.0s)  running={'THEOREM': 627, 'LINEAR': 966, 'SOLVED_FMB': 46, 'HARD_NONLINEAR': 5}
[1645] order5big_13155: THEOREM (60.4s)  running={'THEOREM': 628, 'LINEAR': 966, 'SOLVED_FMB': 46, 'HARD_NONLINEAR': 5}
[1646] order5big_13163: LINEAR (0.0s)  running={'THEOREM': 628, 'LINEAR': 967, 'SOLVED_FMB': 46, 'HARD_NONLINEAR': 5}
[1647] order5big_13171: LINEAR (0.0s)  running={'THEOREM': 628, 'LINEAR': 968, 'SOLVED_FMB': 46, 'HARD_NONLINEAR': 5}
[1648] order5big_13179: LINEAR (0.0s)  running={'THEOREM': 628, 'LINEAR': 969, 'SOLVED_FMB': 46, 'HARD_NONLINEAR': 5}
[1649] order5big_13187: THEOREM (60.2s)  running={'THEOREM': 629, 'LINEAR': 969, 'SOLVED_FMB': 46, 'HARD_NONLINEAR': 5}
[1650] order5big_13195: LINEAR (0.0s)  running={'THEOREM': 629, 'LINEAR': 970, 'SOLVED_FMB': 46, 'HARD_NONLINEAR': 5}
[1651] order5big_13203: LINEAR (0.0s)  running={'THEOREM': 629, 'LINEAR': 971, 'SOLVED_FMB': 46, 'HARD_NONLINEAR': 5}
[1652] order5big_13211: LINEAR (0.0s)  running={'THEOREM': 629, 'LINEAR': 972, 'SOLVED_FMB': 46, 'HARD_NONLINEAR': 5}
[1653] order5big_13219: THEOREM (60.3s)  running={'THEOREM': 630, 'LINEAR': 972, 'SOLVED_FMB': 46, 'HARD_NONLINEAR': 5}
[1654] order5big_13227: LINEAR (0.0s)  running={'THEOREM': 630, 'LINEAR': 973, 'SOLVED_FMB': 46, 'HARD_NONLINEAR': 5}
[1655] order5big_13235: THEOREM (60.4s)  running={'THEOREM': 631, 'LINEAR': 973, 'SOLVED_FMB': 46, 'HARD_NONLINEAR': 5}
[1656] order5big_13243: LINEAR (0.0s)  running={'THEOREM': 631, 'LINEAR': 974, 'SOLVED_FMB': 46, 'HARD_NONLINEAR': 5}
[1657] order5big_13251: LINEAR (0.0s)  running={'THEOREM': 631, 'LINEAR': 975, 'SOLVED_FMB': 46, 'HARD_NONLINEAR': 5}
[1658] order5big_13259: THEOREM (3.6s)  running={'THEOREM': 632, 'LINEAR': 975, 'SOLVED_FMB': 46, 'HARD_NONLINEAR': 5}
[1659] order5big_13267: LINEAR (0.0s)  running={'THEOREM': 632, 'LINEAR': 976, 'SOLVED_FMB': 46, 'HARD_NONLINEAR': 5}
[1660] order5big_13275: LINEAR (0.0s)  running={'THEOREM': 632, 'LINEAR': 977, 'SOLVED_FMB': 46, 'HARD_NONLINEAR': 5}
[1661] order5big_13283: THEOREM (60.7s)  running={'THEOREM': 633, 'LINEAR': 977, 'SOLVED_FMB': 46, 'HARD_NONLINEAR': 5}
[1662] order5big_13291: LINEAR (0.0s)  running={'THEOREM': 633, 'LINEAR': 978, 'SOLVED_FMB': 46, 'HARD_NONLINEAR': 5}
[1663] order5big_13299: SOLVED_FMB (11.7s)  running={'THEOREM': 633, 'LINEAR': 978, 'SOLVED_FMB': 47, 'HARD_NONLINEAR': 5}
[1664] order5big_13307: THEOREM (60.4s)  running={'THEOREM': 634, 'LINEAR': 978, 'SOLVED_FMB': 47, 'HARD_NONLINEAR': 5}
[1665] order5big_13315: LINEAR (0.0s)  running={'THEOREM': 634, 'LINEAR': 979, 'SOLVED_FMB': 47, 'HARD_NONLINEAR': 5}
[1666] order5big_13323: LINEAR (0.0s)  running={'THEOREM': 634, 'LINEAR': 980, 'SOLVED_FMB': 47, 'HARD_NONLINEAR': 5}
[1667] order5big_13331: LINEAR (0.0s)  running={'THEOREM': 634, 'LINEAR': 981, 'SOLVED_FMB': 47, 'HARD_NONLINEAR': 5}
[1668] order5big_13339: LINEAR (0.0s)  running={'THEOREM': 634, 'LINEAR': 982, 'SOLVED_FMB': 47, 'HARD_NONLINEAR': 5}
[1669] order5big_13347: LINEAR (0.0s)  running={'THEOREM': 634, 'LINEAR': 983, 'SOLVED_FMB': 47, 'HARD_NONLINEAR': 5}
[1670] order5big_13355: THEOREM (60.2s)  running={'THEOREM': 635, 'LINEAR': 983, 'SOLVED_FMB': 47, 'HARD_NONLINEAR': 5}
[1671] order5big_13363: LINEAR (0.0s)  running={'THEOREM': 635, 'LINEAR': 984, 'SOLVED_FMB': 47, 'HARD_NONLINEAR': 5}
[1672] order5big_13371: LINEAR (0.0s)  running={'THEOREM': 635, 'LINEAR': 985, 'SOLVED_FMB': 47, 'HARD_NONLINEAR': 5}
[1673] order5big_13379: LINEAR (0.0s)  running={'THEOREM': 635, 'LINEAR': 986, 'SOLVED_FMB': 47, 'HARD_NONLINEAR': 5}
[1674] order5big_13387: LINEAR (0.0s)  running={'THEOREM': 635, 'LINEAR': 987, 'SOLVED_FMB': 47, 'HARD_NONLINEAR': 5}
[1675] order5big_13395: THEOREM (60.2s)  running={'THEOREM': 636, 'LINEAR': 987, 'SOLVED_FMB': 47, 'HARD_NONLINEAR': 5}
[1676] order5big_13403: LINEAR (0.0s)  running={'THEOREM': 636, 'LINEAR': 988, 'SOLVED_FMB': 47, 'HARD_NONLINEAR': 5}
[1677] order5big_13411: LINEAR (0.0s)  running={'THEOREM': 636, 'LINEAR': 989, 'SOLVED_FMB': 47, 'HARD_NONLINEAR': 5}
[1678] order5big_13419: LINEAR (0.0s)  running={'THEOREM': 636, 'LINEAR': 990, 'SOLVED_FMB': 47, 'HARD_NONLINEAR': 5}
[1679] order5big_13427: LINEAR (0.0s)  running={'THEOREM': 636, 'LINEAR': 991, 'SOLVED_FMB': 47, 'HARD_NONLINEAR': 5}
[1680] order5big_13435: LINEAR (0.0s)  running={'THEOREM': 636, 'LINEAR': 992, 'SOLVED_FMB': 47, 'HARD_NONLINEAR': 5}
[1681] order5big_13443: LINEAR (0.0s)  running={'THEOREM': 636, 'LINEAR': 993, 'SOLVED_FMB': 47, 'HARD_NONLINEAR': 5}
[1682] order5big_13451: LINEAR (0.0s)  running={'THEOREM': 636, 'LINEAR': 994, 'SOLVED_FMB': 47, 'HARD_NONLINEAR': 5}
[1683] order5big_13459: LINEAR (0.0s)  running={'THEOREM': 636, 'LINEAR': 995, 'SOLVED_FMB': 47, 'HARD_NONLINEAR': 5}
[1684] order5big_13467: LINEAR (0.0s)  running={'THEOREM': 636, 'LINEAR': 996, 'SOLVED_FMB': 47, 'HARD_NONLINEAR': 5}
[1685] order5big_13475: LINEAR (0.0s)  running={'THEOREM': 636, 'LINEAR': 997, 'SOLVED_FMB': 47, 'HARD_NONLINEAR': 5}
[1686] order5big_13483: THEOREM (60.1s)  running={'THEOREM': 637, 'LINEAR': 997, 'SOLVED_FMB': 47, 'HARD_NONLINEAR': 5}
[1687] order5big_13491: LINEAR (0.0s)  running={'THEOREM': 637, 'LINEAR': 998, 'SOLVED_FMB': 47, 'HARD_NONLINEAR': 5}
[1688] order5big_13499: LINEAR (0.0s)  running={'THEOREM': 637, 'LINEAR': 999, 'SOLVED_FMB': 47, 'HARD_NONLINEAR': 5}
[1689] order5big_13507: THEOREM (60.3s)  running={'THEOREM': 638, 'LINEAR': 999, 'SOLVED_FMB': 47, 'HARD_NONLINEAR': 5}
[1690] order5big_13515: LINEAR (0.0s)  running={'THEOREM': 638, 'LINEAR': 1000, 'SOLVED_FMB': 47, 'HARD_NONLINEAR': 5}
[1691] order5big_13523: LINEAR (0.0s)  running={'THEOREM': 638, 'LINEAR': 1001, 'SOLVED_FMB': 47, 'HARD_NONLINEAR': 5}
[1692] order5big_13531: SOLVED_FMB (0.1s)  running={'THEOREM': 638, 'LINEAR': 1001, 'SOLVED_FMB': 48, 'HARD_NONLINEAR': 5}
[1693] order5big_13539: LINEAR (0.0s)  running={'THEOREM': 638, 'LINEAR': 1002, 'SOLVED_FMB': 48, 'HARD_NONLINEAR': 5}
[1694] order5big_13547: LINEAR (0.0s)  running={'THEOREM': 638, 'LINEAR': 1003, 'SOLVED_FMB': 48, 'HARD_NONLINEAR': 5}
[1695] order5big_13555: SOLVED_FMB (1.5s)  running={'THEOREM': 638, 'LINEAR': 1003, 'SOLVED_FMB': 49, 'HARD_NONLINEAR': 5}
[1696] order5big_13563: THEOREM (60.2s)  running={'THEOREM': 639, 'LINEAR': 1003, 'SOLVED_FMB': 49, 'HARD_NONLINEAR': 5}
[1697] order5big_13571: LINEAR (0.0s)  running={'THEOREM': 639, 'LINEAR': 1004, 'SOLVED_FMB': 49, 'HARD_NONLINEAR': 5}
[1698] order5big_13579: THEOREM (60.2s)  running={'THEOREM': 640, 'LINEAR': 1004, 'SOLVED_FMB': 49, 'HARD_NONLINEAR': 5}
[1699] order5big_13587: LINEAR (0.0s)  running={'THEOREM': 640, 'LINEAR': 1005, 'SOLVED_FMB': 49, 'HARD_NONLINEAR': 5}
[1700] order5big_13595: LINEAR (0.0s)  running={'THEOREM': 640, 'LINEAR': 1006, 'SOLVED_FMB': 49, 'HARD_NONLINEAR': 5}
[1701] order5big_13603: LINEAR (0.0s)  running={'THEOREM': 640, 'LINEAR': 1007, 'SOLVED_FMB': 49, 'HARD_NONLINEAR': 5}
[1702] order5big_13611: THEOREM (60.1s)  running={'THEOREM': 641, 'LINEAR': 1007, 'SOLVED_FMB': 49, 'HARD_NONLINEAR': 5}
[1703] order5big_13619: LINEAR (0.0s)  running={'THEOREM': 641, 'LINEAR': 1008, 'SOLVED_FMB': 49, 'HARD_NONLINEAR': 5}
[1704] order5big_13627: LINEAR (0.0s)  running={'THEOREM': 641, 'LINEAR': 1009, 'SOLVED_FMB': 49, 'HARD_NONLINEAR': 5}
[1705] order5big_13635: LINEAR (0.0s)  running={'THEOREM': 641, 'LINEAR': 1010, 'SOLVED_FMB': 49, 'HARD_NONLINEAR': 5}
[1706] order5big_13643: THEOREM (60.2s)  running={'THEOREM': 642, 'LINEAR': 1010, 'SOLVED_FMB': 49, 'HARD_NONLINEAR': 5}
[1707] order5big_13651: LINEAR (0.0s)  running={'THEOREM': 642, 'LINEAR': 1011, 'SOLVED_FMB': 49, 'HARD_NONLINEAR': 5}
[1708] order5big_13659: LINEAR (0.0s)  running={'THEOREM': 642, 'LINEAR': 1012, 'SOLVED_FMB': 49, 'HARD_NONLINEAR': 5}
[1709] order5big_13667: LINEAR (0.0s)  running={'THEOREM': 642, 'LINEAR': 1013, 'SOLVED_FMB': 49, 'HARD_NONLINEAR': 5}
[1710] order5big_13675: LINEAR (0.0s)  running={'THEOREM': 642, 'LINEAR': 1014, 'SOLVED_FMB': 49, 'HARD_NONLINEAR': 5}
[1711] order5big_13683: LINEAR (0.0s)  running={'THEOREM': 642, 'LINEAR': 1015, 'SOLVED_FMB': 49, 'HARD_NONLINEAR': 5}
[1712] order5big_13691: LINEAR (0.0s)  running={'THEOREM': 642, 'LINEAR': 1016, 'SOLVED_FMB': 49, 'HARD_NONLINEAR': 5}
[1713] order5big_13699: SOLVED_FMB (144.9s)  running={'THEOREM': 642, 'LINEAR': 1016, 'SOLVED_FMB': 50, 'HARD_NONLINEAR': 5}
[1714] order5big_13707: LINEAR (0.0s)  running={'THEOREM': 642, 'LINEAR': 1017, 'SOLVED_FMB': 50, 'HARD_NONLINEAR': 5}
[1715] order5big_13715: THEOREM (60.2s)  running={'THEOREM': 643, 'LINEAR': 1017, 'SOLVED_FMB': 50, 'HARD_NONLINEAR': 5}
[1716] order5big_13723: LINEAR (0.0s)  running={'THEOREM': 643, 'LINEAR': 1018, 'SOLVED_FMB': 50, 'HARD_NONLINEAR': 5}
[1717] order5big_13731: THEOREM (60.2s)  running={'THEOREM': 644, 'LINEAR': 1018, 'SOLVED_FMB': 50, 'HARD_NONLINEAR': 5}
[1718] order5big_13739: LINEAR (0.0s)  running={'THEOREM': 644, 'LINEAR': 1019, 'SOLVED_FMB': 50, 'HARD_NONLINEAR': 5}
[1719] order5big_13747: LINEAR (0.0s)  running={'THEOREM': 644, 'LINEAR': 1020, 'SOLVED_FMB': 50, 'HARD_NONLINEAR': 5}
[1720] order5big_13755: THEOREM (60.2s)  running={'THEOREM': 645, 'LINEAR': 1020, 'SOLVED_FMB': 50, 'HARD_NONLINEAR': 5}
[1721] order5big_13763: THEOREM (60.1s)  running={'THEOREM': 646, 'LINEAR': 1020, 'SOLVED_FMB': 50, 'HARD_NONLINEAR': 5}
[1722] order5big_13771: THEOREM (60.2s)  running={'THEOREM': 647, 'LINEAR': 1020, 'SOLVED_FMB': 50, 'HARD_NONLINEAR': 5}
[1723] order5big_13779: LINEAR (0.0s)  running={'THEOREM': 647, 'LINEAR': 1021, 'SOLVED_FMB': 50, 'HARD_NONLINEAR': 5}
[1724] order5big_13787: LINEAR (0.0s)  running={'THEOREM': 647, 'LINEAR': 1022, 'SOLVED_FMB': 50, 'HARD_NONLINEAR': 5}
[1725] order5big_13795: LINEAR (0.0s)  running={'THEOREM': 647, 'LINEAR': 1023, 'SOLVED_FMB': 50, 'HARD_NONLINEAR': 5}
[1726] order5big_13803: THEOREM (72.9s)  running={'THEOREM': 648, 'LINEAR': 1023, 'SOLVED_FMB': 50, 'HARD_NONLINEAR': 5}
[1727] order5big_13811: LINEAR (0.0s)  running={'THEOREM': 648, 'LINEAR': 1024, 'SOLVED_FMB': 50, 'HARD_NONLINEAR': 5}
[1728] order5big_13819: LINEAR (0.0s)  running={'THEOREM': 648, 'LINEAR': 1025, 'SOLVED_FMB': 50, 'HARD_NONLINEAR': 5}
[1729] order5big_13827: LINEAR (0.0s)  running={'THEOREM': 648, 'LINEAR': 1026, 'SOLVED_FMB': 50, 'HARD_NONLINEAR': 5}
[1730] order5big_13835: LINEAR (0.0s)  running={'THEOREM': 648, 'LINEAR': 1027, 'SOLVED_FMB': 50, 'HARD_NONLINEAR': 5}
[1731] order5big_13843: LINEAR (0.0s)  running={'THEOREM': 648, 'LINEAR': 1028, 'SOLVED_FMB': 50, 'HARD_NONLINEAR': 5}
[1732] order5big_13851: THEOREM (60.7s)  running={'THEOREM': 649, 'LINEAR': 1028, 'SOLVED_FMB': 50, 'HARD_NONLINEAR': 5}
[1733] order5big_13859: LINEAR (0.0s)  running={'THEOREM': 649, 'LINEAR': 1029, 'SOLVED_FMB': 50, 'HARD_NONLINEAR': 5}
[1734] order5big_13867: LINEAR (0.0s)  running={'THEOREM': 649, 'LINEAR': 1030, 'SOLVED_FMB': 50, 'HARD_NONLINEAR': 5}
[1735] order5big_13875: THEOREM (60.3s)  running={'THEOREM': 650, 'LINEAR': 1030, 'SOLVED_FMB': 50, 'HARD_NONLINEAR': 5}
[1736] order5big_13883: SOLVED_FMB (0.1s)  running={'THEOREM': 650, 'LINEAR': 1030, 'SOLVED_FMB': 51, 'HARD_NONLINEAR': 5}
[1737] order5big_13891: THEOREM (0.7s)  running={'THEOREM': 651, 'LINEAR': 1030, 'SOLVED_FMB': 51, 'HARD_NONLINEAR': 5}
[1738] order5big_13899: LINEAR (0.0s)  running={'THEOREM': 651, 'LINEAR': 1031, 'SOLVED_FMB': 51, 'HARD_NONLINEAR': 5}
[1739] order5big_13907: THEOREM (60.6s)  running={'THEOREM': 652, 'LINEAR': 1031, 'SOLVED_FMB': 51, 'HARD_NONLINEAR': 5}
[1740] order5big_13915: LINEAR (0.0s)  running={'THEOREM': 652, 'LINEAR': 1032, 'SOLVED_FMB': 51, 'HARD_NONLINEAR': 5}
[1741] order5big_13923: THEOREM (60.2s)  running={'THEOREM': 653, 'LINEAR': 1032, 'SOLVED_FMB': 51, 'HARD_NONLINEAR': 5}
[1742] order5big_13931: THEOREM (60.2s)  running={'THEOREM': 654, 'LINEAR': 1032, 'SOLVED_FMB': 51, 'HARD_NONLINEAR': 5}
[1743] order5big_13939: LINEAR (0.0s)  running={'THEOREM': 654, 'LINEAR': 1033, 'SOLVED_FMB': 51, 'HARD_NONLINEAR': 5}
[1744] order5big_13947: LINEAR (0.0s)  running={'THEOREM': 654, 'LINEAR': 1034, 'SOLVED_FMB': 51, 'HARD_NONLINEAR': 5}
[1745] order5big_13955: LINEAR (0.0s)  running={'THEOREM': 654, 'LINEAR': 1035, 'SOLVED_FMB': 51, 'HARD_NONLINEAR': 5}
[1746] order5big_13963: THEOREM (60.2s)  running={'THEOREM': 655, 'LINEAR': 1035, 'SOLVED_FMB': 51, 'HARD_NONLINEAR': 5}
[1747] order5big_13971: SOLVED_FMB (1.1s)  running={'THEOREM': 655, 'LINEAR': 1035, 'SOLVED_FMB': 52, 'HARD_NONLINEAR': 5}
[1748] order5big_13979: LINEAR (0.0s)  running={'THEOREM': 655, 'LINEAR': 1036, 'SOLVED_FMB': 52, 'HARD_NONLINEAR': 5}
[1749] order5big_13987: THEOREM (65.3s)  running={'THEOREM': 656, 'LINEAR': 1036, 'SOLVED_FMB': 52, 'HARD_NONLINEAR': 5}
[1750] order5big_13995: THEOREM (5.5s)  running={'THEOREM': 657, 'LINEAR': 1036, 'SOLVED_FMB': 52, 'HARD_NONLINEAR': 5}
[1751] order5big_14003: LINEAR (0.0s)  running={'THEOREM': 657, 'LINEAR': 1037, 'SOLVED_FMB': 52, 'HARD_NONLINEAR': 5}
[1752] order5big_14011: LINEAR (0.0s)  running={'THEOREM': 657, 'LINEAR': 1038, 'SOLVED_FMB': 52, 'HARD_NONLINEAR': 5}
[1753] order5big_14019: LINEAR (0.0s)  running={'THEOREM': 657, 'LINEAR': 1039, 'SOLVED_FMB': 52, 'HARD_NONLINEAR': 5}
[1754] order5big_14027: THEOREM (60.2s)  running={'THEOREM': 658, 'LINEAR': 1039, 'SOLVED_FMB': 52, 'HARD_NONLINEAR': 5}
[1755] order5big_14035: THEOREM (60.2s)  running={'THEOREM': 659, 'LINEAR': 1039, 'SOLVED_FMB': 52, 'HARD_NONLINEAR': 5}
[1756] order5big_14043: THEOREM (60.2s)  running={'THEOREM': 660, 'LINEAR': 1039, 'SOLVED_FMB': 52, 'HARD_NONLINEAR': 5}
[1757] order5big_14051: LINEAR (0.0s)  running={'THEOREM': 660, 'LINEAR': 1040, 'SOLVED_FMB': 52, 'HARD_NONLINEAR': 5}
[1758] order5big_14059: LINEAR (0.0s)  running={'THEOREM': 660, 'LINEAR': 1041, 'SOLVED_FMB': 52, 'HARD_NONLINEAR': 5}
[1759] order5big_14067: LINEAR (0.0s)  running={'THEOREM': 660, 'LINEAR': 1042, 'SOLVED_FMB': 52, 'HARD_NONLINEAR': 5}
[1760] order5big_14075: LINEAR (0.0s)  running={'THEOREM': 660, 'LINEAR': 1043, 'SOLVED_FMB': 52, 'HARD_NONLINEAR': 5}
[1761] order5big_14083: LINEAR (0.0s)  running={'THEOREM': 660, 'LINEAR': 1044, 'SOLVED_FMB': 52, 'HARD_NONLINEAR': 5}
[1762] order5big_14091: THEOREM (60.1s)  running={'THEOREM': 661, 'LINEAR': 1044, 'SOLVED_FMB': 52, 'HARD_NONLINEAR': 5}
[1763] order5big_14099: THEOREM (60.2s)  running={'THEOREM': 662, 'LINEAR': 1044, 'SOLVED_FMB': 52, 'HARD_NONLINEAR': 5}
[1764] order5big_14107: THEOREM (60.6s)  running={'THEOREM': 663, 'LINEAR': 1044, 'SOLVED_FMB': 52, 'HARD_NONLINEAR': 5}
[1765] order5big_14115: LINEAR (0.0s)  running={'THEOREM': 663, 'LINEAR': 1045, 'SOLVED_FMB': 52, 'HARD_NONLINEAR': 5}
[1766] order5big_14123: THEOREM (60.7s)  running={'THEOREM': 664, 'LINEAR': 1045, 'SOLVED_FMB': 52, 'HARD_NONLINEAR': 5}
[1767] order5big_14131: THEOREM (60.2s)  running={'THEOREM': 665, 'LINEAR': 1045, 'SOLVED_FMB': 52, 'HARD_NONLINEAR': 5}
[1768] order5big_14139: THEOREM (60.2s)  running={'THEOREM': 666, 'LINEAR': 1045, 'SOLVED_FMB': 52, 'HARD_NONLINEAR': 5}
[1769] order5big_14147: LINEAR (0.0s)  running={'THEOREM': 666, 'LINEAR': 1046, 'SOLVED_FMB': 52, 'HARD_NONLINEAR': 5}
[1770] order5big_14155: THEOREM (60.4s)  running={'THEOREM': 667, 'LINEAR': 1046, 'SOLVED_FMB': 52, 'HARD_NONLINEAR': 5}
[1771] order5big_14163: LINEAR (0.0s)  running={'THEOREM': 667, 'LINEAR': 1047, 'SOLVED_FMB': 52, 'HARD_NONLINEAR': 5}
[1772] order5big_14171: THEOREM (60.2s)  running={'THEOREM': 668, 'LINEAR': 1047, 'SOLVED_FMB': 52, 'HARD_NONLINEAR': 5}
[1773] order5big_14179: LINEAR (0.0s)  running={'THEOREM': 668, 'LINEAR': 1048, 'SOLVED_FMB': 52, 'HARD_NONLINEAR': 5}
[1774] order5big_14187: THEOREM (60.2s)  running={'THEOREM': 669, 'LINEAR': 1048, 'SOLVED_FMB': 52, 'HARD_NONLINEAR': 5}
[1775] order5big_14195: THEOREM (60.2s)  running={'THEOREM': 670, 'LINEAR': 1048, 'SOLVED_FMB': 52, 'HARD_NONLINEAR': 5}
[1776] order5big_14203: LINEAR (0.0s)  running={'THEOREM': 670, 'LINEAR': 1049, 'SOLVED_FMB': 52, 'HARD_NONLINEAR': 5}
[1777] order5big_14211: LINEAR (0.0s)  running={'THEOREM': 670, 'LINEAR': 1050, 'SOLVED_FMB': 52, 'HARD_NONLINEAR': 5}
[1778] order5big_14219: THEOREM (60.2s)  running={'THEOREM': 671, 'LINEAR': 1050, 'SOLVED_FMB': 52, 'HARD_NONLINEAR': 5}
[1779] order5big_14227: LINEAR (0.0s)  running={'THEOREM': 671, 'LINEAR': 1051, 'SOLVED_FMB': 52, 'HARD_NONLINEAR': 5}
[1780] order5big_14235: LINEAR (0.0s)  running={'THEOREM': 671, 'LINEAR': 1052, 'SOLVED_FMB': 52, 'HARD_NONLINEAR': 5}
[1781] order5big_14243: LINEAR (0.0s)  running={'THEOREM': 671, 'LINEAR': 1053, 'SOLVED_FMB': 52, 'HARD_NONLINEAR': 5}
[1782] order5big_14251: LINEAR (0.0s)  running={'THEOREM': 671, 'LINEAR': 1054, 'SOLVED_FMB': 52, 'HARD_NONLINEAR': 5}
[1783] order5big_14259: THEOREM (60.2s)  running={'THEOREM': 672, 'LINEAR': 1054, 'SOLVED_FMB': 52, 'HARD_NONLINEAR': 5}
[1784] order5big_14267: LINEAR (0.0s)  running={'THEOREM': 672, 'LINEAR': 1055, 'SOLVED_FMB': 52, 'HARD_NONLINEAR': 5}
[1785] order5big_14275: THEOREM (60.4s)  running={'THEOREM': 673, 'LINEAR': 1055, 'SOLVED_FMB': 52, 'HARD_NONLINEAR': 5}
[1786] order5big_14283: LINEAR (0.0s)  running={'THEOREM': 673, 'LINEAR': 1056, 'SOLVED_FMB': 52, 'HARD_NONLINEAR': 5}
[1787] order5big_14291: LINEAR (0.0s)  running={'THEOREM': 673, 'LINEAR': 1057, 'SOLVED_FMB': 52, 'HARD_NONLINEAR': 5}
[1788] order5big_14299: LINEAR (0.0s)  running={'THEOREM': 673, 'LINEAR': 1058, 'SOLVED_FMB': 52, 'HARD_NONLINEAR': 5}
[1789] order5big_14307: LINEAR (0.0s)  running={'THEOREM': 673, 'LINEAR': 1059, 'SOLVED_FMB': 52, 'HARD_NONLINEAR': 5}
[1790] order5big_14315: LINEAR (0.0s)  running={'THEOREM': 673, 'LINEAR': 1060, 'SOLVED_FMB': 52, 'HARD_NONLINEAR': 5}
[1791] order5big_14323: LINEAR (0.0s)  running={'THEOREM': 673, 'LINEAR': 1061, 'SOLVED_FMB': 52, 'HARD_NONLINEAR': 5}
[1792] order5big_14331: THEOREM (60.2s)  running={'THEOREM': 674, 'LINEAR': 1061, 'SOLVED_FMB': 52, 'HARD_NONLINEAR': 5}
[1793] order5big_14339: LINEAR (0.0s)  running={'THEOREM': 674, 'LINEAR': 1062, 'SOLVED_FMB': 52, 'HARD_NONLINEAR': 5}
[1794] order5big_14347: LINEAR (0.0s)  running={'THEOREM': 674, 'LINEAR': 1063, 'SOLVED_FMB': 52, 'HARD_NONLINEAR': 5}
[1795] order5big_14355: THEOREM (62.9s)  running={'THEOREM': 675, 'LINEAR': 1063, 'SOLVED_FMB': 52, 'HARD_NONLINEAR': 5}
[1796] order5big_14363: SOLVED_FMB (0.2s)  running={'THEOREM': 675, 'LINEAR': 1063, 'SOLVED_FMB': 53, 'HARD_NONLINEAR': 5}
[1797] order5big_14371: LINEAR (0.0s)  running={'THEOREM': 675, 'LINEAR': 1064, 'SOLVED_FMB': 53, 'HARD_NONLINEAR': 5}
[1798] order5big_14379: LINEAR (0.0s)  running={'THEOREM': 675, 'LINEAR': 1065, 'SOLVED_FMB': 53, 'HARD_NONLINEAR': 5}
[1799] order5big_14387: THEOREM (62.7s)  running={'THEOREM': 676, 'LINEAR': 1065, 'SOLVED_FMB': 53, 'HARD_NONLINEAR': 5}
[1800] order5big_14395: THEOREM (60.3s)  running={'THEOREM': 677, 'LINEAR': 1065, 'SOLVED_FMB': 53, 'HARD_NONLINEAR': 5}
[1801] order5big_14403: THEOREM (60.4s)  running={'THEOREM': 678, 'LINEAR': 1065, 'SOLVED_FMB': 53, 'HARD_NONLINEAR': 5}
[1802] order5big_14411: THEOREM (73.0s)  running={'THEOREM': 679, 'LINEAR': 1065, 'SOLVED_FMB': 53, 'HARD_NONLINEAR': 5}
[1803] order5big_14419: THEOREM (62.8s)  running={'THEOREM': 680, 'LINEAR': 1065, 'SOLVED_FMB': 53, 'HARD_NONLINEAR': 5}
[1804] order5big_14427: THEOREM (4.2s)  running={'THEOREM': 681, 'LINEAR': 1065, 'SOLVED_FMB': 53, 'HARD_NONLINEAR': 5}
[1805] order5big_14435: LINEAR (0.0s)  running={'THEOREM': 681, 'LINEAR': 1066, 'SOLVED_FMB': 53, 'HARD_NONLINEAR': 5}
[1806] order5big_14443: SOLVED_FMB (2.3s)  running={'THEOREM': 681, 'LINEAR': 1066, 'SOLVED_FMB': 54, 'HARD_NONLINEAR': 5}
[1807] order5big_14451: THEOREM (60.2s)  running={'THEOREM': 682, 'LINEAR': 1066, 'SOLVED_FMB': 54, 'HARD_NONLINEAR': 5}
[1808] order5big_14459: THEOREM (60.2s)  running={'THEOREM': 683, 'LINEAR': 1066, 'SOLVED_FMB': 54, 'HARD_NONLINEAR': 5}
[1809] order5big_14467: THEOREM (60.2s)  running={'THEOREM': 684, 'LINEAR': 1066, 'SOLVED_FMB': 54, 'HARD_NONLINEAR': 5}
[1810] order5big_14475: THEOREM (60.3s)  running={'THEOREM': 685, 'LINEAR': 1066, 'SOLVED_FMB': 54, 'HARD_NONLINEAR': 5}
[1811] order5big_14483: LINEAR (0.0s)  running={'THEOREM': 685, 'LINEAR': 1067, 'SOLVED_FMB': 54, 'HARD_NONLINEAR': 5}
[1812] order5big_14491: LINEAR (0.0s)  running={'THEOREM': 685, 'LINEAR': 1068, 'SOLVED_FMB': 54, 'HARD_NONLINEAR': 5}
[1813] order5big_14499: THEOREM (60.2s)  running={'THEOREM': 686, 'LINEAR': 1068, 'SOLVED_FMB': 54, 'HARD_NONLINEAR': 5}
[1814] order5big_14507: THEOREM (60.2s)  running={'THEOREM': 687, 'LINEAR': 1068, 'SOLVED_FMB': 54, 'HARD_NONLINEAR': 5}
[1815] order5big_14515: LINEAR (0.0s)  running={'THEOREM': 687, 'LINEAR': 1069, 'SOLVED_FMB': 54, 'HARD_NONLINEAR': 5}
[1816] order5big_14523: THEOREM (60.2s)  running={'THEOREM': 688, 'LINEAR': 1069, 'SOLVED_FMB': 54, 'HARD_NONLINEAR': 5}
[1817] order5big_14531: LINEAR (0.0s)  running={'THEOREM': 688, 'LINEAR': 1070, 'SOLVED_FMB': 54, 'HARD_NONLINEAR': 5}
[1818] order5big_14539: THEOREM (60.2s)  running={'THEOREM': 689, 'LINEAR': 1070, 'SOLVED_FMB': 54, 'HARD_NONLINEAR': 5}
[1819] order5big_14547: THEOREM (60.6s)  running={'THEOREM': 690, 'LINEAR': 1070, 'SOLVED_FMB': 54, 'HARD_NONLINEAR': 5}
[1820] order5big_14555: LINEAR (0.0s)  running={'THEOREM': 690, 'LINEAR': 1071, 'SOLVED_FMB': 54, 'HARD_NONLINEAR': 5}
[1821] order5big_14563: THEOREM (61.2s)  running={'THEOREM': 691, 'LINEAR': 1071, 'SOLVED_FMB': 54, 'HARD_NONLINEAR': 5}
[1822] order5big_14571: LINEAR (0.0s)  running={'THEOREM': 691, 'LINEAR': 1072, 'SOLVED_FMB': 54, 'HARD_NONLINEAR': 5}
[1823] order5big_14579: LINEAR (0.0s)  running={'THEOREM': 691, 'LINEAR': 1073, 'SOLVED_FMB': 54, 'HARD_NONLINEAR': 5}
[1824] order5big_14587: LINEAR (0.0s)  running={'THEOREM': 691, 'LINEAR': 1074, 'SOLVED_FMB': 54, 'HARD_NONLINEAR': 5}
[1825] order5big_14595: THEOREM (63.0s)  running={'THEOREM': 692, 'LINEAR': 1074, 'SOLVED_FMB': 54, 'HARD_NONLINEAR': 5}
[1826] order5big_14603: LINEAR (0.0s)  running={'THEOREM': 692, 'LINEAR': 1075, 'SOLVED_FMB': 54, 'HARD_NONLINEAR': 5}
[1827] order5big_14611: LINEAR (0.0s)  running={'THEOREM': 692, 'LINEAR': 1076, 'SOLVED_FMB': 54, 'HARD_NONLINEAR': 5}
[1828] order5big_14619: LINEAR (0.0s)  running={'THEOREM': 692, 'LINEAR': 1077, 'SOLVED_FMB': 54, 'HARD_NONLINEAR': 5}
[1829] order5big_14627: LINEAR (0.0s)  running={'THEOREM': 692, 'LINEAR': 1078, 'SOLVED_FMB': 54, 'HARD_NONLINEAR': 5}
[1830] order5big_14635: THEOREM (60.6s)  running={'THEOREM': 693, 'LINEAR': 1078, 'SOLVED_FMB': 54, 'HARD_NONLINEAR': 5}
[1831] order5big_14643: LINEAR (0.0s)  running={'THEOREM': 693, 'LINEAR': 1079, 'SOLVED_FMB': 54, 'HARD_NONLINEAR': 5}
[1832] order5big_14651: LINEAR (0.0s)  running={'THEOREM': 693, 'LINEAR': 1080, 'SOLVED_FMB': 54, 'HARD_NONLINEAR': 5}
[1833] order5big_14659: LINEAR (0.0s)  running={'THEOREM': 693, 'LINEAR': 1081, 'SOLVED_FMB': 54, 'HARD_NONLINEAR': 5}
[1834] order5big_14667: LINEAR (0.0s)  running={'THEOREM': 693, 'LINEAR': 1082, 'SOLVED_FMB': 54, 'HARD_NONLINEAR': 5}
[1835] order5big_14675: SOLVED_FMB (2.1s)  running={'THEOREM': 693, 'LINEAR': 1082, 'SOLVED_FMB': 55, 'HARD_NONLINEAR': 5}
[1836] order5big_14683: THEOREM (60.2s)  running={'THEOREM': 694, 'LINEAR': 1082, 'SOLVED_FMB': 55, 'HARD_NONLINEAR': 5}
[1837] order5big_14691: THEOREM (60.2s)  running={'THEOREM': 695, 'LINEAR': 1082, 'SOLVED_FMB': 55, 'HARD_NONLINEAR': 5}
[1838] order5big_14699: LINEAR (0.0s)  running={'THEOREM': 695, 'LINEAR': 1083, 'SOLVED_FMB': 55, 'HARD_NONLINEAR': 5}
[1839] order5big_14707: THEOREM (60.2s)  running={'THEOREM': 696, 'LINEAR': 1083, 'SOLVED_FMB': 55, 'HARD_NONLINEAR': 5}
[1840] order5big_14715: LINEAR (0.0s)  running={'THEOREM': 696, 'LINEAR': 1084, 'SOLVED_FMB': 55, 'HARD_NONLINEAR': 5}
[1841] order5big_14723: LINEAR (0.0s)  running={'THEOREM': 696, 'LINEAR': 1085, 'SOLVED_FMB': 55, 'HARD_NONLINEAR': 5}
[1842] order5big_14731: LINEAR (0.0s)  running={'THEOREM': 696, 'LINEAR': 1086, 'SOLVED_FMB': 55, 'HARD_NONLINEAR': 5}
[1843] order5big_14739: LINEAR (0.0s)  running={'THEOREM': 696, 'LINEAR': 1087, 'SOLVED_FMB': 55, 'HARD_NONLINEAR': 5}
[1844] order5big_14747: THEOREM (60.4s)  running={'THEOREM': 697, 'LINEAR': 1087, 'SOLVED_FMB': 55, 'HARD_NONLINEAR': 5}
[1845] order5big_14755: LINEAR (0.0s)  running={'THEOREM': 697, 'LINEAR': 1088, 'SOLVED_FMB': 55, 'HARD_NONLINEAR': 5}
[1846] order5big_14763: LINEAR (0.0s)  running={'THEOREM': 697, 'LINEAR': 1089, 'SOLVED_FMB': 55, 'HARD_NONLINEAR': 5}
[1847] order5big_14771: LINEAR (0.0s)  running={'THEOREM': 697, 'LINEAR': 1090, 'SOLVED_FMB': 55, 'HARD_NONLINEAR': 5}
[1848] order5big_14779: LINEAR (0.0s)  running={'THEOREM': 697, 'LINEAR': 1091, 'SOLVED_FMB': 55, 'HARD_NONLINEAR': 5}
[1849] order5big_14787: THEOREM (60.2s)  running={'THEOREM': 698, 'LINEAR': 1091, 'SOLVED_FMB': 55, 'HARD_NONLINEAR': 5}
[1850] order5big_14795: THEOREM (60.2s)  running={'THEOREM': 699, 'LINEAR': 1091, 'SOLVED_FMB': 55, 'HARD_NONLINEAR': 5}
[1851] order5big_14803: THEOREM (60.2s)  running={'THEOREM': 700, 'LINEAR': 1091, 'SOLVED_FMB': 55, 'HARD_NONLINEAR': 5}
[1852] order5big_14811: THEOREM (0.7s)  running={'THEOREM': 701, 'LINEAR': 1091, 'SOLVED_FMB': 55, 'HARD_NONLINEAR': 5}
[1853] order5big_14819: THEOREM (77.5s)  running={'THEOREM': 702, 'LINEAR': 1091, 'SOLVED_FMB': 55, 'HARD_NONLINEAR': 5}
[1854] order5big_14827: LINEAR (0.0s)  running={'THEOREM': 702, 'LINEAR': 1092, 'SOLVED_FMB': 55, 'HARD_NONLINEAR': 5}
[1855] order5big_14835: THEOREM (60.3s)  running={'THEOREM': 703, 'LINEAR': 1092, 'SOLVED_FMB': 55, 'HARD_NONLINEAR': 5}
[1856] order5big_14843: THEOREM (60.1s)  running={'THEOREM': 704, 'LINEAR': 1092, 'SOLVED_FMB': 55, 'HARD_NONLINEAR': 5}
[1857] order5big_14851: LINEAR (0.1s)  running={'THEOREM': 704, 'LINEAR': 1093, 'SOLVED_FMB': 55, 'HARD_NONLINEAR': 5}
[1858] order5big_14859: LINEAR (0.0s)  running={'THEOREM': 704, 'LINEAR': 1094, 'SOLVED_FMB': 55, 'HARD_NONLINEAR': 5}
[1859] order5big_14867: THEOREM (60.5s)  running={'THEOREM': 705, 'LINEAR': 1094, 'SOLVED_FMB': 55, 'HARD_NONLINEAR': 5}
[1860] order5big_14875: LINEAR (0.0s)  running={'THEOREM': 705, 'LINEAR': 1095, 'SOLVED_FMB': 55, 'HARD_NONLINEAR': 5}
[1861] order5big_14883: THEOREM (60.2s)  running={'THEOREM': 706, 'LINEAR': 1095, 'SOLVED_FMB': 55, 'HARD_NONLINEAR': 5}
[1862] order5big_14891: LINEAR (0.0s)  running={'THEOREM': 706, 'LINEAR': 1096, 'SOLVED_FMB': 55, 'HARD_NONLINEAR': 5}
[1863] order5big_14899: LINEAR (0.0s)  running={'THEOREM': 706, 'LINEAR': 1097, 'SOLVED_FMB': 55, 'HARD_NONLINEAR': 5}
[1864] order5big_14907: LINEAR (0.0s)  running={'THEOREM': 706, 'LINEAR': 1098, 'SOLVED_FMB': 55, 'HARD_NONLINEAR': 5}
[1865] order5big_14915: LINEAR (0.0s)  running={'THEOREM': 706, 'LINEAR': 1099, 'SOLVED_FMB': 55, 'HARD_NONLINEAR': 5}
[1866] order5big_14923: LINEAR (0.0s)  running={'THEOREM': 706, 'LINEAR': 1100, 'SOLVED_FMB': 55, 'HARD_NONLINEAR': 5}
[1867] order5big_14931: LINEAR (0.0s)  running={'THEOREM': 706, 'LINEAR': 1101, 'SOLVED_FMB': 55, 'HARD_NONLINEAR': 5}
[1868] order5big_14939: THEOREM (60.2s)  running={'THEOREM': 707, 'LINEAR': 1101, 'SOLVED_FMB': 55, 'HARD_NONLINEAR': 5}
[1869] order5big_14947: SOLVED_FMB (0.3s)  running={'THEOREM': 707, 'LINEAR': 1101, 'SOLVED_FMB': 56, 'HARD_NONLINEAR': 5}
[1870] order5big_14955: LINEAR (0.0s)  running={'THEOREM': 707, 'LINEAR': 1102, 'SOLVED_FMB': 56, 'HARD_NONLINEAR': 5}
[1871] order5big_14963: LINEAR (0.0s)  running={'THEOREM': 707, 'LINEAR': 1103, 'SOLVED_FMB': 56, 'HARD_NONLINEAR': 5}
[1872] order5big_14971: LINEAR (0.0s)  running={'THEOREM': 707, 'LINEAR': 1104, 'SOLVED_FMB': 56, 'HARD_NONLINEAR': 5}
[1873] order5big_14979: LINEAR (0.0s)  running={'THEOREM': 707, 'LINEAR': 1105, 'SOLVED_FMB': 56, 'HARD_NONLINEAR': 5}
[1874] order5big_14987: THEOREM (60.2s)  running={'THEOREM': 708, 'LINEAR': 1105, 'SOLVED_FMB': 56, 'HARD_NONLINEAR': 5}
[1875] order5big_14995: LINEAR (0.0s)  running={'THEOREM': 708, 'LINEAR': 1106, 'SOLVED_FMB': 56, 'HARD_NONLINEAR': 5}
[1876] order5big_15003: THEOREM (60.2s)  running={'THEOREM': 709, 'LINEAR': 1106, 'SOLVED_FMB': 56, 'HARD_NONLINEAR': 5}
[1877] order5big_15011: LINEAR (0.0s)  running={'THEOREM': 709, 'LINEAR': 1107, 'SOLVED_FMB': 56, 'HARD_NONLINEAR': 5}
[1878] order5big_15019: LINEAR (0.0s)  running={'THEOREM': 709, 'LINEAR': 1108, 'SOLVED_FMB': 56, 'HARD_NONLINEAR': 5}
[1879] order5big_15027: LINEAR (0.0s)  running={'THEOREM': 709, 'LINEAR': 1109, 'SOLVED_FMB': 56, 'HARD_NONLINEAR': 5}
[1880] order5big_15035: LINEAR (0.0s)  running={'THEOREM': 709, 'LINEAR': 1110, 'SOLVED_FMB': 56, 'HARD_NONLINEAR': 5}
[1881] order5big_15043: LINEAR (0.0s)  running={'THEOREM': 709, 'LINEAR': 1111, 'SOLVED_FMB': 56, 'HARD_NONLINEAR': 5}
[1882] order5big_15051: LINEAR (0.0s)  running={'THEOREM': 709, 'LINEAR': 1112, 'SOLVED_FMB': 56, 'HARD_NONLINEAR': 5}
[1883] order5big_15059: THEOREM (60.5s)  running={'THEOREM': 710, 'LINEAR': 1112, 'SOLVED_FMB': 56, 'HARD_NONLINEAR': 5}
[1884] order5big_15067: THEOREM (60.2s)  running={'THEOREM': 711, 'LINEAR': 1112, 'SOLVED_FMB': 56, 'HARD_NONLINEAR': 5}
[1885] order5big_15075: LINEAR (0.0s)  running={'THEOREM': 711, 'LINEAR': 1113, 'SOLVED_FMB': 56, 'HARD_NONLINEAR': 5}
[1886] order5big_15083: LINEAR (0.0s)  running={'THEOREM': 711, 'LINEAR': 1114, 'SOLVED_FMB': 56, 'HARD_NONLINEAR': 5}
[1887] order5big_15091: LINEAR (0.0s)  running={'THEOREM': 711, 'LINEAR': 1115, 'SOLVED_FMB': 56, 'HARD_NONLINEAR': 5}
[1888] order5big_15099: THEOREM (60.2s)  running={'THEOREM': 712, 'LINEAR': 1115, 'SOLVED_FMB': 56, 'HARD_NONLINEAR': 5}
[1889] order5big_15107: LINEAR (0.0s)  running={'THEOREM': 712, 'LINEAR': 1116, 'SOLVED_FMB': 56, 'HARD_NONLINEAR': 5}
[1890] order5big_15115: LINEAR (0.0s)  running={'THEOREM': 712, 'LINEAR': 1117, 'SOLVED_FMB': 56, 'HARD_NONLINEAR': 5}
[1891] order5big_15123: THEOREM (60.4s)  running={'THEOREM': 713, 'LINEAR': 1117, 'SOLVED_FMB': 56, 'HARD_NONLINEAR': 5}
[1892] order5big_15131: LINEAR (0.0s)  running={'THEOREM': 713, 'LINEAR': 1118, 'SOLVED_FMB': 56, 'HARD_NONLINEAR': 5}
[1893] order5big_15139: LINEAR (0.0s)  running={'THEOREM': 713, 'LINEAR': 1119, 'SOLVED_FMB': 56, 'HARD_NONLINEAR': 5}
[1894] order5big_15147: LINEAR (0.0s)  running={'THEOREM': 713, 'LINEAR': 1120, 'SOLVED_FMB': 56, 'HARD_NONLINEAR': 5}
[1895] order5big_15155: LINEAR (0.0s)  running={'THEOREM': 713, 'LINEAR': 1121, 'SOLVED_FMB': 56, 'HARD_NONLINEAR': 5}
[1896] order5big_15163: THEOREM (60.4s)  running={'THEOREM': 714, 'LINEAR': 1121, 'SOLVED_FMB': 56, 'HARD_NONLINEAR': 5}
[1897] order5big_15171: SOLVED_FMB (12.1s)  running={'THEOREM': 714, 'LINEAR': 1121, 'SOLVED_FMB': 57, 'HARD_NONLINEAR': 5}
[1898] order5big_15179: THEOREM (60.4s)  running={'THEOREM': 715, 'LINEAR': 1121, 'SOLVED_FMB': 57, 'HARD_NONLINEAR': 5}
[1899] order5big_15187: LINEAR (0.0s)  running={'THEOREM': 715, 'LINEAR': 1122, 'SOLVED_FMB': 57, 'HARD_NONLINEAR': 5}
[1900] order5big_15195: LINEAR (0.0s)  running={'THEOREM': 715, 'LINEAR': 1123, 'SOLVED_FMB': 57, 'HARD_NONLINEAR': 5}
[1901] order5big_15203: LINEAR (0.0s)  running={'THEOREM': 715, 'LINEAR': 1124, 'SOLVED_FMB': 57, 'HARD_NONLINEAR': 5}
[1902] order5big_15211: THEOREM (60.4s)  running={'THEOREM': 716, 'LINEAR': 1124, 'SOLVED_FMB': 57, 'HARD_NONLINEAR': 5}
[1903] order5big_15219: LINEAR (0.0s)  running={'THEOREM': 716, 'LINEAR': 1125, 'SOLVED_FMB': 57, 'HARD_NONLINEAR': 5}
[1904] order5big_15227: LINEAR (0.0s)  running={'THEOREM': 716, 'LINEAR': 1126, 'SOLVED_FMB': 57, 'HARD_NONLINEAR': 5}
[1905] order5big_15235: LINEAR (0.0s)  running={'THEOREM': 716, 'LINEAR': 1127, 'SOLVED_FMB': 57, 'HARD_NONLINEAR': 5}
[1906] order5big_15243: LINEAR (0.0s)  running={'THEOREM': 716, 'LINEAR': 1128, 'SOLVED_FMB': 57, 'HARD_NONLINEAR': 5}
[1907] order5big_15251: THEOREM (60.2s)  running={'THEOREM': 717, 'LINEAR': 1128, 'SOLVED_FMB': 57, 'HARD_NONLINEAR': 5}
[1908] order5big_15259: LINEAR (0.0s)  running={'THEOREM': 717, 'LINEAR': 1129, 'SOLVED_FMB': 57, 'HARD_NONLINEAR': 5}
[1909] order5big_15267: LINEAR (0.0s)  running={'THEOREM': 717, 'LINEAR': 1130, 'SOLVED_FMB': 57, 'HARD_NONLINEAR': 5}
[1910] order5big_15275: LINEAR (0.0s)  running={'THEOREM': 717, 'LINEAR': 1131, 'SOLVED_FMB': 57, 'HARD_NONLINEAR': 5}
[1911] order5big_15283: LINEAR (0.0s)  running={'THEOREM': 717, 'LINEAR': 1132, 'SOLVED_FMB': 57, 'HARD_NONLINEAR': 5}
[1912] order5big_15291: LINEAR (0.0s)  running={'THEOREM': 717, 'LINEAR': 1133, 'SOLVED_FMB': 57, 'HARD_NONLINEAR': 5}
[1913] order5big_15299: LINEAR (0.0s)  running={'THEOREM': 717, 'LINEAR': 1134, 'SOLVED_FMB': 57, 'HARD_NONLINEAR': 5}
[1914] order5big_15307: LINEAR (0.0s)  running={'THEOREM': 717, 'LINEAR': 1135, 'SOLVED_FMB': 57, 'HARD_NONLINEAR': 5}
[1915] order5big_15315: LINEAR (0.0s)  running={'THEOREM': 717, 'LINEAR': 1136, 'SOLVED_FMB': 57, 'HARD_NONLINEAR': 5}
[1916] order5big_15323: LINEAR (0.0s)  running={'THEOREM': 717, 'LINEAR': 1137, 'SOLVED_FMB': 57, 'HARD_NONLINEAR': 5}
[1917] order5big_15331: THEOREM (60.2s)  running={'THEOREM': 718, 'LINEAR': 1137, 'SOLVED_FMB': 57, 'HARD_NONLINEAR': 5}
[1918] order5big_15339: THEOREM (60.2s)  running={'THEOREM': 719, 'LINEAR': 1137, 'SOLVED_FMB': 57, 'HARD_NONLINEAR': 5}
[1919] order5big_15347: LINEAR (0.0s)  running={'THEOREM': 719, 'LINEAR': 1138, 'SOLVED_FMB': 57, 'HARD_NONLINEAR': 5}
[1920] order5big_15355: LINEAR (0.0s)  running={'THEOREM': 719, 'LINEAR': 1139, 'SOLVED_FMB': 57, 'HARD_NONLINEAR': 5}
[1921] order5big_15363: LINEAR (0.0s)  running={'THEOREM': 719, 'LINEAR': 1140, 'SOLVED_FMB': 57, 'HARD_NONLINEAR': 5}
[1922] order5big_15371: THEOREM (60.4s)  running={'THEOREM': 720, 'LINEAR': 1140, 'SOLVED_FMB': 57, 'HARD_NONLINEAR': 5}
[1923] order5big_15379: LINEAR (0.0s)  running={'THEOREM': 720, 'LINEAR': 1141, 'SOLVED_FMB': 57, 'HARD_NONLINEAR': 5}
[1924] order5big_15387: LINEAR (0.0s)  running={'THEOREM': 720, 'LINEAR': 1142, 'SOLVED_FMB': 57, 'HARD_NONLINEAR': 5}
[1925] order5big_15395: LINEAR (0.0s)  running={'THEOREM': 720, 'LINEAR': 1143, 'SOLVED_FMB': 57, 'HARD_NONLINEAR': 5}
[1926] order5big_15403: LINEAR (0.0s)  running={'THEOREM': 720, 'LINEAR': 1144, 'SOLVED_FMB': 57, 'HARD_NONLINEAR': 5}
[1927] order5big_15411: LINEAR (0.0s)  running={'THEOREM': 720, 'LINEAR': 1145, 'SOLVED_FMB': 57, 'HARD_NONLINEAR': 5}
[1928] order5big_15419: LINEAR (0.0s)  running={'THEOREM': 720, 'LINEAR': 1146, 'SOLVED_FMB': 57, 'HARD_NONLINEAR': 5}
[1929] order5big_15427: THEOREM (60.2s)  running={'THEOREM': 721, 'LINEAR': 1146, 'SOLVED_FMB': 57, 'HARD_NONLINEAR': 5}
[1930] order5big_15435: LINEAR (0.0s)  running={'THEOREM': 721, 'LINEAR': 1147, 'SOLVED_FMB': 57, 'HARD_NONLINEAR': 5}
[1931] order5big_15443: LINEAR (0.0s)  running={'THEOREM': 721, 'LINEAR': 1148, 'SOLVED_FMB': 57, 'HARD_NONLINEAR': 5}
[1932] order5big_15451: LINEAR (0.0s)  running={'THEOREM': 721, 'LINEAR': 1149, 'SOLVED_FMB': 57, 'HARD_NONLINEAR': 5}
[1933] order5big_15459: LINEAR (0.0s)  running={'THEOREM': 721, 'LINEAR': 1150, 'SOLVED_FMB': 57, 'HARD_NONLINEAR': 5}
[1934] order5big_15467: THEOREM (72.0s)  running={'THEOREM': 722, 'LINEAR': 1150, 'SOLVED_FMB': 57, 'HARD_NONLINEAR': 5}
[1935] order5big_15475: LINEAR (0.0s)  running={'THEOREM': 722, 'LINEAR': 1151, 'SOLVED_FMB': 57, 'HARD_NONLINEAR': 5}
[1936] order5big_15483: THEOREM (60.2s)  running={'THEOREM': 723, 'LINEAR': 1151, 'SOLVED_FMB': 57, 'HARD_NONLINEAR': 5}
[1937] order5big_15491: LINEAR (0.0s)  running={'THEOREM': 723, 'LINEAR': 1152, 'SOLVED_FMB': 57, 'HARD_NONLINEAR': 5}
[1938] order5big_15499: THEOREM (60.3s)  running={'THEOREM': 724, 'LINEAR': 1152, 'SOLVED_FMB': 57, 'HARD_NONLINEAR': 5}
[1939] order5big_15507: THEOREM (60.2s)  running={'THEOREM': 725, 'LINEAR': 1152, 'SOLVED_FMB': 57, 'HARD_NONLINEAR': 5}
[1940] order5big_15515: LINEAR (0.0s)  running={'THEOREM': 725, 'LINEAR': 1153, 'SOLVED_FMB': 57, 'HARD_NONLINEAR': 5}
[1941] order5big_15523: THEOREM (60.1s)  running={'THEOREM': 726, 'LINEAR': 1153, 'SOLVED_FMB': 57, 'HARD_NONLINEAR': 5}
[1942] order5big_15531: THEOREM (60.3s)  running={'THEOREM': 727, 'LINEAR': 1153, 'SOLVED_FMB': 57, 'HARD_NONLINEAR': 5}
[1943] order5big_15539: LINEAR (0.0s)  running={'THEOREM': 727, 'LINEAR': 1154, 'SOLVED_FMB': 57, 'HARD_NONLINEAR': 5}
[1944] order5big_15547: THEOREM (63.6s)  running={'THEOREM': 728, 'LINEAR': 1154, 'SOLVED_FMB': 57, 'HARD_NONLINEAR': 5}
[1945] order5big_15555: LINEAR (0.0s)  running={'THEOREM': 728, 'LINEAR': 1155, 'SOLVED_FMB': 57, 'HARD_NONLINEAR': 5}
[1946] order5big_15563: LINEAR (0.0s)  running={'THEOREM': 728, 'LINEAR': 1156, 'SOLVED_FMB': 57, 'HARD_NONLINEAR': 5}
[1947] order5big_15571: LINEAR (0.0s)  running={'THEOREM': 728, 'LINEAR': 1157, 'SOLVED_FMB': 57, 'HARD_NONLINEAR': 5}
[1948] order5big_15579: LINEAR (0.0s)  running={'THEOREM': 728, 'LINEAR': 1158, 'SOLVED_FMB': 57, 'HARD_NONLINEAR': 5}
[1949] order5big_15587: THEOREM (60.1s)  running={'THEOREM': 729, 'LINEAR': 1158, 'SOLVED_FMB': 57, 'HARD_NONLINEAR': 5}
[1950] order5big_15595: LINEAR (0.0s)  running={'THEOREM': 729, 'LINEAR': 1159, 'SOLVED_FMB': 57, 'HARD_NONLINEAR': 5}
[1951] order5big_15603: LINEAR (0.0s)  running={'THEOREM': 729, 'LINEAR': 1160, 'SOLVED_FMB': 57, 'HARD_NONLINEAR': 5}
[1952] order5big_15611: LINEAR (0.0s)  running={'THEOREM': 729, 'LINEAR': 1161, 'SOLVED_FMB': 57, 'HARD_NONLINEAR': 5}
[1953] order5big_15619: SOLVED_FMB (0.1s)  running={'THEOREM': 729, 'LINEAR': 1161, 'SOLVED_FMB': 58, 'HARD_NONLINEAR': 5}
[1954] order5big_15627: THEOREM (0.6s)  running={'THEOREM': 730, 'LINEAR': 1161, 'SOLVED_FMB': 58, 'HARD_NONLINEAR': 5}
[1955] order5big_15635: LINEAR (0.0s)  running={'THEOREM': 730, 'LINEAR': 1162, 'SOLVED_FMB': 58, 'HARD_NONLINEAR': 5}
[1956] order5big_15643: LINEAR (0.0s)  running={'THEOREM': 730, 'LINEAR': 1163, 'SOLVED_FMB': 58, 'HARD_NONLINEAR': 5}
[1957] order5big_15651: THEOREM (61.2s)  running={'THEOREM': 731, 'LINEAR': 1163, 'SOLVED_FMB': 58, 'HARD_NONLINEAR': 5}
[1958] order5big_15659: LINEAR (0.0s)  running={'THEOREM': 731, 'LINEAR': 1164, 'SOLVED_FMB': 58, 'HARD_NONLINEAR': 5}
[1959] order5big_15667: LINEAR (0.0s)  running={'THEOREM': 731, 'LINEAR': 1165, 'SOLVED_FMB': 58, 'HARD_NONLINEAR': 5}
[1960] order5big_15675: THEOREM (60.2s)  running={'THEOREM': 732, 'LINEAR': 1165, 'SOLVED_FMB': 58, 'HARD_NONLINEAR': 5}
[1961] order5big_15683: LINEAR (0.0s)  running={'THEOREM': 732, 'LINEAR': 1166, 'SOLVED_FMB': 58, 'HARD_NONLINEAR': 5}
[1962] order5big_15691: LINEAR (0.0s)  running={'THEOREM': 732, 'LINEAR': 1167, 'SOLVED_FMB': 58, 'HARD_NONLINEAR': 5}
[1963] order5big_15699: LINEAR (0.0s)  running={'THEOREM': 732, 'LINEAR': 1168, 'SOLVED_FMB': 58, 'HARD_NONLINEAR': 5}
[1964] order5big_15707: THEOREM (60.2s)  running={'THEOREM': 733, 'LINEAR': 1168, 'SOLVED_FMB': 58, 'HARD_NONLINEAR': 5}
[1965] order5big_15715: LINEAR (0.0s)  running={'THEOREM': 733, 'LINEAR': 1169, 'SOLVED_FMB': 58, 'HARD_NONLINEAR': 5}
[1966] order5big_15723: SOLVED_FMB (31.9s)  running={'THEOREM': 733, 'LINEAR': 1169, 'SOLVED_FMB': 59, 'HARD_NONLINEAR': 5}
[1967] order5big_15731: LINEAR (0.0s)  running={'THEOREM': 733, 'LINEAR': 1170, 'SOLVED_FMB': 59, 'HARD_NONLINEAR': 5}
[1968] order5big_15739: THEOREM (62.7s)  running={'THEOREM': 734, 'LINEAR': 1170, 'SOLVED_FMB': 59, 'HARD_NONLINEAR': 5}
[1969] order5big_15747: LINEAR (0.0s)  running={'THEOREM': 734, 'LINEAR': 1171, 'SOLVED_FMB': 59, 'HARD_NONLINEAR': 5}
[1970] order5big_15755: THEOREM (60.2s)  running={'THEOREM': 735, 'LINEAR': 1171, 'SOLVED_FMB': 59, 'HARD_NONLINEAR': 5}
[1971] order5big_15763: THEOREM (61.2s)  running={'THEOREM': 736, 'LINEAR': 1171, 'SOLVED_FMB': 59, 'HARD_NONLINEAR': 5}
[1972] order5big_15771: LINEAR (0.0s)  running={'THEOREM': 736, 'LINEAR': 1172, 'SOLVED_FMB': 59, 'HARD_NONLINEAR': 5}
[1973] order5big_15779: THEOREM (60.2s)  running={'THEOREM': 737, 'LINEAR': 1172, 'SOLVED_FMB': 59, 'HARD_NONLINEAR': 5}
[1974] order5big_15787: LINEAR (0.0s)  running={'THEOREM': 737, 'LINEAR': 1173, 'SOLVED_FMB': 59, 'HARD_NONLINEAR': 5}
[1975] order5big_15795: THEOREM (60.2s)  running={'THEOREM': 738, 'LINEAR': 1173, 'SOLVED_FMB': 59, 'HARD_NONLINEAR': 5}
[1976] order5big_15803: LINEAR (0.0s)  running={'THEOREM': 738, 'LINEAR': 1174, 'SOLVED_FMB': 59, 'HARD_NONLINEAR': 5}
[1977] order5big_15811: SOLVED_FMB (13.4s)  running={'THEOREM': 738, 'LINEAR': 1174, 'SOLVED_FMB': 60, 'HARD_NONLINEAR': 5}
[1978] order5big_15819: LINEAR (0.0s)  running={'THEOREM': 738, 'LINEAR': 1175, 'SOLVED_FMB': 60, 'HARD_NONLINEAR': 5}
[1979] order5big_15827: LINEAR (0.0s)  running={'THEOREM': 738, 'LINEAR': 1176, 'SOLVED_FMB': 60, 'HARD_NONLINEAR': 5}
[1980] order5big_15835: THEOREM (60.2s)  running={'THEOREM': 739, 'LINEAR': 1176, 'SOLVED_FMB': 60, 'HARD_NONLINEAR': 5}
[1981] order5big_15843: LINEAR (0.0s)  running={'THEOREM': 739, 'LINEAR': 1177, 'SOLVED_FMB': 60, 'HARD_NONLINEAR': 5}
[1982] order5big_15851: LINEAR (0.0s)  running={'THEOREM': 739, 'LINEAR': 1178, 'SOLVED_FMB': 60, 'HARD_NONLINEAR': 5}
[1983] order5big_15859: LINEAR (0.0s)  running={'THEOREM': 739, 'LINEAR': 1179, 'SOLVED_FMB': 60, 'HARD_NONLINEAR': 5}
[1984] order5big_15867: THEOREM (60.2s)  running={'THEOREM': 740, 'LINEAR': 1179, 'SOLVED_FMB': 60, 'HARD_NONLINEAR': 5}
[1985] order5big_15875: THEOREM (60.2s)  running={'THEOREM': 741, 'LINEAR': 1179, 'SOLVED_FMB': 60, 'HARD_NONLINEAR': 5}
[1986] order5big_15883: LINEAR (0.0s)  running={'THEOREM': 741, 'LINEAR': 1180, 'SOLVED_FMB': 60, 'HARD_NONLINEAR': 5}
[1987] order5big_15891: LINEAR (1.0s)  running={'THEOREM': 741, 'LINEAR': 1181, 'SOLVED_FMB': 60, 'HARD_NONLINEAR': 5}
[1988] order5big_15899: THEOREM (60.2s)  running={'THEOREM': 742, 'LINEAR': 1181, 'SOLVED_FMB': 60, 'HARD_NONLINEAR': 5}
[1989] order5big_15907: LINEAR (0.0s)  running={'THEOREM': 742, 'LINEAR': 1182, 'SOLVED_FMB': 60, 'HARD_NONLINEAR': 5}
[1990] order5big_15915: THEOREM (60.2s)  running={'THEOREM': 743, 'LINEAR': 1182, 'SOLVED_FMB': 60, 'HARD_NONLINEAR': 5}
[1991] order5big_15923: LINEAR (0.0s)  running={'THEOREM': 743, 'LINEAR': 1183, 'SOLVED_FMB': 60, 'HARD_NONLINEAR': 5}
[1992] order5big_15931: LINEAR (0.0s)  running={'THEOREM': 743, 'LINEAR': 1184, 'SOLVED_FMB': 60, 'HARD_NONLINEAR': 5}
[1993] order5big_15939: SOLVED_FMB (1.1s)  running={'THEOREM': 743, 'LINEAR': 1184, 'SOLVED_FMB': 61, 'HARD_NONLINEAR': 5}
[1994] order5big_15947: LINEAR (0.0s)  running={'THEOREM': 743, 'LINEAR': 1185, 'SOLVED_FMB': 61, 'HARD_NONLINEAR': 5}
[1995] order5big_15955: THEOREM (60.1s)  running={'THEOREM': 744, 'LINEAR': 1185, 'SOLVED_FMB': 61, 'HARD_NONLINEAR': 5}
[1996] order5big_15963: LINEAR (0.0s)  running={'THEOREM': 744, 'LINEAR': 1186, 'SOLVED_FMB': 61, 'HARD_NONLINEAR': 5}
[1997] order5big_15971: THEOREM (60.2s)  running={'THEOREM': 745, 'LINEAR': 1186, 'SOLVED_FMB': 61, 'HARD_NONLINEAR': 5}
[1998] order5big_15979: LINEAR (0.0s)  running={'THEOREM': 745, 'LINEAR': 1187, 'SOLVED_FMB': 61, 'HARD_NONLINEAR': 5}
[1999] order5big_15987: LINEAR (0.0s)  running={'THEOREM': 745, 'LINEAR': 1188, 'SOLVED_FMB': 61, 'HARD_NONLINEAR': 5}
[2000] order5big_15995: LINEAR (0.0s)  running={'THEOREM': 745, 'LINEAR': 1189, 'SOLVED_FMB': 61, 'HARD_NONLINEAR': 5}
[2001] order5big_16003: THEOREM (60.5s)  running={'THEOREM': 746, 'LINEAR': 1189, 'SOLVED_FMB': 61, 'HARD_NONLINEAR': 5}
[2002] order5big_16011: LINEAR (0.0s)  running={'THEOREM': 746, 'LINEAR': 1190, 'SOLVED_FMB': 61, 'HARD_NONLINEAR': 5}
[2003] order5big_16019: THEOREM (61.3s)  running={'THEOREM': 747, 'LINEAR': 1190, 'SOLVED_FMB': 61, 'HARD_NONLINEAR': 5}
[2004] order5big_16027: LINEAR (0.0s)  running={'THEOREM': 747, 'LINEAR': 1191, 'SOLVED_FMB': 61, 'HARD_NONLINEAR': 5}
[2005] order5big_16035: THEOREM (60.1s)  running={'THEOREM': 748, 'LINEAR': 1191, 'SOLVED_FMB': 61, 'HARD_NONLINEAR': 5}
[2006] order5big_16043: LINEAR (0.0s)  running={'THEOREM': 748, 'LINEAR': 1192, 'SOLVED_FMB': 61, 'HARD_NONLINEAR': 5}
[2007] order5big_16051: THEOREM (60.2s)  running={'THEOREM': 749, 'LINEAR': 1192, 'SOLVED_FMB': 61, 'HARD_NONLINEAR': 5}
[2008] order5big_16059: THEOREM (60.3s)  running={'THEOREM': 750, 'LINEAR': 1192, 'SOLVED_FMB': 61, 'HARD_NONLINEAR': 5}
[2009] order5big_16067: SOLVED_FMB (0.2s)  running={'THEOREM': 750, 'LINEAR': 1192, 'SOLVED_FMB': 62, 'HARD_NONLINEAR': 5}
[2010] order5big_16075: LINEAR (0.0s)  running={'THEOREM': 750, 'LINEAR': 1193, 'SOLVED_FMB': 62, 'HARD_NONLINEAR': 5}
[2011] order5big_16083: THEOREM (60.2s)  running={'THEOREM': 751, 'LINEAR': 1193, 'SOLVED_FMB': 62, 'HARD_NONLINEAR': 5}
[2012] order5big_16091: LINEAR (0.0s)  running={'THEOREM': 751, 'LINEAR': 1194, 'SOLVED_FMB': 62, 'HARD_NONLINEAR': 5}
[2013] order5big_16099: LINEAR (0.0s)  running={'THEOREM': 751, 'LINEAR': 1195, 'SOLVED_FMB': 62, 'HARD_NONLINEAR': 5}
[2014] order5big_16107: THEOREM (60.1s)  running={'THEOREM': 752, 'LINEAR': 1195, 'SOLVED_FMB': 62, 'HARD_NONLINEAR': 5}
[2015] order5big_16115: LINEAR (0.0s)  running={'THEOREM': 752, 'LINEAR': 1196, 'SOLVED_FMB': 62, 'HARD_NONLINEAR': 5}
[2016] order5big_16123: LINEAR (0.0s)  running={'THEOREM': 752, 'LINEAR': 1197, 'SOLVED_FMB': 62, 'HARD_NONLINEAR': 5}
[2017] order5big_16131: LINEAR (0.0s)  running={'THEOREM': 752, 'LINEAR': 1198, 'SOLVED_FMB': 62, 'HARD_NONLINEAR': 5}
[2018] order5big_16139: LINEAR (0.0s)  running={'THEOREM': 752, 'LINEAR': 1199, 'SOLVED_FMB': 62, 'HARD_NONLINEAR': 5}
[2019] order5big_16147: THEOREM (1.4s)  running={'THEOREM': 753, 'LINEAR': 1199, 'SOLVED_FMB': 62, 'HARD_NONLINEAR': 5}
[2020] order5big_16155: SOLVED_FMB (2.8s)  running={'THEOREM': 753, 'LINEAR': 1199, 'SOLVED_FMB': 63, 'HARD_NONLINEAR': 5}
[2021] order5big_16163: LINEAR (0.0s)  running={'THEOREM': 753, 'LINEAR': 1200, 'SOLVED_FMB': 63, 'HARD_NONLINEAR': 5}
[2022] order5big_16171: LINEAR (0.0s)  running={'THEOREM': 753, 'LINEAR': 1201, 'SOLVED_FMB': 63, 'HARD_NONLINEAR': 5}
[2023] order5big_16179: LINEAR (0.0s)  running={'THEOREM': 753, 'LINEAR': 1202, 'SOLVED_FMB': 63, 'HARD_NONLINEAR': 5}
[2024] order5big_16187: THEOREM (61.4s)  running={'THEOREM': 754, 'LINEAR': 1202, 'SOLVED_FMB': 63, 'HARD_NONLINEAR': 5}
[2025] order5big_16195: LINEAR (0.0s)  running={'THEOREM': 754, 'LINEAR': 1203, 'SOLVED_FMB': 63, 'HARD_NONLINEAR': 5}
[2026] order5big_16203: LINEAR (0.0s)  running={'THEOREM': 754, 'LINEAR': 1204, 'SOLVED_FMB': 63, 'HARD_NONLINEAR': 5}
[2027] order5big_16211: THEOREM (60.2s)  running={'THEOREM': 755, 'LINEAR': 1204, 'SOLVED_FMB': 63, 'HARD_NONLINEAR': 5}
[2028] order5big_16219: LINEAR (0.0s)  running={'THEOREM': 755, 'LINEAR': 1205, 'SOLVED_FMB': 63, 'HARD_NONLINEAR': 5}
[2029] order5big_16227: LINEAR (0.0s)  running={'THEOREM': 755, 'LINEAR': 1206, 'SOLVED_FMB': 63, 'HARD_NONLINEAR': 5}
[2030] order5big_16235: LINEAR (0.0s)  running={'THEOREM': 755, 'LINEAR': 1207, 'SOLVED_FMB': 63, 'HARD_NONLINEAR': 5}
[2031] order5big_16243: LINEAR (0.0s)  running={'THEOREM': 755, 'LINEAR': 1208, 'SOLVED_FMB': 63, 'HARD_NONLINEAR': 5}
[2032] order5big_16251: THEOREM (60.1s)  running={'THEOREM': 756, 'LINEAR': 1208, 'SOLVED_FMB': 63, 'HARD_NONLINEAR': 5}
[2033] order5big_16259: THEOREM (60.2s)  running={'THEOREM': 757, 'LINEAR': 1208, 'SOLVED_FMB': 63, 'HARD_NONLINEAR': 5}
[2034] order5big_16267: LINEAR (0.0s)  running={'THEOREM': 757, 'LINEAR': 1209, 'SOLVED_FMB': 63, 'HARD_NONLINEAR': 5}
[2035] order5big_16275: LINEAR (0.0s)  running={'THEOREM': 757, 'LINEAR': 1210, 'SOLVED_FMB': 63, 'HARD_NONLINEAR': 5}
[2036] order5big_16283: THEOREM (60.3s)  running={'THEOREM': 758, 'LINEAR': 1210, 'SOLVED_FMB': 63, 'HARD_NONLINEAR': 5}
[2037] order5big_16291: THEOREM (60.2s)  running={'THEOREM': 759, 'LINEAR': 1210, 'SOLVED_FMB': 63, 'HARD_NONLINEAR': 5}
[2038] order5big_16299: THEOREM (73.2s)  running={'THEOREM': 760, 'LINEAR': 1210, 'SOLVED_FMB': 63, 'HARD_NONLINEAR': 5}
[2039] order5big_16307: THEOREM (62.9s)  running={'THEOREM': 761, 'LINEAR': 1210, 'SOLVED_FMB': 63, 'HARD_NONLINEAR': 5}
[2040] order5big_16315: HARD_NONLINEAR (120.1s)  running={'THEOREM': 761, 'LINEAR': 1210, 'SOLVED_FMB': 63, 'HARD_NONLINEAR': 6}
[2041] order5big_16323: LINEAR (0.0s)  running={'THEOREM': 761, 'LINEAR': 1211, 'SOLVED_FMB': 63, 'HARD_NONLINEAR': 6}
[2042] order5big_16331: THEOREM (60.4s)  running={'THEOREM': 762, 'LINEAR': 1211, 'SOLVED_FMB': 63, 'HARD_NONLINEAR': 6}
[2043] order5big_16339: LINEAR (0.0s)  running={'THEOREM': 762, 'LINEAR': 1212, 'SOLVED_FMB': 63, 'HARD_NONLINEAR': 6}
[2044] order5big_16347: THEOREM (60.5s)  running={'THEOREM': 763, 'LINEAR': 1212, 'SOLVED_FMB': 63, 'HARD_NONLINEAR': 6}
[2045] order5big_16355: LINEAR (0.0s)  running={'THEOREM': 763, 'LINEAR': 1213, 'SOLVED_FMB': 63, 'HARD_NONLINEAR': 6}
[2046] order5big_16363: LINEAR (0.0s)  running={'THEOREM': 763, 'LINEAR': 1214, 'SOLVED_FMB': 63, 'HARD_NONLINEAR': 6}
[2047] order5big_16371: LINEAR (0.0s)  running={'THEOREM': 763, 'LINEAR': 1215, 'SOLVED_FMB': 63, 'HARD_NONLINEAR': 6}
[2048] order5big_16379: THEOREM (60.7s)  running={'THEOREM': 764, 'LINEAR': 1215, 'SOLVED_FMB': 63, 'HARD_NONLINEAR': 6}
[2049] order5big_16387: THEOREM (60.1s)  running={'THEOREM': 765, 'LINEAR': 1215, 'SOLVED_FMB': 63, 'HARD_NONLINEAR': 6}
[2050] order5big_16395: THEOREM (60.1s)  running={'THEOREM': 766, 'LINEAR': 1215, 'SOLVED_FMB': 63, 'HARD_NONLINEAR': 6}
[2051] order5big_16403: LINEAR (0.0s)  running={'THEOREM': 766, 'LINEAR': 1216, 'SOLVED_FMB': 63, 'HARD_NONLINEAR': 6}
[2052] order5big_16411: THEOREM (60.2s)  running={'THEOREM': 767, 'LINEAR': 1216, 'SOLVED_FMB': 63, 'HARD_NONLINEAR': 6}
[2053] order5big_16419: LINEAR (0.0s)  running={'THEOREM': 767, 'LINEAR': 1217, 'SOLVED_FMB': 63, 'HARD_NONLINEAR': 6}
[2054] order5big_16427: LINEAR (0.0s)  running={'THEOREM': 767, 'LINEAR': 1218, 'SOLVED_FMB': 63, 'HARD_NONLINEAR': 6}
[2055] order5big_16435: LINEAR (0.0s)  running={'THEOREM': 767, 'LINEAR': 1219, 'SOLVED_FMB': 63, 'HARD_NONLINEAR': 6}
[2056] order5big_16443: LINEAR (0.0s)  running={'THEOREM': 767, 'LINEAR': 1220, 'SOLVED_FMB': 63, 'HARD_NONLINEAR': 6}
[2057] order5big_16451: THEOREM (60.6s)  running={'THEOREM': 768, 'LINEAR': 1220, 'SOLVED_FMB': 63, 'HARD_NONLINEAR': 6}
[2058] order5big_16459: LINEAR (0.0s)  running={'THEOREM': 768, 'LINEAR': 1221, 'SOLVED_FMB': 63, 'HARD_NONLINEAR': 6}
[2059] order5big_16467: LINEAR (0.0s)  running={'THEOREM': 768, 'LINEAR': 1222, 'SOLVED_FMB': 63, 'HARD_NONLINEAR': 6}
[2060] order5big_16475: THEOREM (62.1s)  running={'THEOREM': 769, 'LINEAR': 1222, 'SOLVED_FMB': 63, 'HARD_NONLINEAR': 6}
[2061] order5big_16483: THEOREM (60.1s)  running={'THEOREM': 770, 'LINEAR': 1222, 'SOLVED_FMB': 63, 'HARD_NONLINEAR': 6}
[2062] order5big_16491: LINEAR (0.0s)  running={'THEOREM': 770, 'LINEAR': 1223, 'SOLVED_FMB': 63, 'HARD_NONLINEAR': 6}
[2063] order5big_16499: LINEAR (0.0s)  running={'THEOREM': 770, 'LINEAR': 1224, 'SOLVED_FMB': 63, 'HARD_NONLINEAR': 6}
[2064] order5big_16507: SOLVED_FMB (1782.3s)  running={'THEOREM': 770, 'LINEAR': 1224, 'SOLVED_FMB': 64, 'HARD_NONLINEAR': 6}
[2065] order5big_16515: THEOREM (60.2s)  running={'THEOREM': 771, 'LINEAR': 1224, 'SOLVED_FMB': 64, 'HARD_NONLINEAR': 6}
[2066] order5big_16523: THEOREM (60.2s)  running={'THEOREM': 772, 'LINEAR': 1224, 'SOLVED_FMB': 64, 'HARD_NONLINEAR': 6}
[2067] order5big_16531: LINEAR (0.0s)  running={'THEOREM': 772, 'LINEAR': 1225, 'SOLVED_FMB': 64, 'HARD_NONLINEAR': 6}
[2068] order5big_16539: THEOREM (60.1s)  running={'THEOREM': 773, 'LINEAR': 1225, 'SOLVED_FMB': 64, 'HARD_NONLINEAR': 6}
[2069] order5big_16547: LINEAR (0.0s)  running={'THEOREM': 773, 'LINEAR': 1226, 'SOLVED_FMB': 64, 'HARD_NONLINEAR': 6}
[2070] order5big_16555: LINEAR (0.0s)  running={'THEOREM': 773, 'LINEAR': 1227, 'SOLVED_FMB': 64, 'HARD_NONLINEAR': 6}
[2071] order5big_16563: LINEAR (0.0s)  running={'THEOREM': 773, 'LINEAR': 1228, 'SOLVED_FMB': 64, 'HARD_NONLINEAR': 6}
[2072] order5big_16571: LINEAR (0.0s)  running={'THEOREM': 773, 'LINEAR': 1229, 'SOLVED_FMB': 64, 'HARD_NONLINEAR': 6}
[2073] order5big_16579: LINEAR (0.0s)  running={'THEOREM': 773, 'LINEAR': 1230, 'SOLVED_FMB': 64, 'HARD_NONLINEAR': 6}
[2074] order5big_16587: THEOREM (60.1s)  running={'THEOREM': 774, 'LINEAR': 1230, 'SOLVED_FMB': 64, 'HARD_NONLINEAR': 6}
[2075] order5big_16595: THEOREM (60.6s)  running={'THEOREM': 775, 'LINEAR': 1230, 'SOLVED_FMB': 64, 'HARD_NONLINEAR': 6}
[2076] order5big_16603: THEOREM (60.2s)  running={'THEOREM': 776, 'LINEAR': 1230, 'SOLVED_FMB': 64, 'HARD_NONLINEAR': 6}
[2077] order5big_16611: LINEAR (0.0s)  running={'THEOREM': 776, 'LINEAR': 1231, 'SOLVED_FMB': 64, 'HARD_NONLINEAR': 6}
[2078] order5big_16619: LINEAR (0.0s)  running={'THEOREM': 776, 'LINEAR': 1232, 'SOLVED_FMB': 64, 'HARD_NONLINEAR': 6}
[2079] order5big_16627: LINEAR (0.0s)  running={'THEOREM': 776, 'LINEAR': 1233, 'SOLVED_FMB': 64, 'HARD_NONLINEAR': 6}
[2080] order5big_16635: LINEAR (0.0s)  running={'THEOREM': 776, 'LINEAR': 1234, 'SOLVED_FMB': 64, 'HARD_NONLINEAR': 6}
[2081] order5big_16643: LINEAR (0.0s)  running={'THEOREM': 776, 'LINEAR': 1235, 'SOLVED_FMB': 64, 'HARD_NONLINEAR': 6}
[2082] order5big_16651: LINEAR (0.0s)  running={'THEOREM': 776, 'LINEAR': 1236, 'SOLVED_FMB': 64, 'HARD_NONLINEAR': 6}
[2083] order5big_16659: THEOREM (60.2s)  running={'THEOREM': 777, 'LINEAR': 1236, 'SOLVED_FMB': 64, 'HARD_NONLINEAR': 6}
[2084] order5big_16667: LINEAR (0.0s)  running={'THEOREM': 777, 'LINEAR': 1237, 'SOLVED_FMB': 64, 'HARD_NONLINEAR': 6}
[2085] order5big_16675: LINEAR (0.0s)  running={'THEOREM': 777, 'LINEAR': 1238, 'SOLVED_FMB': 64, 'HARD_NONLINEAR': 6}
[2086] order5big_16683: THEOREM (1.2s)  running={'THEOREM': 778, 'LINEAR': 1238, 'SOLVED_FMB': 64, 'HARD_NONLINEAR': 6}
[2087] order5big_16691: LINEAR (0.0s)  running={'THEOREM': 778, 'LINEAR': 1239, 'SOLVED_FMB': 64, 'HARD_NONLINEAR': 6}
[2088] order5big_16699: LINEAR (0.0s)  running={'THEOREM': 778, 'LINEAR': 1240, 'SOLVED_FMB': 64, 'HARD_NONLINEAR': 6}
[2089] order5big_16707: LINEAR (0.0s)  running={'THEOREM': 778, 'LINEAR': 1241, 'SOLVED_FMB': 64, 'HARD_NONLINEAR': 6}
[2090] order5big_16715: THEOREM (60.2s)  running={'THEOREM': 779, 'LINEAR': 1241, 'SOLVED_FMB': 64, 'HARD_NONLINEAR': 6}
[2091] order5big_16723: THEOREM (2.2s)  running={'THEOREM': 780, 'LINEAR': 1241, 'SOLVED_FMB': 64, 'HARD_NONLINEAR': 6}
[2092] order5big_16731: LINEAR (0.0s)  running={'THEOREM': 780, 'LINEAR': 1242, 'SOLVED_FMB': 64, 'HARD_NONLINEAR': 6}
[2093] order5big_16739: LINEAR (0.0s)  running={'THEOREM': 780, 'LINEAR': 1243, 'SOLVED_FMB': 64, 'HARD_NONLINEAR': 6}
[2094] order5big_16747: LINEAR (0.0s)  running={'THEOREM': 780, 'LINEAR': 1244, 'SOLVED_FMB': 64, 'HARD_NONLINEAR': 6}
[2095] order5big_16755: LINEAR (0.0s)  running={'THEOREM': 780, 'LINEAR': 1245, 'SOLVED_FMB': 64, 'HARD_NONLINEAR': 6}
[2096] order5big_16763: LINEAR (0.0s)  running={'THEOREM': 780, 'LINEAR': 1246, 'SOLVED_FMB': 64, 'HARD_NONLINEAR': 6}
[2097] order5big_16771: SOLVED_FMB (12.6s)  running={'THEOREM': 780, 'LINEAR': 1246, 'SOLVED_FMB': 65, 'HARD_NONLINEAR': 6}
[2098] order5big_16779: LINEAR (0.0s)  running={'THEOREM': 780, 'LINEAR': 1247, 'SOLVED_FMB': 65, 'HARD_NONLINEAR': 6}
[2099] order5big_16787: THEOREM (60.6s)  running={'THEOREM': 781, 'LINEAR': 1247, 'SOLVED_FMB': 65, 'HARD_NONLINEAR': 6}
[2100] order5big_16795: THEOREM (60.2s)  running={'THEOREM': 782, 'LINEAR': 1247, 'SOLVED_FMB': 65, 'HARD_NONLINEAR': 6}
[2101] order5big_16803: THEOREM (60.4s)  running={'THEOREM': 783, 'LINEAR': 1247, 'SOLVED_FMB': 65, 'HARD_NONLINEAR': 6}
[2102] order5big_16811: LINEAR (0.0s)  running={'THEOREM': 783, 'LINEAR': 1248, 'SOLVED_FMB': 65, 'HARD_NONLINEAR': 6}
[2103] order5big_16819: SOLVED_FMB (0.3s)  running={'THEOREM': 783, 'LINEAR': 1248, 'SOLVED_FMB': 66, 'HARD_NONLINEAR': 6}
[2104] order5big_16827: LINEAR (0.0s)  running={'THEOREM': 783, 'LINEAR': 1249, 'SOLVED_FMB': 66, 'HARD_NONLINEAR': 6}
[2105] order5big_16835: THEOREM (60.2s)  running={'THEOREM': 784, 'LINEAR': 1249, 'SOLVED_FMB': 66, 'HARD_NONLINEAR': 6}
[2106] order5big_16843: LINEAR (0.0s)  running={'THEOREM': 784, 'LINEAR': 1250, 'SOLVED_FMB': 66, 'HARD_NONLINEAR': 6}
[2107] order5big_16851: LINEAR (0.0s)  running={'THEOREM': 784, 'LINEAR': 1251, 'SOLVED_FMB': 66, 'HARD_NONLINEAR': 6}
[2108] order5big_16859: LINEAR (0.0s)  running={'THEOREM': 784, 'LINEAR': 1252, 'SOLVED_FMB': 66, 'HARD_NONLINEAR': 6}
[2109] order5big_16867: THEOREM (61.3s)  running={'THEOREM': 785, 'LINEAR': 1252, 'SOLVED_FMB': 66, 'HARD_NONLINEAR': 6}
[2110] order5big_16875: LINEAR (0.0s)  running={'THEOREM': 785, 'LINEAR': 1253, 'SOLVED_FMB': 66, 'HARD_NONLINEAR': 6}
[2111] order5big_16883: LINEAR (0.0s)  running={'THEOREM': 785, 'LINEAR': 1254, 'SOLVED_FMB': 66, 'HARD_NONLINEAR': 6}
[2112] order5big_16891: LINEAR (0.0s)  running={'THEOREM': 785, 'LINEAR': 1255, 'SOLVED_FMB': 66, 'HARD_NONLINEAR': 6}
[2113] order5big_16899: LINEAR (0.0s)  running={'THEOREM': 785, 'LINEAR': 1256, 'SOLVED_FMB': 66, 'HARD_NONLINEAR': 6}
[2114] order5big_16907: THEOREM (60.2s)  running={'THEOREM': 786, 'LINEAR': 1256, 'SOLVED_FMB': 66, 'HARD_NONLINEAR': 6}
[2115] order5big_16915: LINEAR (0.0s)  running={'THEOREM': 786, 'LINEAR': 1257, 'SOLVED_FMB': 66, 'HARD_NONLINEAR': 6}
[2116] order5big_16923: SOLVED_FMB (0.3s)  running={'THEOREM': 786, 'LINEAR': 1257, 'SOLVED_FMB': 67, 'HARD_NONLINEAR': 6}
[2117] order5big_16931: LINEAR (0.0s)  running={'THEOREM': 786, 'LINEAR': 1258, 'SOLVED_FMB': 67, 'HARD_NONLINEAR': 6}
[2118] order5big_16939: LINEAR (0.0s)  running={'THEOREM': 786, 'LINEAR': 1259, 'SOLVED_FMB': 67, 'HARD_NONLINEAR': 6}
[2119] order5big_16947: THEOREM (60.6s)  running={'THEOREM': 787, 'LINEAR': 1259, 'SOLVED_FMB': 67, 'HARD_NONLINEAR': 6}
[2120] order5big_16955: LINEAR (0.0s)  running={'THEOREM': 787, 'LINEAR': 1260, 'SOLVED_FMB': 67, 'HARD_NONLINEAR': 6}
[2121] order5big_16963: THEOREM (60.2s)  running={'THEOREM': 788, 'LINEAR': 1260, 'SOLVED_FMB': 67, 'HARD_NONLINEAR': 6}
[2122] order5big_16971: LINEAR (0.0s)  running={'THEOREM': 788, 'LINEAR': 1261, 'SOLVED_FMB': 67, 'HARD_NONLINEAR': 6}
[2123] order5big_16979: LINEAR (0.0s)  running={'THEOREM': 788, 'LINEAR': 1262, 'SOLVED_FMB': 67, 'HARD_NONLINEAR': 6}
[2124] order5big_16987: THEOREM (60.2s)  running={'THEOREM': 789, 'LINEAR': 1262, 'SOLVED_FMB': 67, 'HARD_NONLINEAR': 6}
[2125] order5big_16995: LINEAR (0.0s)  running={'THEOREM': 789, 'LINEAR': 1263, 'SOLVED_FMB': 67, 'HARD_NONLINEAR': 6}
[2126] order5big_17003: LINEAR (0.0s)  running={'THEOREM': 789, 'LINEAR': 1264, 'SOLVED_FMB': 67, 'HARD_NONLINEAR': 6}
[2127] order5big_17011: LINEAR (0.0s)  running={'THEOREM': 789, 'LINEAR': 1265, 'SOLVED_FMB': 67, 'HARD_NONLINEAR': 6}
[2128] order5big_17019: LINEAR (0.0s)  running={'THEOREM': 789, 'LINEAR': 1266, 'SOLVED_FMB': 67, 'HARD_NONLINEAR': 6}
[2129] order5big_17027: LINEAR (0.0s)  running={'THEOREM': 789, 'LINEAR': 1267, 'SOLVED_FMB': 67, 'HARD_NONLINEAR': 6}
[2130] order5big_17035: LINEAR (0.0s)  running={'THEOREM': 789, 'LINEAR': 1268, 'SOLVED_FMB': 67, 'HARD_NONLINEAR': 6}
[2131] order5big_17043: THEOREM (60.6s)  running={'THEOREM': 790, 'LINEAR': 1268, 'SOLVED_FMB': 67, 'HARD_NONLINEAR': 6}
[2132] order5big_17051: THEOREM (92.1s)  running={'THEOREM': 791, 'LINEAR': 1268, 'SOLVED_FMB': 67, 'HARD_NONLINEAR': 6}
[2133] order5big_17059: THEOREM (60.2s)  running={'THEOREM': 792, 'LINEAR': 1268, 'SOLVED_FMB': 67, 'HARD_NONLINEAR': 6}
[2134] order5big_17067: LINEAR (0.0s)  running={'THEOREM': 792, 'LINEAR': 1269, 'SOLVED_FMB': 67, 'HARD_NONLINEAR': 6}
[2135] order5big_17075: SOLVED_FMB (2.0s)  running={'THEOREM': 792, 'LINEAR': 1269, 'SOLVED_FMB': 68, 'HARD_NONLINEAR': 6}
[2136] order5big_17083: LINEAR (0.0s)  running={'THEOREM': 792, 'LINEAR': 1270, 'SOLVED_FMB': 68, 'HARD_NONLINEAR': 6}
[2137] order5big_17091: LINEAR (0.0s)  running={'THEOREM': 792, 'LINEAR': 1271, 'SOLVED_FMB': 68, 'HARD_NONLINEAR': 6}
[2138] order5big_17099: THEOREM (60.2s)  running={'THEOREM': 793, 'LINEAR': 1271, 'SOLVED_FMB': 68, 'HARD_NONLINEAR': 6}
[2139] order5big_17107: THEOREM (60.1s)  running={'THEOREM': 794, 'LINEAR': 1271, 'SOLVED_FMB': 68, 'HARD_NONLINEAR': 6}
[2140] order5big_17115: LINEAR (0.0s)  running={'THEOREM': 794, 'LINEAR': 1272, 'SOLVED_FMB': 68, 'HARD_NONLINEAR': 6}
[2141] order5big_17123: LINEAR (0.0s)  running={'THEOREM': 794, 'LINEAR': 1273, 'SOLVED_FMB': 68, 'HARD_NONLINEAR': 6}
[2142] order5big_17131: LINEAR (0.0s)  running={'THEOREM': 794, 'LINEAR': 1274, 'SOLVED_FMB': 68, 'HARD_NONLINEAR': 6}
[2143] order5big_17139: LINEAR (0.0s)  running={'THEOREM': 794, 'LINEAR': 1275, 'SOLVED_FMB': 68, 'HARD_NONLINEAR': 6}
[2144] order5big_17147: LINEAR (0.0s)  running={'THEOREM': 794, 'LINEAR': 1276, 'SOLVED_FMB': 68, 'HARD_NONLINEAR': 6}
[2145] order5big_17155: THEOREM (60.2s)  running={'THEOREM': 795, 'LINEAR': 1276, 'SOLVED_FMB': 68, 'HARD_NONLINEAR': 6}
[2146] order5big_17163: LINEAR (0.0s)  running={'THEOREM': 795, 'LINEAR': 1277, 'SOLVED_FMB': 68, 'HARD_NONLINEAR': 6}
[2147] order5big_17171: THEOREM (60.1s)  running={'THEOREM': 796, 'LINEAR': 1277, 'SOLVED_FMB': 68, 'HARD_NONLINEAR': 6}
[2148] order5big_17179: LINEAR (0.0s)  running={'THEOREM': 796, 'LINEAR': 1278, 'SOLVED_FMB': 68, 'HARD_NONLINEAR': 6}
[2149] order5big_17187: THEOREM (60.2s)  running={'THEOREM': 797, 'LINEAR': 1278, 'SOLVED_FMB': 68, 'HARD_NONLINEAR': 6}
[2150] order5big_17195: THEOREM (60.1s)  running={'THEOREM': 798, 'LINEAR': 1278, 'SOLVED_FMB': 68, 'HARD_NONLINEAR': 6}
[2151] order5big_17203: LINEAR (0.0s)  running={'THEOREM': 798, 'LINEAR': 1279, 'SOLVED_FMB': 68, 'HARD_NONLINEAR': 6}
[2152] order5big_17211: SOLVED_FMB (16.5s)  running={'THEOREM': 798, 'LINEAR': 1279, 'SOLVED_FMB': 69, 'HARD_NONLINEAR': 6}
[2153] order5big_17219: LINEAR (0.0s)  running={'THEOREM': 798, 'LINEAR': 1280, 'SOLVED_FMB': 69, 'HARD_NONLINEAR': 6}
[2154] order5big_17227: LINEAR (0.0s)  running={'THEOREM': 798, 'LINEAR': 1281, 'SOLVED_FMB': 69, 'HARD_NONLINEAR': 6}
[2155] order5big_17235: LINEAR (0.0s)  running={'THEOREM': 798, 'LINEAR': 1282, 'SOLVED_FMB': 69, 'HARD_NONLINEAR': 6}
[2156] order5big_17243: LINEAR (0.0s)  running={'THEOREM': 798, 'LINEAR': 1283, 'SOLVED_FMB': 69, 'HARD_NONLINEAR': 6}
[2157] order5big_17251: LINEAR (0.0s)  running={'THEOREM': 798, 'LINEAR': 1284, 'SOLVED_FMB': 69, 'HARD_NONLINEAR': 6}
[2158] order5big_17259: LINEAR (0.0s)  running={'THEOREM': 798, 'LINEAR': 1285, 'SOLVED_FMB': 69, 'HARD_NONLINEAR': 6}
[2159] order5big_17267: LINEAR (0.0s)  running={'THEOREM': 798, 'LINEAR': 1286, 'SOLVED_FMB': 69, 'HARD_NONLINEAR': 6}
[2160] order5big_17275: THEOREM (60.2s)  running={'THEOREM': 799, 'LINEAR': 1286, 'SOLVED_FMB': 69, 'HARD_NONLINEAR': 6}
[2161] order5big_17283: LINEAR (0.0s)  running={'THEOREM': 799, 'LINEAR': 1287, 'SOLVED_FMB': 69, 'HARD_NONLINEAR': 6}
[2162] order5big_17291: LINEAR (0.0s)  running={'THEOREM': 799, 'LINEAR': 1288, 'SOLVED_FMB': 69, 'HARD_NONLINEAR': 6}
[2163] order5big_17299: LINEAR (0.0s)  running={'THEOREM': 799, 'LINEAR': 1289, 'SOLVED_FMB': 69, 'HARD_NONLINEAR': 6}
[2164] order5big_17307: THEOREM (72.3s)  running={'THEOREM': 800, 'LINEAR': 1289, 'SOLVED_FMB': 69, 'HARD_NONLINEAR': 6}
[2165] order5big_17315: LINEAR (0.0s)  running={'THEOREM': 800, 'LINEAR': 1290, 'SOLVED_FMB': 69, 'HARD_NONLINEAR': 6}
[2166] order5big_17323: LINEAR (0.0s)  running={'THEOREM': 800, 'LINEAR': 1291, 'SOLVED_FMB': 69, 'HARD_NONLINEAR': 6}
[2167] order5big_17331: THEOREM (60.2s)  running={'THEOREM': 801, 'LINEAR': 1291, 'SOLVED_FMB': 69, 'HARD_NONLINEAR': 6}
[2168] order5big_17339: THEOREM (60.2s)  running={'THEOREM': 802, 'LINEAR': 1291, 'SOLVED_FMB': 69, 'HARD_NONLINEAR': 6}
[2169] order5big_17347: THEOREM (61.2s)  running={'THEOREM': 803, 'LINEAR': 1291, 'SOLVED_FMB': 69, 'HARD_NONLINEAR': 6}
[2170] order5big_17355: LINEAR (0.0s)  running={'THEOREM': 803, 'LINEAR': 1292, 'SOLVED_FMB': 69, 'HARD_NONLINEAR': 6}
[2171] order5big_17363: THEOREM (62.2s)  running={'THEOREM': 804, 'LINEAR': 1292, 'SOLVED_FMB': 69, 'HARD_NONLINEAR': 6}
[2172] order5big_17371: SOLVED_FMB (0.5s)  running={'THEOREM': 804, 'LINEAR': 1292, 'SOLVED_FMB': 70, 'HARD_NONLINEAR': 6}
[2173] order5big_17379: LINEAR (0.0s)  running={'THEOREM': 804, 'LINEAR': 1293, 'SOLVED_FMB': 70, 'HARD_NONLINEAR': 6}
[2174] order5big_17387: THEOREM (60.1s)  running={'THEOREM': 805, 'LINEAR': 1293, 'SOLVED_FMB': 70, 'HARD_NONLINEAR': 6}
[2175] order5big_17395: THEOREM (60.2s)  running={'THEOREM': 806, 'LINEAR': 1293, 'SOLVED_FMB': 70, 'HARD_NONLINEAR': 6}
[2176] order5big_17403: LINEAR (0.0s)  running={'THEOREM': 806, 'LINEAR': 1294, 'SOLVED_FMB': 70, 'HARD_NONLINEAR': 6}
[2177] order5big_17411: LINEAR (0.0s)  running={'THEOREM': 806, 'LINEAR': 1295, 'SOLVED_FMB': 70, 'HARD_NONLINEAR': 6}
[2178] order5big_17419: LINEAR (0.0s)  running={'THEOREM': 806, 'LINEAR': 1296, 'SOLVED_FMB': 70, 'HARD_NONLINEAR': 6}
[2179] order5big_17427: LINEAR (0.0s)  running={'THEOREM': 806, 'LINEAR': 1297, 'SOLVED_FMB': 70, 'HARD_NONLINEAR': 6}
[2180] order5big_17435: THEOREM (65.4s)  running={'THEOREM': 807, 'LINEAR': 1297, 'SOLVED_FMB': 70, 'HARD_NONLINEAR': 6}
[2181] order5big_17443: LINEAR (0.0s)  running={'THEOREM': 807, 'LINEAR': 1298, 'SOLVED_FMB': 70, 'HARD_NONLINEAR': 6}
[2182] order5big_17451: THEOREM (60.2s)  running={'THEOREM': 808, 'LINEAR': 1298, 'SOLVED_FMB': 70, 'HARD_NONLINEAR': 6}
[2183] order5big_17459: THEOREM (60.1s)  running={'THEOREM': 809, 'LINEAR': 1298, 'SOLVED_FMB': 70, 'HARD_NONLINEAR': 6}
[2184] order5big_17467: LINEAR (0.0s)  running={'THEOREM': 809, 'LINEAR': 1299, 'SOLVED_FMB': 70, 'HARD_NONLINEAR': 6}
[2185] order5big_17475: THEOREM (60.2s)  running={'THEOREM': 810, 'LINEAR': 1299, 'SOLVED_FMB': 70, 'HARD_NONLINEAR': 6}
[2186] order5big_17483: LINEAR (0.0s)  running={'THEOREM': 810, 'LINEAR': 1300, 'SOLVED_FMB': 70, 'HARD_NONLINEAR': 6}
[2187] order5big_17491: LINEAR (0.0s)  running={'THEOREM': 810, 'LINEAR': 1301, 'SOLVED_FMB': 70, 'HARD_NONLINEAR': 6}
[2188] order5big_17499: LINEAR (0.0s)  running={'THEOREM': 810, 'LINEAR': 1302, 'SOLVED_FMB': 70, 'HARD_NONLINEAR': 6}
[2189] order5big_17507: LINEAR (0.0s)  running={'THEOREM': 810, 'LINEAR': 1303, 'SOLVED_FMB': 70, 'HARD_NONLINEAR': 6}
[2190] order5big_17515: LINEAR (0.0s)  running={'THEOREM': 810, 'LINEAR': 1304, 'SOLVED_FMB': 70, 'HARD_NONLINEAR': 6}
[2191] order5big_17523: THEOREM (60.6s)  running={'THEOREM': 811, 'LINEAR': 1304, 'SOLVED_FMB': 70, 'HARD_NONLINEAR': 6}
[2192] order5big_17531: LINEAR (0.0s)  running={'THEOREM': 811, 'LINEAR': 1305, 'SOLVED_FMB': 70, 'HARD_NONLINEAR': 6}
[2193] order5big_17539: LINEAR (0.0s)  running={'THEOREM': 811, 'LINEAR': 1306, 'SOLVED_FMB': 70, 'HARD_NONLINEAR': 6}
[2194] order5big_17547: LINEAR (0.0s)  running={'THEOREM': 811, 'LINEAR': 1307, 'SOLVED_FMB': 70, 'HARD_NONLINEAR': 6}
[2195] order5big_17555: LINEAR (0.0s)  running={'THEOREM': 811, 'LINEAR': 1308, 'SOLVED_FMB': 70, 'HARD_NONLINEAR': 6}
[2196] order5big_17563: LINEAR (0.0s)  running={'THEOREM': 811, 'LINEAR': 1309, 'SOLVED_FMB': 70, 'HARD_NONLINEAR': 6}
[2197] order5big_17571: THEOREM (60.2s)  running={'THEOREM': 812, 'LINEAR': 1309, 'SOLVED_FMB': 70, 'HARD_NONLINEAR': 6}
[2198] order5big_17579: THEOREM (60.2s)  running={'THEOREM': 813, 'LINEAR': 1309, 'SOLVED_FMB': 70, 'HARD_NONLINEAR': 6}
[2199] order5big_17587: LINEAR (0.0s)  running={'THEOREM': 813, 'LINEAR': 1310, 'SOLVED_FMB': 70, 'HARD_NONLINEAR': 6}
[2200] order5big_17595: THEOREM (60.2s)  running={'THEOREM': 814, 'LINEAR': 1310, 'SOLVED_FMB': 70, 'HARD_NONLINEAR': 6}
[2201] order5big_17603: THEOREM (60.2s)  running={'THEOREM': 815, 'LINEAR': 1310, 'SOLVED_FMB': 70, 'HARD_NONLINEAR': 6}
[2202] order5big_17611: THEOREM (60.2s)  running={'THEOREM': 816, 'LINEAR': 1310, 'SOLVED_FMB': 70, 'HARD_NONLINEAR': 6}
[2203] order5big_17619: LINEAR (0.0s)  running={'THEOREM': 816, 'LINEAR': 1311, 'SOLVED_FMB': 70, 'HARD_NONLINEAR': 6}
[2204] order5big_17627: THEOREM (60.2s)  running={'THEOREM': 817, 'LINEAR': 1311, 'SOLVED_FMB': 70, 'HARD_NONLINEAR': 6}
[2205] order5big_17635: LINEAR (0.0s)  running={'THEOREM': 817, 'LINEAR': 1312, 'SOLVED_FMB': 70, 'HARD_NONLINEAR': 6}
[2206] order5big_17643: THEOREM (60.2s)  running={'THEOREM': 818, 'LINEAR': 1312, 'SOLVED_FMB': 70, 'HARD_NONLINEAR': 6}
[2207] order5big_17651: THEOREM (60.2s)  running={'THEOREM': 819, 'LINEAR': 1312, 'SOLVED_FMB': 70, 'HARD_NONLINEAR': 6}
[2208] order5big_17659: LINEAR (0.0s)  running={'THEOREM': 819, 'LINEAR': 1313, 'SOLVED_FMB': 70, 'HARD_NONLINEAR': 6}
[2209] order5big_17667: THEOREM (60.2s)  running={'THEOREM': 820, 'LINEAR': 1313, 'SOLVED_FMB': 70, 'HARD_NONLINEAR': 6}
[2210] order5big_17675: LINEAR (0.0s)  running={'THEOREM': 820, 'LINEAR': 1314, 'SOLVED_FMB': 70, 'HARD_NONLINEAR': 6}
[2211] order5big_17683: LINEAR (0.0s)  running={'THEOREM': 820, 'LINEAR': 1315, 'SOLVED_FMB': 70, 'HARD_NONLINEAR': 6}
[2212] order5big_17691: THEOREM (60.2s)  running={'THEOREM': 821, 'LINEAR': 1315, 'SOLVED_FMB': 70, 'HARD_NONLINEAR': 6}
[2213] order5big_17699: THEOREM (60.5s)  running={'THEOREM': 822, 'LINEAR': 1315, 'SOLVED_FMB': 70, 'HARD_NONLINEAR': 6}
[2214] order5big_17707: THEOREM (60.1s)  running={'THEOREM': 823, 'LINEAR': 1315, 'SOLVED_FMB': 70, 'HARD_NONLINEAR': 6}
[2215] order5big_17715: THEOREM (60.6s)  running={'THEOREM': 824, 'LINEAR': 1315, 'SOLVED_FMB': 70, 'HARD_NONLINEAR': 6}
[2216] order5big_17723: LINEAR (0.1s)  running={'THEOREM': 824, 'LINEAR': 1316, 'SOLVED_FMB': 70, 'HARD_NONLINEAR': 6}
[2217] order5big_17731: LINEAR (0.0s)  running={'THEOREM': 824, 'LINEAR': 1317, 'SOLVED_FMB': 70, 'HARD_NONLINEAR': 6}
[2218] order5big_17739: THEOREM (60.6s)  running={'THEOREM': 825, 'LINEAR': 1317, 'SOLVED_FMB': 70, 'HARD_NONLINEAR': 6}
[2219] order5big_17747: LINEAR (0.0s)  running={'THEOREM': 825, 'LINEAR': 1318, 'SOLVED_FMB': 70, 'HARD_NONLINEAR': 6}
[2220] order5big_17755: LINEAR (0.0s)  running={'THEOREM': 825, 'LINEAR': 1319, 'SOLVED_FMB': 70, 'HARD_NONLINEAR': 6}
[2221] order5big_17763: THEOREM (60.2s)  running={'THEOREM': 826, 'LINEAR': 1319, 'SOLVED_FMB': 70, 'HARD_NONLINEAR': 6}
[2222] order5big_17771: THEOREM (60.2s)  running={'THEOREM': 827, 'LINEAR': 1319, 'SOLVED_FMB': 70, 'HARD_NONLINEAR': 6}
[2223] order5big_17779: SOLVED_FMB (0.1s)  running={'THEOREM': 827, 'LINEAR': 1319, 'SOLVED_FMB': 71, 'HARD_NONLINEAR': 6}
[2224] order5big_17787: LINEAR (0.0s)  running={'THEOREM': 827, 'LINEAR': 1320, 'SOLVED_FMB': 71, 'HARD_NONLINEAR': 6}
[2225] order5big_17795: LINEAR (0.0s)  running={'THEOREM': 827, 'LINEAR': 1321, 'SOLVED_FMB': 71, 'HARD_NONLINEAR': 6}
[2226] order5big_17803: LINEAR (0.0s)  running={'THEOREM': 827, 'LINEAR': 1322, 'SOLVED_FMB': 71, 'HARD_NONLINEAR': 6}
[2227] order5big_17811: LINEAR (0.0s)  running={'THEOREM': 827, 'LINEAR': 1323, 'SOLVED_FMB': 71, 'HARD_NONLINEAR': 6}
[2228] order5big_17819: LINEAR (0.0s)  running={'THEOREM': 827, 'LINEAR': 1324, 'SOLVED_FMB': 71, 'HARD_NONLINEAR': 6}
[2229] order5big_17827: THEOREM (60.2s)  running={'THEOREM': 828, 'LINEAR': 1324, 'SOLVED_FMB': 71, 'HARD_NONLINEAR': 6}
[2230] order5big_17835: THEOREM (60.4s)  running={'THEOREM': 829, 'LINEAR': 1324, 'SOLVED_FMB': 71, 'HARD_NONLINEAR': 6}
[2231] order5big_17843: LINEAR (0.0s)  running={'THEOREM': 829, 'LINEAR': 1325, 'SOLVED_FMB': 71, 'HARD_NONLINEAR': 6}
[2232] order5big_17851: THEOREM (62.2s)  running={'THEOREM': 830, 'LINEAR': 1325, 'SOLVED_FMB': 71, 'HARD_NONLINEAR': 6}
[2233] order5big_17859: THEOREM (60.1s)  running={'THEOREM': 831, 'LINEAR': 1325, 'SOLVED_FMB': 71, 'HARD_NONLINEAR': 6}
[2234] order5big_17867: LINEAR (0.0s)  running={'THEOREM': 831, 'LINEAR': 1326, 'SOLVED_FMB': 71, 'HARD_NONLINEAR': 6}
[2235] order5big_17875: THEOREM (60.1s)  running={'THEOREM': 832, 'LINEAR': 1326, 'SOLVED_FMB': 71, 'HARD_NONLINEAR': 6}
[2236] order5big_17883: THEOREM (60.2s)  running={'THEOREM': 833, 'LINEAR': 1326, 'SOLVED_FMB': 71, 'HARD_NONLINEAR': 6}
[2237] order5big_17891: LINEAR (0.0s)  running={'THEOREM': 833, 'LINEAR': 1327, 'SOLVED_FMB': 71, 'HARD_NONLINEAR': 6}
[2238] order5big_17899: THEOREM (60.6s)  running={'THEOREM': 834, 'LINEAR': 1327, 'SOLVED_FMB': 71, 'HARD_NONLINEAR': 6}
[2239] order5big_17907: THEOREM (60.2s)  running={'THEOREM': 835, 'LINEAR': 1327, 'SOLVED_FMB': 71, 'HARD_NONLINEAR': 6}
[2240] order5big_17915: LINEAR (0.0s)  running={'THEOREM': 835, 'LINEAR': 1328, 'SOLVED_FMB': 71, 'HARD_NONLINEAR': 6}
[2241] order5big_17923: LINEAR (0.0s)  running={'THEOREM': 835, 'LINEAR': 1329, 'SOLVED_FMB': 71, 'HARD_NONLINEAR': 6}
[2242] order5big_17931: LINEAR (0.0s)  running={'THEOREM': 835, 'LINEAR': 1330, 'SOLVED_FMB': 71, 'HARD_NONLINEAR': 6}
[2243] order5big_17939: LINEAR (0.0s)  running={'THEOREM': 835, 'LINEAR': 1331, 'SOLVED_FMB': 71, 'HARD_NONLINEAR': 6}
[2244] order5big_17947: LINEAR (0.0s)  running={'THEOREM': 835, 'LINEAR': 1332, 'SOLVED_FMB': 71, 'HARD_NONLINEAR': 6}
[2245] order5big_17955: THEOREM (64.1s)  running={'THEOREM': 836, 'LINEAR': 1332, 'SOLVED_FMB': 71, 'HARD_NONLINEAR': 6}
[2246] order5big_17963: LINEAR (0.0s)  running={'THEOREM': 836, 'LINEAR': 1333, 'SOLVED_FMB': 71, 'HARD_NONLINEAR': 6}
[2247] order5big_17971: THEOREM (60.2s)  running={'THEOREM': 837, 'LINEAR': 1333, 'SOLVED_FMB': 71, 'HARD_NONLINEAR': 6}
[2248] order5big_17979: THEOREM (60.4s)  running={'THEOREM': 838, 'LINEAR': 1333, 'SOLVED_FMB': 71, 'HARD_NONLINEAR': 6}
[2249] order5big_17987: THEOREM (60.2s)  running={'THEOREM': 839, 'LINEAR': 1333, 'SOLVED_FMB': 71, 'HARD_NONLINEAR': 6}
[2250] order5big_17995: THEOREM (60.4s)  running={'THEOREM': 840, 'LINEAR': 1333, 'SOLVED_FMB': 71, 'HARD_NONLINEAR': 6}
[2251] order5big_18003: THEOREM (60.4s)  running={'THEOREM': 841, 'LINEAR': 1333, 'SOLVED_FMB': 71, 'HARD_NONLINEAR': 6}
[2252] order5big_18011: LINEAR (0.0s)  running={'THEOREM': 841, 'LINEAR': 1334, 'SOLVED_FMB': 71, 'HARD_NONLINEAR': 6}
[2253] order5big_18019: LINEAR (0.0s)  running={'THEOREM': 841, 'LINEAR': 1335, 'SOLVED_FMB': 71, 'HARD_NONLINEAR': 6}
[2254] order5big_18027: LINEAR (0.0s)  running={'THEOREM': 841, 'LINEAR': 1336, 'SOLVED_FMB': 71, 'HARD_NONLINEAR': 6}
[2255] order5big_18035: LINEAR (0.0s)  running={'THEOREM': 841, 'LINEAR': 1337, 'SOLVED_FMB': 71, 'HARD_NONLINEAR': 6}
[2256] order5big_18043: LINEAR (0.0s)  running={'THEOREM': 841, 'LINEAR': 1338, 'SOLVED_FMB': 71, 'HARD_NONLINEAR': 6}
[2257] order5big_18051: LINEAR (0.0s)  running={'THEOREM': 841, 'LINEAR': 1339, 'SOLVED_FMB': 71, 'HARD_NONLINEAR': 6}
[2258] order5big_18059: THEOREM (60.2s)  running={'THEOREM': 842, 'LINEAR': 1339, 'SOLVED_FMB': 71, 'HARD_NONLINEAR': 6}
[2259] order5big_18067: LINEAR (0.0s)  running={'THEOREM': 842, 'LINEAR': 1340, 'SOLVED_FMB': 71, 'HARD_NONLINEAR': 6}
[2260] order5big_18075: THEOREM (0.9s)  running={'THEOREM': 843, 'LINEAR': 1340, 'SOLVED_FMB': 71, 'HARD_NONLINEAR': 6}
[2261] order5big_18083: THEOREM (60.2s)  running={'THEOREM': 844, 'LINEAR': 1340, 'SOLVED_FMB': 71, 'HARD_NONLINEAR': 6}
[2262] order5big_18091: THEOREM (60.2s)  running={'THEOREM': 845, 'LINEAR': 1340, 'SOLVED_FMB': 71, 'HARD_NONLINEAR': 6}
[2263] order5big_18099: LINEAR (0.0s)  running={'THEOREM': 845, 'LINEAR': 1341, 'SOLVED_FMB': 71, 'HARD_NONLINEAR': 6}
[2264] order5big_18107: THEOREM (60.2s)  running={'THEOREM': 846, 'LINEAR': 1341, 'SOLVED_FMB': 71, 'HARD_NONLINEAR': 6}
[2265] order5big_18115: LINEAR (0.0s)  running={'THEOREM': 846, 'LINEAR': 1342, 'SOLVED_FMB': 71, 'HARD_NONLINEAR': 6}
[2266] order5big_18123: LINEAR (0.0s)  running={'THEOREM': 846, 'LINEAR': 1343, 'SOLVED_FMB': 71, 'HARD_NONLINEAR': 6}
[2267] order5big_18131: LINEAR (0.0s)  running={'THEOREM': 846, 'LINEAR': 1344, 'SOLVED_FMB': 71, 'HARD_NONLINEAR': 6}
[2268] order5big_18139: LINEAR (0.0s)  running={'THEOREM': 846, 'LINEAR': 1345, 'SOLVED_FMB': 71, 'HARD_NONLINEAR': 6}
[2269] order5big_18147: THEOREM (60.2s)  running={'THEOREM': 847, 'LINEAR': 1345, 'SOLVED_FMB': 71, 'HARD_NONLINEAR': 6}
[2270] order5big_18155: LINEAR (0.0s)  running={'THEOREM': 847, 'LINEAR': 1346, 'SOLVED_FMB': 71, 'HARD_NONLINEAR': 6}
[2271] order5big_18163: THEOREM (60.2s)  running={'THEOREM': 848, 'LINEAR': 1346, 'SOLVED_FMB': 71, 'HARD_NONLINEAR': 6}
[2272] order5big_18171: LINEAR (0.0s)  running={'THEOREM': 848, 'LINEAR': 1347, 'SOLVED_FMB': 71, 'HARD_NONLINEAR': 6}
[2273] order5big_18179: THEOREM (72.4s)  running={'THEOREM': 849, 'LINEAR': 1347, 'SOLVED_FMB': 71, 'HARD_NONLINEAR': 6}
[2274] order5big_18187: LINEAR (0.0s)  running={'THEOREM': 849, 'LINEAR': 1348, 'SOLVED_FMB': 71, 'HARD_NONLINEAR': 6}
[2275] order5big_18195: LINEAR (0.0s)  running={'THEOREM': 849, 'LINEAR': 1349, 'SOLVED_FMB': 71, 'HARD_NONLINEAR': 6}
[2276] order5big_18203: SOLVED_FMB (0.1s)  running={'THEOREM': 849, 'LINEAR': 1349, 'SOLVED_FMB': 72, 'HARD_NONLINEAR': 6}
[2277] order5big_18211: THEOREM (72.6s)  running={'THEOREM': 850, 'LINEAR': 1349, 'SOLVED_FMB': 72, 'HARD_NONLINEAR': 6}
[2278] order5big_18219: LINEAR (0.0s)  running={'THEOREM': 850, 'LINEAR': 1350, 'SOLVED_FMB': 72, 'HARD_NONLINEAR': 6}
[2279] order5big_18227: LINEAR (0.0s)  running={'THEOREM': 850, 'LINEAR': 1351, 'SOLVED_FMB': 72, 'HARD_NONLINEAR': 6}
[2280] order5big_18235: LINEAR (0.0s)  running={'THEOREM': 850, 'LINEAR': 1352, 'SOLVED_FMB': 72, 'HARD_NONLINEAR': 6}
[2281] order5big_18243: THEOREM (60.2s)  running={'THEOREM': 851, 'LINEAR': 1352, 'SOLVED_FMB': 72, 'HARD_NONLINEAR': 6}
[2282] order5big_18251: LINEAR (0.0s)  running={'THEOREM': 851, 'LINEAR': 1353, 'SOLVED_FMB': 72, 'HARD_NONLINEAR': 6}
[2283] order5big_18259: LINEAR (0.0s)  running={'THEOREM': 851, 'LINEAR': 1354, 'SOLVED_FMB': 72, 'HARD_NONLINEAR': 6}
[2284] order5big_18267: LINEAR (0.0s)  running={'THEOREM': 851, 'LINEAR': 1355, 'SOLVED_FMB': 72, 'HARD_NONLINEAR': 6}
[2285] order5big_18275: THEOREM (60.2s)  running={'THEOREM': 852, 'LINEAR': 1355, 'SOLVED_FMB': 72, 'HARD_NONLINEAR': 6}
[2286] order5big_18283: SOLVED_FMB (2.1s)  running={'THEOREM': 852, 'LINEAR': 1355, 'SOLVED_FMB': 73, 'HARD_NONLINEAR': 6}
[2287] order5big_18291: THEOREM (60.6s)  running={'THEOREM': 853, 'LINEAR': 1355, 'SOLVED_FMB': 73, 'HARD_NONLINEAR': 6}
[2288] order5big_18299: LINEAR (0.0s)  running={'THEOREM': 853, 'LINEAR': 1356, 'SOLVED_FMB': 73, 'HARD_NONLINEAR': 6}
[2289] order5big_18307: THEOREM (60.2s)  running={'THEOREM': 854, 'LINEAR': 1356, 'SOLVED_FMB': 73, 'HARD_NONLINEAR': 6}
[2290] order5big_18315: LINEAR (0.0s)  running={'THEOREM': 854, 'LINEAR': 1357, 'SOLVED_FMB': 73, 'HARD_NONLINEAR': 6}
[2291] order5big_18323: LINEAR (0.0s)  running={'THEOREM': 854, 'LINEAR': 1358, 'SOLVED_FMB': 73, 'HARD_NONLINEAR': 6}
[2292] order5big_18331: LINEAR (0.0s)  running={'THEOREM': 854, 'LINEAR': 1359, 'SOLVED_FMB': 73, 'HARD_NONLINEAR': 6}
[2293] order5big_18339: LINEAR (0.0s)  running={'THEOREM': 854, 'LINEAR': 1360, 'SOLVED_FMB': 73, 'HARD_NONLINEAR': 6}
[2294] order5big_18347: LINEAR (0.0s)  running={'THEOREM': 854, 'LINEAR': 1361, 'SOLVED_FMB': 73, 'HARD_NONLINEAR': 6}
[2295] order5big_18355: LINEAR (0.0s)  running={'THEOREM': 854, 'LINEAR': 1362, 'SOLVED_FMB': 73, 'HARD_NONLINEAR': 6}
[2296] order5big_18363: SOLVED_FMB (0.1s)  running={'THEOREM': 854, 'LINEAR': 1362, 'SOLVED_FMB': 74, 'HARD_NONLINEAR': 6}
[2297] order5big_18371: THEOREM (60.5s)  running={'THEOREM': 855, 'LINEAR': 1362, 'SOLVED_FMB': 74, 'HARD_NONLINEAR': 6}
[2298] order5big_18379: THEOREM (60.2s)  running={'THEOREM': 856, 'LINEAR': 1362, 'SOLVED_FMB': 74, 'HARD_NONLINEAR': 6}
[2299] order5big_18387: THEOREM (62.9s)  running={'THEOREM': 857, 'LINEAR': 1362, 'SOLVED_FMB': 74, 'HARD_NONLINEAR': 6}
[2300] order5big_18395: THEOREM (60.4s)  running={'THEOREM': 858, 'LINEAR': 1362, 'SOLVED_FMB': 74, 'HARD_NONLINEAR': 6}
[2301] order5big_18403: THEOREM (60.5s)  running={'THEOREM': 859, 'LINEAR': 1362, 'SOLVED_FMB': 74, 'HARD_NONLINEAR': 6}
[2302] order5big_18411: LINEAR (0.0s)  running={'THEOREM': 859, 'LINEAR': 1363, 'SOLVED_FMB': 74, 'HARD_NONLINEAR': 6}
[2303] order5big_18419: LINEAR (0.0s)  running={'THEOREM': 859, 'LINEAR': 1364, 'SOLVED_FMB': 74, 'HARD_NONLINEAR': 6}
[2304] order5big_18427: THEOREM (61.9s)  running={'THEOREM': 860, 'LINEAR': 1364, 'SOLVED_FMB': 74, 'HARD_NONLINEAR': 6}
[2305] order5big_18435: THEOREM (60.2s)  running={'THEOREM': 861, 'LINEAR': 1364, 'SOLVED_FMB': 74, 'HARD_NONLINEAR': 6}
[2306] order5big_18443: LINEAR (0.0s)  running={'THEOREM': 861, 'LINEAR': 1365, 'SOLVED_FMB': 74, 'HARD_NONLINEAR': 6}
[2307] order5big_18451: THEOREM (60.3s)  running={'THEOREM': 862, 'LINEAR': 1365, 'SOLVED_FMB': 74, 'HARD_NONLINEAR': 6}
[2308] order5big_18459: LINEAR (0.0s)  running={'THEOREM': 862, 'LINEAR': 1366, 'SOLVED_FMB': 74, 'HARD_NONLINEAR': 6}
[2309] order5big_18467: THEOREM (62.0s)  running={'THEOREM': 863, 'LINEAR': 1366, 'SOLVED_FMB': 74, 'HARD_NONLINEAR': 6}
[2310] order5big_18475: LINEAR (0.0s)  running={'THEOREM': 863, 'LINEAR': 1367, 'SOLVED_FMB': 74, 'HARD_NONLINEAR': 6}
[2311] order5big_18483: LINEAR (0.0s)  running={'THEOREM': 863, 'LINEAR': 1368, 'SOLVED_FMB': 74, 'HARD_NONLINEAR': 6}
[2312] order5big_18491: LINEAR (0.0s)  running={'THEOREM': 863, 'LINEAR': 1369, 'SOLVED_FMB': 74, 'HARD_NONLINEAR': 6}
[2313] order5big_18499: LINEAR (0.0s)  running={'THEOREM': 863, 'LINEAR': 1370, 'SOLVED_FMB': 74, 'HARD_NONLINEAR': 6}
[2314] order5big_18507: LINEAR (0.0s)  running={'THEOREM': 863, 'LINEAR': 1371, 'SOLVED_FMB': 74, 'HARD_NONLINEAR': 6}
[2315] order5big_18515: LINEAR (0.0s)  running={'THEOREM': 863, 'LINEAR': 1372, 'SOLVED_FMB': 74, 'HARD_NONLINEAR': 6}
[2316] order5big_18523: LINEAR (0.0s)  running={'THEOREM': 863, 'LINEAR': 1373, 'SOLVED_FMB': 74, 'HARD_NONLINEAR': 6}
[2317] order5big_18531: LINEAR (0.0s)  running={'THEOREM': 863, 'LINEAR': 1374, 'SOLVED_FMB': 74, 'HARD_NONLINEAR': 6}
[2318] order5big_18539: SOLVED_FMB (0.6s)  running={'THEOREM': 863, 'LINEAR': 1374, 'SOLVED_FMB': 75, 'HARD_NONLINEAR': 6}
[2319] order5big_18547: THEOREM (60.2s)  running={'THEOREM': 864, 'LINEAR': 1374, 'SOLVED_FMB': 75, 'HARD_NONLINEAR': 6}
[2320] order5big_18555: SOLVED_FMB (17.2s)  running={'THEOREM': 864, 'LINEAR': 1374, 'SOLVED_FMB': 76, 'HARD_NONLINEAR': 6}
[2321] order5big_18563: SOLVED_FMB (0.1s)  running={'THEOREM': 864, 'LINEAR': 1374, 'SOLVED_FMB': 77, 'HARD_NONLINEAR': 6}
[2322] order5big_18571: THEOREM (60.2s)  running={'THEOREM': 865, 'LINEAR': 1374, 'SOLVED_FMB': 77, 'HARD_NONLINEAR': 6}
[2323] order5big_18579: THEOREM (44.2s)  running={'THEOREM': 866, 'LINEAR': 1374, 'SOLVED_FMB': 77, 'HARD_NONLINEAR': 6}
[2324] order5big_18587: LINEAR (0.0s)  running={'THEOREM': 866, 'LINEAR': 1375, 'SOLVED_FMB': 77, 'HARD_NONLINEAR': 6}
[2325] order5big_18595: LINEAR (0.0s)  running={'THEOREM': 866, 'LINEAR': 1376, 'SOLVED_FMB': 77, 'HARD_NONLINEAR': 6}
[2326] order5big_18603: LINEAR (0.0s)  running={'THEOREM': 866, 'LINEAR': 1377, 'SOLVED_FMB': 77, 'HARD_NONLINEAR': 6}
[2327] order5big_18611: THEOREM (60.2s)  running={'THEOREM': 867, 'LINEAR': 1377, 'SOLVED_FMB': 77, 'HARD_NONLINEAR': 6}
[2328] order5big_18619: LINEAR (0.0s)  running={'THEOREM': 867, 'LINEAR': 1378, 'SOLVED_FMB': 77, 'HARD_NONLINEAR': 6}
[2329] order5big_18627: LINEAR (0.0s)  running={'THEOREM': 867, 'LINEAR': 1379, 'SOLVED_FMB': 77, 'HARD_NONLINEAR': 6}
[2330] order5big_18635: LINEAR (0.0s)  running={'THEOREM': 867, 'LINEAR': 1380, 'SOLVED_FMB': 77, 'HARD_NONLINEAR': 6}
[2331] order5big_18643: LINEAR (0.0s)  running={'THEOREM': 867, 'LINEAR': 1381, 'SOLVED_FMB': 77, 'HARD_NONLINEAR': 6}
[2332] order5big_18651: LINEAR (0.0s)  running={'THEOREM': 867, 'LINEAR': 1382, 'SOLVED_FMB': 77, 'HARD_NONLINEAR': 6}
[2333] order5big_18659: LINEAR (0.0s)  running={'THEOREM': 867, 'LINEAR': 1383, 'SOLVED_FMB': 77, 'HARD_NONLINEAR': 6}
[2334] order5big_18667: LINEAR (0.0s)  running={'THEOREM': 867, 'LINEAR': 1384, 'SOLVED_FMB': 77, 'HARD_NONLINEAR': 6}
[2335] order5big_18675: THEOREM (85.0s)  running={'THEOREM': 868, 'LINEAR': 1384, 'SOLVED_FMB': 77, 'HARD_NONLINEAR': 6}
[2336] order5big_18683: LINEAR (0.0s)  running={'THEOREM': 868, 'LINEAR': 1385, 'SOLVED_FMB': 77, 'HARD_NONLINEAR': 6}
[2337] order5big_18691: LINEAR (0.0s)  running={'THEOREM': 868, 'LINEAR': 1386, 'SOLVED_FMB': 77, 'HARD_NONLINEAR': 6}
[2338] order5big_18699: LINEAR (0.0s)  running={'THEOREM': 868, 'LINEAR': 1387, 'SOLVED_FMB': 77, 'HARD_NONLINEAR': 6}
[2339] order5big_18707: THEOREM (62.4s)  running={'THEOREM': 869, 'LINEAR': 1387, 'SOLVED_FMB': 77, 'HARD_NONLINEAR': 6}
[2340] order5big_18715: LINEAR (0.0s)  running={'THEOREM': 869, 'LINEAR': 1388, 'SOLVED_FMB': 77, 'HARD_NONLINEAR': 6}
[2341] order5big_18723: THEOREM (3.0s)  running={'THEOREM': 870, 'LINEAR': 1388, 'SOLVED_FMB': 77, 'HARD_NONLINEAR': 6}
[2342] order5big_18731: THEOREM (60.2s)  running={'THEOREM': 871, 'LINEAR': 1388, 'SOLVED_FMB': 77, 'HARD_NONLINEAR': 6}
[2343] order5big_18739: THEOREM (60.4s)  running={'THEOREM': 872, 'LINEAR': 1388, 'SOLVED_FMB': 77, 'HARD_NONLINEAR': 6}
[2344] order5big_18747: LINEAR (0.0s)  running={'THEOREM': 872, 'LINEAR': 1389, 'SOLVED_FMB': 77, 'HARD_NONLINEAR': 6}
[2345] order5big_18755: THEOREM (60.4s)  running={'THEOREM': 873, 'LINEAR': 1389, 'SOLVED_FMB': 77, 'HARD_NONLINEAR': 6}
[2346] order5big_18763: THEOREM (60.2s)  running={'THEOREM': 874, 'LINEAR': 1389, 'SOLVED_FMB': 77, 'HARD_NONLINEAR': 6}
[2347] order5big_18771: LINEAR (0.0s)  running={'THEOREM': 874, 'LINEAR': 1390, 'SOLVED_FMB': 77, 'HARD_NONLINEAR': 6}
[2348] order5big_18779: LINEAR (0.0s)  running={'THEOREM': 874, 'LINEAR': 1391, 'SOLVED_FMB': 77, 'HARD_NONLINEAR': 6}
[2349] order5big_18787: THEOREM (64.9s)  running={'THEOREM': 875, 'LINEAR': 1391, 'SOLVED_FMB': 77, 'HARD_NONLINEAR': 6}
[2350] order5big_18795: LINEAR (0.0s)  running={'THEOREM': 875, 'LINEAR': 1392, 'SOLVED_FMB': 77, 'HARD_NONLINEAR': 6}
[2351] order5big_18803: THEOREM (60.1s)  running={'THEOREM': 876, 'LINEAR': 1392, 'SOLVED_FMB': 77, 'HARD_NONLINEAR': 6}
[2352] order5big_18811: THEOREM (60.2s)  running={'THEOREM': 877, 'LINEAR': 1392, 'SOLVED_FMB': 77, 'HARD_NONLINEAR': 6}
[2353] order5big_18819: LINEAR (0.0s)  running={'THEOREM': 877, 'LINEAR': 1393, 'SOLVED_FMB': 77, 'HARD_NONLINEAR': 6}
[2354] order5big_18827: THEOREM (60.4s)  running={'THEOREM': 878, 'LINEAR': 1393, 'SOLVED_FMB': 77, 'HARD_NONLINEAR': 6}
[2355] order5big_18835: THEOREM (60.2s)  running={'THEOREM': 879, 'LINEAR': 1393, 'SOLVED_FMB': 77, 'HARD_NONLINEAR': 6}
[2356] order5big_18843: LINEAR (0.0s)  running={'THEOREM': 879, 'LINEAR': 1394, 'SOLVED_FMB': 77, 'HARD_NONLINEAR': 6}
[2357] order5big_18851: LINEAR (0.0s)  running={'THEOREM': 879, 'LINEAR': 1395, 'SOLVED_FMB': 77, 'HARD_NONLINEAR': 6}
[2358] order5big_18859: LINEAR (0.0s)  running={'THEOREM': 879, 'LINEAR': 1396, 'SOLVED_FMB': 77, 'HARD_NONLINEAR': 6}
[2359] order5big_18867: LINEAR (0.0s)  running={'THEOREM': 879, 'LINEAR': 1397, 'SOLVED_FMB': 77, 'HARD_NONLINEAR': 6}
[2360] order5big_18875: LINEAR (0.0s)  running={'THEOREM': 879, 'LINEAR': 1398, 'SOLVED_FMB': 77, 'HARD_NONLINEAR': 6}
[2361] order5big_18883: LINEAR (0.0s)  running={'THEOREM': 879, 'LINEAR': 1399, 'SOLVED_FMB': 77, 'HARD_NONLINEAR': 6}
[2362] order5big_18891: LINEAR (0.0s)  running={'THEOREM': 879, 'LINEAR': 1400, 'SOLVED_FMB': 77, 'HARD_NONLINEAR': 6}
[2363] order5big_18899: LINEAR (0.0s)  running={'THEOREM': 879, 'LINEAR': 1401, 'SOLVED_FMB': 77, 'HARD_NONLINEAR': 6}
[2364] order5big_18907: THEOREM (62.4s)  running={'THEOREM': 880, 'LINEAR': 1401, 'SOLVED_FMB': 77, 'HARD_NONLINEAR': 6}
[2365] order5big_18915: THEOREM (60.2s)  running={'THEOREM': 881, 'LINEAR': 1401, 'SOLVED_FMB': 77, 'HARD_NONLINEAR': 6}
[2366] order5big_18923: THEOREM (60.2s)  running={'THEOREM': 882, 'LINEAR': 1401, 'SOLVED_FMB': 77, 'HARD_NONLINEAR': 6}
[2367] order5big_18931: LINEAR (0.0s)  running={'THEOREM': 882, 'LINEAR': 1402, 'SOLVED_FMB': 77, 'HARD_NONLINEAR': 6}
[2368] order5big_18939: THEOREM (60.9s)  running={'THEOREM': 883, 'LINEAR': 1402, 'SOLVED_FMB': 77, 'HARD_NONLINEAR': 6}
[2369] order5big_18947: THEOREM (62.9s)  running={'THEOREM': 884, 'LINEAR': 1402, 'SOLVED_FMB': 77, 'HARD_NONLINEAR': 6}
[2370] order5big_18955: LINEAR (0.0s)  running={'THEOREM': 884, 'LINEAR': 1403, 'SOLVED_FMB': 77, 'HARD_NONLINEAR': 6}
[2371] order5big_18963: LINEAR (0.0s)  running={'THEOREM': 884, 'LINEAR': 1404, 'SOLVED_FMB': 77, 'HARD_NONLINEAR': 6}
[2372] order5big_18971: LINEAR (0.0s)  running={'THEOREM': 884, 'LINEAR': 1405, 'SOLVED_FMB': 77, 'HARD_NONLINEAR': 6}
[2373] order5big_18979: THEOREM (60.2s)  running={'THEOREM': 885, 'LINEAR': 1405, 'SOLVED_FMB': 77, 'HARD_NONLINEAR': 6}
[2374] order5big_18987: SOLVED_FMB (0.3s)  running={'THEOREM': 885, 'LINEAR': 1405, 'SOLVED_FMB': 78, 'HARD_NONLINEAR': 6}
[2375] order5big_18995: LINEAR (0.0s)  running={'THEOREM': 885, 'LINEAR': 1406, 'SOLVED_FMB': 78, 'HARD_NONLINEAR': 6}
[2376] order5big_19003: THEOREM (60.2s)  running={'THEOREM': 886, 'LINEAR': 1406, 'SOLVED_FMB': 78, 'HARD_NONLINEAR': 6}
[2377] order5big_19011: THEOREM (60.2s)  running={'THEOREM': 887, 'LINEAR': 1406, 'SOLVED_FMB': 78, 'HARD_NONLINEAR': 6}
[2378] order5big_19019: LINEAR (0.0s)  running={'THEOREM': 887, 'LINEAR': 1407, 'SOLVED_FMB': 78, 'HARD_NONLINEAR': 6}
[2379] order5big_19027: LINEAR (0.0s)  running={'THEOREM': 887, 'LINEAR': 1408, 'SOLVED_FMB': 78, 'HARD_NONLINEAR': 6}
[2380] order5big_19035: LINEAR (0.0s)  running={'THEOREM': 887, 'LINEAR': 1409, 'SOLVED_FMB': 78, 'HARD_NONLINEAR': 6}
[2381] order5big_19043: LINEAR (0.0s)  running={'THEOREM': 887, 'LINEAR': 1410, 'SOLVED_FMB': 78, 'HARD_NONLINEAR': 6}
[2382] order5big_19051: LINEAR (0.0s)  running={'THEOREM': 887, 'LINEAR': 1411, 'SOLVED_FMB': 78, 'HARD_NONLINEAR': 6}
[2383] order5big_19059: THEOREM (60.3s)  running={'THEOREM': 888, 'LINEAR': 1411, 'SOLVED_FMB': 78, 'HARD_NONLINEAR': 6}
[2384] order5big_19067: SOLVED_FMB (149.2s)  running={'THEOREM': 888, 'LINEAR': 1411, 'SOLVED_FMB': 79, 'HARD_NONLINEAR': 6}
[2385] order5big_19075: LINEAR (0.0s)  running={'THEOREM': 888, 'LINEAR': 1412, 'SOLVED_FMB': 79, 'HARD_NONLINEAR': 6}
[2386] order5big_19083: LINEAR (0.0s)  running={'THEOREM': 888, 'LINEAR': 1413, 'SOLVED_FMB': 79, 'HARD_NONLINEAR': 6}
[2387] order5big_19091: LINEAR (0.0s)  running={'THEOREM': 888, 'LINEAR': 1414, 'SOLVED_FMB': 79, 'HARD_NONLINEAR': 6}
[2388] order5big_19099: LINEAR (0.0s)  running={'THEOREM': 888, 'LINEAR': 1415, 'SOLVED_FMB': 79, 'HARD_NONLINEAR': 6}
[2389] order5big_19107: THEOREM (60.2s)  running={'THEOREM': 889, 'LINEAR': 1415, 'SOLVED_FMB': 79, 'HARD_NONLINEAR': 6}
[2390] order5big_19115: THEOREM (60.6s)  running={'THEOREM': 890, 'LINEAR': 1415, 'SOLVED_FMB': 79, 'HARD_NONLINEAR': 6}
[2391] order5big_19123: LINEAR (0.0s)  running={'THEOREM': 890, 'LINEAR': 1416, 'SOLVED_FMB': 79, 'HARD_NONLINEAR': 6}
[2392] order5big_19131: SOLVED_FMB (12.4s)  running={'THEOREM': 890, 'LINEAR': 1416, 'SOLVED_FMB': 80, 'HARD_NONLINEAR': 6}
[2393] order5big_19139: LINEAR (0.0s)  running={'THEOREM': 890, 'LINEAR': 1417, 'SOLVED_FMB': 80, 'HARD_NONLINEAR': 6}
[2394] order5big_19147: LINEAR (0.0s)  running={'THEOREM': 890, 'LINEAR': 1418, 'SOLVED_FMB': 80, 'HARD_NONLINEAR': 6}
[2395] order5big_19155: THEOREM (60.4s)  running={'THEOREM': 891, 'LINEAR': 1418, 'SOLVED_FMB': 80, 'HARD_NONLINEAR': 6}
[2396] order5big_19163: LINEAR (0.0s)  running={'THEOREM': 891, 'LINEAR': 1419, 'SOLVED_FMB': 80, 'HARD_NONLINEAR': 6}
[2397] order5big_19171: LINEAR (0.0s)  running={'THEOREM': 891, 'LINEAR': 1420, 'SOLVED_FMB': 80, 'HARD_NONLINEAR': 6}
[2398] order5big_19179: LINEAR (0.0s)  running={'THEOREM': 891, 'LINEAR': 1421, 'SOLVED_FMB': 80, 'HARD_NONLINEAR': 6}
[2399] order5big_19187: LINEAR (0.0s)  running={'THEOREM': 891, 'LINEAR': 1422, 'SOLVED_FMB': 80, 'HARD_NONLINEAR': 6}
[2400] order5big_19195: LINEAR (0.0s)  running={'THEOREM': 891, 'LINEAR': 1423, 'SOLVED_FMB': 80, 'HARD_NONLINEAR': 6}
[2401] order5big_19203: LINEAR (0.0s)  running={'THEOREM': 891, 'LINEAR': 1424, 'SOLVED_FMB': 80, 'HARD_NONLINEAR': 6}
[2402] order5big_19211: LINEAR (0.0s)  running={'THEOREM': 891, 'LINEAR': 1425, 'SOLVED_FMB': 80, 'HARD_NONLINEAR': 6}
[2403] order5big_19219: LINEAR (0.0s)  running={'THEOREM': 891, 'LINEAR': 1426, 'SOLVED_FMB': 80, 'HARD_NONLINEAR': 6}
[2404] order5big_19227: THEOREM (60.5s)  running={'THEOREM': 892, 'LINEAR': 1426, 'SOLVED_FMB': 80, 'HARD_NONLINEAR': 6}
[2405] order5big_19235: LINEAR (0.0s)  running={'THEOREM': 892, 'LINEAR': 1427, 'SOLVED_FMB': 80, 'HARD_NONLINEAR': 6}
[2406] order5big_19243: LINEAR (0.0s)  running={'THEOREM': 892, 'LINEAR': 1428, 'SOLVED_FMB': 80, 'HARD_NONLINEAR': 6}
[2407] order5big_19251: THEOREM (60.2s)  running={'THEOREM': 893, 'LINEAR': 1428, 'SOLVED_FMB': 80, 'HARD_NONLINEAR': 6}
[2408] order5big_19259: THEOREM (60.2s)  running={'THEOREM': 894, 'LINEAR': 1428, 'SOLVED_FMB': 80, 'HARD_NONLINEAR': 6}
[2409] order5big_19267: LINEAR (0.0s)  running={'THEOREM': 894, 'LINEAR': 1429, 'SOLVED_FMB': 80, 'HARD_NONLINEAR': 6}
[2410] order5big_19275: THEOREM (60.2s)  running={'THEOREM': 895, 'LINEAR': 1429, 'SOLVED_FMB': 80, 'HARD_NONLINEAR': 6}
[2411] order5big_19283: LINEAR (0.0s)  running={'THEOREM': 895, 'LINEAR': 1430, 'SOLVED_FMB': 80, 'HARD_NONLINEAR': 6}
[2412] order5big_19291: LINEAR (0.0s)  running={'THEOREM': 895, 'LINEAR': 1431, 'SOLVED_FMB': 80, 'HARD_NONLINEAR': 6}
[2413] order5big_19299: LINEAR (0.0s)  running={'THEOREM': 895, 'LINEAR': 1432, 'SOLVED_FMB': 80, 'HARD_NONLINEAR': 6}
[2414] order5big_19307: LINEAR (0.0s)  running={'THEOREM': 895, 'LINEAR': 1433, 'SOLVED_FMB': 80, 'HARD_NONLINEAR': 6}
[2415] order5big_19315: LINEAR (0.0s)  running={'THEOREM': 895, 'LINEAR': 1434, 'SOLVED_FMB': 80, 'HARD_NONLINEAR': 6}
[2416] order5big_19323: THEOREM (60.2s)  running={'THEOREM': 896, 'LINEAR': 1434, 'SOLVED_FMB': 80, 'HARD_NONLINEAR': 6}
[2417] order5big_19331: THEOREM (60.2s)  running={'THEOREM': 897, 'LINEAR': 1434, 'SOLVED_FMB': 80, 'HARD_NONLINEAR': 6}
[2418] order5big_19339: LINEAR (0.0s)  running={'THEOREM': 897, 'LINEAR': 1435, 'SOLVED_FMB': 80, 'HARD_NONLINEAR': 6}
[2419] order5big_19347: LINEAR (0.0s)  running={'THEOREM': 897, 'LINEAR': 1436, 'SOLVED_FMB': 80, 'HARD_NONLINEAR': 6}
[2420] order5big_19355: LINEAR (0.0s)  running={'THEOREM': 897, 'LINEAR': 1437, 'SOLVED_FMB': 80, 'HARD_NONLINEAR': 6}
[2421] order5big_19363: THEOREM (60.2s)  running={'THEOREM': 898, 'LINEAR': 1437, 'SOLVED_FMB': 80, 'HARD_NONLINEAR': 6}
[2422] order5big_19371: THEOREM (60.7s)  running={'THEOREM': 899, 'LINEAR': 1437, 'SOLVED_FMB': 80, 'HARD_NONLINEAR': 6}
[2423] order5big_19379: LINEAR (0.0s)  running={'THEOREM': 899, 'LINEAR': 1438, 'SOLVED_FMB': 80, 'HARD_NONLINEAR': 6}
[2424] order5big_19387: THEOREM (60.2s)  running={'THEOREM': 900, 'LINEAR': 1438, 'SOLVED_FMB': 80, 'HARD_NONLINEAR': 6}
[2425] order5big_19395: THEOREM (60.2s)  running={'THEOREM': 901, 'LINEAR': 1438, 'SOLVED_FMB': 80, 'HARD_NONLINEAR': 6}
[2426] order5big_19403: THEOREM (62.2s)  running={'THEOREM': 902, 'LINEAR': 1438, 'SOLVED_FMB': 80, 'HARD_NONLINEAR': 6}
[2427] order5big_19411: LINEAR (0.0s)  running={'THEOREM': 902, 'LINEAR': 1439, 'SOLVED_FMB': 80, 'HARD_NONLINEAR': 6}
[2428] order5big_19419: LINEAR (0.0s)  running={'THEOREM': 902, 'LINEAR': 1440, 'SOLVED_FMB': 80, 'HARD_NONLINEAR': 6}
[2429] order5big_19427: LINEAR (0.0s)  running={'THEOREM': 902, 'LINEAR': 1441, 'SOLVED_FMB': 80, 'HARD_NONLINEAR': 6}
[2430] order5big_19435: LINEAR (0.0s)  running={'THEOREM': 902, 'LINEAR': 1442, 'SOLVED_FMB': 80, 'HARD_NONLINEAR': 6}
[2431] order5big_19443: THEOREM (60.6s)  running={'THEOREM': 903, 'LINEAR': 1442, 'SOLVED_FMB': 80, 'HARD_NONLINEAR': 6}
[2432] order5big_19451: THEOREM (62.9s)  running={'THEOREM': 904, 'LINEAR': 1442, 'SOLVED_FMB': 80, 'HARD_NONLINEAR': 6}
[2433] order5big_19459: LINEAR (0.0s)  running={'THEOREM': 904, 'LINEAR': 1443, 'SOLVED_FMB': 80, 'HARD_NONLINEAR': 6}
[2434] order5big_19467: LINEAR (0.0s)  running={'THEOREM': 904, 'LINEAR': 1444, 'SOLVED_FMB': 80, 'HARD_NONLINEAR': 6}
[2435] order5big_19475: LINEAR (0.0s)  running={'THEOREM': 904, 'LINEAR': 1445, 'SOLVED_FMB': 80, 'HARD_NONLINEAR': 6}
[2436] order5big_19483: LINEAR (0.0s)  running={'THEOREM': 904, 'LINEAR': 1446, 'SOLVED_FMB': 80, 'HARD_NONLINEAR': 6}
[2437] order5big_19491: THEOREM (60.2s)  running={'THEOREM': 905, 'LINEAR': 1446, 'SOLVED_FMB': 80, 'HARD_NONLINEAR': 6}
[2438] order5big_19499: LINEAR (0.0s)  running={'THEOREM': 905, 'LINEAR': 1447, 'SOLVED_FMB': 80, 'HARD_NONLINEAR': 6}
[2439] order5big_19507: THEOREM (60.2s)  running={'THEOREM': 906, 'LINEAR': 1447, 'SOLVED_FMB': 80, 'HARD_NONLINEAR': 6}
[2440] order5big_19515: LINEAR (0.0s)  running={'THEOREM': 906, 'LINEAR': 1448, 'SOLVED_FMB': 80, 'HARD_NONLINEAR': 6}
[2441] order5big_19523: LINEAR (0.0s)  running={'THEOREM': 906, 'LINEAR': 1449, 'SOLVED_FMB': 80, 'HARD_NONLINEAR': 6}
[2442] order5big_19531: THEOREM (60.2s)  running={'THEOREM': 907, 'LINEAR': 1449, 'SOLVED_FMB': 80, 'HARD_NONLINEAR': 6}
[2443] order5big_19539: LINEAR (0.0s)  running={'THEOREM': 907, 'LINEAR': 1450, 'SOLVED_FMB': 80, 'HARD_NONLINEAR': 6}
[2444] order5big_19547: THEOREM (60.2s)  running={'THEOREM': 908, 'LINEAR': 1450, 'SOLVED_FMB': 80, 'HARD_NONLINEAR': 6}
[2445] order5big_19555: THEOREM (60.6s)  running={'THEOREM': 909, 'LINEAR': 1450, 'SOLVED_FMB': 80, 'HARD_NONLINEAR': 6}
[2446] order5big_19563: LINEAR (0.0s)  running={'THEOREM': 909, 'LINEAR': 1451, 'SOLVED_FMB': 80, 'HARD_NONLINEAR': 6}
[2447] order5big_19571: HARD_NONLINEAR (120.1s)  running={'THEOREM': 909, 'LINEAR': 1451, 'SOLVED_FMB': 80, 'HARD_NONLINEAR': 7}
[2448] order5big_19579: THEOREM (60.5s)  running={'THEOREM': 910, 'LINEAR': 1451, 'SOLVED_FMB': 80, 'HARD_NONLINEAR': 7}
[2449] order5big_19587: LINEAR (0.0s)  running={'THEOREM': 910, 'LINEAR': 1452, 'SOLVED_FMB': 80, 'HARD_NONLINEAR': 7}
[2450] order5big_19595: THEOREM (60.2s)  running={'THEOREM': 911, 'LINEAR': 1452, 'SOLVED_FMB': 80, 'HARD_NONLINEAR': 7}
[2451] order5big_19603: LINEAR (0.0s)  running={'THEOREM': 911, 'LINEAR': 1453, 'SOLVED_FMB': 80, 'HARD_NONLINEAR': 7}
[2452] order5big_19611: LINEAR (0.0s)  running={'THEOREM': 911, 'LINEAR': 1454, 'SOLVED_FMB': 80, 'HARD_NONLINEAR': 7}
[2453] order5big_19619: LINEAR (0.0s)  running={'THEOREM': 911, 'LINEAR': 1455, 'SOLVED_FMB': 80, 'HARD_NONLINEAR': 7}
[2454] order5big_19627: LINEAR (0.0s)  running={'THEOREM': 911, 'LINEAR': 1456, 'SOLVED_FMB': 80, 'HARD_NONLINEAR': 7}
[2455] order5big_19635: THEOREM (60.1s)  running={'THEOREM': 912, 'LINEAR': 1456, 'SOLVED_FMB': 80, 'HARD_NONLINEAR': 7}
[2456] order5big_19643: LINEAR (0.0s)  running={'THEOREM': 912, 'LINEAR': 1457, 'SOLVED_FMB': 80, 'HARD_NONLINEAR': 7}
[2457] order5big_19651: LINEAR (0.0s)  running={'THEOREM': 912, 'LINEAR': 1458, 'SOLVED_FMB': 80, 'HARD_NONLINEAR': 7}
[2458] order5big_19659: LINEAR (0.0s)  running={'THEOREM': 912, 'LINEAR': 1459, 'SOLVED_FMB': 80, 'HARD_NONLINEAR': 7}
[2459] order5big_19667: SOLVED_FMB (13.3s)  running={'THEOREM': 912, 'LINEAR': 1459, 'SOLVED_FMB': 81, 'HARD_NONLINEAR': 7}
[2460] order5big_19675: LINEAR (0.0s)  running={'THEOREM': 912, 'LINEAR': 1460, 'SOLVED_FMB': 81, 'HARD_NONLINEAR': 7}
[2461] order5big_19683: THEOREM (60.1s)  running={'THEOREM': 913, 'LINEAR': 1460, 'SOLVED_FMB': 81, 'HARD_NONLINEAR': 7}
[2462] order5big_19691: THEOREM (60.5s)  running={'THEOREM': 914, 'LINEAR': 1460, 'SOLVED_FMB': 81, 'HARD_NONLINEAR': 7}
[2463] order5big_19699: THEOREM (60.2s)  running={'THEOREM': 915, 'LINEAR': 1460, 'SOLVED_FMB': 81, 'HARD_NONLINEAR': 7}
[2464] order5big_19707: LINEAR (0.0s)  running={'THEOREM': 915, 'LINEAR': 1461, 'SOLVED_FMB': 81, 'HARD_NONLINEAR': 7}
[2465] order5big_19715: THEOREM (60.2s)  running={'THEOREM': 916, 'LINEAR': 1461, 'SOLVED_FMB': 81, 'HARD_NONLINEAR': 7}
[2466] order5big_19723: LINEAR (0.0s)  running={'THEOREM': 916, 'LINEAR': 1462, 'SOLVED_FMB': 81, 'HARD_NONLINEAR': 7}
[2467] order5big_19731: LINEAR (0.0s)  running={'THEOREM': 916, 'LINEAR': 1463, 'SOLVED_FMB': 81, 'HARD_NONLINEAR': 7}
[2468] order5big_19739: LINEAR (0.0s)  running={'THEOREM': 916, 'LINEAR': 1464, 'SOLVED_FMB': 81, 'HARD_NONLINEAR': 7}
[2469] order5big_19747: LINEAR (0.0s)  running={'THEOREM': 916, 'LINEAR': 1465, 'SOLVED_FMB': 81, 'HARD_NONLINEAR': 7}
[2470] order5big_19755: THEOREM (60.2s)  running={'THEOREM': 917, 'LINEAR': 1465, 'SOLVED_FMB': 81, 'HARD_NONLINEAR': 7}
[2471] order5big_19763: LINEAR (0.0s)  running={'THEOREM': 917, 'LINEAR': 1466, 'SOLVED_FMB': 81, 'HARD_NONLINEAR': 7}
[2472] order5big_19771: LINEAR (0.0s)  running={'THEOREM': 917, 'LINEAR': 1467, 'SOLVED_FMB': 81, 'HARD_NONLINEAR': 7}
[2473] order5big_19779: LINEAR (0.0s)  running={'THEOREM': 917, 'LINEAR': 1468, 'SOLVED_FMB': 81, 'HARD_NONLINEAR': 7}
[2474] order5big_19787: LINEAR (0.0s)  running={'THEOREM': 917, 'LINEAR': 1469, 'SOLVED_FMB': 81, 'HARD_NONLINEAR': 7}
[2475] order5big_19795: THEOREM (73.4s)  running={'THEOREM': 918, 'LINEAR': 1469, 'SOLVED_FMB': 81, 'HARD_NONLINEAR': 7}
[2476] order5big_19803: LINEAR (0.0s)  running={'THEOREM': 918, 'LINEAR': 1470, 'SOLVED_FMB': 81, 'HARD_NONLINEAR': 7}
[2477] order5big_19811: LINEAR (0.0s)  running={'THEOREM': 918, 'LINEAR': 1471, 'SOLVED_FMB': 81, 'HARD_NONLINEAR': 7}
[2478] order5big_19819: THEOREM (60.2s)  running={'THEOREM': 919, 'LINEAR': 1471, 'SOLVED_FMB': 81, 'HARD_NONLINEAR': 7}
[2479] order5big_19827: LINEAR (0.0s)  running={'THEOREM': 919, 'LINEAR': 1472, 'SOLVED_FMB': 81, 'HARD_NONLINEAR': 7}
[2480] order5big_19835: LINEAR (0.0s)  running={'THEOREM': 919, 'LINEAR': 1473, 'SOLVED_FMB': 81, 'HARD_NONLINEAR': 7}
[2481] order5big_19843: THEOREM (60.2s)  running={'THEOREM': 920, 'LINEAR': 1473, 'SOLVED_FMB': 81, 'HARD_NONLINEAR': 7}
[2482] order5big_19851: THEOREM (60.2s)  running={'THEOREM': 921, 'LINEAR': 1473, 'SOLVED_FMB': 81, 'HARD_NONLINEAR': 7}
[2483] order5big_19859: LINEAR (0.0s)  running={'THEOREM': 921, 'LINEAR': 1474, 'SOLVED_FMB': 81, 'HARD_NONLINEAR': 7}
[2484] order5big_19867: LINEAR (0.0s)  running={'THEOREM': 921, 'LINEAR': 1475, 'SOLVED_FMB': 81, 'HARD_NONLINEAR': 7}
[2485] order5big_19875: THEOREM (60.4s)  running={'THEOREM': 922, 'LINEAR': 1475, 'SOLVED_FMB': 81, 'HARD_NONLINEAR': 7}
[2486] order5big_19883: THEOREM (60.2s)  running={'THEOREM': 923, 'LINEAR': 1475, 'SOLVED_FMB': 81, 'HARD_NONLINEAR': 7}
[2487] order5big_19891: LINEAR (0.0s)  running={'THEOREM': 923, 'LINEAR': 1476, 'SOLVED_FMB': 81, 'HARD_NONLINEAR': 7}
[2488] order5big_19899: THEOREM (60.2s)  running={'THEOREM': 924, 'LINEAR': 1476, 'SOLVED_FMB': 81, 'HARD_NONLINEAR': 7}
[2489] order5big_19907: LINEAR (0.0s)  running={'THEOREM': 924, 'LINEAR': 1477, 'SOLVED_FMB': 81, 'HARD_NONLINEAR': 7}
[2490] order5big_19915: THEOREM (62.1s)  running={'THEOREM': 925, 'LINEAR': 1477, 'SOLVED_FMB': 81, 'HARD_NONLINEAR': 7}
[2491] order5big_19923: LINEAR (0.0s)  running={'THEOREM': 925, 'LINEAR': 1478, 'SOLVED_FMB': 81, 'HARD_NONLINEAR': 7}
[2492] order5big_19931: LINEAR (0.0s)  running={'THEOREM': 925, 'LINEAR': 1479, 'SOLVED_FMB': 81, 'HARD_NONLINEAR': 7}
[2493] order5big_19939: LINEAR (0.0s)  running={'THEOREM': 925, 'LINEAR': 1480, 'SOLVED_FMB': 81, 'HARD_NONLINEAR': 7}
[2494] order5big_19947: THEOREM (60.2s)  running={'THEOREM': 926, 'LINEAR': 1480, 'SOLVED_FMB': 81, 'HARD_NONLINEAR': 7}
[2495] order5big_19955: LINEAR (0.0s)  running={'THEOREM': 926, 'LINEAR': 1481, 'SOLVED_FMB': 81, 'HARD_NONLINEAR': 7}
[2496] order5big_19963: THEOREM (60.2s)  running={'THEOREM': 927, 'LINEAR': 1481, 'SOLVED_FMB': 81, 'HARD_NONLINEAR': 7}
[2497] order5big_19971: LINEAR (0.0s)  running={'THEOREM': 927, 'LINEAR': 1482, 'SOLVED_FMB': 81, 'HARD_NONLINEAR': 7}
[2498] order5big_19979: SOLVED_FMB (0.2s)  running={'THEOREM': 927, 'LINEAR': 1482, 'SOLVED_FMB': 82, 'HARD_NONLINEAR': 7}
[2499] order5big_19987: LINEAR (0.0s)  running={'THEOREM': 927, 'LINEAR': 1483, 'SOLVED_FMB': 82, 'HARD_NONLINEAR': 7}
[2500] order5big_19995: LINEAR (0.0s)  running={'THEOREM': 927, 'LINEAR': 1484, 'SOLVED_FMB': 82, 'HARD_NONLINEAR': 7}
done: 2500 new rows -> paper/results/bench_big_shard_2.jsonl; tiers={'THEOREM': 927, 'LINEAR': 1484, 'SOLVED_FMB': 82, 'HARD_NONLINEAR': 7}
