nohup: ignoring input
[1] order5big_0006: THEOREM (60.2s)  running={'THEOREM': 1}
[2] order5big_0014: THEOREM (60.4s)  running={'THEOREM': 2}
[3] order5big_0022: THEOREM (60.2s)  running={'THEOREM': 3}
[4] order5big_0030: THEOREM (60.1s)  running={'THEOREM': 4}
[5] order5big_0038: LINEAR (0.0s)  running={'THEOREM': 4, 'LINEAR': 1}
[6] order5big_0046: THEOREM (60.2s)  running={'THEOREM': 5, 'LINEAR': 1}
[7] order5big_0054: THEOREM (60.2s)  running={'THEOREM': 6, 'LINEAR': 1}
[8] order5big_0062: LINEAR (0.0s)  running={'THEOREM': 6, 'LINEAR': 2}
[9] order5big_0070: LINEAR (0.0s)  running={'THEOREM': 6, 'LINEAR': 3}
[10] order5big_0078: LINEAR (0.0s)  running={'THEOREM': 6, 'LINEAR': 4}
[11] order5big_0086: LINEAR (0.0s)  running={'THEOREM': 6, 'LINEAR': 5}
[12] order5big_0094: THEOREM (60.2s)  running={'THEOREM': 7, 'LINEAR': 5}
[13] order5big_0102: LINEAR (0.0s)  running={'THEOREM': 7, 'LINEAR': 6}
[14] order5big_0110: THEOREM (60.3s)  running={'THEOREM': 8, 'LINEAR': 6}
[15] order5big_0118: SOLVED_FMB (11.6s)  running={'THEOREM': 8, 'LINEAR': 6, 'SOLVED_FMB': 1}
[16] order5big_0126: LINEAR (0.0s)  running={'THEOREM': 8, 'LINEAR': 7, 'SOLVED_FMB': 1}
[17] order5big_0134: LINEAR (0.0s)  running={'THEOREM': 8, 'LINEAR': 8, 'SOLVED_FMB': 1}
[18] order5big_0142: THEOREM (60.2s)  running={'THEOREM': 9, 'LINEAR': 8, 'SOLVED_FMB': 1}
[19] order5big_0150: LINEAR (0.0s)  running={'THEOREM': 9, 'LINEAR': 9, 'SOLVED_FMB': 1}
[20] order5big_0158: SOLVED_FMB (1.2s)  running={'THEOREM': 9, 'LINEAR': 9, 'SOLVED_FMB': 2}
[21] order5big_0166: THEOREM (60.4s)  running={'THEOREM': 10, 'LINEAR': 9, 'SOLVED_FMB': 2}
[22] order5big_0174: THEOREM (60.2s)  running={'THEOREM': 11, 'LINEAR': 9, 'SOLVED_FMB': 2}
[23] order5big_0182: THEOREM (72.7s)  running={'THEOREM': 12, 'LINEAR': 9, 'SOLVED_FMB': 2}
[24] order5big_0190: LINEAR (0.0s)  running={'THEOREM': 12, 'LINEAR': 10, 'SOLVED_FMB': 2}
[25] order5big_0198: THEOREM (60.2s)  running={'THEOREM': 13, 'LINEAR': 10, 'SOLVED_FMB': 2}
[26] order5big_0206: LINEAR (0.0s)  running={'THEOREM': 13, 'LINEAR': 11, 'SOLVED_FMB': 2}
[27] order5big_0214: THEOREM (60.2s)  running={'THEOREM': 14, 'LINEAR': 11, 'SOLVED_FMB': 2}
[28] order5big_0222: THEOREM (60.3s)  running={'THEOREM': 15, 'LINEAR': 11, 'SOLVED_FMB': 2}
[29] order5big_0230: THEOREM (60.2s)  running={'THEOREM': 16, 'LINEAR': 11, 'SOLVED_FMB': 2}
[30] order5big_0238: LINEAR (0.0s)  running={'THEOREM': 16, 'LINEAR': 12, 'SOLVED_FMB': 2}
[31] order5big_0246: THEOREM (60.4s)  running={'THEOREM': 17, 'LINEAR': 12, 'SOLVED_FMB': 2}
[32] order5big_0254: THEOREM (60.4s)  running={'THEOREM': 18, 'LINEAR': 12, 'SOLVED_FMB': 2}
[33] order5big_0262: THEOREM (60.4s)  running={'THEOREM': 19, 'LINEAR': 12, 'SOLVED_FMB': 2}
[34] order5big_0270: THEOREM (65.2s)  running={'THEOREM': 20, 'LINEAR': 12, 'SOLVED_FMB': 2}
[35] order5big_0278: LINEAR (0.0s)  running={'THEOREM': 20, 'LINEAR': 13, 'SOLVED_FMB': 2}
[36] order5big_0286: LINEAR (0.0s)  running={'THEOREM': 20, 'LINEAR': 14, 'SOLVED_FMB': 2}
[37] order5big_0294: SOLVED_FMB (0.3s)  running={'THEOREM': 20, 'LINEAR': 14, 'SOLVED_FMB': 3}
[38] order5big_0302: LINEAR (0.0s)  running={'THEOREM': 20, 'LINEAR': 15, 'SOLVED_FMB': 3}
[39] order5big_0310: THEOREM (60.4s)  running={'THEOREM': 21, 'LINEAR': 15, 'SOLVED_FMB': 3}
[40] order5big_0318: LINEAR (0.0s)  running={'THEOREM': 21, 'LINEAR': 16, 'SOLVED_FMB': 3}
[41] order5big_0326: LINEAR (0.0s)  running={'THEOREM': 21, 'LINEAR': 17, 'SOLVED_FMB': 3}
[42] order5big_0334: LINEAR (0.0s)  running={'THEOREM': 21, 'LINEAR': 18, 'SOLVED_FMB': 3}
[43] order5big_0342: THEOREM (60.2s)  running={'THEOREM': 22, 'LINEAR': 18, 'SOLVED_FMB': 3}
[44] order5big_0350: THEOREM (60.5s)  running={'THEOREM': 23, 'LINEAR': 18, 'SOLVED_FMB': 3}
[45] order5big_0358: HARD_NONLINEAR (120.1s)  running={'THEOREM': 23, 'LINEAR': 18, 'SOLVED_FMB': 3, 'HARD_NONLINEAR': 1}
[46] order5big_0366: THEOREM (39.8s)  running={'THEOREM': 24, 'LINEAR': 18, 'SOLVED_FMB': 3, 'HARD_NONLINEAR': 1}
[47] order5big_0374: THEOREM (60.2s)  running={'THEOREM': 25, 'LINEAR': 18, 'SOLVED_FMB': 3, 'HARD_NONLINEAR': 1}
[48] order5big_0382: LINEAR (0.0s)  running={'THEOREM': 25, 'LINEAR': 19, 'SOLVED_FMB': 3, 'HARD_NONLINEAR': 1}
[49] order5big_0390: LINEAR (0.0s)  running={'THEOREM': 25, 'LINEAR': 20, 'SOLVED_FMB': 3, 'HARD_NONLINEAR': 1}
[50] order5big_0398: THEOREM (61.2s)  running={'THEOREM': 26, 'LINEAR': 20, 'SOLVED_FMB': 3, 'HARD_NONLINEAR': 1}
[51] order5big_0406: THEOREM (60.5s)  running={'THEOREM': 27, 'LINEAR': 20, 'SOLVED_FMB': 3, 'HARD_NONLINEAR': 1}
[52] order5big_0414: LINEAR (0.0s)  running={'THEOREM': 27, 'LINEAR': 21, 'SOLVED_FMB': 3, 'HARD_NONLINEAR': 1}
[53] order5big_0422: THEOREM (60.2s)  running={'THEOREM': 28, 'LINEAR': 21, 'SOLVED_FMB': 3, 'HARD_NONLINEAR': 1}
[54] order5big_0430: LINEAR (0.0s)  running={'THEOREM': 28, 'LINEAR': 22, 'SOLVED_FMB': 3, 'HARD_NONLINEAR': 1}
[55] order5big_0438: LINEAR (0.0s)  running={'THEOREM': 28, 'LINEAR': 23, 'SOLVED_FMB': 3, 'HARD_NONLINEAR': 1}
[56] order5big_0446: THEOREM (60.3s)  running={'THEOREM': 29, 'LINEAR': 23, 'SOLVED_FMB': 3, 'HARD_NONLINEAR': 1}
[57] order5big_0454: THEOREM (60.2s)  running={'THEOREM': 30, 'LINEAR': 23, 'SOLVED_FMB': 3, 'HARD_NONLINEAR': 1}
[58] order5big_0462: THEOREM (61.3s)  running={'THEOREM': 31, 'LINEAR': 23, 'SOLVED_FMB': 3, 'HARD_NONLINEAR': 1}
[59] order5big_0470: THEOREM (60.2s)  running={'THEOREM': 32, 'LINEAR': 23, 'SOLVED_FMB': 3, 'HARD_NONLINEAR': 1}
[60] order5big_0478: THEOREM (60.4s)  running={'THEOREM': 33, 'LINEAR': 23, 'SOLVED_FMB': 3, 'HARD_NONLINEAR': 1}
[61] order5big_0486: THEOREM (1.4s)  running={'THEOREM': 34, 'LINEAR': 23, 'SOLVED_FMB': 3, 'HARD_NONLINEAR': 1}
[62] order5big_0494: LINEAR (0.0s)  running={'THEOREM': 34, 'LINEAR': 24, 'SOLVED_FMB': 3, 'HARD_NONLINEAR': 1}
[63] order5big_0502: LINEAR (0.0s)  running={'THEOREM': 34, 'LINEAR': 25, 'SOLVED_FMB': 3, 'HARD_NONLINEAR': 1}
[64] order5big_0510: LINEAR (0.0s)  running={'THEOREM': 34, 'LINEAR': 26, 'SOLVED_FMB': 3, 'HARD_NONLINEAR': 1}
[65] order5big_0518: THEOREM (60.2s)  running={'THEOREM': 35, 'LINEAR': 26, 'SOLVED_FMB': 3, 'HARD_NONLINEAR': 1}
[66] order5big_0526: LINEAR (0.0s)  running={'THEOREM': 35, 'LINEAR': 27, 'SOLVED_FMB': 3, 'HARD_NONLINEAR': 1}
[67] order5big_0534: HARD_NONLINEAR (120.1s)  running={'THEOREM': 35, 'LINEAR': 27, 'SOLVED_FMB': 3, 'HARD_NONLINEAR': 2}
[68] order5big_0542: THEOREM (60.7s)  running={'THEOREM': 36, 'LINEAR': 27, 'SOLVED_FMB': 3, 'HARD_NONLINEAR': 2}
[69] order5big_0550: THEOREM (63.5s)  running={'THEOREM': 37, 'LINEAR': 27, 'SOLVED_FMB': 3, 'HARD_NONLINEAR': 2}
[70] order5big_0558: LINEAR (0.0s)  running={'THEOREM': 37, 'LINEAR': 28, 'SOLVED_FMB': 3, 'HARD_NONLINEAR': 2}
[71] order5big_0566: LINEAR (0.0s)  running={'THEOREM': 37, 'LINEAR': 29, 'SOLVED_FMB': 3, 'HARD_NONLINEAR': 2}
[72] order5big_0574: LINEAR (0.0s)  running={'THEOREM': 37, 'LINEAR': 30, 'SOLVED_FMB': 3, 'HARD_NONLINEAR': 2}
[73] order5big_0582: LINEAR (0.0s)  running={'THEOREM': 37, 'LINEAR': 31, 'SOLVED_FMB': 3, 'HARD_NONLINEAR': 2}
[74] order5big_0590: LINEAR (0.0s)  running={'THEOREM': 37, 'LINEAR': 32, 'SOLVED_FMB': 3, 'HARD_NONLINEAR': 2}
[75] order5big_0598: LINEAR (0.0s)  running={'THEOREM': 37, 'LINEAR': 33, 'SOLVED_FMB': 3, 'HARD_NONLINEAR': 2}
[76] order5big_0606: LINEAR (0.0s)  running={'THEOREM': 37, 'LINEAR': 34, 'SOLVED_FMB': 3, 'HARD_NONLINEAR': 2}
[77] order5big_0614: LINEAR (0.0s)  running={'THEOREM': 37, 'LINEAR': 35, 'SOLVED_FMB': 3, 'HARD_NONLINEAR': 2}
[78] order5big_0622: LINEAR (0.0s)  running={'THEOREM': 37, 'LINEAR': 36, 'SOLVED_FMB': 3, 'HARD_NONLINEAR': 2}
[79] order5big_0630: THEOREM (60.4s)  running={'THEOREM': 38, 'LINEAR': 36, 'SOLVED_FMB': 3, 'HARD_NONLINEAR': 2}
[80] order5big_0638: THEOREM (60.6s)  running={'THEOREM': 39, 'LINEAR': 36, 'SOLVED_FMB': 3, 'HARD_NONLINEAR': 2}
[81] order5big_0646: LINEAR (0.0s)  running={'THEOREM': 39, 'LINEAR': 37, 'SOLVED_FMB': 3, 'HARD_NONLINEAR': 2}
[82] order5big_0654: LINEAR (0.0s)  running={'THEOREM': 39, 'LINEAR': 38, 'SOLVED_FMB': 3, 'HARD_NONLINEAR': 2}
[83] order5big_0662: THEOREM (60.2s)  running={'THEOREM': 40, 'LINEAR': 38, 'SOLVED_FMB': 3, 'HARD_NONLINEAR': 2}
[84] order5big_0670: LINEAR (0.0s)  running={'THEOREM': 40, 'LINEAR': 39, 'SOLVED_FMB': 3, 'HARD_NONLINEAR': 2}
[85] order5big_0678: THEOREM (60.2s)  running={'THEOREM': 41, 'LINEAR': 39, 'SOLVED_FMB': 3, 'HARD_NONLINEAR': 2}
[86] order5big_0686: LINEAR (0.0s)  running={'THEOREM': 41, 'LINEAR': 40, 'SOLVED_FMB': 3, 'HARD_NONLINEAR': 2}
[87] order5big_0694: LINEAR (0.0s)  running={'THEOREM': 41, 'LINEAR': 41, 'SOLVED_FMB': 3, 'HARD_NONLINEAR': 2}
[88] order5big_0702: THEOREM (15.7s)  running={'THEOREM': 42, 'LINEAR': 41, 'SOLVED_FMB': 3, 'HARD_NONLINEAR': 2}
[89] order5big_0710: LINEAR (0.0s)  running={'THEOREM': 42, 'LINEAR': 42, 'SOLVED_FMB': 3, 'HARD_NONLINEAR': 2}
[90] order5big_0718: THEOREM (60.2s)  running={'THEOREM': 43, 'LINEAR': 42, 'SOLVED_FMB': 3, 'HARD_NONLINEAR': 2}
[91] order5big_0726: LINEAR (0.0s)  running={'THEOREM': 43, 'LINEAR': 43, 'SOLVED_FMB': 3, 'HARD_NONLINEAR': 2}
[92] order5big_0734: LINEAR (0.0s)  running={'THEOREM': 43, 'LINEAR': 44, 'SOLVED_FMB': 3, 'HARD_NONLINEAR': 2}
[93] order5big_0742: LINEAR (0.0s)  running={'THEOREM': 43, 'LINEAR': 45, 'SOLVED_FMB': 3, 'HARD_NONLINEAR': 2}
[94] order5big_0750: THEOREM (60.2s)  running={'THEOREM': 44, 'LINEAR': 45, 'SOLVED_FMB': 3, 'HARD_NONLINEAR': 2}
[95] order5big_0758: THEOREM (60.2s)  running={'THEOREM': 45, 'LINEAR': 45, 'SOLVED_FMB': 3, 'HARD_NONLINEAR': 2}
[96] order5big_0766: THEOREM (60.2s)  running={'THEOREM': 46, 'LINEAR': 45, 'SOLVED_FMB': 3, 'HARD_NONLINEAR': 2}
[97] order5big_0774: LINEAR (0.0s)  running={'THEOREM': 46, 'LINEAR': 46, 'SOLVED_FMB': 3, 'HARD_NONLINEAR': 2}
[98] order5big_0782: LINEAR (0.0s)  running={'THEOREM': 46, 'LINEAR': 47, 'SOLVED_FMB': 3, 'HARD_NONLINEAR': 2}
[99] order5big_0790: LINEAR (0.0s)  running={'THEOREM': 46, 'LINEAR': 48, 'SOLVED_FMB': 3, 'HARD_NONLINEAR': 2}
[100] order5big_0798: THEOREM (4.4s)  running={'THEOREM': 47, 'LINEAR': 48, 'SOLVED_FMB': 3, 'HARD_NONLINEAR': 2}
[101] order5big_0806: LINEAR (0.0s)  running={'THEOREM': 47, 'LINEAR': 49, 'SOLVED_FMB': 3, 'HARD_NONLINEAR': 2}
[102] order5big_0814: THEOREM (60.2s)  running={'THEOREM': 48, 'LINEAR': 49, 'SOLVED_FMB': 3, 'HARD_NONLINEAR': 2}
[103] order5big_0822: LINEAR (0.0s)  running={'THEOREM': 48, 'LINEAR': 50, 'SOLVED_FMB': 3, 'HARD_NONLINEAR': 2}
[104] order5big_0830: LINEAR (0.0s)  running={'THEOREM': 48, 'LINEAR': 51, 'SOLVED_FMB': 3, 'HARD_NONLINEAR': 2}
[105] order5big_0838: THEOREM (60.2s)  running={'THEOREM': 49, 'LINEAR': 51, 'SOLVED_FMB': 3, 'HARD_NONLINEAR': 2}
[106] order5big_0846: THEOREM (199.9s)  running={'THEOREM': 50, 'LINEAR': 51, 'SOLVED_FMB': 3, 'HARD_NONLINEAR': 2}
[107] order5big_0854: THEOREM (60.2s)  running={'THEOREM': 51, 'LINEAR': 51, 'SOLVED_FMB': 3, 'HARD_NONLINEAR': 2}
[108] order5big_0862: LINEAR (0.0s)  running={'THEOREM': 51, 'LINEAR': 52, 'SOLVED_FMB': 3, 'HARD_NONLINEAR': 2}
[109] order5big_0870: LINEAR (0.0s)  running={'THEOREM': 51, 'LINEAR': 53, 'SOLVED_FMB': 3, 'HARD_NONLINEAR': 2}
[110] order5big_0878: THEOREM (203.3s)  running={'THEOREM': 52, 'LINEAR': 53, 'SOLVED_FMB': 3, 'HARD_NONLINEAR': 2}
[111] order5big_0886: LINEAR (0.0s)  running={'THEOREM': 52, 'LINEAR': 54, 'SOLVED_FMB': 3, 'HARD_NONLINEAR': 2}
[112] order5big_0894: LINEAR (0.0s)  running={'THEOREM': 52, 'LINEAR': 55, 'SOLVED_FMB': 3, 'HARD_NONLINEAR': 2}
[113] order5big_0902: LINEAR (0.0s)  running={'THEOREM': 52, 'LINEAR': 56, 'SOLVED_FMB': 3, 'HARD_NONLINEAR': 2}
[114] order5big_0910: THEOREM (60.2s)  running={'THEOREM': 53, 'LINEAR': 56, 'SOLVED_FMB': 3, 'HARD_NONLINEAR': 2}
[115] order5big_0918: LINEAR (0.0s)  running={'THEOREM': 53, 'LINEAR': 57, 'SOLVED_FMB': 3, 'HARD_NONLINEAR': 2}
[116] order5big_0926: LINEAR (0.0s)  running={'THEOREM': 53, 'LINEAR': 58, 'SOLVED_FMB': 3, 'HARD_NONLINEAR': 2}
[117] order5big_0934: THEOREM (61.9s)  running={'THEOREM': 54, 'LINEAR': 58, 'SOLVED_FMB': 3, 'HARD_NONLINEAR': 2}
[118] order5big_0942: LINEAR (0.0s)  running={'THEOREM': 54, 'LINEAR': 59, 'SOLVED_FMB': 3, 'HARD_NONLINEAR': 2}
[119] order5big_0950: THEOREM (60.2s)  running={'THEOREM': 55, 'LINEAR': 59, 'SOLVED_FMB': 3, 'HARD_NONLINEAR': 2}
[120] order5big_0958: LINEAR (0.0s)  running={'THEOREM': 55, 'LINEAR': 60, 'SOLVED_FMB': 3, 'HARD_NONLINEAR': 2}
[121] order5big_0966: LINEAR (0.0s)  running={'THEOREM': 55, 'LINEAR': 61, 'SOLVED_FMB': 3, 'HARD_NONLINEAR': 2}
[122] order5big_0974: LINEAR (0.0s)  running={'THEOREM': 55, 'LINEAR': 62, 'SOLVED_FMB': 3, 'HARD_NONLINEAR': 2}
[123] order5big_0982: LINEAR (0.0s)  running={'THEOREM': 55, 'LINEAR': 63, 'SOLVED_FMB': 3, 'HARD_NONLINEAR': 2}
[124] order5big_0990: SOLVED_FMB (12.5s)  running={'THEOREM': 55, 'LINEAR': 63, 'SOLVED_FMB': 4, 'HARD_NONLINEAR': 2}
[125] order5big_0998: LINEAR (0.0s)  running={'THEOREM': 55, 'LINEAR': 64, 'SOLVED_FMB': 4, 'HARD_NONLINEAR': 2}
[126] order5big_1006: LINEAR (0.0s)  running={'THEOREM': 55, 'LINEAR': 65, 'SOLVED_FMB': 4, 'HARD_NONLINEAR': 2}
[127] order5big_1014: LINEAR (0.0s)  running={'THEOREM': 55, 'LINEAR': 66, 'SOLVED_FMB': 4, 'HARD_NONLINEAR': 2}
[128] order5big_1022: LINEAR (0.0s)  running={'THEOREM': 55, 'LINEAR': 67, 'SOLVED_FMB': 4, 'HARD_NONLINEAR': 2}
[129] order5big_1030: LINEAR (0.0s)  running={'THEOREM': 55, 'LINEAR': 68, 'SOLVED_FMB': 4, 'HARD_NONLINEAR': 2}
[130] order5big_1038: THEOREM (2.5s)  running={'THEOREM': 56, 'LINEAR': 68, 'SOLVED_FMB': 4, 'HARD_NONLINEAR': 2}
[131] order5big_1046: LINEAR (0.0s)  running={'THEOREM': 56, 'LINEAR': 69, 'SOLVED_FMB': 4, 'HARD_NONLINEAR': 2}
[132] order5big_1054: LINEAR (0.0s)  running={'THEOREM': 56, 'LINEAR': 70, 'SOLVED_FMB': 4, 'HARD_NONLINEAR': 2}
[133] order5big_1062: LINEAR (0.0s)  running={'THEOREM': 56, 'LINEAR': 71, 'SOLVED_FMB': 4, 'HARD_NONLINEAR': 2}
[134] order5big_1070: LINEAR (0.0s)  running={'THEOREM': 56, 'LINEAR': 72, 'SOLVED_FMB': 4, 'HARD_NONLINEAR': 2}
[135] order5big_1078: LINEAR (0.0s)  running={'THEOREM': 56, 'LINEAR': 73, 'SOLVED_FMB': 4, 'HARD_NONLINEAR': 2}
[136] order5big_1086: LINEAR (0.0s)  running={'THEOREM': 56, 'LINEAR': 74, 'SOLVED_FMB': 4, 'HARD_NONLINEAR': 2}
[137] order5big_1094: LINEAR (0.0s)  running={'THEOREM': 56, 'LINEAR': 75, 'SOLVED_FMB': 4, 'HARD_NONLINEAR': 2}
[138] order5big_1102: LINEAR (0.0s)  running={'THEOREM': 56, 'LINEAR': 76, 'SOLVED_FMB': 4, 'HARD_NONLINEAR': 2}
[139] order5big_1110: LINEAR (0.0s)  running={'THEOREM': 56, 'LINEAR': 77, 'SOLVED_FMB': 4, 'HARD_NONLINEAR': 2}
[140] order5big_1118: LINEAR (0.0s)  running={'THEOREM': 56, 'LINEAR': 78, 'SOLVED_FMB': 4, 'HARD_NONLINEAR': 2}
[141] order5big_1126: LINEAR (0.0s)  running={'THEOREM': 56, 'LINEAR': 79, 'SOLVED_FMB': 4, 'HARD_NONLINEAR': 2}
[142] order5big_1134: LINEAR (0.0s)  running={'THEOREM': 56, 'LINEAR': 80, 'SOLVED_FMB': 4, 'HARD_NONLINEAR': 2}
[143] order5big_1142: LINEAR (0.0s)  running={'THEOREM': 56, 'LINEAR': 81, 'SOLVED_FMB': 4, 'HARD_NONLINEAR': 2}
[144] order5big_1150: THEOREM (60.7s)  running={'THEOREM': 57, 'LINEAR': 81, 'SOLVED_FMB': 4, 'HARD_NONLINEAR': 2}
[145] order5big_1158: LINEAR (0.0s)  running={'THEOREM': 57, 'LINEAR': 82, 'SOLVED_FMB': 4, 'HARD_NONLINEAR': 2}
[146] order5big_1166: THEOREM (72.5s)  running={'THEOREM': 58, 'LINEAR': 82, 'SOLVED_FMB': 4, 'HARD_NONLINEAR': 2}
[147] order5big_1174: LINEAR (0.0s)  running={'THEOREM': 58, 'LINEAR': 83, 'SOLVED_FMB': 4, 'HARD_NONLINEAR': 2}
[148] order5big_1182: THEOREM (60.2s)  running={'THEOREM': 59, 'LINEAR': 83, 'SOLVED_FMB': 4, 'HARD_NONLINEAR': 2}
[149] order5big_1190: THEOREM (60.1s)  running={'THEOREM': 60, 'LINEAR': 83, 'SOLVED_FMB': 4, 'HARD_NONLINEAR': 2}
[150] order5big_1198: THEOREM (60.2s)  running={'THEOREM': 61, 'LINEAR': 83, 'SOLVED_FMB': 4, 'HARD_NONLINEAR': 2}
[151] order5big_1206: LINEAR (0.0s)  running={'THEOREM': 61, 'LINEAR': 84, 'SOLVED_FMB': 4, 'HARD_NONLINEAR': 2}
[152] order5big_1214: THEOREM (60.2s)  running={'THEOREM': 62, 'LINEAR': 84, 'SOLVED_FMB': 4, 'HARD_NONLINEAR': 2}
[153] order5big_1222: LINEAR (0.0s)  running={'THEOREM': 62, 'LINEAR': 85, 'SOLVED_FMB': 4, 'HARD_NONLINEAR': 2}
[154] order5big_1230: LINEAR (0.0s)  running={'THEOREM': 62, 'LINEAR': 86, 'SOLVED_FMB': 4, 'HARD_NONLINEAR': 2}
[155] order5big_1238: THEOREM (60.2s)  running={'THEOREM': 63, 'LINEAR': 86, 'SOLVED_FMB': 4, 'HARD_NONLINEAR': 2}
[156] order5big_1246: LINEAR (0.0s)  running={'THEOREM': 63, 'LINEAR': 87, 'SOLVED_FMB': 4, 'HARD_NONLINEAR': 2}
[157] order5big_1254: LINEAR (0.0s)  running={'THEOREM': 63, 'LINEAR': 88, 'SOLVED_FMB': 4, 'HARD_NONLINEAR': 2}
[158] order5big_1262: LINEAR (0.0s)  running={'THEOREM': 63, 'LINEAR': 89, 'SOLVED_FMB': 4, 'HARD_NONLINEAR': 2}
[159] order5big_1270: LINEAR (0.0s)  running={'THEOREM': 63, 'LINEAR': 90, 'SOLVED_FMB': 4, 'HARD_NONLINEAR': 2}
[160] order5big_1278: LINEAR (0.0s)  running={'THEOREM': 63, 'LINEAR': 91, 'SOLVED_FMB': 4, 'HARD_NONLINEAR': 2}
[161] order5big_1286: LINEAR (0.0s)  running={'THEOREM': 63, 'LINEAR': 92, 'SOLVED_FMB': 4, 'HARD_NONLINEAR': 2}
[162] order5big_1294: LINEAR (0.0s)  running={'THEOREM': 63, 'LINEAR': 93, 'SOLVED_FMB': 4, 'HARD_NONLINEAR': 2}
[163] order5big_1302: LINEAR (0.0s)  running={'THEOREM': 63, 'LINEAR': 94, 'SOLVED_FMB': 4, 'HARD_NONLINEAR': 2}
[164] order5big_1310: THEOREM (60.3s)  running={'THEOREM': 64, 'LINEAR': 94, 'SOLVED_FMB': 4, 'HARD_NONLINEAR': 2}
[165] order5big_1318: HARD_NONLINEAR (120.2s)  running={'THEOREM': 64, 'LINEAR': 94, 'SOLVED_FMB': 4, 'HARD_NONLINEAR': 3}
[166] order5big_1326: THEOREM (60.2s)  running={'THEOREM': 65, 'LINEAR': 94, 'SOLVED_FMB': 4, 'HARD_NONLINEAR': 3}
[167] order5big_1334: SOLVED_FMB (1.6s)  running={'THEOREM': 65, 'LINEAR': 94, 'SOLVED_FMB': 5, 'HARD_NONLINEAR': 3}
[168] order5big_1342: LINEAR (0.0s)  running={'THEOREM': 65, 'LINEAR': 95, 'SOLVED_FMB': 5, 'HARD_NONLINEAR': 3}
[169] order5big_1350: LINEAR (0.0s)  running={'THEOREM': 65, 'LINEAR': 96, 'SOLVED_FMB': 5, 'HARD_NONLINEAR': 3}
[170] order5big_1358: THEOREM (60.2s)  running={'THEOREM': 66, 'LINEAR': 96, 'SOLVED_FMB': 5, 'HARD_NONLINEAR': 3}
[171] order5big_1366: LINEAR (0.0s)  running={'THEOREM': 66, 'LINEAR': 97, 'SOLVED_FMB': 5, 'HARD_NONLINEAR': 3}
[172] order5big_1374: LINEAR (0.0s)  running={'THEOREM': 66, 'LINEAR': 98, 'SOLVED_FMB': 5, 'HARD_NONLINEAR': 3}
[173] order5big_1382: LINEAR (0.0s)  running={'THEOREM': 66, 'LINEAR': 99, 'SOLVED_FMB': 5, 'HARD_NONLINEAR': 3}
[174] order5big_1390: LINEAR (0.0s)  running={'THEOREM': 66, 'LINEAR': 100, 'SOLVED_FMB': 5, 'HARD_NONLINEAR': 3}
[175] order5big_1398: THEOREM (60.2s)  running={'THEOREM': 67, 'LINEAR': 100, 'SOLVED_FMB': 5, 'HARD_NONLINEAR': 3}
[176] order5big_1406: THEOREM (65.3s)  running={'THEOREM': 68, 'LINEAR': 100, 'SOLVED_FMB': 5, 'HARD_NONLINEAR': 3}
[177] order5big_1414: THEOREM (60.6s)  running={'THEOREM': 69, 'LINEAR': 100, 'SOLVED_FMB': 5, 'HARD_NONLINEAR': 3}
[178] order5big_1422: LINEAR (0.0s)  running={'THEOREM': 69, 'LINEAR': 101, 'SOLVED_FMB': 5, 'HARD_NONLINEAR': 3}
[179] order5big_1430: LINEAR (0.0s)  running={'THEOREM': 69, 'LINEAR': 102, 'SOLVED_FMB': 5, 'HARD_NONLINEAR': 3}
[180] order5big_1438: LINEAR (0.0s)  running={'THEOREM': 69, 'LINEAR': 103, 'SOLVED_FMB': 5, 'HARD_NONLINEAR': 3}
[181] order5big_1446: LINEAR (0.0s)  running={'THEOREM': 69, 'LINEAR': 104, 'SOLVED_FMB': 5, 'HARD_NONLINEAR': 3}
[182] order5big_1454: THEOREM (61.1s)  running={'THEOREM': 70, 'LINEAR': 104, 'SOLVED_FMB': 5, 'HARD_NONLINEAR': 3}
[183] order5big_1462: LINEAR (0.0s)  running={'THEOREM': 70, 'LINEAR': 105, 'SOLVED_FMB': 5, 'HARD_NONLINEAR': 3}
[184] order5big_1470: THEOREM (60.3s)  running={'THEOREM': 71, 'LINEAR': 105, 'SOLVED_FMB': 5, 'HARD_NONLINEAR': 3}
[185] order5big_1478: LINEAR (0.0s)  running={'THEOREM': 71, 'LINEAR': 106, 'SOLVED_FMB': 5, 'HARD_NONLINEAR': 3}
[186] order5big_1486: THEOREM (60.2s)  running={'THEOREM': 72, 'LINEAR': 106, 'SOLVED_FMB': 5, 'HARD_NONLINEAR': 3}
[187] order5big_1494: LINEAR (0.0s)  running={'THEOREM': 72, 'LINEAR': 107, 'SOLVED_FMB': 5, 'HARD_NONLINEAR': 3}
[188] order5big_1502: LINEAR (0.0s)  running={'THEOREM': 72, 'LINEAR': 108, 'SOLVED_FMB': 5, 'HARD_NONLINEAR': 3}
[189] order5big_1510: LINEAR (0.0s)  running={'THEOREM': 72, 'LINEAR': 109, 'SOLVED_FMB': 5, 'HARD_NONLINEAR': 3}
[190] order5big_1518: LINEAR (0.0s)  running={'THEOREM': 72, 'LINEAR': 110, 'SOLVED_FMB': 5, 'HARD_NONLINEAR': 3}
[191] order5big_1526: LINEAR (0.0s)  running={'THEOREM': 72, 'LINEAR': 111, 'SOLVED_FMB': 5, 'HARD_NONLINEAR': 3}
[192] order5big_1534: LINEAR (0.0s)  running={'THEOREM': 72, 'LINEAR': 112, 'SOLVED_FMB': 5, 'HARD_NONLINEAR': 3}
[193] order5big_1542: SOLVED_FMB (0.1s)  running={'THEOREM': 72, 'LINEAR': 112, 'SOLVED_FMB': 6, 'HARD_NONLINEAR': 3}
[194] order5big_1550: LINEAR (0.0s)  running={'THEOREM': 72, 'LINEAR': 113, 'SOLVED_FMB': 6, 'HARD_NONLINEAR': 3}
[195] order5big_1558: LINEAR (0.0s)  running={'THEOREM': 72, 'LINEAR': 114, 'SOLVED_FMB': 6, 'HARD_NONLINEAR': 3}
[196] order5big_1566: LINEAR (0.0s)  running={'THEOREM': 72, 'LINEAR': 115, 'SOLVED_FMB': 6, 'HARD_NONLINEAR': 3}
[197] order5big_1574: LINEAR (0.0s)  running={'THEOREM': 72, 'LINEAR': 116, 'SOLVED_FMB': 6, 'HARD_NONLINEAR': 3}
[198] order5big_1582: LINEAR (0.0s)  running={'THEOREM': 72, 'LINEAR': 117, 'SOLVED_FMB': 6, 'HARD_NONLINEAR': 3}
[199] order5big_1590: THEOREM (60.2s)  running={'THEOREM': 73, 'LINEAR': 117, 'SOLVED_FMB': 6, 'HARD_NONLINEAR': 3}
[200] order5big_1598: THEOREM (60.2s)  running={'THEOREM': 74, 'LINEAR': 117, 'SOLVED_FMB': 6, 'HARD_NONLINEAR': 3}
[201] order5big_1606: LINEAR (0.0s)  running={'THEOREM': 74, 'LINEAR': 118, 'SOLVED_FMB': 6, 'HARD_NONLINEAR': 3}
[202] order5big_1614: LINEAR (0.0s)  running={'THEOREM': 74, 'LINEAR': 119, 'SOLVED_FMB': 6, 'HARD_NONLINEAR': 3}
[203] order5big_1622: LINEAR (0.0s)  running={'THEOREM': 74, 'LINEAR': 120, 'SOLVED_FMB': 6, 'HARD_NONLINEAR': 3}
[204] order5big_1630: THEOREM (60.6s)  running={'THEOREM': 75, 'LINEAR': 120, 'SOLVED_FMB': 6, 'HARD_NONLINEAR': 3}
[205] order5big_1638: LINEAR (0.0s)  running={'THEOREM': 75, 'LINEAR': 121, 'SOLVED_FMB': 6, 'HARD_NONLINEAR': 3}
[206] order5big_1646: THEOREM (61.3s)  running={'THEOREM': 76, 'LINEAR': 121, 'SOLVED_FMB': 6, 'HARD_NONLINEAR': 3}
[207] order5big_1654: LINEAR (0.0s)  running={'THEOREM': 76, 'LINEAR': 122, 'SOLVED_FMB': 6, 'HARD_NONLINEAR': 3}
[208] order5big_1662: LINEAR (0.0s)  running={'THEOREM': 76, 'LINEAR': 123, 'SOLVED_FMB': 6, 'HARD_NONLINEAR': 3}
[209] order5big_1670: THEOREM (60.2s)  running={'THEOREM': 77, 'LINEAR': 123, 'SOLVED_FMB': 6, 'HARD_NONLINEAR': 3}
[210] order5big_1678: THEOREM (60.2s)  running={'THEOREM': 78, 'LINEAR': 123, 'SOLVED_FMB': 6, 'HARD_NONLINEAR': 3}
[211] order5big_1686: LINEAR (0.0s)  running={'THEOREM': 78, 'LINEAR': 124, 'SOLVED_FMB': 6, 'HARD_NONLINEAR': 3}
[212] order5big_1694: LINEAR (0.0s)  running={'THEOREM': 78, 'LINEAR': 125, 'SOLVED_FMB': 6, 'HARD_NONLINEAR': 3}
[213] order5big_1702: SOLVED_FMB (0.3s)  running={'THEOREM': 78, 'LINEAR': 125, 'SOLVED_FMB': 7, 'HARD_NONLINEAR': 3}
[214] order5big_1710: LINEAR (0.0s)  running={'THEOREM': 78, 'LINEAR': 126, 'SOLVED_FMB': 7, 'HARD_NONLINEAR': 3}
[215] order5big_1718: LINEAR (0.0s)  running={'THEOREM': 78, 'LINEAR': 127, 'SOLVED_FMB': 7, 'HARD_NONLINEAR': 3}
[216] order5big_1726: THEOREM (60.2s)  running={'THEOREM': 79, 'LINEAR': 127, 'SOLVED_FMB': 7, 'HARD_NONLINEAR': 3}
[217] order5big_1734: THEOREM (60.2s)  running={'THEOREM': 80, 'LINEAR': 127, 'SOLVED_FMB': 7, 'HARD_NONLINEAR': 3}
[218] order5big_1742: LINEAR (0.0s)  running={'THEOREM': 80, 'LINEAR': 128, 'SOLVED_FMB': 7, 'HARD_NONLINEAR': 3}
[219] order5big_1750: LINEAR (0.0s)  running={'THEOREM': 80, 'LINEAR': 129, 'SOLVED_FMB': 7, 'HARD_NONLINEAR': 3}
[220] order5big_1758: LINEAR (0.0s)  running={'THEOREM': 80, 'LINEAR': 130, 'SOLVED_FMB': 7, 'HARD_NONLINEAR': 3}
[221] order5big_1766: THEOREM (60.2s)  running={'THEOREM': 81, 'LINEAR': 130, 'SOLVED_FMB': 7, 'HARD_NONLINEAR': 3}
[222] order5big_1774: THEOREM (60.2s)  running={'THEOREM': 82, 'LINEAR': 130, 'SOLVED_FMB': 7, 'HARD_NONLINEAR': 3}
[223] order5big_1782: THEOREM (60.3s)  running={'THEOREM': 83, 'LINEAR': 130, 'SOLVED_FMB': 7, 'HARD_NONLINEAR': 3}
[224] order5big_1790: THEOREM (60.2s)  running={'THEOREM': 84, 'LINEAR': 130, 'SOLVED_FMB': 7, 'HARD_NONLINEAR': 3}
[225] order5big_1798: LINEAR (0.0s)  running={'THEOREM': 84, 'LINEAR': 131, 'SOLVED_FMB': 7, 'HARD_NONLINEAR': 3}
[226] order5big_1806: THEOREM (60.2s)  running={'THEOREM': 85, 'LINEAR': 131, 'SOLVED_FMB': 7, 'HARD_NONLINEAR': 3}
[227] order5big_1814: THEOREM (60.5s)  running={'THEOREM': 86, 'LINEAR': 131, 'SOLVED_FMB': 7, 'HARD_NONLINEAR': 3}
[228] order5big_1822: LINEAR (0.0s)  running={'THEOREM': 86, 'LINEAR': 132, 'SOLVED_FMB': 7, 'HARD_NONLINEAR': 3}
[229] order5big_1830: THEOREM (60.2s)  running={'THEOREM': 87, 'LINEAR': 132, 'SOLVED_FMB': 7, 'HARD_NONLINEAR': 3}
[230] order5big_1838: THEOREM (61.2s)  running={'THEOREM': 88, 'LINEAR': 132, 'SOLVED_FMB': 7, 'HARD_NONLINEAR': 3}
[231] order5big_1846: THEOREM (1.3s)  running={'THEOREM': 89, 'LINEAR': 132, 'SOLVED_FMB': 7, 'HARD_NONLINEAR': 3}
[232] order5big_1854: LINEAR (0.0s)  running={'THEOREM': 89, 'LINEAR': 133, 'SOLVED_FMB': 7, 'HARD_NONLINEAR': 3}
[233] order5big_1862: LINEAR (0.0s)  running={'THEOREM': 89, 'LINEAR': 134, 'SOLVED_FMB': 7, 'HARD_NONLINEAR': 3}
[234] order5big_1870: LINEAR (0.0s)  running={'THEOREM': 89, 'LINEAR': 135, 'SOLVED_FMB': 7, 'HARD_NONLINEAR': 3}
[235] order5big_1878: LINEAR (0.0s)  running={'THEOREM': 89, 'LINEAR': 136, 'SOLVED_FMB': 7, 'HARD_NONLINEAR': 3}
[236] order5big_1886: LINEAR (0.0s)  running={'THEOREM': 89, 'LINEAR': 137, 'SOLVED_FMB': 7, 'HARD_NONLINEAR': 3}
[237] order5big_1894: THEOREM (60.1s)  running={'THEOREM': 90, 'LINEAR': 137, 'SOLVED_FMB': 7, 'HARD_NONLINEAR': 3}
[238] order5big_1902: THEOREM (60.2s)  running={'THEOREM': 91, 'LINEAR': 137, 'SOLVED_FMB': 7, 'HARD_NONLINEAR': 3}
[239] order5big_1910: THEOREM (60.2s)  running={'THEOREM': 92, 'LINEAR': 137, 'SOLVED_FMB': 7, 'HARD_NONLINEAR': 3}
[240] order5big_1918: THEOREM (60.2s)  running={'THEOREM': 93, 'LINEAR': 137, 'SOLVED_FMB': 7, 'HARD_NONLINEAR': 3}
[241] order5big_1926: LINEAR (0.0s)  running={'THEOREM': 93, 'LINEAR': 138, 'SOLVED_FMB': 7, 'HARD_NONLINEAR': 3}
[242] order5big_1934: THEOREM (60.2s)  running={'THEOREM': 94, 'LINEAR': 138, 'SOLVED_FMB': 7, 'HARD_NONLINEAR': 3}
[243] order5big_1942: THEOREM (60.5s)  running={'THEOREM': 95, 'LINEAR': 138, 'SOLVED_FMB': 7, 'HARD_NONLINEAR': 3}
[244] order5big_1950: THEOREM (60.6s)  running={'THEOREM': 96, 'LINEAR': 138, 'SOLVED_FMB': 7, 'HARD_NONLINEAR': 3}
[245] order5big_1958: THEOREM (60.2s)  running={'THEOREM': 97, 'LINEAR': 138, 'SOLVED_FMB': 7, 'HARD_NONLINEAR': 3}
[246] order5big_1966: THEOREM (60.4s)  running={'THEOREM': 98, 'LINEAR': 138, 'SOLVED_FMB': 7, 'HARD_NONLINEAR': 3}
[247] order5big_1974: LINEAR (0.0s)  running={'THEOREM': 98, 'LINEAR': 139, 'SOLVED_FMB': 7, 'HARD_NONLINEAR': 3}
[248] order5big_1982: THEOREM (60.8s)  running={'THEOREM': 99, 'LINEAR': 139, 'SOLVED_FMB': 7, 'HARD_NONLINEAR': 3}
[249] order5big_1990: LINEAR (0.0s)  running={'THEOREM': 99, 'LINEAR': 140, 'SOLVED_FMB': 7, 'HARD_NONLINEAR': 3}
[250] order5big_1998: THEOREM (60.2s)  running={'THEOREM': 100, 'LINEAR': 140, 'SOLVED_FMB': 7, 'HARD_NONLINEAR': 3}
[251] order5big_2006: THEOREM (60.3s)  running={'THEOREM': 101, 'LINEAR': 140, 'SOLVED_FMB': 7, 'HARD_NONLINEAR': 3}
[252] order5big_2014: THEOREM (60.2s)  running={'THEOREM': 102, 'LINEAR': 140, 'SOLVED_FMB': 7, 'HARD_NONLINEAR': 3}
[253] order5big_2022: LINEAR (0.0s)  running={'THEOREM': 102, 'LINEAR': 141, 'SOLVED_FMB': 7, 'HARD_NONLINEAR': 3}
[254] order5big_2030: LINEAR (0.0s)  running={'THEOREM': 102, 'LINEAR': 142, 'SOLVED_FMB': 7, 'HARD_NONLINEAR': 3}
[255] order5big_2038: LINEAR (0.0s)  running={'THEOREM': 102, 'LINEAR': 143, 'SOLVED_FMB': 7, 'HARD_NONLINEAR': 3}
[256] order5big_2046: LINEAR (0.0s)  running={'THEOREM': 102, 'LINEAR': 144, 'SOLVED_FMB': 7, 'HARD_NONLINEAR': 3}
[257] order5big_2054: THEOREM (63.0s)  running={'THEOREM': 103, 'LINEAR': 144, 'SOLVED_FMB': 7, 'HARD_NONLINEAR': 3}
[258] order5big_2062: LINEAR (0.0s)  running={'THEOREM': 103, 'LINEAR': 145, 'SOLVED_FMB': 7, 'HARD_NONLINEAR': 3}
[259] order5big_2070: LINEAR (0.0s)  running={'THEOREM': 103, 'LINEAR': 146, 'SOLVED_FMB': 7, 'HARD_NONLINEAR': 3}
[260] order5big_2078: THEOREM (60.4s)  running={'THEOREM': 104, 'LINEAR': 146, 'SOLVED_FMB': 7, 'HARD_NONLINEAR': 3}
[261] order5big_2086: LINEAR (0.0s)  running={'THEOREM': 104, 'LINEAR': 147, 'SOLVED_FMB': 7, 'HARD_NONLINEAR': 3}
[262] order5big_2094: LINEAR (0.0s)  running={'THEOREM': 104, 'LINEAR': 148, 'SOLVED_FMB': 7, 'HARD_NONLINEAR': 3}
[263] order5big_2102: LINEAR (0.0s)  running={'THEOREM': 104, 'LINEAR': 149, 'SOLVED_FMB': 7, 'HARD_NONLINEAR': 3}
[264] order5big_2110: THEOREM (60.2s)  running={'THEOREM': 105, 'LINEAR': 149, 'SOLVED_FMB': 7, 'HARD_NONLINEAR': 3}
[265] order5big_2118: LINEAR (0.0s)  running={'THEOREM': 105, 'LINEAR': 150, 'SOLVED_FMB': 7, 'HARD_NONLINEAR': 3}
[266] order5big_2126: THEOREM (60.1s)  running={'THEOREM': 106, 'LINEAR': 150, 'SOLVED_FMB': 7, 'HARD_NONLINEAR': 3}
[267] order5big_2134: LINEAR (0.0s)  running={'THEOREM': 106, 'LINEAR': 151, 'SOLVED_FMB': 7, 'HARD_NONLINEAR': 3}
[268] order5big_2142: LINEAR (0.0s)  running={'THEOREM': 106, 'LINEAR': 152, 'SOLVED_FMB': 7, 'HARD_NONLINEAR': 3}
[269] order5big_2150: LINEAR (0.0s)  running={'THEOREM': 106, 'LINEAR': 153, 'SOLVED_FMB': 7, 'HARD_NONLINEAR': 3}
[270] order5big_2158: SOLVED_FMB (10.3s)  running={'THEOREM': 106, 'LINEAR': 153, 'SOLVED_FMB': 8, 'HARD_NONLINEAR': 3}
[271] order5big_2166: LINEAR (0.0s)  running={'THEOREM': 106, 'LINEAR': 154, 'SOLVED_FMB': 8, 'HARD_NONLINEAR': 3}
[272] order5big_2174: THEOREM (60.1s)  running={'THEOREM': 107, 'LINEAR': 154, 'SOLVED_FMB': 8, 'HARD_NONLINEAR': 3}
[273] order5big_2182: THEOREM (60.4s)  running={'THEOREM': 108, 'LINEAR': 154, 'SOLVED_FMB': 8, 'HARD_NONLINEAR': 3}
[274] order5big_2190: LINEAR (0.0s)  running={'THEOREM': 108, 'LINEAR': 155, 'SOLVED_FMB': 8, 'HARD_NONLINEAR': 3}
[275] order5big_2198: LINEAR (0.0s)  running={'THEOREM': 108, 'LINEAR': 156, 'SOLVED_FMB': 8, 'HARD_NONLINEAR': 3}
[276] order5big_2206: THEOREM (60.2s)  running={'THEOREM': 109, 'LINEAR': 156, 'SOLVED_FMB': 8, 'HARD_NONLINEAR': 3}
[277] order5big_2214: LINEAR (0.0s)  running={'THEOREM': 109, 'LINEAR': 157, 'SOLVED_FMB': 8, 'HARD_NONLINEAR': 3}
[278] order5big_2222: LINEAR (0.0s)  running={'THEOREM': 109, 'LINEAR': 158, 'SOLVED_FMB': 8, 'HARD_NONLINEAR': 3}
[279] order5big_2230: THEOREM (60.2s)  running={'THEOREM': 110, 'LINEAR': 158, 'SOLVED_FMB': 8, 'HARD_NONLINEAR': 3}
[280] order5big_2238: THEOREM (72.6s)  running={'THEOREM': 111, 'LINEAR': 158, 'SOLVED_FMB': 8, 'HARD_NONLINEAR': 3}
[281] order5big_2246: LINEAR (0.0s)  running={'THEOREM': 111, 'LINEAR': 159, 'SOLVED_FMB': 8, 'HARD_NONLINEAR': 3}
[282] order5big_2254: THEOREM (60.3s)  running={'THEOREM': 112, 'LINEAR': 159, 'SOLVED_FMB': 8, 'HARD_NONLINEAR': 3}
[283] order5big_2262: THEOREM (60.3s)  running={'THEOREM': 113, 'LINEAR': 159, 'SOLVED_FMB': 8, 'HARD_NONLINEAR': 3}
[284] order5big_2270: THEOREM (60.6s)  running={'THEOREM': 114, 'LINEAR': 159, 'SOLVED_FMB': 8, 'HARD_NONLINEAR': 3}
[285] order5big_2278: LINEAR (0.0s)  running={'THEOREM': 114, 'LINEAR': 160, 'SOLVED_FMB': 8, 'HARD_NONLINEAR': 3}
[286] order5big_2286: LINEAR (0.0s)  running={'THEOREM': 114, 'LINEAR': 161, 'SOLVED_FMB': 8, 'HARD_NONLINEAR': 3}
[287] order5big_2294: THEOREM (5.3s)  running={'THEOREM': 115, 'LINEAR': 161, 'SOLVED_FMB': 8, 'HARD_NONLINEAR': 3}
[288] order5big_2302: THEOREM (60.7s)  running={'THEOREM': 116, 'LINEAR': 161, 'SOLVED_FMB': 8, 'HARD_NONLINEAR': 3}
[289] order5big_2310: THEOREM (60.2s)  running={'THEOREM': 117, 'LINEAR': 161, 'SOLVED_FMB': 8, 'HARD_NONLINEAR': 3}
[290] order5big_2318: LINEAR (0.0s)  running={'THEOREM': 117, 'LINEAR': 162, 'SOLVED_FMB': 8, 'HARD_NONLINEAR': 3}
[291] order5big_2326: THEOREM (83.3s)  running={'THEOREM': 118, 'LINEAR': 162, 'SOLVED_FMB': 8, 'HARD_NONLINEAR': 3}
[292] order5big_2334: THEOREM (60.2s)  running={'THEOREM': 119, 'LINEAR': 162, 'SOLVED_FMB': 8, 'HARD_NONLINEAR': 3}
[293] order5big_2342: THEOREM (60.2s)  running={'THEOREM': 120, 'LINEAR': 162, 'SOLVED_FMB': 8, 'HARD_NONLINEAR': 3}
[294] order5big_2350: THEOREM (60.2s)  running={'THEOREM': 121, 'LINEAR': 162, 'SOLVED_FMB': 8, 'HARD_NONLINEAR': 3}
[295] order5big_2358: THEOREM (61.2s)  running={'THEOREM': 122, 'LINEAR': 162, 'SOLVED_FMB': 8, 'HARD_NONLINEAR': 3}
[296] order5big_2366: THEOREM (60.4s)  running={'THEOREM': 123, 'LINEAR': 162, 'SOLVED_FMB': 8, 'HARD_NONLINEAR': 3}
[297] order5big_2374: SOLVED_FMB (2.0s)  running={'THEOREM': 123, 'LINEAR': 162, 'SOLVED_FMB': 9, 'HARD_NONLINEAR': 3}
[298] order5big_2382: THEOREM (0.5s)  running={'THEOREM': 124, 'LINEAR': 162, 'SOLVED_FMB': 9, 'HARD_NONLINEAR': 3}
[299] order5big_2390: LINEAR (0.0s)  running={'THEOREM': 124, 'LINEAR': 163, 'SOLVED_FMB': 9, 'HARD_NONLINEAR': 3}
[300] order5big_2398: THEOREM (216.6s)  running={'THEOREM': 125, 'LINEAR': 163, 'SOLVED_FMB': 9, 'HARD_NONLINEAR': 3}
[301] order5big_2406: LINEAR (0.0s)  running={'THEOREM': 125, 'LINEAR': 164, 'SOLVED_FMB': 9, 'HARD_NONLINEAR': 3}
[302] order5big_2414: LINEAR (0.0s)  running={'THEOREM': 125, 'LINEAR': 165, 'SOLVED_FMB': 9, 'HARD_NONLINEAR': 3}
[303] order5big_2422: LINEAR (0.0s)  running={'THEOREM': 125, 'LINEAR': 166, 'SOLVED_FMB': 9, 'HARD_NONLINEAR': 3}
[304] order5big_2430: LINEAR (0.0s)  running={'THEOREM': 125, 'LINEAR': 167, 'SOLVED_FMB': 9, 'HARD_NONLINEAR': 3}
[305] order5big_2438: THEOREM (60.2s)  running={'THEOREM': 126, 'LINEAR': 167, 'SOLVED_FMB': 9, 'HARD_NONLINEAR': 3}
[306] order5big_2446: LINEAR (0.0s)  running={'THEOREM': 126, 'LINEAR': 168, 'SOLVED_FMB': 9, 'HARD_NONLINEAR': 3}
[307] order5big_2454: THEOREM (60.2s)  running={'THEOREM': 127, 'LINEAR': 168, 'SOLVED_FMB': 9, 'HARD_NONLINEAR': 3}
[308] order5big_2462: LINEAR (0.0s)  running={'THEOREM': 127, 'LINEAR': 169, 'SOLVED_FMB': 9, 'HARD_NONLINEAR': 3}
[309] order5big_2470: LINEAR (0.0s)  running={'THEOREM': 127, 'LINEAR': 170, 'SOLVED_FMB': 9, 'HARD_NONLINEAR': 3}
[310] order5big_2478: SOLVED_FMB (0.5s)  running={'THEOREM': 127, 'LINEAR': 170, 'SOLVED_FMB': 10, 'HARD_NONLINEAR': 3}
[311] order5big_2486: LINEAR (0.0s)  running={'THEOREM': 127, 'LINEAR': 171, 'SOLVED_FMB': 10, 'HARD_NONLINEAR': 3}
[312] order5big_2494: THEOREM (60.2s)  running={'THEOREM': 128, 'LINEAR': 171, 'SOLVED_FMB': 10, 'HARD_NONLINEAR': 3}
[313] order5big_2502: THEOREM (60.2s)  running={'THEOREM': 129, 'LINEAR': 171, 'SOLVED_FMB': 10, 'HARD_NONLINEAR': 3}
[314] order5big_2510: LINEAR (0.0s)  running={'THEOREM': 129, 'LINEAR': 172, 'SOLVED_FMB': 10, 'HARD_NONLINEAR': 3}
[315] order5big_2518: LINEAR (0.0s)  running={'THEOREM': 129, 'LINEAR': 173, 'SOLVED_FMB': 10, 'HARD_NONLINEAR': 3}
[316] order5big_2526: LINEAR (0.0s)  running={'THEOREM': 129, 'LINEAR': 174, 'SOLVED_FMB': 10, 'HARD_NONLINEAR': 3}
[317] order5big_2534: LINEAR (0.0s)  running={'THEOREM': 129, 'LINEAR': 175, 'SOLVED_FMB': 10, 'HARD_NONLINEAR': 3}
[318] order5big_2542: LINEAR (0.0s)  running={'THEOREM': 129, 'LINEAR': 176, 'SOLVED_FMB': 10, 'HARD_NONLINEAR': 3}
[319] order5big_2550: LINEAR (0.0s)  running={'THEOREM': 129, 'LINEAR': 177, 'SOLVED_FMB': 10, 'HARD_NONLINEAR': 3}
[320] order5big_2558: LINEAR (0.0s)  running={'THEOREM': 129, 'LINEAR': 178, 'SOLVED_FMB': 10, 'HARD_NONLINEAR': 3}
[321] order5big_2566: LINEAR (0.0s)  running={'THEOREM': 129, 'LINEAR': 179, 'SOLVED_FMB': 10, 'HARD_NONLINEAR': 3}
[322] order5big_2574: LINEAR (0.0s)  running={'THEOREM': 129, 'LINEAR': 180, 'SOLVED_FMB': 10, 'HARD_NONLINEAR': 3}
[323] order5big_2582: THEOREM (60.3s)  running={'THEOREM': 130, 'LINEAR': 180, 'SOLVED_FMB': 10, 'HARD_NONLINEAR': 3}
[324] order5big_2590: SOLVED_FMB (0.1s)  running={'THEOREM': 130, 'LINEAR': 180, 'SOLVED_FMB': 11, 'HARD_NONLINEAR': 3}
[325] order5big_2598: LINEAR (0.0s)  running={'THEOREM': 130, 'LINEAR': 181, 'SOLVED_FMB': 11, 'HARD_NONLINEAR': 3}
[326] order5big_2606: THEOREM (60.2s)  running={'THEOREM': 131, 'LINEAR': 181, 'SOLVED_FMB': 11, 'HARD_NONLINEAR': 3}
[327] order5big_2614: LINEAR (0.0s)  running={'THEOREM': 131, 'LINEAR': 182, 'SOLVED_FMB': 11, 'HARD_NONLINEAR': 3}
[328] order5big_2622: THEOREM (60.1s)  running={'THEOREM': 132, 'LINEAR': 182, 'SOLVED_FMB': 11, 'HARD_NONLINEAR': 3}
[329] order5big_2630: LINEAR (0.0s)  running={'THEOREM': 132, 'LINEAR': 183, 'SOLVED_FMB': 11, 'HARD_NONLINEAR': 3}
[330] order5big_2638: THEOREM (60.2s)  running={'THEOREM': 133, 'LINEAR': 183, 'SOLVED_FMB': 11, 'HARD_NONLINEAR': 3}
[331] order5big_2646: LINEAR (0.0s)  running={'THEOREM': 133, 'LINEAR': 184, 'SOLVED_FMB': 11, 'HARD_NONLINEAR': 3}
[332] order5big_2654: THEOREM (60.2s)  running={'THEOREM': 134, 'LINEAR': 184, 'SOLVED_FMB': 11, 'HARD_NONLINEAR': 3}
[333] order5big_2662: THEOREM (62.8s)  running={'THEOREM': 135, 'LINEAR': 184, 'SOLVED_FMB': 11, 'HARD_NONLINEAR': 3}
[334] order5big_2670: THEOREM (60.2s)  running={'THEOREM': 136, 'LINEAR': 184, 'SOLVED_FMB': 11, 'HARD_NONLINEAR': 3}
[335] order5big_2678: THEOREM (61.2s)  running={'THEOREM': 137, 'LINEAR': 184, 'SOLVED_FMB': 11, 'HARD_NONLINEAR': 3}
[336] order5big_2686: LINEAR (0.0s)  running={'THEOREM': 137, 'LINEAR': 185, 'SOLVED_FMB': 11, 'HARD_NONLINEAR': 3}
[337] order5big_2694: LINEAR (0.0s)  running={'THEOREM': 137, 'LINEAR': 186, 'SOLVED_FMB': 11, 'HARD_NONLINEAR': 3}
[338] order5big_2702: THEOREM (60.2s)  running={'THEOREM': 138, 'LINEAR': 186, 'SOLVED_FMB': 11, 'HARD_NONLINEAR': 3}
[339] order5big_2710: LINEAR (0.0s)  running={'THEOREM': 138, 'LINEAR': 187, 'SOLVED_FMB': 11, 'HARD_NONLINEAR': 3}
[340] order5big_2718: LINEAR (0.0s)  running={'THEOREM': 138, 'LINEAR': 188, 'SOLVED_FMB': 11, 'HARD_NONLINEAR': 3}
[341] order5big_2726: THEOREM (60.2s)  running={'THEOREM': 139, 'LINEAR': 188, 'SOLVED_FMB': 11, 'HARD_NONLINEAR': 3}
[342] order5big_2734: THEOREM (60.3s)  running={'THEOREM': 140, 'LINEAR': 188, 'SOLVED_FMB': 11, 'HARD_NONLINEAR': 3}
[343] order5big_2742: LINEAR (0.0s)  running={'THEOREM': 140, 'LINEAR': 189, 'SOLVED_FMB': 11, 'HARD_NONLINEAR': 3}
[344] order5big_2750: THEOREM (60.2s)  running={'THEOREM': 141, 'LINEAR': 189, 'SOLVED_FMB': 11, 'HARD_NONLINEAR': 3}
[345] order5big_2758: LINEAR (0.0s)  running={'THEOREM': 141, 'LINEAR': 190, 'SOLVED_FMB': 11, 'HARD_NONLINEAR': 3}
[346] order5big_2766: THEOREM (61.4s)  running={'THEOREM': 142, 'LINEAR': 190, 'SOLVED_FMB': 11, 'HARD_NONLINEAR': 3}
[347] order5big_2774: THEOREM (60.2s)  running={'THEOREM': 143, 'LINEAR': 190, 'SOLVED_FMB': 11, 'HARD_NONLINEAR': 3}
[348] order5big_2782: LINEAR (0.0s)  running={'THEOREM': 143, 'LINEAR': 191, 'SOLVED_FMB': 11, 'HARD_NONLINEAR': 3}
[349] order5big_2790: THEOREM (60.2s)  running={'THEOREM': 144, 'LINEAR': 191, 'SOLVED_FMB': 11, 'HARD_NONLINEAR': 3}
[350] order5big_2798: THEOREM (60.6s)  running={'THEOREM': 145, 'LINEAR': 191, 'SOLVED_FMB': 11, 'HARD_NONLINEAR': 3}
[351] order5big_2806: THEOREM (60.2s)  running={'THEOREM': 146, 'LINEAR': 191, 'SOLVED_FMB': 11, 'HARD_NONLINEAR': 3}
[352] order5big_2814: THEOREM (60.6s)  running={'THEOREM': 147, 'LINEAR': 191, 'SOLVED_FMB': 11, 'HARD_NONLINEAR': 3}
[353] order5big_2822: THEOREM (60.2s)  running={'THEOREM': 148, 'LINEAR': 191, 'SOLVED_FMB': 11, 'HARD_NONLINEAR': 3}
[354] order5big_2830: THEOREM (60.1s)  running={'THEOREM': 149, 'LINEAR': 191, 'SOLVED_FMB': 11, 'HARD_NONLINEAR': 3}
[355] order5big_2838: THEOREM (60.2s)  running={'THEOREM': 150, 'LINEAR': 191, 'SOLVED_FMB': 11, 'HARD_NONLINEAR': 3}
[356] order5big_2846: THEOREM (60.2s)  running={'THEOREM': 151, 'LINEAR': 191, 'SOLVED_FMB': 11, 'HARD_NONLINEAR': 3}
[357] order5big_2854: THEOREM (60.2s)  running={'THEOREM': 152, 'LINEAR': 191, 'SOLVED_FMB': 11, 'HARD_NONLINEAR': 3}
[358] order5big_2862: LINEAR (0.0s)  running={'THEOREM': 152, 'LINEAR': 192, 'SOLVED_FMB': 11, 'HARD_NONLINEAR': 3}
[359] order5big_2870: LINEAR (0.0s)  running={'THEOREM': 152, 'LINEAR': 193, 'SOLVED_FMB': 11, 'HARD_NONLINEAR': 3}
[360] order5big_2878: LINEAR (0.0s)  running={'THEOREM': 152, 'LINEAR': 194, 'SOLVED_FMB': 11, 'HARD_NONLINEAR': 3}
[361] order5big_2886: LINEAR (0.0s)  running={'THEOREM': 152, 'LINEAR': 195, 'SOLVED_FMB': 11, 'HARD_NONLINEAR': 3}
[362] order5big_2894: THEOREM (60.1s)  running={'THEOREM': 153, 'LINEAR': 195, 'SOLVED_FMB': 11, 'HARD_NONLINEAR': 3}
[363] order5big_2902: LINEAR (0.0s)  running={'THEOREM': 153, 'LINEAR': 196, 'SOLVED_FMB': 11, 'HARD_NONLINEAR': 3}
[364] order5big_2910: LINEAR (0.0s)  running={'THEOREM': 153, 'LINEAR': 197, 'SOLVED_FMB': 11, 'HARD_NONLINEAR': 3}
[365] order5big_2918: LINEAR (0.0s)  running={'THEOREM': 153, 'LINEAR': 198, 'SOLVED_FMB': 11, 'HARD_NONLINEAR': 3}
[366] order5big_2926: LINEAR (0.0s)  running={'THEOREM': 153, 'LINEAR': 199, 'SOLVED_FMB': 11, 'HARD_NONLINEAR': 3}
[367] order5big_2934: THEOREM (60.7s)  running={'THEOREM': 154, 'LINEAR': 199, 'SOLVED_FMB': 11, 'HARD_NONLINEAR': 3}
[368] order5big_2942: LINEAR (0.0s)  running={'THEOREM': 154, 'LINEAR': 200, 'SOLVED_FMB': 11, 'HARD_NONLINEAR': 3}
[369] order5big_2950: LINEAR (0.0s)  running={'THEOREM': 154, 'LINEAR': 201, 'SOLVED_FMB': 11, 'HARD_NONLINEAR': 3}
[370] order5big_2958: LINEAR (0.0s)  running={'THEOREM': 154, 'LINEAR': 202, 'SOLVED_FMB': 11, 'HARD_NONLINEAR': 3}
[371] order5big_2966: LINEAR (0.0s)  running={'THEOREM': 154, 'LINEAR': 203, 'SOLVED_FMB': 11, 'HARD_NONLINEAR': 3}
[372] order5big_2974: THEOREM (60.2s)  running={'THEOREM': 155, 'LINEAR': 203, 'SOLVED_FMB': 11, 'HARD_NONLINEAR': 3}
[373] order5big_2982: SOLVED_FMB (12.7s)  running={'THEOREM': 155, 'LINEAR': 203, 'SOLVED_FMB': 12, 'HARD_NONLINEAR': 3}
[374] order5big_2990: THEOREM (60.1s)  running={'THEOREM': 156, 'LINEAR': 203, 'SOLVED_FMB': 12, 'HARD_NONLINEAR': 3}
[375] order5big_2998: THEOREM (60.2s)  running={'THEOREM': 157, 'LINEAR': 203, 'SOLVED_FMB': 12, 'HARD_NONLINEAR': 3}
[376] order5big_3006: LINEAR (0.0s)  running={'THEOREM': 157, 'LINEAR': 204, 'SOLVED_FMB': 12, 'HARD_NONLINEAR': 3}
[377] order5big_3014: LINEAR (0.0s)  running={'THEOREM': 157, 'LINEAR': 205, 'SOLVED_FMB': 12, 'HARD_NONLINEAR': 3}
[378] order5big_3022: LINEAR (0.0s)  running={'THEOREM': 157, 'LINEAR': 206, 'SOLVED_FMB': 12, 'HARD_NONLINEAR': 3}
[379] order5big_3030: THEOREM (213.2s)  running={'THEOREM': 158, 'LINEAR': 206, 'SOLVED_FMB': 12, 'HARD_NONLINEAR': 3}
[380] order5big_3038: LINEAR (0.0s)  running={'THEOREM': 158, 'LINEAR': 207, 'SOLVED_FMB': 12, 'HARD_NONLINEAR': 3}
[381] order5big_3046: THEOREM (60.2s)  running={'THEOREM': 159, 'LINEAR': 207, 'SOLVED_FMB': 12, 'HARD_NONLINEAR': 3}
[382] order5big_3054: THEOREM (60.4s)  running={'THEOREM': 160, 'LINEAR': 207, 'SOLVED_FMB': 12, 'HARD_NONLINEAR': 3}
[383] order5big_3062: LINEAR (0.0s)  running={'THEOREM': 160, 'LINEAR': 208, 'SOLVED_FMB': 12, 'HARD_NONLINEAR': 3}
[384] order5big_3070: LINEAR (0.0s)  running={'THEOREM': 160, 'LINEAR': 209, 'SOLVED_FMB': 12, 'HARD_NONLINEAR': 3}
[385] order5big_3078: THEOREM (10.3s)  running={'THEOREM': 161, 'LINEAR': 209, 'SOLVED_FMB': 12, 'HARD_NONLINEAR': 3}
[386] order5big_3086: THEOREM (73.0s)  running={'THEOREM': 162, 'LINEAR': 209, 'SOLVED_FMB': 12, 'HARD_NONLINEAR': 3}
[387] order5big_3094: THEOREM (60.2s)  running={'THEOREM': 163, 'LINEAR': 209, 'SOLVED_FMB': 12, 'HARD_NONLINEAR': 3}
[388] order5big_3102: LINEAR (0.0s)  running={'THEOREM': 163, 'LINEAR': 210, 'SOLVED_FMB': 12, 'HARD_NONLINEAR': 3}
[389] order5big_3110: LINEAR (0.0s)  running={'THEOREM': 163, 'LINEAR': 211, 'SOLVED_FMB': 12, 'HARD_NONLINEAR': 3}
[390] order5big_3118: THEOREM (60.5s)  running={'THEOREM': 164, 'LINEAR': 211, 'SOLVED_FMB': 12, 'HARD_NONLINEAR': 3}
[391] order5big_3126: THEOREM (60.2s)  running={'THEOREM': 165, 'LINEAR': 211, 'SOLVED_FMB': 12, 'HARD_NONLINEAR': 3}
[392] order5big_3134: LINEAR (0.0s)  running={'THEOREM': 165, 'LINEAR': 212, 'SOLVED_FMB': 12, 'HARD_NONLINEAR': 3}
[393] order5big_3142: LINEAR (0.0s)  running={'THEOREM': 165, 'LINEAR': 213, 'SOLVED_FMB': 12, 'HARD_NONLINEAR': 3}
[394] order5big_3150: LINEAR (0.0s)  running={'THEOREM': 165, 'LINEAR': 214, 'SOLVED_FMB': 12, 'HARD_NONLINEAR': 3}
[395] order5big_3158: LINEAR (0.0s)  running={'THEOREM': 165, 'LINEAR': 215, 'SOLVED_FMB': 12, 'HARD_NONLINEAR': 3}
[396] order5big_3166: LINEAR (0.0s)  running={'THEOREM': 165, 'LINEAR': 216, 'SOLVED_FMB': 12, 'HARD_NONLINEAR': 3}
[397] order5big_3174: LINEAR (0.0s)  running={'THEOREM': 165, 'LINEAR': 217, 'SOLVED_FMB': 12, 'HARD_NONLINEAR': 3}
[398] order5big_3182: LINEAR (0.0s)  running={'THEOREM': 165, 'LINEAR': 218, 'SOLVED_FMB': 12, 'HARD_NONLINEAR': 3}
[399] order5big_3190: THEOREM (60.6s)  running={'THEOREM': 166, 'LINEAR': 218, 'SOLVED_FMB': 12, 'HARD_NONLINEAR': 3}
[400] order5big_3198: LINEAR (0.0s)  running={'THEOREM': 166, 'LINEAR': 219, 'SOLVED_FMB': 12, 'HARD_NONLINEAR': 3}
[401] order5big_3206: THEOREM (60.8s)  running={'THEOREM': 167, 'LINEAR': 219, 'SOLVED_FMB': 12, 'HARD_NONLINEAR': 3}
[402] order5big_3214: THEOREM (60.2s)  running={'THEOREM': 168, 'LINEAR': 219, 'SOLVED_FMB': 12, 'HARD_NONLINEAR': 3}
[403] order5big_3222: LINEAR (0.0s)  running={'THEOREM': 168, 'LINEAR': 220, 'SOLVED_FMB': 12, 'HARD_NONLINEAR': 3}
[404] order5big_3230: THEOREM (60.2s)  running={'THEOREM': 169, 'LINEAR': 220, 'SOLVED_FMB': 12, 'HARD_NONLINEAR': 3}
[405] order5big_3238: THEOREM (60.3s)  running={'THEOREM': 170, 'LINEAR': 220, 'SOLVED_FMB': 12, 'HARD_NONLINEAR': 3}
[406] order5big_3246: THEOREM (60.6s)  running={'THEOREM': 171, 'LINEAR': 220, 'SOLVED_FMB': 12, 'HARD_NONLINEAR': 3}
[407] order5big_3254: LINEAR (0.0s)  running={'THEOREM': 171, 'LINEAR': 221, 'SOLVED_FMB': 12, 'HARD_NONLINEAR': 3}
[408] order5big_3262: SOLVED_FMB (0.2s)  running={'THEOREM': 171, 'LINEAR': 221, 'SOLVED_FMB': 13, 'HARD_NONLINEAR': 3}
[409] order5big_3270: THEOREM (72.4s)  running={'THEOREM': 172, 'LINEAR': 221, 'SOLVED_FMB': 13, 'HARD_NONLINEAR': 3}
[410] order5big_3278: THEOREM (72.1s)  running={'THEOREM': 173, 'LINEAR': 221, 'SOLVED_FMB': 13, 'HARD_NONLINEAR': 3}
[411] order5big_3286: THEOREM (60.2s)  running={'THEOREM': 174, 'LINEAR': 221, 'SOLVED_FMB': 13, 'HARD_NONLINEAR': 3}
[412] order5big_3294: LINEAR (0.0s)  running={'THEOREM': 174, 'LINEAR': 222, 'SOLVED_FMB': 13, 'HARD_NONLINEAR': 3}
[413] order5big_3302: LINEAR (0.0s)  running={'THEOREM': 174, 'LINEAR': 223, 'SOLVED_FMB': 13, 'HARD_NONLINEAR': 3}
[414] order5big_3310: THEOREM (60.5s)  running={'THEOREM': 175, 'LINEAR': 223, 'SOLVED_FMB': 13, 'HARD_NONLINEAR': 3}
[415] order5big_3318: LINEAR (0.0s)  running={'THEOREM': 175, 'LINEAR': 224, 'SOLVED_FMB': 13, 'HARD_NONLINEAR': 3}
[416] order5big_3326: THEOREM (60.2s)  running={'THEOREM': 176, 'LINEAR': 224, 'SOLVED_FMB': 13, 'HARD_NONLINEAR': 3}
[417] order5big_3334: THEOREM (60.6s)  running={'THEOREM': 177, 'LINEAR': 224, 'SOLVED_FMB': 13, 'HARD_NONLINEAR': 3}
[418] order5big_3342: LINEAR (0.0s)  running={'THEOREM': 177, 'LINEAR': 225, 'SOLVED_FMB': 13, 'HARD_NONLINEAR': 3}
[419] order5big_3350: LINEAR (0.0s)  running={'THEOREM': 177, 'LINEAR': 226, 'SOLVED_FMB': 13, 'HARD_NONLINEAR': 3}
[420] order5big_3358: SOLVED_FMB (0.1s)  running={'THEOREM': 177, 'LINEAR': 226, 'SOLVED_FMB': 14, 'HARD_NONLINEAR': 3}
[421] order5big_3366: THEOREM (60.2s)  running={'THEOREM': 178, 'LINEAR': 226, 'SOLVED_FMB': 14, 'HARD_NONLINEAR': 3}
[422] order5big_3374: LINEAR (0.0s)  running={'THEOREM': 178, 'LINEAR': 227, 'SOLVED_FMB': 14, 'HARD_NONLINEAR': 3}
[423] order5big_3382: LINEAR (0.0s)  running={'THEOREM': 178, 'LINEAR': 228, 'SOLVED_FMB': 14, 'HARD_NONLINEAR': 3}
[424] order5big_3390: LINEAR (0.0s)  running={'THEOREM': 178, 'LINEAR': 229, 'SOLVED_FMB': 14, 'HARD_NONLINEAR': 3}
[425] order5big_3398: LINEAR (0.0s)  running={'THEOREM': 178, 'LINEAR': 230, 'SOLVED_FMB': 14, 'HARD_NONLINEAR': 3}
[426] order5big_3406: LINEAR (0.0s)  running={'THEOREM': 178, 'LINEAR': 231, 'SOLVED_FMB': 14, 'HARD_NONLINEAR': 3}
[427] order5big_3414: LINEAR (0.0s)  running={'THEOREM': 178, 'LINEAR': 232, 'SOLVED_FMB': 14, 'HARD_NONLINEAR': 3}
[428] order5big_3422: SOLVED_FMB (4.9s)  running={'THEOREM': 178, 'LINEAR': 232, 'SOLVED_FMB': 15, 'HARD_NONLINEAR': 3}
[429] order5big_3430: LINEAR (0.0s)  running={'THEOREM': 178, 'LINEAR': 233, 'SOLVED_FMB': 15, 'HARD_NONLINEAR': 3}
[430] order5big_3438: THEOREM (60.2s)  running={'THEOREM': 179, 'LINEAR': 233, 'SOLVED_FMB': 15, 'HARD_NONLINEAR': 3}
[431] order5big_3446: LINEAR (0.0s)  running={'THEOREM': 179, 'LINEAR': 234, 'SOLVED_FMB': 15, 'HARD_NONLINEAR': 3}
[432] order5big_3454: THEOREM (61.7s)  running={'THEOREM': 180, 'LINEAR': 234, 'SOLVED_FMB': 15, 'HARD_NONLINEAR': 3}
[433] order5big_3462: THEOREM (60.2s)  running={'THEOREM': 181, 'LINEAR': 234, 'SOLVED_FMB': 15, 'HARD_NONLINEAR': 3}
[434] order5big_3470: LINEAR (0.0s)  running={'THEOREM': 181, 'LINEAR': 235, 'SOLVED_FMB': 15, 'HARD_NONLINEAR': 3}
[435] order5big_3478: LINEAR (0.0s)  running={'THEOREM': 181, 'LINEAR': 236, 'SOLVED_FMB': 15, 'HARD_NONLINEAR': 3}
[436] order5big_3486: LINEAR (0.0s)  running={'THEOREM': 181, 'LINEAR': 237, 'SOLVED_FMB': 15, 'HARD_NONLINEAR': 3}
[437] order5big_3494: THEOREM (60.8s)  running={'THEOREM': 182, 'LINEAR': 237, 'SOLVED_FMB': 15, 'HARD_NONLINEAR': 3}
[438] order5big_3502: LINEAR (0.0s)  running={'THEOREM': 182, 'LINEAR': 238, 'SOLVED_FMB': 15, 'HARD_NONLINEAR': 3}
[439] order5big_3510: THEOREM (60.2s)  running={'THEOREM': 183, 'LINEAR': 238, 'SOLVED_FMB': 15, 'HARD_NONLINEAR': 3}
[440] order5big_3518: LINEAR (0.0s)  running={'THEOREM': 183, 'LINEAR': 239, 'SOLVED_FMB': 15, 'HARD_NONLINEAR': 3}
[441] order5big_3526: THEOREM (60.2s)  running={'THEOREM': 184, 'LINEAR': 239, 'SOLVED_FMB': 15, 'HARD_NONLINEAR': 3}
[442] order5big_3534: LINEAR (0.0s)  running={'THEOREM': 184, 'LINEAR': 240, 'SOLVED_FMB': 15, 'HARD_NONLINEAR': 3}
[443] order5big_3542: THEOREM (60.2s)  running={'THEOREM': 185, 'LINEAR': 240, 'SOLVED_FMB': 15, 'HARD_NONLINEAR': 3}
[444] order5big_3550: THEOREM (60.2s)  running={'THEOREM': 186, 'LINEAR': 240, 'SOLVED_FMB': 15, 'HARD_NONLINEAR': 3}
[445] order5big_3558: LINEAR (0.0s)  running={'THEOREM': 186, 'LINEAR': 241, 'SOLVED_FMB': 15, 'HARD_NONLINEAR': 3}
[446] order5big_3566: LINEAR (0.0s)  running={'THEOREM': 186, 'LINEAR': 242, 'SOLVED_FMB': 15, 'HARD_NONLINEAR': 3}
[447] order5big_3574: LINEAR (0.0s)  running={'THEOREM': 186, 'LINEAR': 243, 'SOLVED_FMB': 15, 'HARD_NONLINEAR': 3}
[448] order5big_3582: LINEAR (0.0s)  running={'THEOREM': 186, 'LINEAR': 244, 'SOLVED_FMB': 15, 'HARD_NONLINEAR': 3}
[449] order5big_3590: LINEAR (0.0s)  running={'THEOREM': 186, 'LINEAR': 245, 'SOLVED_FMB': 15, 'HARD_NONLINEAR': 3}
[450] order5big_3598: LINEAR (0.0s)  running={'THEOREM': 186, 'LINEAR': 246, 'SOLVED_FMB': 15, 'HARD_NONLINEAR': 3}
[451] order5big_3606: THEOREM (60.2s)  running={'THEOREM': 187, 'LINEAR': 246, 'SOLVED_FMB': 15, 'HARD_NONLINEAR': 3}
[452] order5big_3614: LINEAR (0.0s)  running={'THEOREM': 187, 'LINEAR': 247, 'SOLVED_FMB': 15, 'HARD_NONLINEAR': 3}
[453] order5big_3622: LINEAR (0.0s)  running={'THEOREM': 187, 'LINEAR': 248, 'SOLVED_FMB': 15, 'HARD_NONLINEAR': 3}
[454] order5big_3630: THEOREM (60.2s)  running={'THEOREM': 188, 'LINEAR': 248, 'SOLVED_FMB': 15, 'HARD_NONLINEAR': 3}
[455] order5big_3638: LINEAR (0.0s)  running={'THEOREM': 188, 'LINEAR': 249, 'SOLVED_FMB': 15, 'HARD_NONLINEAR': 3}
[456] order5big_3646: SOLVED_FMB (0.2s)  running={'THEOREM': 188, 'LINEAR': 249, 'SOLVED_FMB': 16, 'HARD_NONLINEAR': 3}
[457] order5big_3654: LINEAR (0.0s)  running={'THEOREM': 188, 'LINEAR': 250, 'SOLVED_FMB': 16, 'HARD_NONLINEAR': 3}
[458] order5big_3662: THEOREM (60.6s)  running={'THEOREM': 189, 'LINEAR': 250, 'SOLVED_FMB': 16, 'HARD_NONLINEAR': 3}
[459] order5big_3670: LINEAR (0.0s)  running={'THEOREM': 189, 'LINEAR': 251, 'SOLVED_FMB': 16, 'HARD_NONLINEAR': 3}
[460] order5big_3678: THEOREM (60.8s)  running={'THEOREM': 190, 'LINEAR': 251, 'SOLVED_FMB': 16, 'HARD_NONLINEAR': 3}
[461] order5big_3686: THEOREM (60.2s)  running={'THEOREM': 191, 'LINEAR': 251, 'SOLVED_FMB': 16, 'HARD_NONLINEAR': 3}
[462] order5big_3694: THEOREM (60.2s)  running={'THEOREM': 192, 'LINEAR': 251, 'SOLVED_FMB': 16, 'HARD_NONLINEAR': 3}
[463] order5big_3702: LINEAR (0.0s)  running={'THEOREM': 192, 'LINEAR': 252, 'SOLVED_FMB': 16, 'HARD_NONLINEAR': 3}
[464] order5big_3710: LINEAR (0.0s)  running={'THEOREM': 192, 'LINEAR': 253, 'SOLVED_FMB': 16, 'HARD_NONLINEAR': 3}
[465] order5big_3718: THEOREM (3.2s)  running={'THEOREM': 193, 'LINEAR': 253, 'SOLVED_FMB': 16, 'HARD_NONLINEAR': 3}
[466] order5big_3726: LINEAR (0.0s)  running={'THEOREM': 193, 'LINEAR': 254, 'SOLVED_FMB': 16, 'HARD_NONLINEAR': 3}
[467] order5big_3734: LINEAR (0.0s)  running={'THEOREM': 193, 'LINEAR': 255, 'SOLVED_FMB': 16, 'HARD_NONLINEAR': 3}
[468] order5big_3742: LINEAR (0.0s)  running={'THEOREM': 193, 'LINEAR': 256, 'SOLVED_FMB': 16, 'HARD_NONLINEAR': 3}
[469] order5big_3750: LINEAR (0.0s)  running={'THEOREM': 193, 'LINEAR': 257, 'SOLVED_FMB': 16, 'HARD_NONLINEAR': 3}
[470] order5big_3758: LINEAR (0.0s)  running={'THEOREM': 193, 'LINEAR': 258, 'SOLVED_FMB': 16, 'HARD_NONLINEAR': 3}
[471] order5big_3766: LINEAR (0.0s)  running={'THEOREM': 193, 'LINEAR': 259, 'SOLVED_FMB': 16, 'HARD_NONLINEAR': 3}
[472] order5big_3774: LINEAR (0.0s)  running={'THEOREM': 193, 'LINEAR': 260, 'SOLVED_FMB': 16, 'HARD_NONLINEAR': 3}
[473] order5big_3782: LINEAR (0.0s)  running={'THEOREM': 193, 'LINEAR': 261, 'SOLVED_FMB': 16, 'HARD_NONLINEAR': 3}
[474] order5big_3790: LINEAR (0.0s)  running={'THEOREM': 193, 'LINEAR': 262, 'SOLVED_FMB': 16, 'HARD_NONLINEAR': 3}
[475] order5big_3798: THEOREM (60.2s)  running={'THEOREM': 194, 'LINEAR': 262, 'SOLVED_FMB': 16, 'HARD_NONLINEAR': 3}
[476] order5big_3806: THEOREM (60.2s)  running={'THEOREM': 195, 'LINEAR': 262, 'SOLVED_FMB': 16, 'HARD_NONLINEAR': 3}
[477] order5big_3814: SOLVED_FMB (0.2s)  running={'THEOREM': 195, 'LINEAR': 262, 'SOLVED_FMB': 17, 'HARD_NONLINEAR': 3}
[478] order5big_3822: THEOREM (61.3s)  running={'THEOREM': 196, 'LINEAR': 262, 'SOLVED_FMB': 17, 'HARD_NONLINEAR': 3}
[479] order5big_3830: LINEAR (0.0s)  running={'THEOREM': 196, 'LINEAR': 263, 'SOLVED_FMB': 17, 'HARD_NONLINEAR': 3}
[480] order5big_3838: LINEAR (0.0s)  running={'THEOREM': 196, 'LINEAR': 264, 'SOLVED_FMB': 17, 'HARD_NONLINEAR': 3}
[481] order5big_3846: THEOREM (60.2s)  running={'THEOREM': 197, 'LINEAR': 264, 'SOLVED_FMB': 17, 'HARD_NONLINEAR': 3}
[482] order5big_3854: THEOREM (60.2s)  running={'THEOREM': 198, 'LINEAR': 264, 'SOLVED_FMB': 17, 'HARD_NONLINEAR': 3}
[483] order5big_3862: THEOREM (61.6s)  running={'THEOREM': 199, 'LINEAR': 264, 'SOLVED_FMB': 17, 'HARD_NONLINEAR': 3}
[484] order5big_3870: LINEAR (0.0s)  running={'THEOREM': 199, 'LINEAR': 265, 'SOLVED_FMB': 17, 'HARD_NONLINEAR': 3}
[485] order5big_3878: LINEAR (0.0s)  running={'THEOREM': 199, 'LINEAR': 266, 'SOLVED_FMB': 17, 'HARD_NONLINEAR': 3}
[486] order5big_3886: THEOREM (60.7s)  running={'THEOREM': 200, 'LINEAR': 266, 'SOLVED_FMB': 17, 'HARD_NONLINEAR': 3}
[487] order5big_3894: THEOREM (60.2s)  running={'THEOREM': 201, 'LINEAR': 266, 'SOLVED_FMB': 17, 'HARD_NONLINEAR': 3}
[488] order5big_3902: LINEAR (0.0s)  running={'THEOREM': 201, 'LINEAR': 267, 'SOLVED_FMB': 17, 'HARD_NONLINEAR': 3}
[489] order5big_3910: THEOREM (61.8s)  running={'THEOREM': 202, 'LINEAR': 267, 'SOLVED_FMB': 17, 'HARD_NONLINEAR': 3}
[490] order5big_3918: THEOREM (60.2s)  running={'THEOREM': 203, 'LINEAR': 267, 'SOLVED_FMB': 17, 'HARD_NONLINEAR': 3}
[491] order5big_3926: LINEAR (0.0s)  running={'THEOREM': 203, 'LINEAR': 268, 'SOLVED_FMB': 17, 'HARD_NONLINEAR': 3}
[492] order5big_3934: SOLVED_FMB (0.1s)  running={'THEOREM': 203, 'LINEAR': 268, 'SOLVED_FMB': 18, 'HARD_NONLINEAR': 3}
[493] order5big_3942: LINEAR (0.0s)  running={'THEOREM': 203, 'LINEAR': 269, 'SOLVED_FMB': 18, 'HARD_NONLINEAR': 3}
[494] order5big_3950: LINEAR (0.0s)  running={'THEOREM': 203, 'LINEAR': 270, 'SOLVED_FMB': 18, 'HARD_NONLINEAR': 3}
[495] order5big_3958: LINEAR (0.0s)  running={'THEOREM': 203, 'LINEAR': 271, 'SOLVED_FMB': 18, 'HARD_NONLINEAR': 3}
[496] order5big_3966: LINEAR (0.0s)  running={'THEOREM': 203, 'LINEAR': 272, 'SOLVED_FMB': 18, 'HARD_NONLINEAR': 3}
[497] order5big_3974: LINEAR (0.0s)  running={'THEOREM': 203, 'LINEAR': 273, 'SOLVED_FMB': 18, 'HARD_NONLINEAR': 3}
[498] order5big_3982: THEOREM (60.5s)  running={'THEOREM': 204, 'LINEAR': 273, 'SOLVED_FMB': 18, 'HARD_NONLINEAR': 3}
[499] order5big_3990: THEOREM (82.8s)  running={'THEOREM': 205, 'LINEAR': 273, 'SOLVED_FMB': 18, 'HARD_NONLINEAR': 3}
[500] order5big_3998: LINEAR (0.0s)  running={'THEOREM': 205, 'LINEAR': 274, 'SOLVED_FMB': 18, 'HARD_NONLINEAR': 3}
[501] order5big_4006: LINEAR (0.0s)  running={'THEOREM': 205, 'LINEAR': 275, 'SOLVED_FMB': 18, 'HARD_NONLINEAR': 3}
[502] order5big_4014: LINEAR (0.0s)  running={'THEOREM': 205, 'LINEAR': 276, 'SOLVED_FMB': 18, 'HARD_NONLINEAR': 3}
[503] order5big_4022: THEOREM (60.3s)  running={'THEOREM': 206, 'LINEAR': 276, 'SOLVED_FMB': 18, 'HARD_NONLINEAR': 3}
[504] order5big_4030: LINEAR (0.0s)  running={'THEOREM': 206, 'LINEAR': 277, 'SOLVED_FMB': 18, 'HARD_NONLINEAR': 3}
[505] order5big_4038: LINEAR (0.0s)  running={'THEOREM': 206, 'LINEAR': 278, 'SOLVED_FMB': 18, 'HARD_NONLINEAR': 3}
[506] order5big_4046: LINEAR (0.0s)  running={'THEOREM': 206, 'LINEAR': 279, 'SOLVED_FMB': 18, 'HARD_NONLINEAR': 3}
[507] order5big_4054: LINEAR (0.0s)  running={'THEOREM': 206, 'LINEAR': 280, 'SOLVED_FMB': 18, 'HARD_NONLINEAR': 3}
[508] order5big_4062: LINEAR (0.0s)  running={'THEOREM': 206, 'LINEAR': 281, 'SOLVED_FMB': 18, 'HARD_NONLINEAR': 3}
[509] order5big_4070: LINEAR (0.0s)  running={'THEOREM': 206, 'LINEAR': 282, 'SOLVED_FMB': 18, 'HARD_NONLINEAR': 3}
[510] order5big_4078: THEOREM (60.1s)  running={'THEOREM': 207, 'LINEAR': 282, 'SOLVED_FMB': 18, 'HARD_NONLINEAR': 3}
[511] order5big_4086: LINEAR (0.0s)  running={'THEOREM': 207, 'LINEAR': 283, 'SOLVED_FMB': 18, 'HARD_NONLINEAR': 3}
[512] order5big_4094: LINEAR (0.0s)  running={'THEOREM': 207, 'LINEAR': 284, 'SOLVED_FMB': 18, 'HARD_NONLINEAR': 3}
[513] order5big_4102: LINEAR (0.0s)  running={'THEOREM': 207, 'LINEAR': 285, 'SOLVED_FMB': 18, 'HARD_NONLINEAR': 3}
[514] order5big_4110: THEOREM (65.1s)  running={'THEOREM': 208, 'LINEAR': 285, 'SOLVED_FMB': 18, 'HARD_NONLINEAR': 3}
[515] order5big_4118: THEOREM (60.2s)  running={'THEOREM': 209, 'LINEAR': 285, 'SOLVED_FMB': 18, 'HARD_NONLINEAR': 3}
[516] order5big_4126: LINEAR (0.0s)  running={'THEOREM': 209, 'LINEAR': 286, 'SOLVED_FMB': 18, 'HARD_NONLINEAR': 3}
[517] order5big_4134: THEOREM (62.1s)  running={'THEOREM': 210, 'LINEAR': 286, 'SOLVED_FMB': 18, 'HARD_NONLINEAR': 3}
[518] order5big_4142: LINEAR (0.0s)  running={'THEOREM': 210, 'LINEAR': 287, 'SOLVED_FMB': 18, 'HARD_NONLINEAR': 3}
[519] order5big_4150: THEOREM (2.7s)  running={'THEOREM': 211, 'LINEAR': 287, 'SOLVED_FMB': 18, 'HARD_NONLINEAR': 3}
[520] order5big_4158: LINEAR (0.0s)  running={'THEOREM': 211, 'LINEAR': 288, 'SOLVED_FMB': 18, 'HARD_NONLINEAR': 3}
[521] order5big_4166: LINEAR (0.0s)  running={'THEOREM': 211, 'LINEAR': 289, 'SOLVED_FMB': 18, 'HARD_NONLINEAR': 3}
[522] order5big_4174: LINEAR (0.0s)  running={'THEOREM': 211, 'LINEAR': 290, 'SOLVED_FMB': 18, 'HARD_NONLINEAR': 3}
[523] order5big_4182: LINEAR (0.0s)  running={'THEOREM': 211, 'LINEAR': 291, 'SOLVED_FMB': 18, 'HARD_NONLINEAR': 3}
[524] order5big_4190: LINEAR (0.0s)  running={'THEOREM': 211, 'LINEAR': 292, 'SOLVED_FMB': 18, 'HARD_NONLINEAR': 3}
[525] order5big_4198: THEOREM (60.3s)  running={'THEOREM': 212, 'LINEAR': 292, 'SOLVED_FMB': 18, 'HARD_NONLINEAR': 3}
[526] order5big_4206: THEOREM (60.5s)  running={'THEOREM': 213, 'LINEAR': 292, 'SOLVED_FMB': 18, 'HARD_NONLINEAR': 3}
[527] order5big_4214: THEOREM (60.2s)  running={'THEOREM': 214, 'LINEAR': 292, 'SOLVED_FMB': 18, 'HARD_NONLINEAR': 3}
[528] order5big_4222: THEOREM (60.1s)  running={'THEOREM': 215, 'LINEAR': 292, 'SOLVED_FMB': 18, 'HARD_NONLINEAR': 3}
[529] order5big_4230: LINEAR (0.0s)  running={'THEOREM': 215, 'LINEAR': 293, 'SOLVED_FMB': 18, 'HARD_NONLINEAR': 3}
[530] order5big_4238: LINEAR (0.0s)  running={'THEOREM': 215, 'LINEAR': 294, 'SOLVED_FMB': 18, 'HARD_NONLINEAR': 3}
[531] order5big_4246: THEOREM (60.3s)  running={'THEOREM': 216, 'LINEAR': 294, 'SOLVED_FMB': 18, 'HARD_NONLINEAR': 3}
[532] order5big_4254: LINEAR (0.0s)  running={'THEOREM': 216, 'LINEAR': 295, 'SOLVED_FMB': 18, 'HARD_NONLINEAR': 3}
[533] order5big_4262: LINEAR (0.0s)  running={'THEOREM': 216, 'LINEAR': 296, 'SOLVED_FMB': 18, 'HARD_NONLINEAR': 3}
[534] order5big_4270: LINEAR (0.0s)  running={'THEOREM': 216, 'LINEAR': 297, 'SOLVED_FMB': 18, 'HARD_NONLINEAR': 3}
[535] order5big_4278: THEOREM (60.2s)  running={'THEOREM': 217, 'LINEAR': 297, 'SOLVED_FMB': 18, 'HARD_NONLINEAR': 3}
[536] order5big_4286: LINEAR (0.0s)  running={'THEOREM': 217, 'LINEAR': 298, 'SOLVED_FMB': 18, 'HARD_NONLINEAR': 3}
[537] order5big_4294: LINEAR (0.0s)  running={'THEOREM': 217, 'LINEAR': 299, 'SOLVED_FMB': 18, 'HARD_NONLINEAR': 3}
[538] order5big_4302: THEOREM (2.2s)  running={'THEOREM': 218, 'LINEAR': 299, 'SOLVED_FMB': 18, 'HARD_NONLINEAR': 3}
[539] order5big_4310: THEOREM (60.2s)  running={'THEOREM': 219, 'LINEAR': 299, 'SOLVED_FMB': 18, 'HARD_NONLINEAR': 3}
[540] order5big_4318: LINEAR (0.0s)  running={'THEOREM': 219, 'LINEAR': 300, 'SOLVED_FMB': 18, 'HARD_NONLINEAR': 3}
[541] order5big_4326: LINEAR (0.0s)  running={'THEOREM': 219, 'LINEAR': 301, 'SOLVED_FMB': 18, 'HARD_NONLINEAR': 3}
[542] order5big_4334: LINEAR (0.0s)  running={'THEOREM': 219, 'LINEAR': 302, 'SOLVED_FMB': 18, 'HARD_NONLINEAR': 3}
[543] order5big_4342: THEOREM (60.2s)  running={'THEOREM': 220, 'LINEAR': 302, 'SOLVED_FMB': 18, 'HARD_NONLINEAR': 3}
[544] order5big_4350: LINEAR (0.0s)  running={'THEOREM': 220, 'LINEAR': 303, 'SOLVED_FMB': 18, 'HARD_NONLINEAR': 3}
[545] order5big_4358: THEOREM (73.0s)  running={'THEOREM': 221, 'LINEAR': 303, 'SOLVED_FMB': 18, 'HARD_NONLINEAR': 3}
[546] order5big_4366: LINEAR (0.0s)  running={'THEOREM': 221, 'LINEAR': 304, 'SOLVED_FMB': 18, 'HARD_NONLINEAR': 3}
[547] order5big_4374: LINEAR (0.0s)  running={'THEOREM': 221, 'LINEAR': 305, 'SOLVED_FMB': 18, 'HARD_NONLINEAR': 3}
[548] order5big_4382: LINEAR (0.0s)  running={'THEOREM': 221, 'LINEAR': 306, 'SOLVED_FMB': 18, 'HARD_NONLINEAR': 3}
[549] order5big_4390: LINEAR (0.0s)  running={'THEOREM': 221, 'LINEAR': 307, 'SOLVED_FMB': 18, 'HARD_NONLINEAR': 3}
[550] order5big_4398: SOLVED_FMB (1.9s)  running={'THEOREM': 221, 'LINEAR': 307, 'SOLVED_FMB': 19, 'HARD_NONLINEAR': 3}
[551] order5big_4406: LINEAR (0.0s)  running={'THEOREM': 221, 'LINEAR': 308, 'SOLVED_FMB': 19, 'HARD_NONLINEAR': 3}
[552] order5big_4414: LINEAR (0.0s)  running={'THEOREM': 221, 'LINEAR': 309, 'SOLVED_FMB': 19, 'HARD_NONLINEAR': 3}
[553] order5big_4422: LINEAR (0.0s)  running={'THEOREM': 221, 'LINEAR': 310, 'SOLVED_FMB': 19, 'HARD_NONLINEAR': 3}
[554] order5big_4430: LINEAR (0.0s)  running={'THEOREM': 221, 'LINEAR': 311, 'SOLVED_FMB': 19, 'HARD_NONLINEAR': 3}
[555] order5big_4438: THEOREM (73.5s)  running={'THEOREM': 222, 'LINEAR': 311, 'SOLVED_FMB': 19, 'HARD_NONLINEAR': 3}
[556] order5big_4446: THEOREM (60.2s)  running={'THEOREM': 223, 'LINEAR': 311, 'SOLVED_FMB': 19, 'HARD_NONLINEAR': 3}
[557] order5big_4454: THEOREM (60.2s)  running={'THEOREM': 224, 'LINEAR': 311, 'SOLVED_FMB': 19, 'HARD_NONLINEAR': 3}
[558] order5big_4462: LINEAR (0.0s)  running={'THEOREM': 224, 'LINEAR': 312, 'SOLVED_FMB': 19, 'HARD_NONLINEAR': 3}
[559] order5big_4470: LINEAR (0.0s)  running={'THEOREM': 224, 'LINEAR': 313, 'SOLVED_FMB': 19, 'HARD_NONLINEAR': 3}
[560] order5big_4478: LINEAR (0.0s)  running={'THEOREM': 224, 'LINEAR': 314, 'SOLVED_FMB': 19, 'HARD_NONLINEAR': 3}
[561] order5big_4486: LINEAR (0.0s)  running={'THEOREM': 224, 'LINEAR': 315, 'SOLVED_FMB': 19, 'HARD_NONLINEAR': 3}
[562] order5big_4494: THEOREM (60.6s)  running={'THEOREM': 225, 'LINEAR': 315, 'SOLVED_FMB': 19, 'HARD_NONLINEAR': 3}
[563] order5big_4502: THEOREM (60.2s)  running={'THEOREM': 226, 'LINEAR': 315, 'SOLVED_FMB': 19, 'HARD_NONLINEAR': 3}
[564] order5big_4510: LINEAR (0.0s)  running={'THEOREM': 226, 'LINEAR': 316, 'SOLVED_FMB': 19, 'HARD_NONLINEAR': 3}
[565] order5big_4518: LINEAR (0.0s)  running={'THEOREM': 226, 'LINEAR': 317, 'SOLVED_FMB': 19, 'HARD_NONLINEAR': 3}
[566] order5big_4526: LINEAR (0.0s)  running={'THEOREM': 226, 'LINEAR': 318, 'SOLVED_FMB': 19, 'HARD_NONLINEAR': 3}
[567] order5big_4534: LINEAR (0.0s)  running={'THEOREM': 226, 'LINEAR': 319, 'SOLVED_FMB': 19, 'HARD_NONLINEAR': 3}
[568] order5big_4542: THEOREM (60.5s)  running={'THEOREM': 227, 'LINEAR': 319, 'SOLVED_FMB': 19, 'HARD_NONLINEAR': 3}
[569] order5big_4550: LINEAR (0.0s)  running={'THEOREM': 227, 'LINEAR': 320, 'SOLVED_FMB': 19, 'HARD_NONLINEAR': 3}
[570] order5big_4558: THEOREM (60.4s)  running={'THEOREM': 228, 'LINEAR': 320, 'SOLVED_FMB': 19, 'HARD_NONLINEAR': 3}
[571] order5big_4566: THEOREM (60.7s)  running={'THEOREM': 229, 'LINEAR': 320, 'SOLVED_FMB': 19, 'HARD_NONLINEAR': 3}
[572] order5big_4574: LINEAR (0.0s)  running={'THEOREM': 229, 'LINEAR': 321, 'SOLVED_FMB': 19, 'HARD_NONLINEAR': 3}
[573] order5big_4582: THEOREM (60.4s)  running={'THEOREM': 230, 'LINEAR': 321, 'SOLVED_FMB': 19, 'HARD_NONLINEAR': 3}
[574] order5big_4590: LINEAR (0.0s)  running={'THEOREM': 230, 'LINEAR': 322, 'SOLVED_FMB': 19, 'HARD_NONLINEAR': 3}
[575] order5big_4598: LINEAR (0.0s)  running={'THEOREM': 230, 'LINEAR': 323, 'SOLVED_FMB': 19, 'HARD_NONLINEAR': 3}
[576] order5big_4606: LINEAR (0.0s)  running={'THEOREM': 230, 'LINEAR': 324, 'SOLVED_FMB': 19, 'HARD_NONLINEAR': 3}
[577] order5big_4614: THEOREM (83.9s)  running={'THEOREM': 231, 'LINEAR': 324, 'SOLVED_FMB': 19, 'HARD_NONLINEAR': 3}
[578] order5big_4622: LINEAR (0.0s)  running={'THEOREM': 231, 'LINEAR': 325, 'SOLVED_FMB': 19, 'HARD_NONLINEAR': 3}
[579] order5big_4630: LINEAR (0.0s)  running={'THEOREM': 231, 'LINEAR': 326, 'SOLVED_FMB': 19, 'HARD_NONLINEAR': 3}
[580] order5big_4638: SOLVED_FMB (11.8s)  running={'THEOREM': 231, 'LINEAR': 326, 'SOLVED_FMB': 20, 'HARD_NONLINEAR': 3}
[581] order5big_4646: LINEAR (0.0s)  running={'THEOREM': 231, 'LINEAR': 327, 'SOLVED_FMB': 20, 'HARD_NONLINEAR': 3}
[582] order5big_4654: LINEAR (0.0s)  running={'THEOREM': 231, 'LINEAR': 328, 'SOLVED_FMB': 20, 'HARD_NONLINEAR': 3}
[583] order5big_4662: LINEAR (0.0s)  running={'THEOREM': 231, 'LINEAR': 329, 'SOLVED_FMB': 20, 'HARD_NONLINEAR': 3}
[584] order5big_4670: LINEAR (0.0s)  running={'THEOREM': 231, 'LINEAR': 330, 'SOLVED_FMB': 20, 'HARD_NONLINEAR': 3}
[585] order5big_4678: LINEAR (0.0s)  running={'THEOREM': 231, 'LINEAR': 331, 'SOLVED_FMB': 20, 'HARD_NONLINEAR': 3}
[586] order5big_4686: LINEAR (0.0s)  running={'THEOREM': 231, 'LINEAR': 332, 'SOLVED_FMB': 20, 'HARD_NONLINEAR': 3}
[587] order5big_4694: THEOREM (5.1s)  running={'THEOREM': 232, 'LINEAR': 332, 'SOLVED_FMB': 20, 'HARD_NONLINEAR': 3}
[588] order5big_4702: LINEAR (0.0s)  running={'THEOREM': 232, 'LINEAR': 333, 'SOLVED_FMB': 20, 'HARD_NONLINEAR': 3}
[589] order5big_4710: LINEAR (0.0s)  running={'THEOREM': 232, 'LINEAR': 334, 'SOLVED_FMB': 20, 'HARD_NONLINEAR': 3}
[590] order5big_4718: LINEAR (0.0s)  running={'THEOREM': 232, 'LINEAR': 335, 'SOLVED_FMB': 20, 'HARD_NONLINEAR': 3}
[591] order5big_4726: LINEAR (0.0s)  running={'THEOREM': 232, 'LINEAR': 336, 'SOLVED_FMB': 20, 'HARD_NONLINEAR': 3}
[592] order5big_4734: THEOREM (60.2s)  running={'THEOREM': 233, 'LINEAR': 336, 'SOLVED_FMB': 20, 'HARD_NONLINEAR': 3}
[593] order5big_4742: LINEAR (0.0s)  running={'THEOREM': 233, 'LINEAR': 337, 'SOLVED_FMB': 20, 'HARD_NONLINEAR': 3}
[594] order5big_4750: THEOREM (60.1s)  running={'THEOREM': 234, 'LINEAR': 337, 'SOLVED_FMB': 20, 'HARD_NONLINEAR': 3}
[595] order5big_4758: THEOREM (60.2s)  running={'THEOREM': 235, 'LINEAR': 337, 'SOLVED_FMB': 20, 'HARD_NONLINEAR': 3}
[596] order5big_4766: LINEAR (0.0s)  running={'THEOREM': 235, 'LINEAR': 338, 'SOLVED_FMB': 20, 'HARD_NONLINEAR': 3}
[597] order5big_4774: LINEAR (0.0s)  running={'THEOREM': 235, 'LINEAR': 339, 'SOLVED_FMB': 20, 'HARD_NONLINEAR': 3}
[598] order5big_4782: SOLVED_FMB (1.5s)  running={'THEOREM': 235, 'LINEAR': 339, 'SOLVED_FMB': 21, 'HARD_NONLINEAR': 3}
[599] order5big_4790: THEOREM (60.2s)  running={'THEOREM': 236, 'LINEAR': 339, 'SOLVED_FMB': 21, 'HARD_NONLINEAR': 3}
[600] order5big_4798: LINEAR (0.0s)  running={'THEOREM': 236, 'LINEAR': 340, 'SOLVED_FMB': 21, 'HARD_NONLINEAR': 3}
[601] order5big_4806: LINEAR (0.0s)  running={'THEOREM': 236, 'LINEAR': 341, 'SOLVED_FMB': 21, 'HARD_NONLINEAR': 3}
[602] order5big_4814: LINEAR (0.0s)  running={'THEOREM': 236, 'LINEAR': 342, 'SOLVED_FMB': 21, 'HARD_NONLINEAR': 3}
[603] order5big_4822: LINEAR (0.0s)  running={'THEOREM': 236, 'LINEAR': 343, 'SOLVED_FMB': 21, 'HARD_NONLINEAR': 3}
[604] order5big_4830: LINEAR (0.0s)  running={'THEOREM': 236, 'LINEAR': 344, 'SOLVED_FMB': 21, 'HARD_NONLINEAR': 3}
[605] order5big_4838: THEOREM (60.2s)  running={'THEOREM': 237, 'LINEAR': 344, 'SOLVED_FMB': 21, 'HARD_NONLINEAR': 3}
[606] order5big_4846: LINEAR (0.0s)  running={'THEOREM': 237, 'LINEAR': 345, 'SOLVED_FMB': 21, 'HARD_NONLINEAR': 3}
[607] order5big_4854: THEOREM (60.5s)  running={'THEOREM': 238, 'LINEAR': 345, 'SOLVED_FMB': 21, 'HARD_NONLINEAR': 3}
[608] order5big_4862: THEOREM (60.4s)  running={'THEOREM': 239, 'LINEAR': 345, 'SOLVED_FMB': 21, 'HARD_NONLINEAR': 3}
[609] order5big_4870: LINEAR (0.0s)  running={'THEOREM': 239, 'LINEAR': 346, 'SOLVED_FMB': 21, 'HARD_NONLINEAR': 3}
[610] order5big_4878: LINEAR (0.0s)  running={'THEOREM': 239, 'LINEAR': 347, 'SOLVED_FMB': 21, 'HARD_NONLINEAR': 3}
[611] order5big_4886: THEOREM (60.2s)  running={'THEOREM': 240, 'LINEAR': 347, 'SOLVED_FMB': 21, 'HARD_NONLINEAR': 3}
[612] order5big_4894: LINEAR (0.0s)  running={'THEOREM': 240, 'LINEAR': 348, 'SOLVED_FMB': 21, 'HARD_NONLINEAR': 3}
[613] order5big_4902: LINEAR (0.0s)  running={'THEOREM': 240, 'LINEAR': 349, 'SOLVED_FMB': 21, 'HARD_NONLINEAR': 3}
[614] order5big_4910: LINEAR (0.0s)  running={'THEOREM': 240, 'LINEAR': 350, 'SOLVED_FMB': 21, 'HARD_NONLINEAR': 3}
[615] order5big_4918: LINEAR (0.0s)  running={'THEOREM': 240, 'LINEAR': 351, 'SOLVED_FMB': 21, 'HARD_NONLINEAR': 3}
[616] order5big_4926: THEOREM (60.2s)  running={'THEOREM': 241, 'LINEAR': 351, 'SOLVED_FMB': 21, 'HARD_NONLINEAR': 3}
[617] order5big_4934: THEOREM (60.7s)  running={'THEOREM': 242, 'LINEAR': 351, 'SOLVED_FMB': 21, 'HARD_NONLINEAR': 3}
[618] order5big_4942: LINEAR (0.0s)  running={'THEOREM': 242, 'LINEAR': 352, 'SOLVED_FMB': 21, 'HARD_NONLINEAR': 3}
[619] order5big_4950: LINEAR (0.0s)  running={'THEOREM': 242, 'LINEAR': 353, 'SOLVED_FMB': 21, 'HARD_NONLINEAR': 3}
[620] order5big_4958: LINEAR (0.0s)  running={'THEOREM': 242, 'LINEAR': 354, 'SOLVED_FMB': 21, 'HARD_NONLINEAR': 3}
[621] order5big_4966: THEOREM (60.2s)  running={'THEOREM': 243, 'LINEAR': 354, 'SOLVED_FMB': 21, 'HARD_NONLINEAR': 3}
[622] order5big_4974: LINEAR (0.0s)  running={'THEOREM': 243, 'LINEAR': 355, 'SOLVED_FMB': 21, 'HARD_NONLINEAR': 3}
[623] order5big_4982: LINEAR (0.0s)  running={'THEOREM': 243, 'LINEAR': 356, 'SOLVED_FMB': 21, 'HARD_NONLINEAR': 3}
[624] order5big_4990: THEOREM (60.2s)  running={'THEOREM': 244, 'LINEAR': 356, 'SOLVED_FMB': 21, 'HARD_NONLINEAR': 3}
[625] order5big_4998: HARD_NONLINEAR (60.1s)  running={'THEOREM': 244, 'LINEAR': 356, 'SOLVED_FMB': 21, 'HARD_NONLINEAR': 4}
[626] order5big_5006: LINEAR (0.0s)  running={'THEOREM': 244, 'LINEAR': 357, 'SOLVED_FMB': 21, 'HARD_NONLINEAR': 4}
[627] order5big_5014: LINEAR (0.0s)  running={'THEOREM': 244, 'LINEAR': 358, 'SOLVED_FMB': 21, 'HARD_NONLINEAR': 4}
[628] order5big_5022: THEOREM (60.2s)  running={'THEOREM': 245, 'LINEAR': 358, 'SOLVED_FMB': 21, 'HARD_NONLINEAR': 4}
[629] order5big_5030: THEOREM (60.3s)  running={'THEOREM': 246, 'LINEAR': 358, 'SOLVED_FMB': 21, 'HARD_NONLINEAR': 4}
[630] order5big_5038: LINEAR (0.0s)  running={'THEOREM': 246, 'LINEAR': 359, 'SOLVED_FMB': 21, 'HARD_NONLINEAR': 4}
[631] order5big_5046: LINEAR (0.0s)  running={'THEOREM': 246, 'LINEAR': 360, 'SOLVED_FMB': 21, 'HARD_NONLINEAR': 4}
[632] order5big_5054: THEOREM (60.1s)  running={'THEOREM': 247, 'LINEAR': 360, 'SOLVED_FMB': 21, 'HARD_NONLINEAR': 4}
[633] order5big_5062: LINEAR (0.0s)  running={'THEOREM': 247, 'LINEAR': 361, 'SOLVED_FMB': 21, 'HARD_NONLINEAR': 4}
[634] order5big_5070: THEOREM (60.2s)  running={'THEOREM': 248, 'LINEAR': 361, 'SOLVED_FMB': 21, 'HARD_NONLINEAR': 4}
[635] order5big_5078: THEOREM (60.5s)  running={'THEOREM': 249, 'LINEAR': 361, 'SOLVED_FMB': 21, 'HARD_NONLINEAR': 4}
[636] order5big_5086: LINEAR (0.0s)  running={'THEOREM': 249, 'LINEAR': 362, 'SOLVED_FMB': 21, 'HARD_NONLINEAR': 4}
[637] order5big_5094: THEOREM (60.2s)  running={'THEOREM': 250, 'LINEAR': 362, 'SOLVED_FMB': 21, 'HARD_NONLINEAR': 4}
[638] order5big_5102: THEOREM (60.7s)  running={'THEOREM': 251, 'LINEAR': 362, 'SOLVED_FMB': 21, 'HARD_NONLINEAR': 4}
[639] order5big_5110: THEOREM (61.0s)  running={'THEOREM': 252, 'LINEAR': 362, 'SOLVED_FMB': 21, 'HARD_NONLINEAR': 4}
[640] order5big_5118: LINEAR (0.0s)  running={'THEOREM': 252, 'LINEAR': 363, 'SOLVED_FMB': 21, 'HARD_NONLINEAR': 4}
[641] order5big_5126: THEOREM (60.2s)  running={'THEOREM': 253, 'LINEAR': 363, 'SOLVED_FMB': 21, 'HARD_NONLINEAR': 4}
[642] order5big_5134: THEOREM (60.3s)  running={'THEOREM': 254, 'LINEAR': 363, 'SOLVED_FMB': 21, 'HARD_NONLINEAR': 4}
[643] order5big_5142: LINEAR (0.0s)  running={'THEOREM': 254, 'LINEAR': 364, 'SOLVED_FMB': 21, 'HARD_NONLINEAR': 4}
[644] order5big_5150: THEOREM (60.6s)  running={'THEOREM': 255, 'LINEAR': 364, 'SOLVED_FMB': 21, 'HARD_NONLINEAR': 4}
[645] order5big_5158: LINEAR (0.0s)  running={'THEOREM': 255, 'LINEAR': 365, 'SOLVED_FMB': 21, 'HARD_NONLINEAR': 4}
[646] order5big_5166: LINEAR (0.0s)  running={'THEOREM': 255, 'LINEAR': 366, 'SOLVED_FMB': 21, 'HARD_NONLINEAR': 4}
[647] order5big_5174: LINEAR (0.0s)  running={'THEOREM': 255, 'LINEAR': 367, 'SOLVED_FMB': 21, 'HARD_NONLINEAR': 4}
[648] order5big_5182: LINEAR (0.0s)  running={'THEOREM': 255, 'LINEAR': 368, 'SOLVED_FMB': 21, 'HARD_NONLINEAR': 4}
[649] order5big_5190: LINEAR (0.0s)  running={'THEOREM': 255, 'LINEAR': 369, 'SOLVED_FMB': 21, 'HARD_NONLINEAR': 4}
[650] order5big_5198: LINEAR (0.1s)  running={'THEOREM': 255, 'LINEAR': 370, 'SOLVED_FMB': 21, 'HARD_NONLINEAR': 4}
[651] order5big_5206: LINEAR (0.0s)  running={'THEOREM': 255, 'LINEAR': 371, 'SOLVED_FMB': 21, 'HARD_NONLINEAR': 4}
[652] order5big_5214: LINEAR (0.0s)  running={'THEOREM': 255, 'LINEAR': 372, 'SOLVED_FMB': 21, 'HARD_NONLINEAR': 4}
[653] order5big_5222: LINEAR (0.0s)  running={'THEOREM': 255, 'LINEAR': 373, 'SOLVED_FMB': 21, 'HARD_NONLINEAR': 4}
[654] order5big_5230: LINEAR (0.0s)  running={'THEOREM': 255, 'LINEAR': 374, 'SOLVED_FMB': 21, 'HARD_NONLINEAR': 4}
[655] order5big_5238: LINEAR (0.0s)  running={'THEOREM': 255, 'LINEAR': 375, 'SOLVED_FMB': 21, 'HARD_NONLINEAR': 4}
[656] order5big_5246: THEOREM (60.2s)  running={'THEOREM': 256, 'LINEAR': 375, 'SOLVED_FMB': 21, 'HARD_NONLINEAR': 4}
[657] order5big_5254: THEOREM (60.2s)  running={'THEOREM': 257, 'LINEAR': 375, 'SOLVED_FMB': 21, 'HARD_NONLINEAR': 4}
[658] order5big_5262: LINEAR (0.0s)  running={'THEOREM': 257, 'LINEAR': 376, 'SOLVED_FMB': 21, 'HARD_NONLINEAR': 4}
[659] order5big_5270: LINEAR (0.0s)  running={'THEOREM': 257, 'LINEAR': 377, 'SOLVED_FMB': 21, 'HARD_NONLINEAR': 4}
[660] order5big_5278: THEOREM (83.6s)  running={'THEOREM': 258, 'LINEAR': 377, 'SOLVED_FMB': 21, 'HARD_NONLINEAR': 4}
[661] order5big_5286: THEOREM (83.9s)  running={'THEOREM': 259, 'LINEAR': 377, 'SOLVED_FMB': 21, 'HARD_NONLINEAR': 4}
[662] order5big_5294: THEOREM (65.3s)  running={'THEOREM': 260, 'LINEAR': 377, 'SOLVED_FMB': 21, 'HARD_NONLINEAR': 4}
[663] order5big_5302: LINEAR (0.0s)  running={'THEOREM': 260, 'LINEAR': 378, 'SOLVED_FMB': 21, 'HARD_NONLINEAR': 4}
[664] order5big_5310: LINEAR (0.0s)  running={'THEOREM': 260, 'LINEAR': 379, 'SOLVED_FMB': 21, 'HARD_NONLINEAR': 4}
[665] order5big_5318: LINEAR (0.0s)  running={'THEOREM': 260, 'LINEAR': 380, 'SOLVED_FMB': 21, 'HARD_NONLINEAR': 4}
[666] order5big_5326: LINEAR (0.0s)  running={'THEOREM': 260, 'LINEAR': 381, 'SOLVED_FMB': 21, 'HARD_NONLINEAR': 4}
[667] order5big_5334: THEOREM (60.2s)  running={'THEOREM': 261, 'LINEAR': 381, 'SOLVED_FMB': 21, 'HARD_NONLINEAR': 4}
[668] order5big_5342: LINEAR (0.0s)  running={'THEOREM': 261, 'LINEAR': 382, 'SOLVED_FMB': 21, 'HARD_NONLINEAR': 4}
[669] order5big_5350: THEOREM (60.2s)  running={'THEOREM': 262, 'LINEAR': 382, 'SOLVED_FMB': 21, 'HARD_NONLINEAR': 4}
[670] order5big_5358: THEOREM (60.2s)  running={'THEOREM': 263, 'LINEAR': 382, 'SOLVED_FMB': 21, 'HARD_NONLINEAR': 4}
[671] order5big_5366: LINEAR (0.0s)  running={'THEOREM': 263, 'LINEAR': 383, 'SOLVED_FMB': 21, 'HARD_NONLINEAR': 4}
[672] order5big_5374: LINEAR (0.0s)  running={'THEOREM': 263, 'LINEAR': 384, 'SOLVED_FMB': 21, 'HARD_NONLINEAR': 4}
[673] order5big_5382: THEOREM (60.4s)  running={'THEOREM': 264, 'LINEAR': 384, 'SOLVED_FMB': 21, 'HARD_NONLINEAR': 4}
[674] order5big_5390: LINEAR (0.0s)  running={'THEOREM': 264, 'LINEAR': 385, 'SOLVED_FMB': 21, 'HARD_NONLINEAR': 4}
[675] order5big_5398: THEOREM (60.6s)  running={'THEOREM': 265, 'LINEAR': 385, 'SOLVED_FMB': 21, 'HARD_NONLINEAR': 4}
[676] order5big_5406: LINEAR (0.0s)  running={'THEOREM': 265, 'LINEAR': 386, 'SOLVED_FMB': 21, 'HARD_NONLINEAR': 4}
[677] order5big_5414: THEOREM (60.6s)  running={'THEOREM': 266, 'LINEAR': 386, 'SOLVED_FMB': 21, 'HARD_NONLINEAR': 4}
[678] order5big_5422: LINEAR (0.0s)  running={'THEOREM': 266, 'LINEAR': 387, 'SOLVED_FMB': 21, 'HARD_NONLINEAR': 4}
[679] order5big_5430: THEOREM (60.2s)  running={'THEOREM': 267, 'LINEAR': 387, 'SOLVED_FMB': 21, 'HARD_NONLINEAR': 4}
[680] order5big_5438: LINEAR (0.0s)  running={'THEOREM': 267, 'LINEAR': 388, 'SOLVED_FMB': 21, 'HARD_NONLINEAR': 4}
[681] order5big_5446: THEOREM (72.2s)  running={'THEOREM': 268, 'LINEAR': 388, 'SOLVED_FMB': 21, 'HARD_NONLINEAR': 4}
[682] order5big_5454: LINEAR (0.0s)  running={'THEOREM': 268, 'LINEAR': 389, 'SOLVED_FMB': 21, 'HARD_NONLINEAR': 4}
[683] order5big_5462: THEOREM (60.1s)  running={'THEOREM': 269, 'LINEAR': 389, 'SOLVED_FMB': 21, 'HARD_NONLINEAR': 4}
[684] order5big_5470: THEOREM (60.3s)  running={'THEOREM': 270, 'LINEAR': 389, 'SOLVED_FMB': 21, 'HARD_NONLINEAR': 4}
[685] order5big_5478: LINEAR (0.0s)  running={'THEOREM': 270, 'LINEAR': 390, 'SOLVED_FMB': 21, 'HARD_NONLINEAR': 4}
[686] order5big_5486: LINEAR (0.0s)  running={'THEOREM': 270, 'LINEAR': 391, 'SOLVED_FMB': 21, 'HARD_NONLINEAR': 4}
[687] order5big_5494: LINEAR (0.0s)  running={'THEOREM': 270, 'LINEAR': 392, 'SOLVED_FMB': 21, 'HARD_NONLINEAR': 4}
[688] order5big_5502: LINEAR (0.0s)  running={'THEOREM': 270, 'LINEAR': 393, 'SOLVED_FMB': 21, 'HARD_NONLINEAR': 4}
[689] order5big_5510: THEOREM (60.1s)  running={'THEOREM': 271, 'LINEAR': 393, 'SOLVED_FMB': 21, 'HARD_NONLINEAR': 4}
[690] order5big_5518: LINEAR (0.0s)  running={'THEOREM': 271, 'LINEAR': 394, 'SOLVED_FMB': 21, 'HARD_NONLINEAR': 4}
[691] order5big_5526: THEOREM (60.2s)  running={'THEOREM': 272, 'LINEAR': 394, 'SOLVED_FMB': 21, 'HARD_NONLINEAR': 4}
[692] order5big_5534: LINEAR (0.0s)  running={'THEOREM': 272, 'LINEAR': 395, 'SOLVED_FMB': 21, 'HARD_NONLINEAR': 4}
[693] order5big_5542: LINEAR (0.0s)  running={'THEOREM': 272, 'LINEAR': 396, 'SOLVED_FMB': 21, 'HARD_NONLINEAR': 4}
[694] order5big_5550: SOLVED_FMB (13.4s)  running={'THEOREM': 272, 'LINEAR': 396, 'SOLVED_FMB': 22, 'HARD_NONLINEAR': 4}
[695] order5big_5558: LINEAR (0.0s)  running={'THEOREM': 272, 'LINEAR': 397, 'SOLVED_FMB': 22, 'HARD_NONLINEAR': 4}
[696] order5big_5566: LINEAR (0.0s)  running={'THEOREM': 272, 'LINEAR': 398, 'SOLVED_FMB': 22, 'HARD_NONLINEAR': 4}
[697] order5big_5574: LINEAR (0.0s)  running={'THEOREM': 272, 'LINEAR': 399, 'SOLVED_FMB': 22, 'HARD_NONLINEAR': 4}
[698] order5big_5582: LINEAR (0.0s)  running={'THEOREM': 272, 'LINEAR': 400, 'SOLVED_FMB': 22, 'HARD_NONLINEAR': 4}
[699] order5big_5590: THEOREM (60.2s)  running={'THEOREM': 273, 'LINEAR': 400, 'SOLVED_FMB': 22, 'HARD_NONLINEAR': 4}
[700] order5big_5598: SOLVED_FMB (1.4s)  running={'THEOREM': 273, 'LINEAR': 400, 'SOLVED_FMB': 23, 'HARD_NONLINEAR': 4}
[701] order5big_5606: LINEAR (0.0s)  running={'THEOREM': 273, 'LINEAR': 401, 'SOLVED_FMB': 23, 'HARD_NONLINEAR': 4}
[702] order5big_5614: THEOREM (60.2s)  running={'THEOREM': 274, 'LINEAR': 401, 'SOLVED_FMB': 23, 'HARD_NONLINEAR': 4}
[703] order5big_5622: LINEAR (0.0s)  running={'THEOREM': 274, 'LINEAR': 402, 'SOLVED_FMB': 23, 'HARD_NONLINEAR': 4}
[704] order5big_5630: THEOREM (60.2s)  running={'THEOREM': 275, 'LINEAR': 402, 'SOLVED_FMB': 23, 'HARD_NONLINEAR': 4}
[705] order5big_5638: THEOREM (60.1s)  running={'THEOREM': 276, 'LINEAR': 402, 'SOLVED_FMB': 23, 'HARD_NONLINEAR': 4}
[706] order5big_5646: SOLVED_FMB (0.3s)  running={'THEOREM': 276, 'LINEAR': 402, 'SOLVED_FMB': 24, 'HARD_NONLINEAR': 4}
[707] order5big_5654: THEOREM (71.9s)  running={'THEOREM': 277, 'LINEAR': 402, 'SOLVED_FMB': 24, 'HARD_NONLINEAR': 4}
[708] order5big_5662: THEOREM (60.2s)  running={'THEOREM': 278, 'LINEAR': 402, 'SOLVED_FMB': 24, 'HARD_NONLINEAR': 4}
[709] order5big_5670: LINEAR (0.0s)  running={'THEOREM': 278, 'LINEAR': 403, 'SOLVED_FMB': 24, 'HARD_NONLINEAR': 4}
[710] order5big_5678: THEOREM (60.2s)  running={'THEOREM': 279, 'LINEAR': 403, 'SOLVED_FMB': 24, 'HARD_NONLINEAR': 4}
[711] order5big_5686: LINEAR (0.0s)  running={'THEOREM': 279, 'LINEAR': 404, 'SOLVED_FMB': 24, 'HARD_NONLINEAR': 4}
[712] order5big_5694: SOLVED_FMB (1.5s)  running={'THEOREM': 279, 'LINEAR': 404, 'SOLVED_FMB': 25, 'HARD_NONLINEAR': 4}
[713] order5big_5702: LINEAR (0.0s)  running={'THEOREM': 279, 'LINEAR': 405, 'SOLVED_FMB': 25, 'HARD_NONLINEAR': 4}
[714] order5big_5710: LINEAR (0.0s)  running={'THEOREM': 279, 'LINEAR': 406, 'SOLVED_FMB': 25, 'HARD_NONLINEAR': 4}
[715] order5big_5718: LINEAR (0.0s)  running={'THEOREM': 279, 'LINEAR': 407, 'SOLVED_FMB': 25, 'HARD_NONLINEAR': 4}
[716] order5big_5726: THEOREM (60.2s)  running={'THEOREM': 280, 'LINEAR': 407, 'SOLVED_FMB': 25, 'HARD_NONLINEAR': 4}
[717] order5big_5734: LINEAR (0.0s)  running={'THEOREM': 280, 'LINEAR': 408, 'SOLVED_FMB': 25, 'HARD_NONLINEAR': 4}
[718] order5big_5742: LINEAR (0.0s)  running={'THEOREM': 280, 'LINEAR': 409, 'SOLVED_FMB': 25, 'HARD_NONLINEAR': 4}
[719] order5big_5750: THEOREM (60.2s)  running={'THEOREM': 281, 'LINEAR': 409, 'SOLVED_FMB': 25, 'HARD_NONLINEAR': 4}
[720] order5big_5758: LINEAR (0.0s)  running={'THEOREM': 281, 'LINEAR': 410, 'SOLVED_FMB': 25, 'HARD_NONLINEAR': 4}
[721] order5big_5766: LINEAR (0.0s)  running={'THEOREM': 281, 'LINEAR': 411, 'SOLVED_FMB': 25, 'HARD_NONLINEAR': 4}
[722] order5big_5774: LINEAR (0.0s)  running={'THEOREM': 281, 'LINEAR': 412, 'SOLVED_FMB': 25, 'HARD_NONLINEAR': 4}
[723] order5big_5782: LINEAR (0.0s)  running={'THEOREM': 281, 'LINEAR': 413, 'SOLVED_FMB': 25, 'HARD_NONLINEAR': 4}
[724] order5big_5790: THEOREM (60.6s)  running={'THEOREM': 282, 'LINEAR': 413, 'SOLVED_FMB': 25, 'HARD_NONLINEAR': 4}
[725] order5big_5798: LINEAR (0.0s)  running={'THEOREM': 282, 'LINEAR': 414, 'SOLVED_FMB': 25, 'HARD_NONLINEAR': 4}
[726] order5big_5806: THEOREM (60.2s)  running={'THEOREM': 283, 'LINEAR': 414, 'SOLVED_FMB': 25, 'HARD_NONLINEAR': 4}
[727] order5big_5814: THEOREM (60.2s)  running={'THEOREM': 284, 'LINEAR': 414, 'SOLVED_FMB': 25, 'HARD_NONLINEAR': 4}
[728] order5big_5822: LINEAR (0.0s)  running={'THEOREM': 284, 'LINEAR': 415, 'SOLVED_FMB': 25, 'HARD_NONLINEAR': 4}
[729] order5big_5830: LINEAR (0.0s)  running={'THEOREM': 284, 'LINEAR': 416, 'SOLVED_FMB': 25, 'HARD_NONLINEAR': 4}
[730] order5big_5838: LINEAR (0.0s)  running={'THEOREM': 284, 'LINEAR': 417, 'SOLVED_FMB': 25, 'HARD_NONLINEAR': 4}
[731] order5big_5846: LINEAR (0.0s)  running={'THEOREM': 284, 'LINEAR': 418, 'SOLVED_FMB': 25, 'HARD_NONLINEAR': 4}
[732] order5big_5854: THEOREM (60.3s)  running={'THEOREM': 285, 'LINEAR': 418, 'SOLVED_FMB': 25, 'HARD_NONLINEAR': 4}
[733] order5big_5862: LINEAR (0.0s)  running={'THEOREM': 285, 'LINEAR': 419, 'SOLVED_FMB': 25, 'HARD_NONLINEAR': 4}
[734] order5big_5870: THEOREM (60.3s)  running={'THEOREM': 286, 'LINEAR': 419, 'SOLVED_FMB': 25, 'HARD_NONLINEAR': 4}
[735] order5big_5878: THEOREM (60.2s)  running={'THEOREM': 287, 'LINEAR': 419, 'SOLVED_FMB': 25, 'HARD_NONLINEAR': 4}
[736] order5big_5886: LINEAR (0.0s)  running={'THEOREM': 287, 'LINEAR': 420, 'SOLVED_FMB': 25, 'HARD_NONLINEAR': 4}
[737] order5big_5894: THEOREM (60.7s)  running={'THEOREM': 288, 'LINEAR': 420, 'SOLVED_FMB': 25, 'HARD_NONLINEAR': 4}
[738] order5big_5902: LINEAR (0.0s)  running={'THEOREM': 288, 'LINEAR': 421, 'SOLVED_FMB': 25, 'HARD_NONLINEAR': 4}
[739] order5big_5910: THEOREM (60.2s)  running={'THEOREM': 289, 'LINEAR': 421, 'SOLVED_FMB': 25, 'HARD_NONLINEAR': 4}
[740] order5big_5918: LINEAR (0.0s)  running={'THEOREM': 289, 'LINEAR': 422, 'SOLVED_FMB': 25, 'HARD_NONLINEAR': 4}
[741] order5big_5926: LINEAR (0.0s)  running={'THEOREM': 289, 'LINEAR': 423, 'SOLVED_FMB': 25, 'HARD_NONLINEAR': 4}
[742] order5big_5934: THEOREM (61.5s)  running={'THEOREM': 290, 'LINEAR': 423, 'SOLVED_FMB': 25, 'HARD_NONLINEAR': 4}
[743] order5big_5942: LINEAR (0.0s)  running={'THEOREM': 290, 'LINEAR': 424, 'SOLVED_FMB': 25, 'HARD_NONLINEAR': 4}
[744] order5big_5950: LINEAR (0.0s)  running={'THEOREM': 290, 'LINEAR': 425, 'SOLVED_FMB': 25, 'HARD_NONLINEAR': 4}
[745] order5big_5958: THEOREM (1.4s)  running={'THEOREM': 291, 'LINEAR': 425, 'SOLVED_FMB': 25, 'HARD_NONLINEAR': 4}
[746] order5big_5966: LINEAR (0.0s)  running={'THEOREM': 291, 'LINEAR': 426, 'SOLVED_FMB': 25, 'HARD_NONLINEAR': 4}
[747] order5big_5974: LINEAR (0.0s)  running={'THEOREM': 291, 'LINEAR': 427, 'SOLVED_FMB': 25, 'HARD_NONLINEAR': 4}
[748] order5big_5982: LINEAR (0.0s)  running={'THEOREM': 291, 'LINEAR': 428, 'SOLVED_FMB': 25, 'HARD_NONLINEAR': 4}
[749] order5big_5990: THEOREM (60.2s)  running={'THEOREM': 292, 'LINEAR': 428, 'SOLVED_FMB': 25, 'HARD_NONLINEAR': 4}
[750] order5big_5998: LINEAR (0.0s)  running={'THEOREM': 292, 'LINEAR': 429, 'SOLVED_FMB': 25, 'HARD_NONLINEAR': 4}
[751] order5big_6006: LINEAR (0.0s)  running={'THEOREM': 292, 'LINEAR': 430, 'SOLVED_FMB': 25, 'HARD_NONLINEAR': 4}
[752] order5big_6014: LINEAR (0.0s)  running={'THEOREM': 292, 'LINEAR': 431, 'SOLVED_FMB': 25, 'HARD_NONLINEAR': 4}
[753] order5big_6022: LINEAR (0.0s)  running={'THEOREM': 292, 'LINEAR': 432, 'SOLVED_FMB': 25, 'HARD_NONLINEAR': 4}
[754] order5big_6030: THEOREM (60.4s)  running={'THEOREM': 293, 'LINEAR': 432, 'SOLVED_FMB': 25, 'HARD_NONLINEAR': 4}
[755] order5big_6038: LINEAR (0.0s)  running={'THEOREM': 293, 'LINEAR': 433, 'SOLVED_FMB': 25, 'HARD_NONLINEAR': 4}
[756] order5big_6046: THEOREM (60.2s)  running={'THEOREM': 294, 'LINEAR': 433, 'SOLVED_FMB': 25, 'HARD_NONLINEAR': 4}
[757] order5big_6054: LINEAR (0.0s)  running={'THEOREM': 294, 'LINEAR': 434, 'SOLVED_FMB': 25, 'HARD_NONLINEAR': 4}
[758] order5big_6062: LINEAR (0.0s)  running={'THEOREM': 294, 'LINEAR': 435, 'SOLVED_FMB': 25, 'HARD_NONLINEAR': 4}
[759] order5big_6070: THEOREM (1.2s)  running={'THEOREM': 295, 'LINEAR': 435, 'SOLVED_FMB': 25, 'HARD_NONLINEAR': 4}
[760] order5big_6078: THEOREM (61.2s)  running={'THEOREM': 296, 'LINEAR': 435, 'SOLVED_FMB': 25, 'HARD_NONLINEAR': 4}
[761] order5big_6086: LINEAR (0.0s)  running={'THEOREM': 296, 'LINEAR': 436, 'SOLVED_FMB': 25, 'HARD_NONLINEAR': 4}
[762] order5big_6094: LINEAR (0.0s)  running={'THEOREM': 296, 'LINEAR': 437, 'SOLVED_FMB': 25, 'HARD_NONLINEAR': 4}
[763] order5big_6102: LINEAR (0.0s)  running={'THEOREM': 296, 'LINEAR': 438, 'SOLVED_FMB': 25, 'HARD_NONLINEAR': 4}
[764] order5big_6110: LINEAR (0.0s)  running={'THEOREM': 296, 'LINEAR': 439, 'SOLVED_FMB': 25, 'HARD_NONLINEAR': 4}
[765] order5big_6118: THEOREM (60.2s)  running={'THEOREM': 297, 'LINEAR': 439, 'SOLVED_FMB': 25, 'HARD_NONLINEAR': 4}
[766] order5big_6126: LINEAR (0.0s)  running={'THEOREM': 297, 'LINEAR': 440, 'SOLVED_FMB': 25, 'HARD_NONLINEAR': 4}
[767] order5big_6134: LINEAR (0.0s)  running={'THEOREM': 297, 'LINEAR': 441, 'SOLVED_FMB': 25, 'HARD_NONLINEAR': 4}
[768] order5big_6142: LINEAR (0.0s)  running={'THEOREM': 297, 'LINEAR': 442, 'SOLVED_FMB': 25, 'HARD_NONLINEAR': 4}
[769] order5big_6150: LINEAR (0.0s)  running={'THEOREM': 297, 'LINEAR': 443, 'SOLVED_FMB': 25, 'HARD_NONLINEAR': 4}
[770] order5big_6158: LINEAR (0.0s)  running={'THEOREM': 297, 'LINEAR': 444, 'SOLVED_FMB': 25, 'HARD_NONLINEAR': 4}
[771] order5big_6166: THEOREM (60.4s)  running={'THEOREM': 298, 'LINEAR': 444, 'SOLVED_FMB': 25, 'HARD_NONLINEAR': 4}
[772] order5big_6174: LINEAR (0.0s)  running={'THEOREM': 298, 'LINEAR': 445, 'SOLVED_FMB': 25, 'HARD_NONLINEAR': 4}
[773] order5big_6182: LINEAR (0.0s)  running={'THEOREM': 298, 'LINEAR': 446, 'SOLVED_FMB': 25, 'HARD_NONLINEAR': 4}
[774] order5big_6190: THEOREM (60.5s)  running={'THEOREM': 299, 'LINEAR': 446, 'SOLVED_FMB': 25, 'HARD_NONLINEAR': 4}
[775] order5big_6198: LINEAR (0.0s)  running={'THEOREM': 299, 'LINEAR': 447, 'SOLVED_FMB': 25, 'HARD_NONLINEAR': 4}
[776] order5big_6206: THEOREM (60.2s)  running={'THEOREM': 300, 'LINEAR': 447, 'SOLVED_FMB': 25, 'HARD_NONLINEAR': 4}
[777] order5big_6214: LINEAR (0.0s)  running={'THEOREM': 300, 'LINEAR': 448, 'SOLVED_FMB': 25, 'HARD_NONLINEAR': 4}
[778] order5big_6222: LINEAR (0.0s)  running={'THEOREM': 300, 'LINEAR': 449, 'SOLVED_FMB': 25, 'HARD_NONLINEAR': 4}
[779] order5big_6230: THEOREM (60.1s)  running={'THEOREM': 301, 'LINEAR': 449, 'SOLVED_FMB': 25, 'HARD_NONLINEAR': 4}
[780] order5big_6238: LINEAR (0.0s)  running={'THEOREM': 301, 'LINEAR': 450, 'SOLVED_FMB': 25, 'HARD_NONLINEAR': 4}
[781] order5big_6246: LINEAR (0.0s)  running={'THEOREM': 301, 'LINEAR': 451, 'SOLVED_FMB': 25, 'HARD_NONLINEAR': 4}
[782] order5big_6254: LINEAR (0.0s)  running={'THEOREM': 301, 'LINEAR': 452, 'SOLVED_FMB': 25, 'HARD_NONLINEAR': 4}
[783] order5big_6262: THEOREM (60.2s)  running={'THEOREM': 302, 'LINEAR': 452, 'SOLVED_FMB': 25, 'HARD_NONLINEAR': 4}
[784] order5big_6270: THEOREM (60.1s)  running={'THEOREM': 303, 'LINEAR': 452, 'SOLVED_FMB': 25, 'HARD_NONLINEAR': 4}
[785] order5big_6278: LINEAR (0.0s)  running={'THEOREM': 303, 'LINEAR': 453, 'SOLVED_FMB': 25, 'HARD_NONLINEAR': 4}
[786] order5big_6286: THEOREM (61.3s)  running={'THEOREM': 304, 'LINEAR': 453, 'SOLVED_FMB': 25, 'HARD_NONLINEAR': 4}
[787] order5big_6294: THEOREM (60.2s)  running={'THEOREM': 305, 'LINEAR': 453, 'SOLVED_FMB': 25, 'HARD_NONLINEAR': 4}
[788] order5big_6302: THEOREM (60.5s)  running={'THEOREM': 306, 'LINEAR': 453, 'SOLVED_FMB': 25, 'HARD_NONLINEAR': 4}
[789] order5big_6310: HARD_NONLINEAR (120.1s)  running={'THEOREM': 306, 'LINEAR': 453, 'SOLVED_FMB': 25, 'HARD_NONLINEAR': 5}
[790] order5big_6318: LINEAR (0.0s)  running={'THEOREM': 306, 'LINEAR': 454, 'SOLVED_FMB': 25, 'HARD_NONLINEAR': 5}
[791] order5big_6326: LINEAR (0.0s)  running={'THEOREM': 306, 'LINEAR': 455, 'SOLVED_FMB': 25, 'HARD_NONLINEAR': 5}
[792] order5big_6334: LINEAR (0.0s)  running={'THEOREM': 306, 'LINEAR': 456, 'SOLVED_FMB': 25, 'HARD_NONLINEAR': 5}
[793] order5big_6342: LINEAR (0.0s)  running={'THEOREM': 306, 'LINEAR': 457, 'SOLVED_FMB': 25, 'HARD_NONLINEAR': 5}
[794] order5big_6350: THEOREM (60.2s)  running={'THEOREM': 307, 'LINEAR': 457, 'SOLVED_FMB': 25, 'HARD_NONLINEAR': 5}
[795] order5big_6358: LINEAR (0.0s)  running={'THEOREM': 307, 'LINEAR': 458, 'SOLVED_FMB': 25, 'HARD_NONLINEAR': 5}
[796] order5big_6366: LINEAR (0.0s)  running={'THEOREM': 307, 'LINEAR': 459, 'SOLVED_FMB': 25, 'HARD_NONLINEAR': 5}
[797] order5big_6374: LINEAR (0.0s)  running={'THEOREM': 307, 'LINEAR': 460, 'SOLVED_FMB': 25, 'HARD_NONLINEAR': 5}
[798] order5big_6382: LINEAR (0.0s)  running={'THEOREM': 307, 'LINEAR': 461, 'SOLVED_FMB': 25, 'HARD_NONLINEAR': 5}
[799] order5big_6390: LINEAR (0.0s)  running={'THEOREM': 307, 'LINEAR': 462, 'SOLVED_FMB': 25, 'HARD_NONLINEAR': 5}
[800] order5big_6398: LINEAR (0.0s)  running={'THEOREM': 307, 'LINEAR': 463, 'SOLVED_FMB': 25, 'HARD_NONLINEAR': 5}
[801] order5big_6406: THEOREM (60.2s)  running={'THEOREM': 308, 'LINEAR': 463, 'SOLVED_FMB': 25, 'HARD_NONLINEAR': 5}
[802] order5big_6414: THEOREM (60.2s)  running={'THEOREM': 309, 'LINEAR': 463, 'SOLVED_FMB': 25, 'HARD_NONLINEAR': 5}
[803] order5big_6422: LINEAR (0.0s)  running={'THEOREM': 309, 'LINEAR': 464, 'SOLVED_FMB': 25, 'HARD_NONLINEAR': 5}
[804] order5big_6430: LINEAR (0.0s)  running={'THEOREM': 309, 'LINEAR': 465, 'SOLVED_FMB': 25, 'HARD_NONLINEAR': 5}
[805] order5big_6438: LINEAR (0.0s)  running={'THEOREM': 309, 'LINEAR': 466, 'SOLVED_FMB': 25, 'HARD_NONLINEAR': 5}
[806] order5big_6446: LINEAR (0.0s)  running={'THEOREM': 309, 'LINEAR': 467, 'SOLVED_FMB': 25, 'HARD_NONLINEAR': 5}
[807] order5big_6454: LINEAR (0.0s)  running={'THEOREM': 309, 'LINEAR': 468, 'SOLVED_FMB': 25, 'HARD_NONLINEAR': 5}
[808] order5big_6462: THEOREM (60.7s)  running={'THEOREM': 310, 'LINEAR': 468, 'SOLVED_FMB': 25, 'HARD_NONLINEAR': 5}
[809] order5big_6470: LINEAR (0.0s)  running={'THEOREM': 310, 'LINEAR': 469, 'SOLVED_FMB': 25, 'HARD_NONLINEAR': 5}
[810] order5big_6478: LINEAR (0.0s)  running={'THEOREM': 310, 'LINEAR': 470, 'SOLVED_FMB': 25, 'HARD_NONLINEAR': 5}
[811] order5big_6486: LINEAR (0.0s)  running={'THEOREM': 310, 'LINEAR': 471, 'SOLVED_FMB': 25, 'HARD_NONLINEAR': 5}
[812] order5big_6494: THEOREM (60.6s)  running={'THEOREM': 311, 'LINEAR': 471, 'SOLVED_FMB': 25, 'HARD_NONLINEAR': 5}
[813] order5big_6502: THEOREM (60.2s)  running={'THEOREM': 312, 'LINEAR': 471, 'SOLVED_FMB': 25, 'HARD_NONLINEAR': 5}
[814] order5big_6510: LINEAR (0.0s)  running={'THEOREM': 312, 'LINEAR': 472, 'SOLVED_FMB': 25, 'HARD_NONLINEAR': 5}
[815] order5big_6518: LINEAR (0.0s)  running={'THEOREM': 312, 'LINEAR': 473, 'SOLVED_FMB': 25, 'HARD_NONLINEAR': 5}
[816] order5big_6526: SOLVED_FMB (0.1s)  running={'THEOREM': 312, 'LINEAR': 473, 'SOLVED_FMB': 26, 'HARD_NONLINEAR': 5}
[817] order5big_6534: THEOREM (60.2s)  running={'THEOREM': 313, 'LINEAR': 473, 'SOLVED_FMB': 26, 'HARD_NONLINEAR': 5}
[818] order5big_6542: THEOREM (60.2s)  running={'THEOREM': 314, 'LINEAR': 473, 'SOLVED_FMB': 26, 'HARD_NONLINEAR': 5}
[819] order5big_6550: THEOREM (60.2s)  running={'THEOREM': 315, 'LINEAR': 473, 'SOLVED_FMB': 26, 'HARD_NONLINEAR': 5}
[820] order5big_6558: LINEAR (0.0s)  running={'THEOREM': 315, 'LINEAR': 474, 'SOLVED_FMB': 26, 'HARD_NONLINEAR': 5}
[821] order5big_6566: THEOREM (60.6s)  running={'THEOREM': 316, 'LINEAR': 474, 'SOLVED_FMB': 26, 'HARD_NONLINEAR': 5}
[822] order5big_6574: LINEAR (0.0s)  running={'THEOREM': 316, 'LINEAR': 475, 'SOLVED_FMB': 26, 'HARD_NONLINEAR': 5}
[823] order5big_6582: LINEAR (0.0s)  running={'THEOREM': 316, 'LINEAR': 476, 'SOLVED_FMB': 26, 'HARD_NONLINEAR': 5}
[824] order5big_6590: THEOREM (60.2s)  running={'THEOREM': 317, 'LINEAR': 476, 'SOLVED_FMB': 26, 'HARD_NONLINEAR': 5}
[825] order5big_6598: LINEAR (0.0s)  running={'THEOREM': 317, 'LINEAR': 477, 'SOLVED_FMB': 26, 'HARD_NONLINEAR': 5}
[826] order5big_6606: LINEAR (0.0s)  running={'THEOREM': 317, 'LINEAR': 478, 'SOLVED_FMB': 26, 'HARD_NONLINEAR': 5}
[827] order5big_6614: LINEAR (0.0s)  running={'THEOREM': 317, 'LINEAR': 479, 'SOLVED_FMB': 26, 'HARD_NONLINEAR': 5}
[828] order5big_6622: THEOREM (60.2s)  running={'THEOREM': 318, 'LINEAR': 479, 'SOLVED_FMB': 26, 'HARD_NONLINEAR': 5}
[829] order5big_6630: LINEAR (0.0s)  running={'THEOREM': 318, 'LINEAR': 480, 'SOLVED_FMB': 26, 'HARD_NONLINEAR': 5}
[830] order5big_6638: THEOREM (202.3s)  running={'THEOREM': 319, 'LINEAR': 480, 'SOLVED_FMB': 26, 'HARD_NONLINEAR': 5}
[831] order5big_6646: LINEAR (0.0s)  running={'THEOREM': 319, 'LINEAR': 481, 'SOLVED_FMB': 26, 'HARD_NONLINEAR': 5}
[832] order5big_6654: LINEAR (0.0s)  running={'THEOREM': 319, 'LINEAR': 482, 'SOLVED_FMB': 26, 'HARD_NONLINEAR': 5}
[833] order5big_6662: LINEAR (0.0s)  running={'THEOREM': 319, 'LINEAR': 483, 'SOLVED_FMB': 26, 'HARD_NONLINEAR': 5}
[834] order5big_6670: LINEAR (0.0s)  running={'THEOREM': 319, 'LINEAR': 484, 'SOLVED_FMB': 26, 'HARD_NONLINEAR': 5}
[835] order5big_6678: LINEAR (0.0s)  running={'THEOREM': 319, 'LINEAR': 485, 'SOLVED_FMB': 26, 'HARD_NONLINEAR': 5}
[836] order5big_6686: LINEAR (0.0s)  running={'THEOREM': 319, 'LINEAR': 486, 'SOLVED_FMB': 26, 'HARD_NONLINEAR': 5}
[837] order5big_6694: LINEAR (0.0s)  running={'THEOREM': 319, 'LINEAR': 487, 'SOLVED_FMB': 26, 'HARD_NONLINEAR': 5}
[838] order5big_6702: THEOREM (62.0s)  running={'THEOREM': 320, 'LINEAR': 487, 'SOLVED_FMB': 26, 'HARD_NONLINEAR': 5}
[839] order5big_6710: LINEAR (0.0s)  running={'THEOREM': 320, 'LINEAR': 488, 'SOLVED_FMB': 26, 'HARD_NONLINEAR': 5}
[840] order5big_6718: THEOREM (60.1s)  running={'THEOREM': 321, 'LINEAR': 488, 'SOLVED_FMB': 26, 'HARD_NONLINEAR': 5}
[841] order5big_6726: LINEAR (0.0s)  running={'THEOREM': 321, 'LINEAR': 489, 'SOLVED_FMB': 26, 'HARD_NONLINEAR': 5}
[842] order5big_6734: LINEAR (0.0s)  running={'THEOREM': 321, 'LINEAR': 490, 'SOLVED_FMB': 26, 'HARD_NONLINEAR': 5}
[843] order5big_6742: LINEAR (0.0s)  running={'THEOREM': 321, 'LINEAR': 491, 'SOLVED_FMB': 26, 'HARD_NONLINEAR': 5}
[844] order5big_6750: LINEAR (0.0s)  running={'THEOREM': 321, 'LINEAR': 492, 'SOLVED_FMB': 26, 'HARD_NONLINEAR': 5}
[845] order5big_6758: THEOREM (60.6s)  running={'THEOREM': 322, 'LINEAR': 492, 'SOLVED_FMB': 26, 'HARD_NONLINEAR': 5}
[846] order5big_6766: THEOREM (60.3s)  running={'THEOREM': 323, 'LINEAR': 492, 'SOLVED_FMB': 26, 'HARD_NONLINEAR': 5}
[847] order5big_6774: THEOREM (60.2s)  running={'THEOREM': 324, 'LINEAR': 492, 'SOLVED_FMB': 26, 'HARD_NONLINEAR': 5}
[848] order5big_6782: LINEAR (0.0s)  running={'THEOREM': 324, 'LINEAR': 493, 'SOLVED_FMB': 26, 'HARD_NONLINEAR': 5}
[849] order5big_6790: LINEAR (0.0s)  running={'THEOREM': 324, 'LINEAR': 494, 'SOLVED_FMB': 26, 'HARD_NONLINEAR': 5}
[850] order5big_6798: LINEAR (0.0s)  running={'THEOREM': 324, 'LINEAR': 495, 'SOLVED_FMB': 26, 'HARD_NONLINEAR': 5}
[851] order5big_6806: LINEAR (0.0s)  running={'THEOREM': 324, 'LINEAR': 496, 'SOLVED_FMB': 26, 'HARD_NONLINEAR': 5}
[852] order5big_6814: LINEAR (0.0s)  running={'THEOREM': 324, 'LINEAR': 497, 'SOLVED_FMB': 26, 'HARD_NONLINEAR': 5}
[853] order5big_6822: LINEAR (0.0s)  running={'THEOREM': 324, 'LINEAR': 498, 'SOLVED_FMB': 26, 'HARD_NONLINEAR': 5}
[854] order5big_6830: SOLVED_FMB (16.7s)  running={'THEOREM': 324, 'LINEAR': 498, 'SOLVED_FMB': 27, 'HARD_NONLINEAR': 5}
[855] order5big_6838: THEOREM (62.9s)  running={'THEOREM': 325, 'LINEAR': 498, 'SOLVED_FMB': 27, 'HARD_NONLINEAR': 5}
[856] order5big_6846: THEOREM (60.4s)  running={'THEOREM': 326, 'LINEAR': 498, 'SOLVED_FMB': 27, 'HARD_NONLINEAR': 5}
[857] order5big_6854: THEOREM (60.2s)  running={'THEOREM': 327, 'LINEAR': 498, 'SOLVED_FMB': 27, 'HARD_NONLINEAR': 5}
[858] order5big_6862: LINEAR (0.0s)  running={'THEOREM': 327, 'LINEAR': 499, 'SOLVED_FMB': 27, 'HARD_NONLINEAR': 5}
[859] order5big_6870: SOLVED_FMB (2.1s)  running={'THEOREM': 327, 'LINEAR': 499, 'SOLVED_FMB': 28, 'HARD_NONLINEAR': 5}
[860] order5big_6878: LINEAR (0.0s)  running={'THEOREM': 327, 'LINEAR': 500, 'SOLVED_FMB': 28, 'HARD_NONLINEAR': 5}
[861] order5big_6886: LINEAR (0.0s)  running={'THEOREM': 327, 'LINEAR': 501, 'SOLVED_FMB': 28, 'HARD_NONLINEAR': 5}
[862] order5big_6894: LINEAR (0.0s)  running={'THEOREM': 327, 'LINEAR': 502, 'SOLVED_FMB': 28, 'HARD_NONLINEAR': 5}
[863] order5big_6902: THEOREM (60.2s)  running={'THEOREM': 328, 'LINEAR': 502, 'SOLVED_FMB': 28, 'HARD_NONLINEAR': 5}
[864] order5big_6910: THEOREM (60.2s)  running={'THEOREM': 329, 'LINEAR': 502, 'SOLVED_FMB': 28, 'HARD_NONLINEAR': 5}
[865] order5big_6918: LINEAR (0.0s)  running={'THEOREM': 329, 'LINEAR': 503, 'SOLVED_FMB': 28, 'HARD_NONLINEAR': 5}
[866] order5big_6926: THEOREM (60.2s)  running={'THEOREM': 330, 'LINEAR': 503, 'SOLVED_FMB': 28, 'HARD_NONLINEAR': 5}
[867] order5big_6934: THEOREM (60.2s)  running={'THEOREM': 331, 'LINEAR': 503, 'SOLVED_FMB': 28, 'HARD_NONLINEAR': 5}
[868] order5big_6942: THEOREM (60.4s)  running={'THEOREM': 332, 'LINEAR': 503, 'SOLVED_FMB': 28, 'HARD_NONLINEAR': 5}
[869] order5big_6950: THEOREM (60.2s)  running={'THEOREM': 333, 'LINEAR': 503, 'SOLVED_FMB': 28, 'HARD_NONLINEAR': 5}
[870] order5big_6958: THEOREM (60.2s)  running={'THEOREM': 334, 'LINEAR': 503, 'SOLVED_FMB': 28, 'HARD_NONLINEAR': 5}
[871] order5big_6966: THEOREM (60.2s)  running={'THEOREM': 335, 'LINEAR': 503, 'SOLVED_FMB': 28, 'HARD_NONLINEAR': 5}
[872] order5big_6974: THEOREM (60.2s)  running={'THEOREM': 336, 'LINEAR': 503, 'SOLVED_FMB': 28, 'HARD_NONLINEAR': 5}
[873] order5big_6982: THEOREM (60.2s)  running={'THEOREM': 337, 'LINEAR': 503, 'SOLVED_FMB': 28, 'HARD_NONLINEAR': 5}
[874] order5big_6990: LINEAR (0.0s)  running={'THEOREM': 337, 'LINEAR': 504, 'SOLVED_FMB': 28, 'HARD_NONLINEAR': 5}
[875] order5big_6998: LINEAR (0.0s)  running={'THEOREM': 337, 'LINEAR': 505, 'SOLVED_FMB': 28, 'HARD_NONLINEAR': 5}
[876] order5big_7006: LINEAR (0.0s)  running={'THEOREM': 337, 'LINEAR': 506, 'SOLVED_FMB': 28, 'HARD_NONLINEAR': 5}
[877] order5big_7014: LINEAR (0.0s)  running={'THEOREM': 337, 'LINEAR': 507, 'SOLVED_FMB': 28, 'HARD_NONLINEAR': 5}
[878] order5big_7022: LINEAR (0.0s)  running={'THEOREM': 337, 'LINEAR': 508, 'SOLVED_FMB': 28, 'HARD_NONLINEAR': 5}
[879] order5big_7030: THEOREM (60.4s)  running={'THEOREM': 338, 'LINEAR': 508, 'SOLVED_FMB': 28, 'HARD_NONLINEAR': 5}
[880] order5big_7038: LINEAR (0.0s)  running={'THEOREM': 338, 'LINEAR': 509, 'SOLVED_FMB': 28, 'HARD_NONLINEAR': 5}
[881] order5big_7046: LINEAR (0.0s)  running={'THEOREM': 338, 'LINEAR': 510, 'SOLVED_FMB': 28, 'HARD_NONLINEAR': 5}
[882] order5big_7054: THEOREM (60.3s)  running={'THEOREM': 339, 'LINEAR': 510, 'SOLVED_FMB': 28, 'HARD_NONLINEAR': 5}
[883] order5big_7062: LINEAR (0.0s)  running={'THEOREM': 339, 'LINEAR': 511, 'SOLVED_FMB': 28, 'HARD_NONLINEAR': 5}
[884] order5big_7070: THEOREM (60.2s)  running={'THEOREM': 340, 'LINEAR': 511, 'SOLVED_FMB': 28, 'HARD_NONLINEAR': 5}
[885] order5big_7078: LINEAR (0.0s)  running={'THEOREM': 340, 'LINEAR': 512, 'SOLVED_FMB': 28, 'HARD_NONLINEAR': 5}
[886] order5big_7086: LINEAR (0.0s)  running={'THEOREM': 340, 'LINEAR': 513, 'SOLVED_FMB': 28, 'HARD_NONLINEAR': 5}
[887] order5big_7094: LINEAR (0.0s)  running={'THEOREM': 340, 'LINEAR': 514, 'SOLVED_FMB': 28, 'HARD_NONLINEAR': 5}
[888] order5big_7102: LINEAR (0.0s)  running={'THEOREM': 340, 'LINEAR': 515, 'SOLVED_FMB': 28, 'HARD_NONLINEAR': 5}
[889] order5big_7110: THEOREM (60.2s)  running={'THEOREM': 341, 'LINEAR': 515, 'SOLVED_FMB': 28, 'HARD_NONLINEAR': 5}
[890] order5big_7118: LINEAR (0.0s)  running={'THEOREM': 341, 'LINEAR': 516, 'SOLVED_FMB': 28, 'HARD_NONLINEAR': 5}
[891] order5big_7126: LINEAR (0.0s)  running={'THEOREM': 341, 'LINEAR': 517, 'SOLVED_FMB': 28, 'HARD_NONLINEAR': 5}
[892] order5big_7134: LINEAR (0.0s)  running={'THEOREM': 341, 'LINEAR': 518, 'SOLVED_FMB': 28, 'HARD_NONLINEAR': 5}
[893] order5big_7142: LINEAR (0.0s)  running={'THEOREM': 341, 'LINEAR': 519, 'SOLVED_FMB': 28, 'HARD_NONLINEAR': 5}
[894] order5big_7150: THEOREM (60.3s)  running={'THEOREM': 342, 'LINEAR': 519, 'SOLVED_FMB': 28, 'HARD_NONLINEAR': 5}
[895] order5big_7158: LINEAR (0.0s)  running={'THEOREM': 342, 'LINEAR': 520, 'SOLVED_FMB': 28, 'HARD_NONLINEAR': 5}
[896] order5big_7166: THEOREM (60.7s)  running={'THEOREM': 343, 'LINEAR': 520, 'SOLVED_FMB': 28, 'HARD_NONLINEAR': 5}
[897] order5big_7174: LINEAR (0.0s)  running={'THEOREM': 343, 'LINEAR': 521, 'SOLVED_FMB': 28, 'HARD_NONLINEAR': 5}
[898] order5big_7182: HARD_NONLINEAR (60.1s)  running={'THEOREM': 343, 'LINEAR': 521, 'SOLVED_FMB': 28, 'HARD_NONLINEAR': 6}
[899] order5big_7190: THEOREM (60.1s)  running={'THEOREM': 344, 'LINEAR': 521, 'SOLVED_FMB': 28, 'HARD_NONLINEAR': 6}
[900] order5big_7198: LINEAR (0.0s)  running={'THEOREM': 344, 'LINEAR': 522, 'SOLVED_FMB': 28, 'HARD_NONLINEAR': 6}
[901] order5big_7206: LINEAR (0.0s)  running={'THEOREM': 344, 'LINEAR': 523, 'SOLVED_FMB': 28, 'HARD_NONLINEAR': 6}
[902] order5big_7214: LINEAR (0.0s)  running={'THEOREM': 344, 'LINEAR': 524, 'SOLVED_FMB': 28, 'HARD_NONLINEAR': 6}
[903] order5big_7222: THEOREM (60.3s)  running={'THEOREM': 345, 'LINEAR': 524, 'SOLVED_FMB': 28, 'HARD_NONLINEAR': 6}
[904] order5big_7230: LINEAR (0.0s)  running={'THEOREM': 345, 'LINEAR': 525, 'SOLVED_FMB': 28, 'HARD_NONLINEAR': 6}
[905] order5big_7238: THEOREM (60.2s)  running={'THEOREM': 346, 'LINEAR': 525, 'SOLVED_FMB': 28, 'HARD_NONLINEAR': 6}
[906] order5big_7246: LINEAR (0.0s)  running={'THEOREM': 346, 'LINEAR': 526, 'SOLVED_FMB': 28, 'HARD_NONLINEAR': 6}
[907] order5big_7254: LINEAR (0.0s)  running={'THEOREM': 346, 'LINEAR': 527, 'SOLVED_FMB': 28, 'HARD_NONLINEAR': 6}
[908] order5big_7262: LINEAR (0.0s)  running={'THEOREM': 346, 'LINEAR': 528, 'SOLVED_FMB': 28, 'HARD_NONLINEAR': 6}
[909] order5big_7270: THEOREM (62.8s)  running={'THEOREM': 347, 'LINEAR': 528, 'SOLVED_FMB': 28, 'HARD_NONLINEAR': 6}
[910] order5big_7278: LINEAR (0.0s)  running={'THEOREM': 347, 'LINEAR': 529, 'SOLVED_FMB': 28, 'HARD_NONLINEAR': 6}
[911] order5big_7286: THEOREM (76.5s)  running={'THEOREM': 348, 'LINEAR': 529, 'SOLVED_FMB': 28, 'HARD_NONLINEAR': 6}
[912] order5big_7294: LINEAR (0.0s)  running={'THEOREM': 348, 'LINEAR': 530, 'SOLVED_FMB': 28, 'HARD_NONLINEAR': 6}
[913] order5big_7302: LINEAR (0.0s)  running={'THEOREM': 348, 'LINEAR': 531, 'SOLVED_FMB': 28, 'HARD_NONLINEAR': 6}
[914] order5big_7310: LINEAR (0.0s)  running={'THEOREM': 348, 'LINEAR': 532, 'SOLVED_FMB': 28, 'HARD_NONLINEAR': 6}
[915] order5big_7318: THEOREM (72.7s)  running={'THEOREM': 349, 'LINEAR': 532, 'SOLVED_FMB': 28, 'HARD_NONLINEAR': 6}
[916] order5big_7326: LINEAR (0.0s)  running={'THEOREM': 349, 'LINEAR': 533, 'SOLVED_FMB': 28, 'HARD_NONLINEAR': 6}
[917] order5big_7334: THEOREM (211.6s)  running={'THEOREM': 350, 'LINEAR': 533, 'SOLVED_FMB': 28, 'HARD_NONLINEAR': 6}
[918] order5big_7342: THEOREM (60.4s)  running={'THEOREM': 351, 'LINEAR': 533, 'SOLVED_FMB': 28, 'HARD_NONLINEAR': 6}
[919] order5big_7350: LINEAR (0.0s)  running={'THEOREM': 351, 'LINEAR': 534, 'SOLVED_FMB': 28, 'HARD_NONLINEAR': 6}
[920] order5big_7358: THEOREM (60.2s)  running={'THEOREM': 352, 'LINEAR': 534, 'SOLVED_FMB': 28, 'HARD_NONLINEAR': 6}
[921] order5big_7366: THEOREM (60.3s)  running={'THEOREM': 353, 'LINEAR': 534, 'SOLVED_FMB': 28, 'HARD_NONLINEAR': 6}
[922] order5big_7374: LINEAR (0.0s)  running={'THEOREM': 353, 'LINEAR': 535, 'SOLVED_FMB': 28, 'HARD_NONLINEAR': 6}
[923] order5big_7382: LINEAR (0.0s)  running={'THEOREM': 353, 'LINEAR': 536, 'SOLVED_FMB': 28, 'HARD_NONLINEAR': 6}
[924] order5big_7390: LINEAR (0.0s)  running={'THEOREM': 353, 'LINEAR': 537, 'SOLVED_FMB': 28, 'HARD_NONLINEAR': 6}
[925] order5big_7398: LINEAR (0.0s)  running={'THEOREM': 353, 'LINEAR': 538, 'SOLVED_FMB': 28, 'HARD_NONLINEAR': 6}
[926] order5big_7406: THEOREM (60.5s)  running={'THEOREM': 354, 'LINEAR': 538, 'SOLVED_FMB': 28, 'HARD_NONLINEAR': 6}
[927] order5big_7414: LINEAR (0.0s)  running={'THEOREM': 354, 'LINEAR': 539, 'SOLVED_FMB': 28, 'HARD_NONLINEAR': 6}
[928] order5big_7422: LINEAR (0.0s)  running={'THEOREM': 354, 'LINEAR': 540, 'SOLVED_FMB': 28, 'HARD_NONLINEAR': 6}
[929] order5big_7430: THEOREM (62.0s)  running={'THEOREM': 355, 'LINEAR': 540, 'SOLVED_FMB': 28, 'HARD_NONLINEAR': 6}
[930] order5big_7438: THEOREM (61.6s)  running={'THEOREM': 356, 'LINEAR': 540, 'SOLVED_FMB': 28, 'HARD_NONLINEAR': 6}
[931] order5big_7446: LINEAR (0.0s)  running={'THEOREM': 356, 'LINEAR': 541, 'SOLVED_FMB': 28, 'HARD_NONLINEAR': 6}
[932] order5big_7454: LINEAR (0.0s)  running={'THEOREM': 356, 'LINEAR': 542, 'SOLVED_FMB': 28, 'HARD_NONLINEAR': 6}
[933] order5big_7462: LINEAR (0.0s)  running={'THEOREM': 356, 'LINEAR': 543, 'SOLVED_FMB': 28, 'HARD_NONLINEAR': 6}
[934] order5big_7470: LINEAR (0.0s)  running={'THEOREM': 356, 'LINEAR': 544, 'SOLVED_FMB': 28, 'HARD_NONLINEAR': 6}
[935] order5big_7478: THEOREM (62.1s)  running={'THEOREM': 357, 'LINEAR': 544, 'SOLVED_FMB': 28, 'HARD_NONLINEAR': 6}
[936] order5big_7486: LINEAR (0.0s)  running={'THEOREM': 357, 'LINEAR': 545, 'SOLVED_FMB': 28, 'HARD_NONLINEAR': 6}
[937] order5big_7494: THEOREM (60.2s)  running={'THEOREM': 358, 'LINEAR': 545, 'SOLVED_FMB': 28, 'HARD_NONLINEAR': 6}
[938] order5big_7502: LINEAR (0.0s)  running={'THEOREM': 358, 'LINEAR': 546, 'SOLVED_FMB': 28, 'HARD_NONLINEAR': 6}
[939] order5big_7510: THEOREM (60.2s)  running={'THEOREM': 359, 'LINEAR': 546, 'SOLVED_FMB': 28, 'HARD_NONLINEAR': 6}
[940] order5big_7518: LINEAR (0.0s)  running={'THEOREM': 359, 'LINEAR': 547, 'SOLVED_FMB': 28, 'HARD_NONLINEAR': 6}
[941] order5big_7526: THEOREM (60.5s)  running={'THEOREM': 360, 'LINEAR': 547, 'SOLVED_FMB': 28, 'HARD_NONLINEAR': 6}
[942] order5big_7534: LINEAR (0.0s)  running={'THEOREM': 360, 'LINEAR': 548, 'SOLVED_FMB': 28, 'HARD_NONLINEAR': 6}
[943] order5big_7542: THEOREM (60.2s)  running={'THEOREM': 361, 'LINEAR': 548, 'SOLVED_FMB': 28, 'HARD_NONLINEAR': 6}
[944] order5big_7550: LINEAR (0.0s)  running={'THEOREM': 361, 'LINEAR': 549, 'SOLVED_FMB': 28, 'HARD_NONLINEAR': 6}
[945] order5big_7558: LINEAR (0.0s)  running={'THEOREM': 361, 'LINEAR': 550, 'SOLVED_FMB': 28, 'HARD_NONLINEAR': 6}
[946] order5big_7566: LINEAR (0.0s)  running={'THEOREM': 361, 'LINEAR': 551, 'SOLVED_FMB': 28, 'HARD_NONLINEAR': 6}
[947] order5big_7574: LINEAR (0.0s)  running={'THEOREM': 361, 'LINEAR': 552, 'SOLVED_FMB': 28, 'HARD_NONLINEAR': 6}
[948] order5big_7582: LINEAR (0.0s)  running={'THEOREM': 361, 'LINEAR': 553, 'SOLVED_FMB': 28, 'HARD_NONLINEAR': 6}
[949] order5big_7590: LINEAR (0.0s)  running={'THEOREM': 361, 'LINEAR': 554, 'SOLVED_FMB': 28, 'HARD_NONLINEAR': 6}
[950] order5big_7598: SOLVED_FMB (140.6s)  running={'THEOREM': 361, 'LINEAR': 554, 'SOLVED_FMB': 29, 'HARD_NONLINEAR': 6}
[951] order5big_7606: LINEAR (0.0s)  running={'THEOREM': 361, 'LINEAR': 555, 'SOLVED_FMB': 29, 'HARD_NONLINEAR': 6}
[952] order5big_7614: LINEAR (0.0s)  running={'THEOREM': 361, 'LINEAR': 556, 'SOLVED_FMB': 29, 'HARD_NONLINEAR': 6}
[953] order5big_7622: THEOREM (0.9s)  running={'THEOREM': 362, 'LINEAR': 556, 'SOLVED_FMB': 29, 'HARD_NONLINEAR': 6}
[954] order5big_7630: THEOREM (60.2s)  running={'THEOREM': 363, 'LINEAR': 556, 'SOLVED_FMB': 29, 'HARD_NONLINEAR': 6}
[955] order5big_7638: LINEAR (0.0s)  running={'THEOREM': 363, 'LINEAR': 557, 'SOLVED_FMB': 29, 'HARD_NONLINEAR': 6}
[956] order5big_7646: THEOREM (60.2s)  running={'THEOREM': 364, 'LINEAR': 557, 'SOLVED_FMB': 29, 'HARD_NONLINEAR': 6}
[957] order5big_7654: LINEAR (0.0s)  running={'THEOREM': 364, 'LINEAR': 558, 'SOLVED_FMB': 29, 'HARD_NONLINEAR': 6}
[958] order5big_7662: LINEAR (0.0s)  running={'THEOREM': 364, 'LINEAR': 559, 'SOLVED_FMB': 29, 'HARD_NONLINEAR': 6}
[959] order5big_7670: LINEAR (0.0s)  running={'THEOREM': 364, 'LINEAR': 560, 'SOLVED_FMB': 29, 'HARD_NONLINEAR': 6}
[960] order5big_7678: LINEAR (0.0s)  running={'THEOREM': 364, 'LINEAR': 561, 'SOLVED_FMB': 29, 'HARD_NONLINEAR': 6}
[961] order5big_7686: LINEAR (0.0s)  running={'THEOREM': 364, 'LINEAR': 562, 'SOLVED_FMB': 29, 'HARD_NONLINEAR': 6}
[962] order5big_7694: LINEAR (0.0s)  running={'THEOREM': 364, 'LINEAR': 563, 'SOLVED_FMB': 29, 'HARD_NONLINEAR': 6}
[963] order5big_7702: LINEAR (0.0s)  running={'THEOREM': 364, 'LINEAR': 564, 'SOLVED_FMB': 29, 'HARD_NONLINEAR': 6}
[964] order5big_7710: LINEAR (0.0s)  running={'THEOREM': 364, 'LINEAR': 565, 'SOLVED_FMB': 29, 'HARD_NONLINEAR': 6}
[965] order5big_7718: LINEAR (0.0s)  running={'THEOREM': 364, 'LINEAR': 566, 'SOLVED_FMB': 29, 'HARD_NONLINEAR': 6}
[966] order5big_7726: LINEAR (0.0s)  running={'THEOREM': 364, 'LINEAR': 567, 'SOLVED_FMB': 29, 'HARD_NONLINEAR': 6}
[967] order5big_7734: THEOREM (60.2s)  running={'THEOREM': 365, 'LINEAR': 567, 'SOLVED_FMB': 29, 'HARD_NONLINEAR': 6}
[968] order5big_7742: THEOREM (60.4s)  running={'THEOREM': 366, 'LINEAR': 567, 'SOLVED_FMB': 29, 'HARD_NONLINEAR': 6}
[969] order5big_7750: THEOREM (60.2s)  running={'THEOREM': 367, 'LINEAR': 567, 'SOLVED_FMB': 29, 'HARD_NONLINEAR': 6}
[970] order5big_7758: LINEAR (0.0s)  running={'THEOREM': 367, 'LINEAR': 568, 'SOLVED_FMB': 29, 'HARD_NONLINEAR': 6}
[971] order5big_7766: THEOREM (60.2s)  running={'THEOREM': 368, 'LINEAR': 568, 'SOLVED_FMB': 29, 'HARD_NONLINEAR': 6}
[972] order5big_7774: LINEAR (0.0s)  running={'THEOREM': 368, 'LINEAR': 569, 'SOLVED_FMB': 29, 'HARD_NONLINEAR': 6}
[973] order5big_7782: LINEAR (0.0s)  running={'THEOREM': 368, 'LINEAR': 570, 'SOLVED_FMB': 29, 'HARD_NONLINEAR': 6}
[974] order5big_7790: LINEAR (0.0s)  running={'THEOREM': 368, 'LINEAR': 571, 'SOLVED_FMB': 29, 'HARD_NONLINEAR': 6}
[975] order5big_7798: LINEAR (0.0s)  running={'THEOREM': 368, 'LINEAR': 572, 'SOLVED_FMB': 29, 'HARD_NONLINEAR': 6}
[976] order5big_7806: LINEAR (0.0s)  running={'THEOREM': 368, 'LINEAR': 573, 'SOLVED_FMB': 29, 'HARD_NONLINEAR': 6}
[977] order5big_7814: THEOREM (60.2s)  running={'THEOREM': 369, 'LINEAR': 573, 'SOLVED_FMB': 29, 'HARD_NONLINEAR': 6}
[978] order5big_7822: LINEAR (0.0s)  running={'THEOREM': 369, 'LINEAR': 574, 'SOLVED_FMB': 29, 'HARD_NONLINEAR': 6}
[979] order5big_7830: LINEAR (0.0s)  running={'THEOREM': 369, 'LINEAR': 575, 'SOLVED_FMB': 29, 'HARD_NONLINEAR': 6}
[980] order5big_7838: LINEAR (0.0s)  running={'THEOREM': 369, 'LINEAR': 576, 'SOLVED_FMB': 29, 'HARD_NONLINEAR': 6}
[981] order5big_7846: LINEAR (0.0s)  running={'THEOREM': 369, 'LINEAR': 577, 'SOLVED_FMB': 29, 'HARD_NONLINEAR': 6}
[982] order5big_7854: LINEAR (0.0s)  running={'THEOREM': 369, 'LINEAR': 578, 'SOLVED_FMB': 29, 'HARD_NONLINEAR': 6}
[983] order5big_7862: LINEAR (0.0s)  running={'THEOREM': 369, 'LINEAR': 579, 'SOLVED_FMB': 29, 'HARD_NONLINEAR': 6}
[984] order5big_7870: LINEAR (0.0s)  running={'THEOREM': 369, 'LINEAR': 580, 'SOLVED_FMB': 29, 'HARD_NONLINEAR': 6}
[985] order5big_7878: SOLVED_FMB (1.1s)  running={'THEOREM': 369, 'LINEAR': 580, 'SOLVED_FMB': 30, 'HARD_NONLINEAR': 6}
[986] order5big_7886: LINEAR (0.0s)  running={'THEOREM': 369, 'LINEAR': 581, 'SOLVED_FMB': 30, 'HARD_NONLINEAR': 6}
[987] order5big_7894: THEOREM (60.1s)  running={'THEOREM': 370, 'LINEAR': 581, 'SOLVED_FMB': 30, 'HARD_NONLINEAR': 6}
[988] order5big_7902: LINEAR (0.0s)  running={'THEOREM': 370, 'LINEAR': 582, 'SOLVED_FMB': 30, 'HARD_NONLINEAR': 6}
[989] order5big_7910: THEOREM (60.2s)  running={'THEOREM': 371, 'LINEAR': 582, 'SOLVED_FMB': 30, 'HARD_NONLINEAR': 6}
[990] order5big_7918: LINEAR (0.0s)  running={'THEOREM': 371, 'LINEAR': 583, 'SOLVED_FMB': 30, 'HARD_NONLINEAR': 6}
[991] order5big_7926: LINEAR (0.0s)  running={'THEOREM': 371, 'LINEAR': 584, 'SOLVED_FMB': 30, 'HARD_NONLINEAR': 6}
[992] order5big_7934: THEOREM (60.2s)  running={'THEOREM': 372, 'LINEAR': 584, 'SOLVED_FMB': 30, 'HARD_NONLINEAR': 6}
[993] order5big_7942: LINEAR (0.0s)  running={'THEOREM': 372, 'LINEAR': 585, 'SOLVED_FMB': 30, 'HARD_NONLINEAR': 6}
[994] order5big_7950: LINEAR (0.0s)  running={'THEOREM': 372, 'LINEAR': 586, 'SOLVED_FMB': 30, 'HARD_NONLINEAR': 6}
[995] order5big_7958: LINEAR (0.0s)  running={'THEOREM': 372, 'LINEAR': 587, 'SOLVED_FMB': 30, 'HARD_NONLINEAR': 6}
[996] order5big_7966: THEOREM (60.2s)  running={'THEOREM': 373, 'LINEAR': 587, 'SOLVED_FMB': 30, 'HARD_NONLINEAR': 6}
[997] order5big_7974: LINEAR (0.0s)  running={'THEOREM': 373, 'LINEAR': 588, 'SOLVED_FMB': 30, 'HARD_NONLINEAR': 6}
[998] order5big_7982: THEOREM (60.2s)  running={'THEOREM': 374, 'LINEAR': 588, 'SOLVED_FMB': 30, 'HARD_NONLINEAR': 6}
[999] order5big_7990: THEOREM (62.2s)  running={'THEOREM': 375, 'LINEAR': 588, 'SOLVED_FMB': 30, 'HARD_NONLINEAR': 6}
[1000] order5big_7998: LINEAR (0.0s)  running={'THEOREM': 375, 'LINEAR': 589, 'SOLVED_FMB': 30, 'HARD_NONLINEAR': 6}
[1001] order5big_8006: THEOREM (60.2s)  running={'THEOREM': 376, 'LINEAR': 589, 'SOLVED_FMB': 30, 'HARD_NONLINEAR': 6}
[1002] order5big_8014: LINEAR (0.0s)  running={'THEOREM': 376, 'LINEAR': 590, 'SOLVED_FMB': 30, 'HARD_NONLINEAR': 6}
[1003] order5big_8022: LINEAR (0.0s)  running={'THEOREM': 376, 'LINEAR': 591, 'SOLVED_FMB': 30, 'HARD_NONLINEAR': 6}
[1004] order5big_8030: LINEAR (0.0s)  running={'THEOREM': 376, 'LINEAR': 592, 'SOLVED_FMB': 30, 'HARD_NONLINEAR': 6}
[1005] order5big_8038: THEOREM (60.2s)  running={'THEOREM': 377, 'LINEAR': 592, 'SOLVED_FMB': 30, 'HARD_NONLINEAR': 6}
[1006] order5big_8046: THEOREM (60.2s)  running={'THEOREM': 378, 'LINEAR': 592, 'SOLVED_FMB': 30, 'HARD_NONLINEAR': 6}
[1007] order5big_8054: LINEAR (0.0s)  running={'THEOREM': 378, 'LINEAR': 593, 'SOLVED_FMB': 30, 'HARD_NONLINEAR': 6}
[1008] order5big_8062: LINEAR (0.0s)  running={'THEOREM': 378, 'LINEAR': 594, 'SOLVED_FMB': 30, 'HARD_NONLINEAR': 6}
[1009] order5big_8070: LINEAR (0.0s)  running={'THEOREM': 378, 'LINEAR': 595, 'SOLVED_FMB': 30, 'HARD_NONLINEAR': 6}
[1010] order5big_8078: LINEAR (0.0s)  running={'THEOREM': 378, 'LINEAR': 596, 'SOLVED_FMB': 30, 'HARD_NONLINEAR': 6}
[1011] order5big_8086: THEOREM (61.2s)  running={'THEOREM': 379, 'LINEAR': 596, 'SOLVED_FMB': 30, 'HARD_NONLINEAR': 6}
[1012] order5big_8094: LINEAR (0.0s)  running={'THEOREM': 379, 'LINEAR': 597, 'SOLVED_FMB': 30, 'HARD_NONLINEAR': 6}
[1013] order5big_8102: THEOREM (60.6s)  running={'THEOREM': 380, 'LINEAR': 597, 'SOLVED_FMB': 30, 'HARD_NONLINEAR': 6}
[1014] order5big_8110: LINEAR (0.0s)  running={'THEOREM': 380, 'LINEAR': 598, 'SOLVED_FMB': 30, 'HARD_NONLINEAR': 6}
[1015] order5big_8118: LINEAR (0.0s)  running={'THEOREM': 380, 'LINEAR': 599, 'SOLVED_FMB': 30, 'HARD_NONLINEAR': 6}
[1016] order5big_8126: LINEAR (0.0s)  running={'THEOREM': 380, 'LINEAR': 600, 'SOLVED_FMB': 30, 'HARD_NONLINEAR': 6}
[1017] order5big_8134: LINEAR (0.0s)  running={'THEOREM': 380, 'LINEAR': 601, 'SOLVED_FMB': 30, 'HARD_NONLINEAR': 6}
[1018] order5big_8142: THEOREM (60.4s)  running={'THEOREM': 381, 'LINEAR': 601, 'SOLVED_FMB': 30, 'HARD_NONLINEAR': 6}
[1019] order5big_8150: THEOREM (60.2s)  running={'THEOREM': 382, 'LINEAR': 601, 'SOLVED_FMB': 30, 'HARD_NONLINEAR': 6}
[1020] order5big_8158: LINEAR (0.0s)  running={'THEOREM': 382, 'LINEAR': 602, 'SOLVED_FMB': 30, 'HARD_NONLINEAR': 6}
[1021] order5big_8166: THEOREM (60.2s)  running={'THEOREM': 383, 'LINEAR': 602, 'SOLVED_FMB': 30, 'HARD_NONLINEAR': 6}
[1022] order5big_8174: THEOREM (60.5s)  running={'THEOREM': 384, 'LINEAR': 602, 'SOLVED_FMB': 30, 'HARD_NONLINEAR': 6}
[1023] order5big_8182: LINEAR (0.0s)  running={'THEOREM': 384, 'LINEAR': 603, 'SOLVED_FMB': 30, 'HARD_NONLINEAR': 6}
[1024] order5big_8190: LINEAR (0.0s)  running={'THEOREM': 384, 'LINEAR': 604, 'SOLVED_FMB': 30, 'HARD_NONLINEAR': 6}
[1025] order5big_8198: LINEAR (0.0s)  running={'THEOREM': 384, 'LINEAR': 605, 'SOLVED_FMB': 30, 'HARD_NONLINEAR': 6}
[1026] order5big_8206: LINEAR (0.0s)  running={'THEOREM': 384, 'LINEAR': 606, 'SOLVED_FMB': 30, 'HARD_NONLINEAR': 6}
[1027] order5big_8214: LINEAR (0.0s)  running={'THEOREM': 384, 'LINEAR': 607, 'SOLVED_FMB': 30, 'HARD_NONLINEAR': 6}
[1028] order5big_8222: THEOREM (60.2s)  running={'THEOREM': 385, 'LINEAR': 607, 'SOLVED_FMB': 30, 'HARD_NONLINEAR': 6}
[1029] order5big_8230: LINEAR (0.0s)  running={'THEOREM': 385, 'LINEAR': 608, 'SOLVED_FMB': 30, 'HARD_NONLINEAR': 6}
[1030] order5big_8238: THEOREM (60.2s)  running={'THEOREM': 386, 'LINEAR': 608, 'SOLVED_FMB': 30, 'HARD_NONLINEAR': 6}
[1031] order5big_8246: THEOREM (60.1s)  running={'THEOREM': 387, 'LINEAR': 608, 'SOLVED_FMB': 30, 'HARD_NONLINEAR': 6}
[1032] order5big_8254: LINEAR (0.0s)  running={'THEOREM': 387, 'LINEAR': 609, 'SOLVED_FMB': 30, 'HARD_NONLINEAR': 6}
[1033] order5big_8262: LINEAR (0.0s)  running={'THEOREM': 387, 'LINEAR': 610, 'SOLVED_FMB': 30, 'HARD_NONLINEAR': 6}
[1034] order5big_8270: SOLVED_FMB (0.1s)  running={'THEOREM': 387, 'LINEAR': 610, 'SOLVED_FMB': 31, 'HARD_NONLINEAR': 6}
[1035] order5big_8278: SOLVED_FMB (2.1s)  running={'THEOREM': 387, 'LINEAR': 610, 'SOLVED_FMB': 32, 'HARD_NONLINEAR': 6}
[1036] order5big_8286: THEOREM (62.0s)  running={'THEOREM': 388, 'LINEAR': 610, 'SOLVED_FMB': 32, 'HARD_NONLINEAR': 6}
[1037] order5big_8294: LINEAR (0.0s)  running={'THEOREM': 388, 'LINEAR': 611, 'SOLVED_FMB': 32, 'HARD_NONLINEAR': 6}
[1038] order5big_8302: LINEAR (0.0s)  running={'THEOREM': 388, 'LINEAR': 612, 'SOLVED_FMB': 32, 'HARD_NONLINEAR': 6}
[1039] order5big_8310: LINEAR (0.0s)  running={'THEOREM': 388, 'LINEAR': 613, 'SOLVED_FMB': 32, 'HARD_NONLINEAR': 6}
[1040] order5big_8318: LINEAR (0.0s)  running={'THEOREM': 388, 'LINEAR': 614, 'SOLVED_FMB': 32, 'HARD_NONLINEAR': 6}
[1041] order5big_8326: LINEAR (0.0s)  running={'THEOREM': 388, 'LINEAR': 615, 'SOLVED_FMB': 32, 'HARD_NONLINEAR': 6}
[1042] order5big_8334: THEOREM (60.3s)  running={'THEOREM': 389, 'LINEAR': 615, 'SOLVED_FMB': 32, 'HARD_NONLINEAR': 6}
[1043] order5big_8342: THEOREM (60.7s)  running={'THEOREM': 390, 'LINEAR': 615, 'SOLVED_FMB': 32, 'HARD_NONLINEAR': 6}
[1044] order5big_8350: LINEAR (0.0s)  running={'THEOREM': 390, 'LINEAR': 616, 'SOLVED_FMB': 32, 'HARD_NONLINEAR': 6}
[1045] order5big_8358: LINEAR (0.0s)  running={'THEOREM': 390, 'LINEAR': 617, 'SOLVED_FMB': 32, 'HARD_NONLINEAR': 6}
[1046] order5big_8366: LINEAR (0.0s)  running={'THEOREM': 390, 'LINEAR': 618, 'SOLVED_FMB': 32, 'HARD_NONLINEAR': 6}
[1047] order5big_8374: LINEAR (0.0s)  running={'THEOREM': 390, 'LINEAR': 619, 'SOLVED_FMB': 32, 'HARD_NONLINEAR': 6}
[1048] order5big_8382: LINEAR (0.0s)  running={'THEOREM': 390, 'LINEAR': 620, 'SOLVED_FMB': 32, 'HARD_NONLINEAR': 6}
[1049] order5big_8390: LINEAR (0.0s)  running={'THEOREM': 390, 'LINEAR': 621, 'SOLVED_FMB': 32, 'HARD_NONLINEAR': 6}
[1050] order5big_8398: THEOREM (60.2s)  running={'THEOREM': 391, 'LINEAR': 621, 'SOLVED_FMB': 32, 'HARD_NONLINEAR': 6}
[1051] order5big_8406: THEOREM (60.3s)  running={'THEOREM': 392, 'LINEAR': 621, 'SOLVED_FMB': 32, 'HARD_NONLINEAR': 6}
[1052] order5big_8414: SOLVED_FMB (17.3s)  running={'THEOREM': 392, 'LINEAR': 621, 'SOLVED_FMB': 33, 'HARD_NONLINEAR': 6}
[1053] order5big_8422: LINEAR (0.0s)  running={'THEOREM': 392, 'LINEAR': 622, 'SOLVED_FMB': 33, 'HARD_NONLINEAR': 6}
[1054] order5big_8430: LINEAR (0.0s)  running={'THEOREM': 392, 'LINEAR': 623, 'SOLVED_FMB': 33, 'HARD_NONLINEAR': 6}
[1055] order5big_8438: LINEAR (0.0s)  running={'THEOREM': 392, 'LINEAR': 624, 'SOLVED_FMB': 33, 'HARD_NONLINEAR': 6}
[1056] order5big_8446: LINEAR (0.0s)  running={'THEOREM': 392, 'LINEAR': 625, 'SOLVED_FMB': 33, 'HARD_NONLINEAR': 6}
[1057] order5big_8454: LINEAR (0.0s)  running={'THEOREM': 392, 'LINEAR': 626, 'SOLVED_FMB': 33, 'HARD_NONLINEAR': 6}
[1058] order5big_8462: THEOREM (60.2s)  running={'THEOREM': 393, 'LINEAR': 626, 'SOLVED_FMB': 33, 'HARD_NONLINEAR': 6}
[1059] order5big_8470: LINEAR (0.0s)  running={'THEOREM': 393, 'LINEAR': 627, 'SOLVED_FMB': 33, 'HARD_NONLINEAR': 6}
[1060] order5big_8478: LINEAR (0.0s)  running={'THEOREM': 393, 'LINEAR': 628, 'SOLVED_FMB': 33, 'HARD_NONLINEAR': 6}
[1061] order5big_8486: THEOREM (60.5s)  running={'THEOREM': 394, 'LINEAR': 628, 'SOLVED_FMB': 33, 'HARD_NONLINEAR': 6}
[1062] order5big_8494: LINEAR (0.0s)  running={'THEOREM': 394, 'LINEAR': 629, 'SOLVED_FMB': 33, 'HARD_NONLINEAR': 6}
[1063] order5big_8502: LINEAR (0.0s)  running={'THEOREM': 394, 'LINEAR': 630, 'SOLVED_FMB': 33, 'HARD_NONLINEAR': 6}
[1064] order5big_8510: LINEAR (0.0s)  running={'THEOREM': 394, 'LINEAR': 631, 'SOLVED_FMB': 33, 'HARD_NONLINEAR': 6}
[1065] order5big_8518: THEOREM (60.6s)  running={'THEOREM': 395, 'LINEAR': 631, 'SOLVED_FMB': 33, 'HARD_NONLINEAR': 6}
[1066] order5big_8526: LINEAR (0.0s)  running={'THEOREM': 395, 'LINEAR': 632, 'SOLVED_FMB': 33, 'HARD_NONLINEAR': 6}
[1067] order5big_8534: THEOREM (60.2s)  running={'THEOREM': 396, 'LINEAR': 632, 'SOLVED_FMB': 33, 'HARD_NONLINEAR': 6}
[1068] order5big_8542: THEOREM (60.7s)  running={'THEOREM': 397, 'LINEAR': 632, 'SOLVED_FMB': 33, 'HARD_NONLINEAR': 6}
[1069] order5big_8550: LINEAR (0.0s)  running={'THEOREM': 397, 'LINEAR': 633, 'SOLVED_FMB': 33, 'HARD_NONLINEAR': 6}
[1070] order5big_8558: LINEAR (0.0s)  running={'THEOREM': 397, 'LINEAR': 634, 'SOLVED_FMB': 33, 'HARD_NONLINEAR': 6}
[1071] order5big_8566: THEOREM (60.2s)  running={'THEOREM': 398, 'LINEAR': 634, 'SOLVED_FMB': 33, 'HARD_NONLINEAR': 6}
[1072] order5big_8574: THEOREM (60.2s)  running={'THEOREM': 399, 'LINEAR': 634, 'SOLVED_FMB': 33, 'HARD_NONLINEAR': 6}
[1073] order5big_8582: HARD_NONLINEAR (120.2s)  running={'THEOREM': 399, 'LINEAR': 634, 'SOLVED_FMB': 33, 'HARD_NONLINEAR': 7}
[1074] order5big_8590: THEOREM (60.2s)  running={'THEOREM': 400, 'LINEAR': 634, 'SOLVED_FMB': 33, 'HARD_NONLINEAR': 7}
[1075] order5big_8598: LINEAR (0.0s)  running={'THEOREM': 400, 'LINEAR': 635, 'SOLVED_FMB': 33, 'HARD_NONLINEAR': 7}
[1076] order5big_8606: THEOREM (60.2s)  running={'THEOREM': 401, 'LINEAR': 635, 'SOLVED_FMB': 33, 'HARD_NONLINEAR': 7}
[1077] order5big_8614: LINEAR (0.0s)  running={'THEOREM': 401, 'LINEAR': 636, 'SOLVED_FMB': 33, 'HARD_NONLINEAR': 7}
[1078] order5big_8622: LINEAR (0.0s)  running={'THEOREM': 401, 'LINEAR': 637, 'SOLVED_FMB': 33, 'HARD_NONLINEAR': 7}
[1079] order5big_8630: THEOREM (60.4s)  running={'THEOREM': 402, 'LINEAR': 637, 'SOLVED_FMB': 33, 'HARD_NONLINEAR': 7}
[1080] order5big_8638: LINEAR (0.0s)  running={'THEOREM': 402, 'LINEAR': 638, 'SOLVED_FMB': 33, 'HARD_NONLINEAR': 7}
[1081] order5big_8646: THEOREM (60.4s)  running={'THEOREM': 403, 'LINEAR': 638, 'SOLVED_FMB': 33, 'HARD_NONLINEAR': 7}
[1082] order5big_8654: LINEAR (0.0s)  running={'THEOREM': 403, 'LINEAR': 639, 'SOLVED_FMB': 33, 'HARD_NONLINEAR': 7}
[1083] order5big_8662: THEOREM (72.2s)  running={'THEOREM': 404, 'LINEAR': 639, 'SOLVED_FMB': 33, 'HARD_NONLINEAR': 7}
[1084] order5big_8670: LINEAR (0.0s)  running={'THEOREM': 404, 'LINEAR': 640, 'SOLVED_FMB': 33, 'HARD_NONLINEAR': 7}
[1085] order5big_8678: LINEAR (0.0s)  running={'THEOREM': 404, 'LINEAR': 641, 'SOLVED_FMB': 33, 'HARD_NONLINEAR': 7}
[1086] order5big_8686: LINEAR (0.0s)  running={'THEOREM': 404, 'LINEAR': 642, 'SOLVED_FMB': 33, 'HARD_NONLINEAR': 7}
[1087] order5big_8694: LINEAR (0.0s)  running={'THEOREM': 404, 'LINEAR': 643, 'SOLVED_FMB': 33, 'HARD_NONLINEAR': 7}
[1088] order5big_8702: LINEAR (0.0s)  running={'THEOREM': 404, 'LINEAR': 644, 'SOLVED_FMB': 33, 'HARD_NONLINEAR': 7}
[1089] order5big_8710: LINEAR (0.0s)  running={'THEOREM': 404, 'LINEAR': 645, 'SOLVED_FMB': 33, 'HARD_NONLINEAR': 7}
[1090] order5big_8718: THEOREM (60.2s)  running={'THEOREM': 405, 'LINEAR': 645, 'SOLVED_FMB': 33, 'HARD_NONLINEAR': 7}
[1091] order5big_8726: LINEAR (0.0s)  running={'THEOREM': 405, 'LINEAR': 646, 'SOLVED_FMB': 33, 'HARD_NONLINEAR': 7}
[1092] order5big_8734: THEOREM (72.3s)  running={'THEOREM': 406, 'LINEAR': 646, 'SOLVED_FMB': 33, 'HARD_NONLINEAR': 7}
[1093] order5big_8742: THEOREM (61.0s)  running={'THEOREM': 407, 'LINEAR': 646, 'SOLVED_FMB': 33, 'HARD_NONLINEAR': 7}
[1094] order5big_8750: THEOREM (60.2s)  running={'THEOREM': 408, 'LINEAR': 646, 'SOLVED_FMB': 33, 'HARD_NONLINEAR': 7}
[1095] order5big_8758: LINEAR (0.0s)  running={'THEOREM': 408, 'LINEAR': 647, 'SOLVED_FMB': 33, 'HARD_NONLINEAR': 7}
[1096] order5big_8766: THEOREM (60.5s)  running={'THEOREM': 409, 'LINEAR': 647, 'SOLVED_FMB': 33, 'HARD_NONLINEAR': 7}
[1097] order5big_8774: THEOREM (60.4s)  running={'THEOREM': 410, 'LINEAR': 647, 'SOLVED_FMB': 33, 'HARD_NONLINEAR': 7}
[1098] order5big_8782: THEOREM (60.5s)  running={'THEOREM': 411, 'LINEAR': 647, 'SOLVED_FMB': 33, 'HARD_NONLINEAR': 7}
[1099] order5big_8790: LINEAR (0.0s)  running={'THEOREM': 411, 'LINEAR': 648, 'SOLVED_FMB': 33, 'HARD_NONLINEAR': 7}
[1100] order5big_8798: LINEAR (0.0s)  running={'THEOREM': 411, 'LINEAR': 649, 'SOLVED_FMB': 33, 'HARD_NONLINEAR': 7}
[1101] order5big_8806: THEOREM (60.2s)  running={'THEOREM': 412, 'LINEAR': 649, 'SOLVED_FMB': 33, 'HARD_NONLINEAR': 7}
[1102] order5big_8814: SOLVED_FMB (1.3s)  running={'THEOREM': 412, 'LINEAR': 649, 'SOLVED_FMB': 34, 'HARD_NONLINEAR': 7}
[1103] order5big_8822: LINEAR (0.0s)  running={'THEOREM': 412, 'LINEAR': 650, 'SOLVED_FMB': 34, 'HARD_NONLINEAR': 7}
[1104] order5big_8830: THEOREM (60.4s)  running={'THEOREM': 413, 'LINEAR': 650, 'SOLVED_FMB': 34, 'HARD_NONLINEAR': 7}
[1105] order5big_8838: LINEAR (0.0s)  running={'THEOREM': 413, 'LINEAR': 651, 'SOLVED_FMB': 34, 'HARD_NONLINEAR': 7}
[1106] order5big_8846: THEOREM (60.5s)  running={'THEOREM': 414, 'LINEAR': 651, 'SOLVED_FMB': 34, 'HARD_NONLINEAR': 7}
[1107] order5big_8854: LINEAR (0.0s)  running={'THEOREM': 414, 'LINEAR': 652, 'SOLVED_FMB': 34, 'HARD_NONLINEAR': 7}
[1108] order5big_8862: LINEAR (0.0s)  running={'THEOREM': 414, 'LINEAR': 653, 'SOLVED_FMB': 34, 'HARD_NONLINEAR': 7}
[1109] order5big_8870: LINEAR (0.0s)  running={'THEOREM': 414, 'LINEAR': 654, 'SOLVED_FMB': 34, 'HARD_NONLINEAR': 7}
[1110] order5big_8878: LINEAR (0.0s)  running={'THEOREM': 414, 'LINEAR': 655, 'SOLVED_FMB': 34, 'HARD_NONLINEAR': 7}
[1111] order5big_8886: LINEAR (0.0s)  running={'THEOREM': 414, 'LINEAR': 656, 'SOLVED_FMB': 34, 'HARD_NONLINEAR': 7}
[1112] order5big_8894: THEOREM (60.3s)  running={'THEOREM': 415, 'LINEAR': 656, 'SOLVED_FMB': 34, 'HARD_NONLINEAR': 7}
[1113] order5big_8902: LINEAR (0.0s)  running={'THEOREM': 415, 'LINEAR': 657, 'SOLVED_FMB': 34, 'HARD_NONLINEAR': 7}
[1114] order5big_8910: THEOREM (214.4s)  running={'THEOREM': 416, 'LINEAR': 657, 'SOLVED_FMB': 34, 'HARD_NONLINEAR': 7}
[1115] order5big_8918: LINEAR (0.0s)  running={'THEOREM': 416, 'LINEAR': 658, 'SOLVED_FMB': 34, 'HARD_NONLINEAR': 7}
[1116] order5big_8926: THEOREM (60.2s)  running={'THEOREM': 417, 'LINEAR': 658, 'SOLVED_FMB': 34, 'HARD_NONLINEAR': 7}
[1117] order5big_8934: THEOREM (60.2s)  running={'THEOREM': 418, 'LINEAR': 658, 'SOLVED_FMB': 34, 'HARD_NONLINEAR': 7}
[1118] order5big_8942: THEOREM (60.2s)  running={'THEOREM': 419, 'LINEAR': 658, 'SOLVED_FMB': 34, 'HARD_NONLINEAR': 7}
[1119] order5big_8950: THEOREM (1.4s)  running={'THEOREM': 420, 'LINEAR': 658, 'SOLVED_FMB': 34, 'HARD_NONLINEAR': 7}
[1120] order5big_8958: LINEAR (0.0s)  running={'THEOREM': 420, 'LINEAR': 659, 'SOLVED_FMB': 34, 'HARD_NONLINEAR': 7}
[1121] order5big_8966: LINEAR (0.0s)  running={'THEOREM': 420, 'LINEAR': 660, 'SOLVED_FMB': 34, 'HARD_NONLINEAR': 7}
[1122] order5big_8974: LINEAR (0.0s)  running={'THEOREM': 420, 'LINEAR': 661, 'SOLVED_FMB': 34, 'HARD_NONLINEAR': 7}
[1123] order5big_8982: LINEAR (0.0s)  running={'THEOREM': 420, 'LINEAR': 662, 'SOLVED_FMB': 34, 'HARD_NONLINEAR': 7}
[1124] order5big_8990: LINEAR (0.0s)  running={'THEOREM': 420, 'LINEAR': 663, 'SOLVED_FMB': 34, 'HARD_NONLINEAR': 7}
[1125] order5big_8998: LINEAR (0.0s)  running={'THEOREM': 420, 'LINEAR': 664, 'SOLVED_FMB': 34, 'HARD_NONLINEAR': 7}
[1126] order5big_9006: LINEAR (0.0s)  running={'THEOREM': 420, 'LINEAR': 665, 'SOLVED_FMB': 34, 'HARD_NONLINEAR': 7}
[1127] order5big_9014: LINEAR (0.0s)  running={'THEOREM': 420, 'LINEAR': 666, 'SOLVED_FMB': 34, 'HARD_NONLINEAR': 7}
[1128] order5big_9022: THEOREM (60.6s)  running={'THEOREM': 421, 'LINEAR': 666, 'SOLVED_FMB': 34, 'HARD_NONLINEAR': 7}
[1129] order5big_9030: THEOREM (62.6s)  running={'THEOREM': 422, 'LINEAR': 666, 'SOLVED_FMB': 34, 'HARD_NONLINEAR': 7}
[1130] order5big_9038: LINEAR (0.0s)  running={'THEOREM': 422, 'LINEAR': 667, 'SOLVED_FMB': 34, 'HARD_NONLINEAR': 7}
[1131] order5big_9046: LINEAR (0.0s)  running={'THEOREM': 422, 'LINEAR': 668, 'SOLVED_FMB': 34, 'HARD_NONLINEAR': 7}
[1132] order5big_9054: LINEAR (0.0s)  running={'THEOREM': 422, 'LINEAR': 669, 'SOLVED_FMB': 34, 'HARD_NONLINEAR': 7}
[1133] order5big_9062: THEOREM (63.7s)  running={'THEOREM': 423, 'LINEAR': 669, 'SOLVED_FMB': 34, 'HARD_NONLINEAR': 7}
[1134] order5big_9070: THEOREM (60.2s)  running={'THEOREM': 424, 'LINEAR': 669, 'SOLVED_FMB': 34, 'HARD_NONLINEAR': 7}
[1135] order5big_9078: LINEAR (0.0s)  running={'THEOREM': 424, 'LINEAR': 670, 'SOLVED_FMB': 34, 'HARD_NONLINEAR': 7}
[1136] order5big_9086: THEOREM (60.2s)  running={'THEOREM': 425, 'LINEAR': 670, 'SOLVED_FMB': 34, 'HARD_NONLINEAR': 7}
[1137] order5big_9094: LINEAR (0.0s)  running={'THEOREM': 425, 'LINEAR': 671, 'SOLVED_FMB': 34, 'HARD_NONLINEAR': 7}
[1138] order5big_9102: LINEAR (0.0s)  running={'THEOREM': 425, 'LINEAR': 672, 'SOLVED_FMB': 34, 'HARD_NONLINEAR': 7}
[1139] order5big_9110: THEOREM (1765.7s)  running={'THEOREM': 426, 'LINEAR': 672, 'SOLVED_FMB': 34, 'HARD_NONLINEAR': 7}
[1140] order5big_9118: THEOREM (60.3s)  running={'THEOREM': 427, 'LINEAR': 672, 'SOLVED_FMB': 34, 'HARD_NONLINEAR': 7}
[1141] order5big_9126: LINEAR (0.0s)  running={'THEOREM': 427, 'LINEAR': 673, 'SOLVED_FMB': 34, 'HARD_NONLINEAR': 7}
[1142] order5big_9134: THEOREM (60.2s)  running={'THEOREM': 428, 'LINEAR': 673, 'SOLVED_FMB': 34, 'HARD_NONLINEAR': 7}
[1143] order5big_9142: THEOREM (60.2s)  running={'THEOREM': 429, 'LINEAR': 673, 'SOLVED_FMB': 34, 'HARD_NONLINEAR': 7}
[1144] order5big_9150: THEOREM (60.2s)  running={'THEOREM': 430, 'LINEAR': 673, 'SOLVED_FMB': 34, 'HARD_NONLINEAR': 7}
[1145] order5big_9158: LINEAR (0.0s)  running={'THEOREM': 430, 'LINEAR': 674, 'SOLVED_FMB': 34, 'HARD_NONLINEAR': 7}
[1146] order5big_9166: LINEAR (0.0s)  running={'THEOREM': 430, 'LINEAR': 675, 'SOLVED_FMB': 34, 'HARD_NONLINEAR': 7}
[1147] order5big_9174: THEOREM (60.3s)  running={'THEOREM': 431, 'LINEAR': 675, 'SOLVED_FMB': 34, 'HARD_NONLINEAR': 7}
[1148] order5big_9182: LINEAR (0.0s)  running={'THEOREM': 431, 'LINEAR': 676, 'SOLVED_FMB': 34, 'HARD_NONLINEAR': 7}
[1149] order5big_9190: LINEAR (0.0s)  running={'THEOREM': 431, 'LINEAR': 677, 'SOLVED_FMB': 34, 'HARD_NONLINEAR': 7}
[1150] order5big_9198: LINEAR (0.0s)  running={'THEOREM': 431, 'LINEAR': 678, 'SOLVED_FMB': 34, 'HARD_NONLINEAR': 7}
[1151] order5big_9206: THEOREM (60.2s)  running={'THEOREM': 432, 'LINEAR': 678, 'SOLVED_FMB': 34, 'HARD_NONLINEAR': 7}
[1152] order5big_9214: LINEAR (0.0s)  running={'THEOREM': 432, 'LINEAR': 679, 'SOLVED_FMB': 34, 'HARD_NONLINEAR': 7}
[1153] order5big_9222: THEOREM (60.3s)  running={'THEOREM': 433, 'LINEAR': 679, 'SOLVED_FMB': 34, 'HARD_NONLINEAR': 7}
[1154] order5big_9230: LINEAR (0.0s)  running={'THEOREM': 433, 'LINEAR': 680, 'SOLVED_FMB': 34, 'HARD_NONLINEAR': 7}
[1155] order5big_9238: THEOREM (60.2s)  running={'THEOREM': 434, 'LINEAR': 680, 'SOLVED_FMB': 34, 'HARD_NONLINEAR': 7}
[1156] order5big_9246: LINEAR (0.0s)  running={'THEOREM': 434, 'LINEAR': 681, 'SOLVED_FMB': 34, 'HARD_NONLINEAR': 7}
[1157] order5big_9254: THEOREM (60.2s)  running={'THEOREM': 435, 'LINEAR': 681, 'SOLVED_FMB': 34, 'HARD_NONLINEAR': 7}
[1158] order5big_9262: THEOREM (7.1s)  running={'THEOREM': 436, 'LINEAR': 681, 'SOLVED_FMB': 34, 'HARD_NONLINEAR': 7}
[1159] order5big_9270: LINEAR (0.0s)  running={'THEOREM': 436, 'LINEAR': 682, 'SOLVED_FMB': 34, 'HARD_NONLINEAR': 7}
[1160] order5big_9278: LINEAR (0.0s)  running={'THEOREM': 436, 'LINEAR': 683, 'SOLVED_FMB': 34, 'HARD_NONLINEAR': 7}
[1161] order5big_9286: LINEAR (0.0s)  running={'THEOREM': 436, 'LINEAR': 684, 'SOLVED_FMB': 34, 'HARD_NONLINEAR': 7}
[1162] order5big_9294: THEOREM (60.3s)  running={'THEOREM': 437, 'LINEAR': 684, 'SOLVED_FMB': 34, 'HARD_NONLINEAR': 7}
[1163] order5big_9302: THEOREM (65.2s)  running={'THEOREM': 438, 'LINEAR': 684, 'SOLVED_FMB': 34, 'HARD_NONLINEAR': 7}
[1164] order5big_9310: THEOREM (60.2s)  running={'THEOREM': 439, 'LINEAR': 684, 'SOLVED_FMB': 34, 'HARD_NONLINEAR': 7}
[1165] order5big_9318: THEOREM (60.5s)  running={'THEOREM': 440, 'LINEAR': 684, 'SOLVED_FMB': 34, 'HARD_NONLINEAR': 7}
[1166] order5big_9326: THEOREM (71.5s)  running={'THEOREM': 441, 'LINEAR': 684, 'SOLVED_FMB': 34, 'HARD_NONLINEAR': 7}
[1167] order5big_9334: LINEAR (0.0s)  running={'THEOREM': 441, 'LINEAR': 685, 'SOLVED_FMB': 34, 'HARD_NONLINEAR': 7}
[1168] order5big_9342: LINEAR (0.0s)  running={'THEOREM': 441, 'LINEAR': 686, 'SOLVED_FMB': 34, 'HARD_NONLINEAR': 7}
[1169] order5big_9350: THEOREM (60.2s)  running={'THEOREM': 442, 'LINEAR': 686, 'SOLVED_FMB': 34, 'HARD_NONLINEAR': 7}
[1170] order5big_9358: LINEAR (0.0s)  running={'THEOREM': 442, 'LINEAR': 687, 'SOLVED_FMB': 34, 'HARD_NONLINEAR': 7}
[1171] order5big_9366: THEOREM (60.2s)  running={'THEOREM': 443, 'LINEAR': 687, 'SOLVED_FMB': 34, 'HARD_NONLINEAR': 7}
[1172] order5big_9374: LINEAR (0.0s)  running={'THEOREM': 443, 'LINEAR': 688, 'SOLVED_FMB': 34, 'HARD_NONLINEAR': 7}
[1173] order5big_9382: THEOREM (0.6s)  running={'THEOREM': 444, 'LINEAR': 688, 'SOLVED_FMB': 34, 'HARD_NONLINEAR': 7}
[1174] order5big_9390: THEOREM (60.2s)  running={'THEOREM': 445, 'LINEAR': 688, 'SOLVED_FMB': 34, 'HARD_NONLINEAR': 7}
[1175] order5big_9398: THEOREM (60.5s)  running={'THEOREM': 446, 'LINEAR': 688, 'SOLVED_FMB': 34, 'HARD_NONLINEAR': 7}
[1176] order5big_9406: LINEAR (0.0s)  running={'THEOREM': 446, 'LINEAR': 689, 'SOLVED_FMB': 34, 'HARD_NONLINEAR': 7}
[1177] order5big_9414: LINEAR (0.0s)  running={'THEOREM': 446, 'LINEAR': 690, 'SOLVED_FMB': 34, 'HARD_NONLINEAR': 7}
[1178] order5big_9422: THEOREM (60.2s)  running={'THEOREM': 447, 'LINEAR': 690, 'SOLVED_FMB': 34, 'HARD_NONLINEAR': 7}
[1179] order5big_9430: THEOREM (60.2s)  running={'THEOREM': 448, 'LINEAR': 690, 'SOLVED_FMB': 34, 'HARD_NONLINEAR': 7}
[1180] order5big_9438: LINEAR (0.0s)  running={'THEOREM': 448, 'LINEAR': 691, 'SOLVED_FMB': 34, 'HARD_NONLINEAR': 7}
[1181] order5big_9446: LINEAR (0.0s)  running={'THEOREM': 448, 'LINEAR': 692, 'SOLVED_FMB': 34, 'HARD_NONLINEAR': 7}
[1182] order5big_9454: LINEAR (0.0s)  running={'THEOREM': 448, 'LINEAR': 693, 'SOLVED_FMB': 34, 'HARD_NONLINEAR': 7}
[1183] order5big_9462: THEOREM (60.2s)  running={'THEOREM': 449, 'LINEAR': 693, 'SOLVED_FMB': 34, 'HARD_NONLINEAR': 7}
[1184] order5big_9470: LINEAR (0.0s)  running={'THEOREM': 449, 'LINEAR': 694, 'SOLVED_FMB': 34, 'HARD_NONLINEAR': 7}
[1185] order5big_9478: LINEAR (0.0s)  running={'THEOREM': 449, 'LINEAR': 695, 'SOLVED_FMB': 34, 'HARD_NONLINEAR': 7}
[1186] order5big_9486: LINEAR (0.0s)  running={'THEOREM': 449, 'LINEAR': 696, 'SOLVED_FMB': 34, 'HARD_NONLINEAR': 7}
[1187] order5big_9494: SOLVED_FMB (0.2s)  running={'THEOREM': 449, 'LINEAR': 696, 'SOLVED_FMB': 35, 'HARD_NONLINEAR': 7}
[1188] order5big_9502: LINEAR (0.0s)  running={'THEOREM': 449, 'LINEAR': 697, 'SOLVED_FMB': 35, 'HARD_NONLINEAR': 7}
[1189] order5big_9510: LINEAR (0.0s)  running={'THEOREM': 449, 'LINEAR': 698, 'SOLVED_FMB': 35, 'HARD_NONLINEAR': 7}
[1190] order5big_9518: LINEAR (0.0s)  running={'THEOREM': 449, 'LINEAR': 699, 'SOLVED_FMB': 35, 'HARD_NONLINEAR': 7}
[1191] order5big_9526: LINEAR (0.0s)  running={'THEOREM': 449, 'LINEAR': 700, 'SOLVED_FMB': 35, 'HARD_NONLINEAR': 7}
[1192] order5big_9534: THEOREM (0.1s)  running={'THEOREM': 450, 'LINEAR': 700, 'SOLVED_FMB': 35, 'HARD_NONLINEAR': 7}
[1193] order5big_9542: LINEAR (0.0s)  running={'THEOREM': 450, 'LINEAR': 701, 'SOLVED_FMB': 35, 'HARD_NONLINEAR': 7}
[1194] order5big_9550: THEOREM (60.2s)  running={'THEOREM': 451, 'LINEAR': 701, 'SOLVED_FMB': 35, 'HARD_NONLINEAR': 7}
[1195] order5big_9558: LINEAR (0.0s)  running={'THEOREM': 451, 'LINEAR': 702, 'SOLVED_FMB': 35, 'HARD_NONLINEAR': 7}
[1196] order5big_9566: LINEAR (0.0s)  running={'THEOREM': 451, 'LINEAR': 703, 'SOLVED_FMB': 35, 'HARD_NONLINEAR': 7}
[1197] order5big_9574: THEOREM (60.2s)  running={'THEOREM': 452, 'LINEAR': 703, 'SOLVED_FMB': 35, 'HARD_NONLINEAR': 7}
[1198] order5big_9582: LINEAR (0.0s)  running={'THEOREM': 452, 'LINEAR': 704, 'SOLVED_FMB': 35, 'HARD_NONLINEAR': 7}
[1199] order5big_9590: THEOREM (60.2s)  running={'THEOREM': 453, 'LINEAR': 704, 'SOLVED_FMB': 35, 'HARD_NONLINEAR': 7}
[1200] order5big_9598: LINEAR (0.0s)  running={'THEOREM': 453, 'LINEAR': 705, 'SOLVED_FMB': 35, 'HARD_NONLINEAR': 7}
[1201] order5big_9606: LINEAR (0.0s)  running={'THEOREM': 453, 'LINEAR': 706, 'SOLVED_FMB': 35, 'HARD_NONLINEAR': 7}
[1202] order5big_9614: THEOREM (60.3s)  running={'THEOREM': 454, 'LINEAR': 706, 'SOLVED_FMB': 35, 'HARD_NONLINEAR': 7}
[1203] order5big_9622: LINEAR (0.0s)  running={'THEOREM': 454, 'LINEAR': 707, 'SOLVED_FMB': 35, 'HARD_NONLINEAR': 7}
[1204] order5big_9630: LINEAR (0.0s)  running={'THEOREM': 454, 'LINEAR': 708, 'SOLVED_FMB': 35, 'HARD_NONLINEAR': 7}
[1205] order5big_9638: THEOREM (5.2s)  running={'THEOREM': 455, 'LINEAR': 708, 'SOLVED_FMB': 35, 'HARD_NONLINEAR': 7}
[1206] order5big_9646: LINEAR (0.0s)  running={'THEOREM': 455, 'LINEAR': 709, 'SOLVED_FMB': 35, 'HARD_NONLINEAR': 7}
[1207] order5big_9654: LINEAR (0.0s)  running={'THEOREM': 455, 'LINEAR': 710, 'SOLVED_FMB': 35, 'HARD_NONLINEAR': 7}
[1208] order5big_9662: LINEAR (0.0s)  running={'THEOREM': 455, 'LINEAR': 711, 'SOLVED_FMB': 35, 'HARD_NONLINEAR': 7}
[1209] order5big_9670: THEOREM (60.8s)  running={'THEOREM': 456, 'LINEAR': 711, 'SOLVED_FMB': 35, 'HARD_NONLINEAR': 7}
[1210] order5big_9678: LINEAR (0.0s)  running={'THEOREM': 456, 'LINEAR': 712, 'SOLVED_FMB': 35, 'HARD_NONLINEAR': 7}
[1211] order5big_9686: LINEAR (0.0s)  running={'THEOREM': 456, 'LINEAR': 713, 'SOLVED_FMB': 35, 'HARD_NONLINEAR': 7}
[1212] order5big_9694: LINEAR (0.0s)  running={'THEOREM': 456, 'LINEAR': 714, 'SOLVED_FMB': 35, 'HARD_NONLINEAR': 7}
[1213] order5big_9702: LINEAR (0.0s)  running={'THEOREM': 456, 'LINEAR': 715, 'SOLVED_FMB': 35, 'HARD_NONLINEAR': 7}
[1214] order5big_9710: THEOREM (60.2s)  running={'THEOREM': 457, 'LINEAR': 715, 'SOLVED_FMB': 35, 'HARD_NONLINEAR': 7}
[1215] order5big_9718: LINEAR (0.0s)  running={'THEOREM': 457, 'LINEAR': 716, 'SOLVED_FMB': 35, 'HARD_NONLINEAR': 7}
[1216] order5big_9726: LINEAR (0.0s)  running={'THEOREM': 457, 'LINEAR': 717, 'SOLVED_FMB': 35, 'HARD_NONLINEAR': 7}
[1217] order5big_9734: THEOREM (60.2s)  running={'THEOREM': 458, 'LINEAR': 717, 'SOLVED_FMB': 35, 'HARD_NONLINEAR': 7}
[1218] order5big_9742: LINEAR (0.0s)  running={'THEOREM': 458, 'LINEAR': 718, 'SOLVED_FMB': 35, 'HARD_NONLINEAR': 7}
[1219] order5big_9750: THEOREM (60.4s)  running={'THEOREM': 459, 'LINEAR': 718, 'SOLVED_FMB': 35, 'HARD_NONLINEAR': 7}
[1220] order5big_9758: LINEAR (0.0s)  running={'THEOREM': 459, 'LINEAR': 719, 'SOLVED_FMB': 35, 'HARD_NONLINEAR': 7}
[1221] order5big_9766: LINEAR (0.0s)  running={'THEOREM': 459, 'LINEAR': 720, 'SOLVED_FMB': 35, 'HARD_NONLINEAR': 7}
[1222] order5big_9774: THEOREM (60.2s)  running={'THEOREM': 460, 'LINEAR': 720, 'SOLVED_FMB': 35, 'HARD_NONLINEAR': 7}
[1223] order5big_9782: THEOREM (60.2s)  running={'THEOREM': 461, 'LINEAR': 720, 'SOLVED_FMB': 35, 'HARD_NONLINEAR': 7}
[1224] order5big_9790: LINEAR (0.0s)  running={'THEOREM': 461, 'LINEAR': 721, 'SOLVED_FMB': 35, 'HARD_NONLINEAR': 7}
[1225] order5big_9798: LINEAR (0.0s)  running={'THEOREM': 461, 'LINEAR': 722, 'SOLVED_FMB': 35, 'HARD_NONLINEAR': 7}
[1226] order5big_9806: LINEAR (0.0s)  running={'THEOREM': 461, 'LINEAR': 723, 'SOLVED_FMB': 35, 'HARD_NONLINEAR': 7}
[1227] order5big_9814: LINEAR (0.0s)  running={'THEOREM': 461, 'LINEAR': 724, 'SOLVED_FMB': 35, 'HARD_NONLINEAR': 7}
[1228] order5big_9822: LINEAR (0.0s)  running={'THEOREM': 461, 'LINEAR': 725, 'SOLVED_FMB': 35, 'HARD_NONLINEAR': 7}
[1229] order5big_9830: THEOREM (60.2s)  running={'THEOREM': 462, 'LINEAR': 725, 'SOLVED_FMB': 35, 'HARD_NONLINEAR': 7}
[1230] order5big_9838: THEOREM (60.5s)  running={'THEOREM': 463, 'LINEAR': 725, 'SOLVED_FMB': 35, 'HARD_NONLINEAR': 7}
[1231] order5big_9846: THEOREM (60.2s)  running={'THEOREM': 464, 'LINEAR': 725, 'SOLVED_FMB': 35, 'HARD_NONLINEAR': 7}
[1232] order5big_9854: LINEAR (0.0s)  running={'THEOREM': 464, 'LINEAR': 726, 'SOLVED_FMB': 35, 'HARD_NONLINEAR': 7}
[1233] order5big_9862: LINEAR (0.0s)  running={'THEOREM': 464, 'LINEAR': 727, 'SOLVED_FMB': 35, 'HARD_NONLINEAR': 7}
[1234] order5big_9870: LINEAR (0.0s)  running={'THEOREM': 464, 'LINEAR': 728, 'SOLVED_FMB': 35, 'HARD_NONLINEAR': 7}
[1235] order5big_9878: THEOREM (60.1s)  running={'THEOREM': 465, 'LINEAR': 728, 'SOLVED_FMB': 35, 'HARD_NONLINEAR': 7}
[1236] order5big_9886: THEOREM (60.2s)  running={'THEOREM': 466, 'LINEAR': 728, 'SOLVED_FMB': 35, 'HARD_NONLINEAR': 7}
[1237] order5big_9894: LINEAR (0.0s)  running={'THEOREM': 466, 'LINEAR': 729, 'SOLVED_FMB': 35, 'HARD_NONLINEAR': 7}
[1238] order5big_9902: LINEAR (0.0s)  running={'THEOREM': 466, 'LINEAR': 730, 'SOLVED_FMB': 35, 'HARD_NONLINEAR': 7}
[1239] order5big_9910: LINEAR (0.0s)  running={'THEOREM': 466, 'LINEAR': 731, 'SOLVED_FMB': 35, 'HARD_NONLINEAR': 7}
[1240] order5big_9918: LINEAR (0.0s)  running={'THEOREM': 466, 'LINEAR': 732, 'SOLVED_FMB': 35, 'HARD_NONLINEAR': 7}
[1241] order5big_9926: LINEAR (0.0s)  running={'THEOREM': 466, 'LINEAR': 733, 'SOLVED_FMB': 35, 'HARD_NONLINEAR': 7}
[1242] order5big_9934: THEOREM (202.9s)  running={'THEOREM': 467, 'LINEAR': 733, 'SOLVED_FMB': 35, 'HARD_NONLINEAR': 7}
[1243] order5big_9942: THEOREM (60.2s)  running={'THEOREM': 468, 'LINEAR': 733, 'SOLVED_FMB': 35, 'HARD_NONLINEAR': 7}
[1244] order5big_9950: LINEAR (0.0s)  running={'THEOREM': 468, 'LINEAR': 734, 'SOLVED_FMB': 35, 'HARD_NONLINEAR': 7}
[1245] order5big_9958: THEOREM (60.2s)  running={'THEOREM': 469, 'LINEAR': 734, 'SOLVED_FMB': 35, 'HARD_NONLINEAR': 7}
[1246] order5big_9966: LINEAR (0.0s)  running={'THEOREM': 469, 'LINEAR': 735, 'SOLVED_FMB': 35, 'HARD_NONLINEAR': 7}
[1247] order5big_9974: LINEAR (0.0s)  running={'THEOREM': 469, 'LINEAR': 736, 'SOLVED_FMB': 35, 'HARD_NONLINEAR': 7}
[1248] order5big_9982: LINEAR (0.0s)  running={'THEOREM': 469, 'LINEAR': 737, 'SOLVED_FMB': 35, 'HARD_NONLINEAR': 7}
[1249] order5big_9990: THEOREM (63.5s)  running={'THEOREM': 470, 'LINEAR': 737, 'SOLVED_FMB': 35, 'HARD_NONLINEAR': 7}
[1250] order5big_9998: LINEAR (0.0s)  running={'THEOREM': 470, 'LINEAR': 738, 'SOLVED_FMB': 35, 'HARD_NONLINEAR': 7}
[1251] order5big_10006: LINEAR (0.0s)  running={'THEOREM': 470, 'LINEAR': 739, 'SOLVED_FMB': 35, 'HARD_NONLINEAR': 7}
[1252] order5big_10014: THEOREM (60.2s)  running={'THEOREM': 471, 'LINEAR': 739, 'SOLVED_FMB': 35, 'HARD_NONLINEAR': 7}
[1253] order5big_10022: LINEAR (0.0s)  running={'THEOREM': 471, 'LINEAR': 740, 'SOLVED_FMB': 35, 'HARD_NONLINEAR': 7}
[1254] order5big_10030: LINEAR (0.0s)  running={'THEOREM': 471, 'LINEAR': 741, 'SOLVED_FMB': 35, 'HARD_NONLINEAR': 7}
[1255] order5big_10038: THEOREM (60.2s)  running={'THEOREM': 472, 'LINEAR': 741, 'SOLVED_FMB': 35, 'HARD_NONLINEAR': 7}
[1256] order5big_10046: LINEAR (0.0s)  running={'THEOREM': 472, 'LINEAR': 742, 'SOLVED_FMB': 35, 'HARD_NONLINEAR': 7}
[1257] order5big_10054: LINEAR (0.0s)  running={'THEOREM': 472, 'LINEAR': 743, 'SOLVED_FMB': 35, 'HARD_NONLINEAR': 7}
[1258] order5big_10062: LINEAR (0.0s)  running={'THEOREM': 472, 'LINEAR': 744, 'SOLVED_FMB': 35, 'HARD_NONLINEAR': 7}
[1259] order5big_10070: LINEAR (0.0s)  running={'THEOREM': 472, 'LINEAR': 745, 'SOLVED_FMB': 35, 'HARD_NONLINEAR': 7}
[1260] order5big_10078: LINEAR (0.0s)  running={'THEOREM': 472, 'LINEAR': 746, 'SOLVED_FMB': 35, 'HARD_NONLINEAR': 7}
[1261] order5big_10086: THEOREM (60.2s)  running={'THEOREM': 473, 'LINEAR': 746, 'SOLVED_FMB': 35, 'HARD_NONLINEAR': 7}
[1262] order5big_10094: THEOREM (63.1s)  running={'THEOREM': 474, 'LINEAR': 746, 'SOLVED_FMB': 35, 'HARD_NONLINEAR': 7}
[1263] order5big_10102: LINEAR (0.0s)  running={'THEOREM': 474, 'LINEAR': 747, 'SOLVED_FMB': 35, 'HARD_NONLINEAR': 7}
[1264] order5big_10110: THEOREM (60.2s)  running={'THEOREM': 475, 'LINEAR': 747, 'SOLVED_FMB': 35, 'HARD_NONLINEAR': 7}
[1265] order5big_10118: THEOREM (60.2s)  running={'THEOREM': 476, 'LINEAR': 747, 'SOLVED_FMB': 35, 'HARD_NONLINEAR': 7}
[1266] order5big_10126: LINEAR (0.0s)  running={'THEOREM': 476, 'LINEAR': 748, 'SOLVED_FMB': 35, 'HARD_NONLINEAR': 7}
[1267] order5big_10134: THEOREM (0.9s)  running={'THEOREM': 477, 'LINEAR': 748, 'SOLVED_FMB': 35, 'HARD_NONLINEAR': 7}
[1268] order5big_10142: LINEAR (0.0s)  running={'THEOREM': 477, 'LINEAR': 749, 'SOLVED_FMB': 35, 'HARD_NONLINEAR': 7}
[1269] order5big_10150: LINEAR (0.0s)  running={'THEOREM': 477, 'LINEAR': 750, 'SOLVED_FMB': 35, 'HARD_NONLINEAR': 7}
[1270] order5big_10158: LINEAR (0.0s)  running={'THEOREM': 477, 'LINEAR': 751, 'SOLVED_FMB': 35, 'HARD_NONLINEAR': 7}
[1271] order5big_10166: LINEAR (0.0s)  running={'THEOREM': 477, 'LINEAR': 752, 'SOLVED_FMB': 35, 'HARD_NONLINEAR': 7}
[1272] order5big_10174: LINEAR (0.0s)  running={'THEOREM': 477, 'LINEAR': 753, 'SOLVED_FMB': 35, 'HARD_NONLINEAR': 7}
[1273] order5big_10182: LINEAR (0.0s)  running={'THEOREM': 477, 'LINEAR': 754, 'SOLVED_FMB': 35, 'HARD_NONLINEAR': 7}
[1274] order5big_10190: LINEAR (0.0s)  running={'THEOREM': 477, 'LINEAR': 755, 'SOLVED_FMB': 35, 'HARD_NONLINEAR': 7}
[1275] order5big_10198: LINEAR (0.0s)  running={'THEOREM': 477, 'LINEAR': 756, 'SOLVED_FMB': 35, 'HARD_NONLINEAR': 7}
[1276] order5big_10206: LINEAR (0.0s)  running={'THEOREM': 477, 'LINEAR': 757, 'SOLVED_FMB': 35, 'HARD_NONLINEAR': 7}
[1277] order5big_10214: THEOREM (60.2s)  running={'THEOREM': 478, 'LINEAR': 757, 'SOLVED_FMB': 35, 'HARD_NONLINEAR': 7}
[1278] order5big_10222: THEOREM (60.2s)  running={'THEOREM': 479, 'LINEAR': 757, 'SOLVED_FMB': 35, 'HARD_NONLINEAR': 7}
[1279] order5big_10230: THEOREM (72.9s)  running={'THEOREM': 480, 'LINEAR': 757, 'SOLVED_FMB': 35, 'HARD_NONLINEAR': 7}
[1280] order5big_10238: LINEAR (0.0s)  running={'THEOREM': 480, 'LINEAR': 758, 'SOLVED_FMB': 35, 'HARD_NONLINEAR': 7}
[1281] order5big_10246: LINEAR (0.0s)  running={'THEOREM': 480, 'LINEAR': 759, 'SOLVED_FMB': 35, 'HARD_NONLINEAR': 7}
[1282] order5big_10254: THEOREM (62.7s)  running={'THEOREM': 481, 'LINEAR': 759, 'SOLVED_FMB': 35, 'HARD_NONLINEAR': 7}
[1283] order5big_10262: LINEAR (0.0s)  running={'THEOREM': 481, 'LINEAR': 760, 'SOLVED_FMB': 35, 'HARD_NONLINEAR': 7}
[1284] order5big_10270: LINEAR (0.0s)  running={'THEOREM': 481, 'LINEAR': 761, 'SOLVED_FMB': 35, 'HARD_NONLINEAR': 7}
[1285] order5big_10278: LINEAR (0.0s)  running={'THEOREM': 481, 'LINEAR': 762, 'SOLVED_FMB': 35, 'HARD_NONLINEAR': 7}
[1286] order5big_10286: THEOREM (60.2s)  running={'THEOREM': 482, 'LINEAR': 762, 'SOLVED_FMB': 35, 'HARD_NONLINEAR': 7}
[1287] order5big_10294: THEOREM (62.7s)  running={'THEOREM': 483, 'LINEAR': 762, 'SOLVED_FMB': 35, 'HARD_NONLINEAR': 7}
[1288] order5big_10302: THEOREM (60.5s)  running={'THEOREM': 484, 'LINEAR': 762, 'SOLVED_FMB': 35, 'HARD_NONLINEAR': 7}
[1289] order5big_10310: LINEAR (0.0s)  running={'THEOREM': 484, 'LINEAR': 763, 'SOLVED_FMB': 35, 'HARD_NONLINEAR': 7}
[1290] order5big_10318: LINEAR (0.0s)  running={'THEOREM': 484, 'LINEAR': 764, 'SOLVED_FMB': 35, 'HARD_NONLINEAR': 7}
[1291] order5big_10326: THEOREM (60.1s)  running={'THEOREM': 485, 'LINEAR': 764, 'SOLVED_FMB': 35, 'HARD_NONLINEAR': 7}
[1292] order5big_10334: THEOREM (60.2s)  running={'THEOREM': 486, 'LINEAR': 764, 'SOLVED_FMB': 35, 'HARD_NONLINEAR': 7}
[1293] order5big_10342: LINEAR (0.0s)  running={'THEOREM': 486, 'LINEAR': 765, 'SOLVED_FMB': 35, 'HARD_NONLINEAR': 7}
[1294] order5big_10350: THEOREM (60.2s)  running={'THEOREM': 487, 'LINEAR': 765, 'SOLVED_FMB': 35, 'HARD_NONLINEAR': 7}
[1295] order5big_10358: THEOREM (60.2s)  running={'THEOREM': 488, 'LINEAR': 765, 'SOLVED_FMB': 35, 'HARD_NONLINEAR': 7}
[1296] order5big_10366: THEOREM (60.2s)  running={'THEOREM': 489, 'LINEAR': 765, 'SOLVED_FMB': 35, 'HARD_NONLINEAR': 7}
[1297] order5big_10374: THEOREM (60.2s)  running={'THEOREM': 490, 'LINEAR': 765, 'SOLVED_FMB': 35, 'HARD_NONLINEAR': 7}
[1298] order5big_10382: LINEAR (0.0s)  running={'THEOREM': 490, 'LINEAR': 766, 'SOLVED_FMB': 35, 'HARD_NONLINEAR': 7}
[1299] order5big_10390: LINEAR (0.0s)  running={'THEOREM': 490, 'LINEAR': 767, 'SOLVED_FMB': 35, 'HARD_NONLINEAR': 7}
[1300] order5big_10398: LINEAR (0.0s)  running={'THEOREM': 490, 'LINEAR': 768, 'SOLVED_FMB': 35, 'HARD_NONLINEAR': 7}
[1301] order5big_10406: LINEAR (0.0s)  running={'THEOREM': 490, 'LINEAR': 769, 'SOLVED_FMB': 35, 'HARD_NONLINEAR': 7}
[1302] order5big_10414: LINEAR (0.0s)  running={'THEOREM': 490, 'LINEAR': 770, 'SOLVED_FMB': 35, 'HARD_NONLINEAR': 7}
[1303] order5big_10422: LINEAR (0.0s)  running={'THEOREM': 490, 'LINEAR': 771, 'SOLVED_FMB': 35, 'HARD_NONLINEAR': 7}
[1304] order5big_10430: THEOREM (60.2s)  running={'THEOREM': 491, 'LINEAR': 771, 'SOLVED_FMB': 35, 'HARD_NONLINEAR': 7}
[1305] order5big_10438: LINEAR (0.0s)  running={'THEOREM': 491, 'LINEAR': 772, 'SOLVED_FMB': 35, 'HARD_NONLINEAR': 7}
[1306] order5big_10446: LINEAR (0.0s)  running={'THEOREM': 491, 'LINEAR': 773, 'SOLVED_FMB': 35, 'HARD_NONLINEAR': 7}
[1307] order5big_10454: LINEAR (0.0s)  running={'THEOREM': 491, 'LINEAR': 774, 'SOLVED_FMB': 35, 'HARD_NONLINEAR': 7}
[1308] order5big_10462: THEOREM (60.2s)  running={'THEOREM': 492, 'LINEAR': 774, 'SOLVED_FMB': 35, 'HARD_NONLINEAR': 7}
[1309] order5big_10470: THEOREM (60.2s)  running={'THEOREM': 493, 'LINEAR': 774, 'SOLVED_FMB': 35, 'HARD_NONLINEAR': 7}
[1310] order5big_10478: THEOREM (60.3s)  running={'THEOREM': 494, 'LINEAR': 774, 'SOLVED_FMB': 35, 'HARD_NONLINEAR': 7}
[1311] order5big_10486: LINEAR (0.0s)  running={'THEOREM': 494, 'LINEAR': 775, 'SOLVED_FMB': 35, 'HARD_NONLINEAR': 7}
[1312] order5big_10494: LINEAR (0.0s)  running={'THEOREM': 494, 'LINEAR': 776, 'SOLVED_FMB': 35, 'HARD_NONLINEAR': 7}
[1313] order5big_10502: SOLVED_FMB (1.1s)  running={'THEOREM': 494, 'LINEAR': 776, 'SOLVED_FMB': 36, 'HARD_NONLINEAR': 7}
[1314] order5big_10510: LINEAR (0.0s)  running={'THEOREM': 494, 'LINEAR': 777, 'SOLVED_FMB': 36, 'HARD_NONLINEAR': 7}
[1315] order5big_10518: THEOREM (60.1s)  running={'THEOREM': 495, 'LINEAR': 777, 'SOLVED_FMB': 36, 'HARD_NONLINEAR': 7}
[1316] order5big_10526: LINEAR (0.0s)  running={'THEOREM': 495, 'LINEAR': 778, 'SOLVED_FMB': 36, 'HARD_NONLINEAR': 7}
[1317] order5big_10534: THEOREM (60.2s)  running={'THEOREM': 496, 'LINEAR': 778, 'SOLVED_FMB': 36, 'HARD_NONLINEAR': 7}
[1318] order5big_10542: LINEAR (0.0s)  running={'THEOREM': 496, 'LINEAR': 779, 'SOLVED_FMB': 36, 'HARD_NONLINEAR': 7}
[1319] order5big_10550: THEOREM (60.3s)  running={'THEOREM': 497, 'LINEAR': 779, 'SOLVED_FMB': 36, 'HARD_NONLINEAR': 7}
[1320] order5big_10558: LINEAR (0.0s)  running={'THEOREM': 497, 'LINEAR': 780, 'SOLVED_FMB': 36, 'HARD_NONLINEAR': 7}
[1321] order5big_10566: THEOREM (60.2s)  running={'THEOREM': 498, 'LINEAR': 780, 'SOLVED_FMB': 36, 'HARD_NONLINEAR': 7}
[1322] order5big_10574: LINEAR (0.0s)  running={'THEOREM': 498, 'LINEAR': 781, 'SOLVED_FMB': 36, 'HARD_NONLINEAR': 7}
[1323] order5big_10582: LINEAR (0.0s)  running={'THEOREM': 498, 'LINEAR': 782, 'SOLVED_FMB': 36, 'HARD_NONLINEAR': 7}
[1324] order5big_10590: SOLVED_FMB (1.5s)  running={'THEOREM': 498, 'LINEAR': 782, 'SOLVED_FMB': 37, 'HARD_NONLINEAR': 7}
[1325] order5big_10598: LINEAR (0.0s)  running={'THEOREM': 498, 'LINEAR': 783, 'SOLVED_FMB': 37, 'HARD_NONLINEAR': 7}
[1326] order5big_10606: THEOREM (60.2s)  running={'THEOREM': 499, 'LINEAR': 783, 'SOLVED_FMB': 37, 'HARD_NONLINEAR': 7}
[1327] order5big_10614: THEOREM (60.4s)  running={'THEOREM': 500, 'LINEAR': 783, 'SOLVED_FMB': 37, 'HARD_NONLINEAR': 7}
[1328] order5big_10622: LINEAR (0.0s)  running={'THEOREM': 500, 'LINEAR': 784, 'SOLVED_FMB': 37, 'HARD_NONLINEAR': 7}
[1329] order5big_10630: LINEAR (0.0s)  running={'THEOREM': 500, 'LINEAR': 785, 'SOLVED_FMB': 37, 'HARD_NONLINEAR': 7}
[1330] order5big_10638: LINEAR (0.0s)  running={'THEOREM': 500, 'LINEAR': 786, 'SOLVED_FMB': 37, 'HARD_NONLINEAR': 7}
[1331] order5big_10646: LINEAR (0.0s)  running={'THEOREM': 500, 'LINEAR': 787, 'SOLVED_FMB': 37, 'HARD_NONLINEAR': 7}
[1332] order5big_10654: THEOREM (60.2s)  running={'THEOREM': 501, 'LINEAR': 787, 'SOLVED_FMB': 37, 'HARD_NONLINEAR': 7}
[1333] order5big_10662: LINEAR (0.0s)  running={'THEOREM': 501, 'LINEAR': 788, 'SOLVED_FMB': 37, 'HARD_NONLINEAR': 7}
[1334] order5big_10670: THEOREM (60.4s)  running={'THEOREM': 502, 'LINEAR': 788, 'SOLVED_FMB': 37, 'HARD_NONLINEAR': 7}
[1335] order5big_10678: SOLVED_FMB (1.1s)  running={'THEOREM': 502, 'LINEAR': 788, 'SOLVED_FMB': 38, 'HARD_NONLINEAR': 7}
[1336] order5big_10686: THEOREM (60.2s)  running={'THEOREM': 503, 'LINEAR': 788, 'SOLVED_FMB': 38, 'HARD_NONLINEAR': 7}
[1337] order5big_10694: LINEAR (0.0s)  running={'THEOREM': 503, 'LINEAR': 789, 'SOLVED_FMB': 38, 'HARD_NONLINEAR': 7}
[1338] order5big_10702: LINEAR (0.0s)  running={'THEOREM': 503, 'LINEAR': 790, 'SOLVED_FMB': 38, 'HARD_NONLINEAR': 7}
[1339] order5big_10710: LINEAR (0.0s)  running={'THEOREM': 503, 'LINEAR': 791, 'SOLVED_FMB': 38, 'HARD_NONLINEAR': 7}
[1340] order5big_10718: LINEAR (0.0s)  running={'THEOREM': 503, 'LINEAR': 792, 'SOLVED_FMB': 38, 'HARD_NONLINEAR': 7}
[1341] order5big_10726: THEOREM (60.2s)  running={'THEOREM': 504, 'LINEAR': 792, 'SOLVED_FMB': 38, 'HARD_NONLINEAR': 7}
[1342] order5big_10734: LINEAR (0.0s)  running={'THEOREM': 504, 'LINEAR': 793, 'SOLVED_FMB': 38, 'HARD_NONLINEAR': 7}
[1343] order5big_10742: THEOREM (60.6s)  running={'THEOREM': 505, 'LINEAR': 793, 'SOLVED_FMB': 38, 'HARD_NONLINEAR': 7}
[1344] order5big_10750: THEOREM (60.2s)  running={'THEOREM': 506, 'LINEAR': 793, 'SOLVED_FMB': 38, 'HARD_NONLINEAR': 7}
[1345] order5big_10758: SOLVED_FMB (12.5s)  running={'THEOREM': 506, 'LINEAR': 793, 'SOLVED_FMB': 39, 'HARD_NONLINEAR': 7}
[1346] order5big_10766: LINEAR (0.0s)  running={'THEOREM': 506, 'LINEAR': 794, 'SOLVED_FMB': 39, 'HARD_NONLINEAR': 7}
[1347] order5big_10774: SOLVED_FMB (0.1s)  running={'THEOREM': 506, 'LINEAR': 794, 'SOLVED_FMB': 40, 'HARD_NONLINEAR': 7}
[1348] order5big_10782: THEOREM (60.6s)  running={'THEOREM': 507, 'LINEAR': 794, 'SOLVED_FMB': 40, 'HARD_NONLINEAR': 7}
[1349] order5big_10790: LINEAR (0.0s)  running={'THEOREM': 507, 'LINEAR': 795, 'SOLVED_FMB': 40, 'HARD_NONLINEAR': 7}
[1350] order5big_10798: LINEAR (0.0s)  running={'THEOREM': 507, 'LINEAR': 796, 'SOLVED_FMB': 40, 'HARD_NONLINEAR': 7}
[1351] order5big_10806: THEOREM (60.2s)  running={'THEOREM': 508, 'LINEAR': 796, 'SOLVED_FMB': 40, 'HARD_NONLINEAR': 7}
[1352] order5big_10814: THEOREM (60.2s)  running={'THEOREM': 509, 'LINEAR': 796, 'SOLVED_FMB': 40, 'HARD_NONLINEAR': 7}
[1353] order5big_10822: LINEAR (0.0s)  running={'THEOREM': 509, 'LINEAR': 797, 'SOLVED_FMB': 40, 'HARD_NONLINEAR': 7}
[1354] order5big_10830: LINEAR (0.0s)  running={'THEOREM': 509, 'LINEAR': 798, 'SOLVED_FMB': 40, 'HARD_NONLINEAR': 7}
[1355] order5big_10838: THEOREM (60.2s)  running={'THEOREM': 510, 'LINEAR': 798, 'SOLVED_FMB': 40, 'HARD_NONLINEAR': 7}
[1356] order5big_10846: LINEAR (0.0s)  running={'THEOREM': 510, 'LINEAR': 799, 'SOLVED_FMB': 40, 'HARD_NONLINEAR': 7}
[1357] order5big_10854: LINEAR (0.0s)  running={'THEOREM': 510, 'LINEAR': 800, 'SOLVED_FMB': 40, 'HARD_NONLINEAR': 7}
[1358] order5big_10862: LINEAR (0.0s)  running={'THEOREM': 510, 'LINEAR': 801, 'SOLVED_FMB': 40, 'HARD_NONLINEAR': 7}
[1359] order5big_10870: THEOREM (60.4s)  running={'THEOREM': 511, 'LINEAR': 801, 'SOLVED_FMB': 40, 'HARD_NONLINEAR': 7}
[1360] order5big_10878: LINEAR (0.0s)  running={'THEOREM': 511, 'LINEAR': 802, 'SOLVED_FMB': 40, 'HARD_NONLINEAR': 7}
[1361] order5big_10886: LINEAR (0.0s)  running={'THEOREM': 511, 'LINEAR': 803, 'SOLVED_FMB': 40, 'HARD_NONLINEAR': 7}
[1362] order5big_10894: LINEAR (0.0s)  running={'THEOREM': 511, 'LINEAR': 804, 'SOLVED_FMB': 40, 'HARD_NONLINEAR': 7}
[1363] order5big_10902: THEOREM (60.7s)  running={'THEOREM': 512, 'LINEAR': 804, 'SOLVED_FMB': 40, 'HARD_NONLINEAR': 7}
[1364] order5big_10910: THEOREM (72.1s)  running={'THEOREM': 513, 'LINEAR': 804, 'SOLVED_FMB': 40, 'HARD_NONLINEAR': 7}
[1365] order5big_10918: THEOREM (60.2s)  running={'THEOREM': 514, 'LINEAR': 804, 'SOLVED_FMB': 40, 'HARD_NONLINEAR': 7}
[1366] order5big_10926: SOLVED_FMB (0.2s)  running={'THEOREM': 514, 'LINEAR': 804, 'SOLVED_FMB': 41, 'HARD_NONLINEAR': 7}
[1367] order5big_10934: LINEAR (0.0s)  running={'THEOREM': 514, 'LINEAR': 805, 'SOLVED_FMB': 41, 'HARD_NONLINEAR': 7}
[1368] order5big_10942: LINEAR (0.0s)  running={'THEOREM': 514, 'LINEAR': 806, 'SOLVED_FMB': 41, 'HARD_NONLINEAR': 7}
[1369] order5big_10950: SOLVED_FMB (1.5s)  running={'THEOREM': 514, 'LINEAR': 806, 'SOLVED_FMB': 42, 'HARD_NONLINEAR': 7}
[1370] order5big_10958: THEOREM (60.2s)  running={'THEOREM': 515, 'LINEAR': 806, 'SOLVED_FMB': 42, 'HARD_NONLINEAR': 7}
[1371] order5big_10966: LINEAR (0.0s)  running={'THEOREM': 515, 'LINEAR': 807, 'SOLVED_FMB': 42, 'HARD_NONLINEAR': 7}
[1372] order5big_10974: LINEAR (0.0s)  running={'THEOREM': 515, 'LINEAR': 808, 'SOLVED_FMB': 42, 'HARD_NONLINEAR': 7}
[1373] order5big_10982: LINEAR (0.0s)  running={'THEOREM': 515, 'LINEAR': 809, 'SOLVED_FMB': 42, 'HARD_NONLINEAR': 7}
[1374] order5big_10990: LINEAR (0.0s)  running={'THEOREM': 515, 'LINEAR': 810, 'SOLVED_FMB': 42, 'HARD_NONLINEAR': 7}
[1375] order5big_10998: LINEAR (0.0s)  running={'THEOREM': 515, 'LINEAR': 811, 'SOLVED_FMB': 42, 'HARD_NONLINEAR': 7}
[1376] order5big_11006: THEOREM (61.2s)  running={'THEOREM': 516, 'LINEAR': 811, 'SOLVED_FMB': 42, 'HARD_NONLINEAR': 7}
[1377] order5big_11014: THEOREM (60.4s)  running={'THEOREM': 517, 'LINEAR': 811, 'SOLVED_FMB': 42, 'HARD_NONLINEAR': 7}
[1378] order5big_11022: THEOREM (61.2s)  running={'THEOREM': 518, 'LINEAR': 811, 'SOLVED_FMB': 42, 'HARD_NONLINEAR': 7}
[1379] order5big_11030: THEOREM (60.2s)  running={'THEOREM': 519, 'LINEAR': 811, 'SOLVED_FMB': 42, 'HARD_NONLINEAR': 7}
[1380] order5big_11038: LINEAR (0.0s)  running={'THEOREM': 519, 'LINEAR': 812, 'SOLVED_FMB': 42, 'HARD_NONLINEAR': 7}
[1381] order5big_11046: LINEAR (0.0s)  running={'THEOREM': 519, 'LINEAR': 813, 'SOLVED_FMB': 42, 'HARD_NONLINEAR': 7}
[1382] order5big_11054: LINEAR (0.0s)  running={'THEOREM': 519, 'LINEAR': 814, 'SOLVED_FMB': 42, 'HARD_NONLINEAR': 7}
[1383] order5big_11062: LINEAR (0.0s)  running={'THEOREM': 519, 'LINEAR': 815, 'SOLVED_FMB': 42, 'HARD_NONLINEAR': 7}
[1384] order5big_11070: THEOREM (60.7s)  running={'THEOREM': 520, 'LINEAR': 815, 'SOLVED_FMB': 42, 'HARD_NONLINEAR': 7}
[1385] order5big_11078: LINEAR (0.0s)  running={'THEOREM': 520, 'LINEAR': 816, 'SOLVED_FMB': 42, 'HARD_NONLINEAR': 7}
[1386] order5big_11086: THEOREM (199.0s)  running={'THEOREM': 521, 'LINEAR': 816, 'SOLVED_FMB': 42, 'HARD_NONLINEAR': 7}
[1387] order5big_11094: LINEAR (0.0s)  running={'THEOREM': 521, 'LINEAR': 817, 'SOLVED_FMB': 42, 'HARD_NONLINEAR': 7}
[1388] order5big_11102: LINEAR (0.0s)  running={'THEOREM': 521, 'LINEAR': 818, 'SOLVED_FMB': 42, 'HARD_NONLINEAR': 7}
[1389] order5big_11110: LINEAR (0.0s)  running={'THEOREM': 521, 'LINEAR': 819, 'SOLVED_FMB': 42, 'HARD_NONLINEAR': 7}
[1390] order5big_11118: THEOREM (18.6s)  running={'THEOREM': 522, 'LINEAR': 819, 'SOLVED_FMB': 42, 'HARD_NONLINEAR': 7}
[1391] order5big_11126: LINEAR (0.0s)  running={'THEOREM': 522, 'LINEAR': 820, 'SOLVED_FMB': 42, 'HARD_NONLINEAR': 7}
[1392] order5big_11134: LINEAR (0.0s)  running={'THEOREM': 522, 'LINEAR': 821, 'SOLVED_FMB': 42, 'HARD_NONLINEAR': 7}
[1393] order5big_11142: THEOREM (62.4s)  running={'THEOREM': 523, 'LINEAR': 821, 'SOLVED_FMB': 42, 'HARD_NONLINEAR': 7}
[1394] order5big_11150: THEOREM (60.7s)  running={'THEOREM': 524, 'LINEAR': 821, 'SOLVED_FMB': 42, 'HARD_NONLINEAR': 7}
[1395] order5big_11158: LINEAR (0.0s)  running={'THEOREM': 524, 'LINEAR': 822, 'SOLVED_FMB': 42, 'HARD_NONLINEAR': 7}
[1396] order5big_11166: LINEAR (0.0s)  running={'THEOREM': 524, 'LINEAR': 823, 'SOLVED_FMB': 42, 'HARD_NONLINEAR': 7}
[1397] order5big_11174: THEOREM (60.2s)  running={'THEOREM': 525, 'LINEAR': 823, 'SOLVED_FMB': 42, 'HARD_NONLINEAR': 7}
[1398] order5big_11182: LINEAR (0.0s)  running={'THEOREM': 525, 'LINEAR': 824, 'SOLVED_FMB': 42, 'HARD_NONLINEAR': 7}
[1399] order5big_11190: LINEAR (0.0s)  running={'THEOREM': 525, 'LINEAR': 825, 'SOLVED_FMB': 42, 'HARD_NONLINEAR': 7}
[1400] order5big_11198: THEOREM (60.2s)  running={'THEOREM': 526, 'LINEAR': 825, 'SOLVED_FMB': 42, 'HARD_NONLINEAR': 7}
[1401] order5big_11206: THEOREM (60.2s)  running={'THEOREM': 527, 'LINEAR': 825, 'SOLVED_FMB': 42, 'HARD_NONLINEAR': 7}
[1402] order5big_11214: THEOREM (60.2s)  running={'THEOREM': 528, 'LINEAR': 825, 'SOLVED_FMB': 42, 'HARD_NONLINEAR': 7}
[1403] order5big_11222: THEOREM (60.6s)  running={'THEOREM': 529, 'LINEAR': 825, 'SOLVED_FMB': 42, 'HARD_NONLINEAR': 7}
[1404] order5big_11230: LINEAR (0.0s)  running={'THEOREM': 529, 'LINEAR': 826, 'SOLVED_FMB': 42, 'HARD_NONLINEAR': 7}
[1405] order5big_11238: LINEAR (0.0s)  running={'THEOREM': 529, 'LINEAR': 827, 'SOLVED_FMB': 42, 'HARD_NONLINEAR': 7}
[1406] order5big_11246: LINEAR (0.0s)  running={'THEOREM': 529, 'LINEAR': 828, 'SOLVED_FMB': 42, 'HARD_NONLINEAR': 7}
[1407] order5big_11254: LINEAR (0.0s)  running={'THEOREM': 529, 'LINEAR': 829, 'SOLVED_FMB': 42, 'HARD_NONLINEAR': 7}
[1408] order5big_11262: THEOREM (60.2s)  running={'THEOREM': 530, 'LINEAR': 829, 'SOLVED_FMB': 42, 'HARD_NONLINEAR': 7}
[1409] order5big_11270: LINEAR (0.0s)  running={'THEOREM': 530, 'LINEAR': 830, 'SOLVED_FMB': 42, 'HARD_NONLINEAR': 7}
[1410] order5big_11278: THEOREM (60.2s)  running={'THEOREM': 531, 'LINEAR': 830, 'SOLVED_FMB': 42, 'HARD_NONLINEAR': 7}
[1411] order5big_11286: THEOREM (60.2s)  running={'THEOREM': 532, 'LINEAR': 830, 'SOLVED_FMB': 42, 'HARD_NONLINEAR': 7}
[1412] order5big_11294: LINEAR (0.0s)  running={'THEOREM': 532, 'LINEAR': 831, 'SOLVED_FMB': 42, 'HARD_NONLINEAR': 7}
[1413] order5big_11302: THEOREM (199.9s)  running={'THEOREM': 533, 'LINEAR': 831, 'SOLVED_FMB': 42, 'HARD_NONLINEAR': 7}
[1414] order5big_11310: THEOREM (60.3s)  running={'THEOREM': 534, 'LINEAR': 831, 'SOLVED_FMB': 42, 'HARD_NONLINEAR': 7}
[1415] order5big_11318: THEOREM (2.3s)  running={'THEOREM': 535, 'LINEAR': 831, 'SOLVED_FMB': 42, 'HARD_NONLINEAR': 7}
[1416] order5big_11326: THEOREM (60.3s)  running={'THEOREM': 536, 'LINEAR': 831, 'SOLVED_FMB': 42, 'HARD_NONLINEAR': 7}
[1417] order5big_11334: SOLVED_FMB (0.3s)  running={'THEOREM': 536, 'LINEAR': 831, 'SOLVED_FMB': 43, 'HARD_NONLINEAR': 7}
[1418] order5big_11342: LINEAR (0.0s)  running={'THEOREM': 536, 'LINEAR': 832, 'SOLVED_FMB': 43, 'HARD_NONLINEAR': 7}
[1419] order5big_11350: LINEAR (0.0s)  running={'THEOREM': 536, 'LINEAR': 833, 'SOLVED_FMB': 43, 'HARD_NONLINEAR': 7}
[1420] order5big_11358: LINEAR (0.0s)  running={'THEOREM': 536, 'LINEAR': 834, 'SOLVED_FMB': 43, 'HARD_NONLINEAR': 7}
[1421] order5big_11366: THEOREM (60.4s)  running={'THEOREM': 537, 'LINEAR': 834, 'SOLVED_FMB': 43, 'HARD_NONLINEAR': 7}
[1422] order5big_11374: THEOREM (2.5s)  running={'THEOREM': 538, 'LINEAR': 834, 'SOLVED_FMB': 43, 'HARD_NONLINEAR': 7}
[1423] order5big_11382: LINEAR (0.0s)  running={'THEOREM': 538, 'LINEAR': 835, 'SOLVED_FMB': 43, 'HARD_NONLINEAR': 7}
[1424] order5big_11390: THEOREM (60.2s)  running={'THEOREM': 539, 'LINEAR': 835, 'SOLVED_FMB': 43, 'HARD_NONLINEAR': 7}
[1425] order5big_11398: LINEAR (0.0s)  running={'THEOREM': 539, 'LINEAR': 836, 'SOLVED_FMB': 43, 'HARD_NONLINEAR': 7}
[1426] order5big_11406: THEOREM (60.2s)  running={'THEOREM': 540, 'LINEAR': 836, 'SOLVED_FMB': 43, 'HARD_NONLINEAR': 7}
[1427] order5big_11414: THEOREM (60.4s)  running={'THEOREM': 541, 'LINEAR': 836, 'SOLVED_FMB': 43, 'HARD_NONLINEAR': 7}
[1428] order5big_11422: LINEAR (0.0s)  running={'THEOREM': 541, 'LINEAR': 837, 'SOLVED_FMB': 43, 'HARD_NONLINEAR': 7}
[1429] order5big_11430: LINEAR (0.0s)  running={'THEOREM': 541, 'LINEAR': 838, 'SOLVED_FMB': 43, 'HARD_NONLINEAR': 7}
[1430] order5big_11438: THEOREM (61.3s)  running={'THEOREM': 542, 'LINEAR': 838, 'SOLVED_FMB': 43, 'HARD_NONLINEAR': 7}
[1431] order5big_11446: LINEAR (0.0s)  running={'THEOREM': 542, 'LINEAR': 839, 'SOLVED_FMB': 43, 'HARD_NONLINEAR': 7}
[1432] order5big_11454: THEOREM (60.2s)  running={'THEOREM': 543, 'LINEAR': 839, 'SOLVED_FMB': 43, 'HARD_NONLINEAR': 7}
[1433] order5big_11462: THEOREM (39.5s)  running={'THEOREM': 544, 'LINEAR': 839, 'SOLVED_FMB': 43, 'HARD_NONLINEAR': 7}
[1434] order5big_11470: THEOREM (60.2s)  running={'THEOREM': 545, 'LINEAR': 839, 'SOLVED_FMB': 43, 'HARD_NONLINEAR': 7}
[1435] order5big_11478: LINEAR (0.0s)  running={'THEOREM': 545, 'LINEAR': 840, 'SOLVED_FMB': 43, 'HARD_NONLINEAR': 7}
[1436] order5big_11486: LINEAR (0.0s)  running={'THEOREM': 545, 'LINEAR': 841, 'SOLVED_FMB': 43, 'HARD_NONLINEAR': 7}
[1437] order5big_11494: THEOREM (60.2s)  running={'THEOREM': 546, 'LINEAR': 841, 'SOLVED_FMB': 43, 'HARD_NONLINEAR': 7}
[1438] order5big_11502: LINEAR (0.0s)  running={'THEOREM': 546, 'LINEAR': 842, 'SOLVED_FMB': 43, 'HARD_NONLINEAR': 7}
[1439] order5big_11510: THEOREM (60.2s)  running={'THEOREM': 547, 'LINEAR': 842, 'SOLVED_FMB': 43, 'HARD_NONLINEAR': 7}
[1440] order5big_11518: THEOREM (60.4s)  running={'THEOREM': 548, 'LINEAR': 842, 'SOLVED_FMB': 43, 'HARD_NONLINEAR': 7}
[1441] order5big_11526: LINEAR (0.0s)  running={'THEOREM': 548, 'LINEAR': 843, 'SOLVED_FMB': 43, 'HARD_NONLINEAR': 7}
[1442] order5big_11534: THEOREM (60.4s)  running={'THEOREM': 549, 'LINEAR': 843, 'SOLVED_FMB': 43, 'HARD_NONLINEAR': 7}
[1443] order5big_11542: THEOREM (61.2s)  running={'THEOREM': 550, 'LINEAR': 843, 'SOLVED_FMB': 43, 'HARD_NONLINEAR': 7}
[1444] order5big_11550: LINEAR (0.0s)  running={'THEOREM': 550, 'LINEAR': 844, 'SOLVED_FMB': 43, 'HARD_NONLINEAR': 7}
[1445] order5big_11558: THEOREM (60.4s)  running={'THEOREM': 551, 'LINEAR': 844, 'SOLVED_FMB': 43, 'HARD_NONLINEAR': 7}
[1446] order5big_11566: THEOREM (60.2s)  running={'THEOREM': 552, 'LINEAR': 844, 'SOLVED_FMB': 43, 'HARD_NONLINEAR': 7}
