nohup: ignoring input
[1] order5big_0004: THEOREM (60.1s)  running={'THEOREM': 1}
[2] order5big_0012: LINEAR (0.0s)  running={'THEOREM': 1, 'LINEAR': 1}
[3] order5big_0020: THEOREM (60.6s)  running={'THEOREM': 2, 'LINEAR': 1}
[4] order5big_0028: THEOREM (60.3s)  running={'THEOREM': 3, 'LINEAR': 1}
[5] order5big_0036: LINEAR (0.0s)  running={'THEOREM': 3, 'LINEAR': 2}
[6] order5big_0044: LINEAR (0.0s)  running={'THEOREM': 3, 'LINEAR': 3}
[7] order5big_0052: LINEAR (0.0s)  running={'THEOREM': 3, 'LINEAR': 4}
[8] order5big_0060: THEOREM (60.5s)  running={'THEOREM': 4, 'LINEAR': 4}
[9] order5big_0068: THEOREM (60.2s)  running={'THEOREM': 5, 'LINEAR': 4}
[10] order5big_0076: THEOREM (60.2s)  running={'THEOREM': 6, 'LINEAR': 4}
[11] order5big_0084: THEOREM (60.2s)  running={'THEOREM': 7, 'LINEAR': 4}
[12] order5big_0092: LINEAR (0.0s)  running={'THEOREM': 7, 'LINEAR': 5}
[13] order5big_0100: THEOREM (60.2s)  running={'THEOREM': 8, 'LINEAR': 5}
[14] order5big_0108: LINEAR (0.0s)  running={'THEOREM': 8, 'LINEAR': 6}
[15] order5big_0116: LINEAR (0.0s)  running={'THEOREM': 8, 'LINEAR': 7}
[16] order5big_0124: LINEAR (0.0s)  running={'THEOREM': 8, 'LINEAR': 8}
[17] order5big_0132: THEOREM (60.3s)  running={'THEOREM': 9, 'LINEAR': 8}
[18] order5big_0140: THEOREM (60.2s)  running={'THEOREM': 10, 'LINEAR': 8}
[19] order5big_0148: LINEAR (0.0s)  running={'THEOREM': 10, 'LINEAR': 9}
[20] order5big_0156: LINEAR (0.0s)  running={'THEOREM': 10, 'LINEAR': 10}
[21] order5big_0164: LINEAR (0.0s)  running={'THEOREM': 10, 'LINEAR': 11}
[22] order5big_0172: LINEAR (0.0s)  running={'THEOREM': 10, 'LINEAR': 12}
[23] order5big_0180: THEOREM (60.2s)  running={'THEOREM': 11, 'LINEAR': 12}
[24] order5big_0188: LINEAR (0.0s)  running={'THEOREM': 11, 'LINEAR': 13}
[25] order5big_0196: LINEAR (0.0s)  running={'THEOREM': 11, 'LINEAR': 14}
[26] order5big_0204: LINEAR (0.0s)  running={'THEOREM': 11, 'LINEAR': 15}
[27] order5big_0212: LINEAR (0.0s)  running={'THEOREM': 11, 'LINEAR': 16}
[28] order5big_0220: SOLVED_FMB (11.7s)  running={'THEOREM': 11, 'LINEAR': 16, 'SOLVED_FMB': 1}
[29] order5big_0228: LINEAR (0.0s)  running={'THEOREM': 11, 'LINEAR': 17, 'SOLVED_FMB': 1}
[30] order5big_0236: LINEAR (0.0s)  running={'THEOREM': 11, 'LINEAR': 18, 'SOLVED_FMB': 1}
[31] order5big_0244: LINEAR (0.0s)  running={'THEOREM': 11, 'LINEAR': 19, 'SOLVED_FMB': 1}
[32] order5big_0252: LINEAR (0.0s)  running={'THEOREM': 11, 'LINEAR': 20, 'SOLVED_FMB': 1}
[33] order5big_0260: LINEAR (0.0s)  running={'THEOREM': 11, 'LINEAR': 21, 'SOLVED_FMB': 1}
[34] order5big_0268: LINEAR (0.0s)  running={'THEOREM': 11, 'LINEAR': 22, 'SOLVED_FMB': 1}
[35] order5big_0276: LINEAR (0.0s)  running={'THEOREM': 11, 'LINEAR': 23, 'SOLVED_FMB': 1}
[36] order5big_0284: THEOREM (60.6s)  running={'THEOREM': 12, 'LINEAR': 23, 'SOLVED_FMB': 1}
[37] order5big_0292: THEOREM (60.2s)  running={'THEOREM': 13, 'LINEAR': 23, 'SOLVED_FMB': 1}
[38] order5big_0300: THEOREM (60.4s)  running={'THEOREM': 14, 'LINEAR': 23, 'SOLVED_FMB': 1}
[39] order5big_0308: LINEAR (0.0s)  running={'THEOREM': 14, 'LINEAR': 24, 'SOLVED_FMB': 1}
[40] order5big_0316: THEOREM (60.2s)  running={'THEOREM': 15, 'LINEAR': 24, 'SOLVED_FMB': 1}
[41] order5big_0324: SOLVED_FMB (2.0s)  running={'THEOREM': 15, 'LINEAR': 24, 'SOLVED_FMB': 2}
[42] order5big_0332: LINEAR (0.0s)  running={'THEOREM': 15, 'LINEAR': 25, 'SOLVED_FMB': 2}
[43] order5big_0340: THEOREM (60.2s)  running={'THEOREM': 16, 'LINEAR': 25, 'SOLVED_FMB': 2}
[44] order5big_0348: THEOREM (60.2s)  running={'THEOREM': 17, 'LINEAR': 25, 'SOLVED_FMB': 2}
[45] order5big_0356: LINEAR (0.0s)  running={'THEOREM': 17, 'LINEAR': 26, 'SOLVED_FMB': 2}
[46] order5big_0364: THEOREM (60.6s)  running={'THEOREM': 18, 'LINEAR': 26, 'SOLVED_FMB': 2}
[47] order5big_0372: SOLVED_FMB (140.0s)  running={'THEOREM': 18, 'LINEAR': 26, 'SOLVED_FMB': 3}
[48] order5big_0380: THEOREM (61.1s)  running={'THEOREM': 19, 'LINEAR': 26, 'SOLVED_FMB': 3}
[49] order5big_0388: LINEAR (0.0s)  running={'THEOREM': 19, 'LINEAR': 27, 'SOLVED_FMB': 3}
[50] order5big_0396: THEOREM (60.1s)  running={'THEOREM': 20, 'LINEAR': 27, 'SOLVED_FMB': 3}
[51] order5big_0404: LINEAR (0.0s)  running={'THEOREM': 20, 'LINEAR': 28, 'SOLVED_FMB': 3}
[52] order5big_0412: THEOREM (60.4s)  running={'THEOREM': 21, 'LINEAR': 28, 'SOLVED_FMB': 3}
[53] order5big_0420: THEOREM (60.2s)  running={'THEOREM': 22, 'LINEAR': 28, 'SOLVED_FMB': 3}
[54] order5big_0428: THEOREM (60.1s)  running={'THEOREM': 23, 'LINEAR': 28, 'SOLVED_FMB': 3}
[55] order5big_0436: LINEAR (0.0s)  running={'THEOREM': 23, 'LINEAR': 29, 'SOLVED_FMB': 3}
[56] order5big_0444: LINEAR (0.0s)  running={'THEOREM': 23, 'LINEAR': 30, 'SOLVED_FMB': 3}
[57] order5big_0452: LINEAR (0.0s)  running={'THEOREM': 23, 'LINEAR': 31, 'SOLVED_FMB': 3}
[58] order5big_0460: LINEAR (0.0s)  running={'THEOREM': 23, 'LINEAR': 32, 'SOLVED_FMB': 3}
[59] order5big_0468: LINEAR (0.0s)  running={'THEOREM': 23, 'LINEAR': 33, 'SOLVED_FMB': 3}
[60] order5big_0476: LINEAR (0.0s)  running={'THEOREM': 23, 'LINEAR': 34, 'SOLVED_FMB': 3}
[61] order5big_0484: LINEAR (0.0s)  running={'THEOREM': 23, 'LINEAR': 35, 'SOLVED_FMB': 3}
[62] order5big_0492: THEOREM (35.4s)  running={'THEOREM': 24, 'LINEAR': 35, 'SOLVED_FMB': 3}
[63] order5big_0500: THEOREM (60.2s)  running={'THEOREM': 25, 'LINEAR': 35, 'SOLVED_FMB': 3}
[64] order5big_0508: THEOREM (60.5s)  running={'THEOREM': 26, 'LINEAR': 35, 'SOLVED_FMB': 3}
[65] order5big_0516: LINEAR (0.0s)  running={'THEOREM': 26, 'LINEAR': 36, 'SOLVED_FMB': 3}
[66] order5big_0524: THEOREM (60.2s)  running={'THEOREM': 27, 'LINEAR': 36, 'SOLVED_FMB': 3}
[67] order5big_0532: LINEAR (0.0s)  running={'THEOREM': 27, 'LINEAR': 37, 'SOLVED_FMB': 3}
[68] order5big_0540: LINEAR (0.0s)  running={'THEOREM': 27, 'LINEAR': 38, 'SOLVED_FMB': 3}
[69] order5big_0548: LINEAR (0.0s)  running={'THEOREM': 27, 'LINEAR': 39, 'SOLVED_FMB': 3}
[70] order5big_0556: LINEAR (0.0s)  running={'THEOREM': 27, 'LINEAR': 40, 'SOLVED_FMB': 3}
[71] order5big_0564: LINEAR (0.0s)  running={'THEOREM': 27, 'LINEAR': 41, 'SOLVED_FMB': 3}
[72] order5big_0572: LINEAR (0.0s)  running={'THEOREM': 27, 'LINEAR': 42, 'SOLVED_FMB': 3}
[73] order5big_0580: LINEAR (0.0s)  running={'THEOREM': 27, 'LINEAR': 43, 'SOLVED_FMB': 3}
[74] order5big_0588: SOLVED_FMB (0.1s)  running={'THEOREM': 27, 'LINEAR': 43, 'SOLVED_FMB': 4}
[75] order5big_0596: THEOREM (60.4s)  running={'THEOREM': 28, 'LINEAR': 43, 'SOLVED_FMB': 4}
[76] order5big_0604: LINEAR (0.0s)  running={'THEOREM': 28, 'LINEAR': 44, 'SOLVED_FMB': 4}
[77] order5big_0612: LINEAR (0.0s)  running={'THEOREM': 28, 'LINEAR': 45, 'SOLVED_FMB': 4}
[78] order5big_0620: LINEAR (0.0s)  running={'THEOREM': 28, 'LINEAR': 46, 'SOLVED_FMB': 4}
[79] order5big_0628: THEOREM (60.1s)  running={'THEOREM': 29, 'LINEAR': 46, 'SOLVED_FMB': 4}
[80] order5big_0636: LINEAR (0.0s)  running={'THEOREM': 29, 'LINEAR': 47, 'SOLVED_FMB': 4}
[81] order5big_0644: LINEAR (0.0s)  running={'THEOREM': 29, 'LINEAR': 48, 'SOLVED_FMB': 4}
[82] order5big_0652: LINEAR (0.0s)  running={'THEOREM': 29, 'LINEAR': 49, 'SOLVED_FMB': 4}
[83] order5big_0660: THEOREM (73.0s)  running={'THEOREM': 30, 'LINEAR': 49, 'SOLVED_FMB': 4}
[84] order5big_0668: SOLVED_FMB (4.8s)  running={'THEOREM': 30, 'LINEAR': 49, 'SOLVED_FMB': 5}
[85] order5big_0676: THEOREM (61.3s)  running={'THEOREM': 31, 'LINEAR': 49, 'SOLVED_FMB': 5}
[86] order5big_0684: THEOREM (60.2s)  running={'THEOREM': 32, 'LINEAR': 49, 'SOLVED_FMB': 5}
[87] order5big_0692: LINEAR (0.0s)  running={'THEOREM': 32, 'LINEAR': 50, 'SOLVED_FMB': 5}
[88] order5big_0700: THEOREM (60.2s)  running={'THEOREM': 33, 'LINEAR': 50, 'SOLVED_FMB': 5}
[89] order5big_0708: THEOREM (60.2s)  running={'THEOREM': 34, 'LINEAR': 50, 'SOLVED_FMB': 5}
[90] order5big_0716: LINEAR (0.0s)  running={'THEOREM': 34, 'LINEAR': 51, 'SOLVED_FMB': 5}
[91] order5big_0724: LINEAR (0.0s)  running={'THEOREM': 34, 'LINEAR': 52, 'SOLVED_FMB': 5}
[92] order5big_0732: THEOREM (60.2s)  running={'THEOREM': 35, 'LINEAR': 52, 'SOLVED_FMB': 5}
[93] order5big_0740: LINEAR (0.0s)  running={'THEOREM': 35, 'LINEAR': 53, 'SOLVED_FMB': 5}
[94] order5big_0748: LINEAR (0.0s)  running={'THEOREM': 35, 'LINEAR': 54, 'SOLVED_FMB': 5}
[95] order5big_0756: THEOREM (60.2s)  running={'THEOREM': 36, 'LINEAR': 54, 'SOLVED_FMB': 5}
[96] order5big_0764: LINEAR (0.0s)  running={'THEOREM': 36, 'LINEAR': 55, 'SOLVED_FMB': 5}
[97] order5big_0772: THEOREM (60.3s)  running={'THEOREM': 37, 'LINEAR': 55, 'SOLVED_FMB': 5}
[98] order5big_0780: LINEAR (0.0s)  running={'THEOREM': 37, 'LINEAR': 56, 'SOLVED_FMB': 5}
[99] order5big_0788: LINEAR (0.0s)  running={'THEOREM': 37, 'LINEAR': 57, 'SOLVED_FMB': 5}
[100] order5big_0796: LINEAR (0.0s)  running={'THEOREM': 37, 'LINEAR': 58, 'SOLVED_FMB': 5}
[101] order5big_0804: THEOREM (61.1s)  running={'THEOREM': 38, 'LINEAR': 58, 'SOLVED_FMB': 5}
[102] order5big_0812: LINEAR (0.0s)  running={'THEOREM': 38, 'LINEAR': 59, 'SOLVED_FMB': 5}
[103] order5big_0820: THEOREM (60.4s)  running={'THEOREM': 39, 'LINEAR': 59, 'SOLVED_FMB': 5}
[104] order5big_0828: LINEAR (0.0s)  running={'THEOREM': 39, 'LINEAR': 60, 'SOLVED_FMB': 5}
[105] order5big_0836: THEOREM (60.2s)  running={'THEOREM': 40, 'LINEAR': 60, 'SOLVED_FMB': 5}
[106] order5big_0844: THEOREM (60.6s)  running={'THEOREM': 41, 'LINEAR': 60, 'SOLVED_FMB': 5}
[107] order5big_0852: THEOREM (60.4s)  running={'THEOREM': 42, 'LINEAR': 60, 'SOLVED_FMB': 5}
[108] order5big_0860: THEOREM (60.2s)  running={'THEOREM': 43, 'LINEAR': 60, 'SOLVED_FMB': 5}
[109] order5big_0868: THEOREM (60.2s)  running={'THEOREM': 44, 'LINEAR': 60, 'SOLVED_FMB': 5}
[110] order5big_0876: LINEAR (0.0s)  running={'THEOREM': 44, 'LINEAR': 61, 'SOLVED_FMB': 5}
[111] order5big_0884: LINEAR (0.0s)  running={'THEOREM': 44, 'LINEAR': 62, 'SOLVED_FMB': 5}
[112] order5big_0892: LINEAR (0.0s)  running={'THEOREM': 44, 'LINEAR': 63, 'SOLVED_FMB': 5}
[113] order5big_0900: THEOREM (60.2s)  running={'THEOREM': 45, 'LINEAR': 63, 'SOLVED_FMB': 5}
[114] order5big_0908: LINEAR (0.0s)  running={'THEOREM': 45, 'LINEAR': 64, 'SOLVED_FMB': 5}
[115] order5big_0916: LINEAR (0.0s)  running={'THEOREM': 45, 'LINEAR': 65, 'SOLVED_FMB': 5}
[116] order5big_0924: THEOREM (60.3s)  running={'THEOREM': 46, 'LINEAR': 65, 'SOLVED_FMB': 5}
[117] order5big_0932: THEOREM (60.2s)  running={'THEOREM': 47, 'LINEAR': 65, 'SOLVED_FMB': 5}
[118] order5big_0940: LINEAR (0.0s)  running={'THEOREM': 47, 'LINEAR': 66, 'SOLVED_FMB': 5}
[119] order5big_0948: LINEAR (0.0s)  running={'THEOREM': 47, 'LINEAR': 67, 'SOLVED_FMB': 5}
[120] order5big_0956: LINEAR (0.0s)  running={'THEOREM': 47, 'LINEAR': 68, 'SOLVED_FMB': 5}
[121] order5big_0964: SOLVED_FMB (0.1s)  running={'THEOREM': 47, 'LINEAR': 68, 'SOLVED_FMB': 6}
[122] order5big_0972: LINEAR (0.0s)  running={'THEOREM': 47, 'LINEAR': 69, 'SOLVED_FMB': 6}
[123] order5big_0980: LINEAR (0.0s)  running={'THEOREM': 47, 'LINEAR': 70, 'SOLVED_FMB': 6}
[124] order5big_0988: LINEAR (0.0s)  running={'THEOREM': 47, 'LINEAR': 71, 'SOLVED_FMB': 6}
[125] order5big_0996: THEOREM (60.4s)  running={'THEOREM': 48, 'LINEAR': 71, 'SOLVED_FMB': 6}
[126] order5big_1004: THEOREM (60.2s)  running={'THEOREM': 49, 'LINEAR': 71, 'SOLVED_FMB': 6}
[127] order5big_1012: THEOREM (57.8s)  running={'THEOREM': 50, 'LINEAR': 71, 'SOLVED_FMB': 6}
[128] order5big_1020: LINEAR (0.0s)  running={'THEOREM': 50, 'LINEAR': 72, 'SOLVED_FMB': 6}
[129] order5big_1028: LINEAR (0.0s)  running={'THEOREM': 50, 'LINEAR': 73, 'SOLVED_FMB': 6}
[130] order5big_1036: THEOREM (61.2s)  running={'THEOREM': 51, 'LINEAR': 73, 'SOLVED_FMB': 6}
[131] order5big_1044: LINEAR (0.0s)  running={'THEOREM': 51, 'LINEAR': 74, 'SOLVED_FMB': 6}
[132] order5big_1052: THEOREM (62.1s)  running={'THEOREM': 52, 'LINEAR': 74, 'SOLVED_FMB': 6}
[133] order5big_1060: LINEAR (0.0s)  running={'THEOREM': 52, 'LINEAR': 75, 'SOLVED_FMB': 6}
[134] order5big_1068: THEOREM (60.2s)  running={'THEOREM': 53, 'LINEAR': 75, 'SOLVED_FMB': 6}
[135] order5big_1076: LINEAR (0.0s)  running={'THEOREM': 53, 'LINEAR': 76, 'SOLVED_FMB': 6}
[136] order5big_1084: LINEAR (0.0s)  running={'THEOREM': 53, 'LINEAR': 77, 'SOLVED_FMB': 6}
[137] order5big_1092: THEOREM (60.3s)  running={'THEOREM': 54, 'LINEAR': 77, 'SOLVED_FMB': 6}
[138] order5big_1100: LINEAR (0.0s)  running={'THEOREM': 54, 'LINEAR': 78, 'SOLVED_FMB': 6}
[139] order5big_1108: SOLVED_FMB (12.7s)  running={'THEOREM': 54, 'LINEAR': 78, 'SOLVED_FMB': 7}
[140] order5big_1116: LINEAR (0.0s)  running={'THEOREM': 54, 'LINEAR': 79, 'SOLVED_FMB': 7}
[141] order5big_1124: LINEAR (0.0s)  running={'THEOREM': 54, 'LINEAR': 80, 'SOLVED_FMB': 7}
[142] order5big_1132: THEOREM (60.4s)  running={'THEOREM': 55, 'LINEAR': 80, 'SOLVED_FMB': 7}
[143] order5big_1140: THEOREM (60.2s)  running={'THEOREM': 56, 'LINEAR': 80, 'SOLVED_FMB': 7}
[144] order5big_1148: THEOREM (60.5s)  running={'THEOREM': 57, 'LINEAR': 80, 'SOLVED_FMB': 7}
[145] order5big_1156: LINEAR (0.0s)  running={'THEOREM': 57, 'LINEAR': 81, 'SOLVED_FMB': 7}
[146] order5big_1164: THEOREM (60.2s)  running={'THEOREM': 58, 'LINEAR': 81, 'SOLVED_FMB': 7}
[147] order5big_1172: LINEAR (0.0s)  running={'THEOREM': 58, 'LINEAR': 82, 'SOLVED_FMB': 7}
[148] order5big_1180: LINEAR (0.0s)  running={'THEOREM': 58, 'LINEAR': 83, 'SOLVED_FMB': 7}
[149] order5big_1188: LINEAR (0.0s)  running={'THEOREM': 58, 'LINEAR': 84, 'SOLVED_FMB': 7}
[150] order5big_1196: LINEAR (0.0s)  running={'THEOREM': 58, 'LINEAR': 85, 'SOLVED_FMB': 7}
[151] order5big_1204: LINEAR (0.0s)  running={'THEOREM': 58, 'LINEAR': 86, 'SOLVED_FMB': 7}
[152] order5big_1212: THEOREM (60.2s)  running={'THEOREM': 59, 'LINEAR': 86, 'SOLVED_FMB': 7}
[153] order5big_1220: LINEAR (0.0s)  running={'THEOREM': 59, 'LINEAR': 87, 'SOLVED_FMB': 7}
[154] order5big_1228: LINEAR (0.2s)  running={'THEOREM': 59, 'LINEAR': 88, 'SOLVED_FMB': 7}
[155] order5big_1236: LINEAR (0.0s)  running={'THEOREM': 59, 'LINEAR': 89, 'SOLVED_FMB': 7}
[156] order5big_1244: LINEAR (0.0s)  running={'THEOREM': 59, 'LINEAR': 90, 'SOLVED_FMB': 7}
[157] order5big_1252: LINEAR (0.0s)  running={'THEOREM': 59, 'LINEAR': 91, 'SOLVED_FMB': 7}
[158] order5big_1260: THEOREM (60.2s)  running={'THEOREM': 60, 'LINEAR': 91, 'SOLVED_FMB': 7}
[159] order5big_1268: LINEAR (0.0s)  running={'THEOREM': 60, 'LINEAR': 92, 'SOLVED_FMB': 7}
[160] order5big_1276: LINEAR (0.0s)  running={'THEOREM': 60, 'LINEAR': 93, 'SOLVED_FMB': 7}
[161] order5big_1284: LINEAR (0.0s)  running={'THEOREM': 60, 'LINEAR': 94, 'SOLVED_FMB': 7}
[162] order5big_1292: LINEAR (0.0s)  running={'THEOREM': 60, 'LINEAR': 95, 'SOLVED_FMB': 7}
[163] order5big_1300: LINEAR (0.0s)  running={'THEOREM': 60, 'LINEAR': 96, 'SOLVED_FMB': 7}
[164] order5big_1308: LINEAR (0.0s)  running={'THEOREM': 60, 'LINEAR': 97, 'SOLVED_FMB': 7}
[165] order5big_1316: LINEAR (0.0s)  running={'THEOREM': 60, 'LINEAR': 98, 'SOLVED_FMB': 7}
[166] order5big_1324: THEOREM (60.2s)  running={'THEOREM': 61, 'LINEAR': 98, 'SOLVED_FMB': 7}
[167] order5big_1332: THEOREM (60.2s)  running={'THEOREM': 62, 'LINEAR': 98, 'SOLVED_FMB': 7}
[168] order5big_1340: LINEAR (0.0s)  running={'THEOREM': 62, 'LINEAR': 99, 'SOLVED_FMB': 7}
[169] order5big_1348: LINEAR (0.0s)  running={'THEOREM': 62, 'LINEAR': 100, 'SOLVED_FMB': 7}
[170] order5big_1356: LINEAR (0.0s)  running={'THEOREM': 62, 'LINEAR': 101, 'SOLVED_FMB': 7}
[171] order5big_1364: THEOREM (60.2s)  running={'THEOREM': 63, 'LINEAR': 101, 'SOLVED_FMB': 7}
[172] order5big_1372: LINEAR (0.0s)  running={'THEOREM': 63, 'LINEAR': 102, 'SOLVED_FMB': 7}
[173] order5big_1380: LINEAR (0.0s)  running={'THEOREM': 63, 'LINEAR': 103, 'SOLVED_FMB': 7}
[174] order5big_1388: LINEAR (0.0s)  running={'THEOREM': 63, 'LINEAR': 104, 'SOLVED_FMB': 7}
[175] order5big_1396: LINEAR (0.0s)  running={'THEOREM': 63, 'LINEAR': 105, 'SOLVED_FMB': 7}
[176] order5big_1404: LINEAR (0.0s)  running={'THEOREM': 63, 'LINEAR': 106, 'SOLVED_FMB': 7}
[177] order5big_1412: LINEAR (0.0s)  running={'THEOREM': 63, 'LINEAR': 107, 'SOLVED_FMB': 7}
[178] order5big_1420: LINEAR (0.0s)  running={'THEOREM': 63, 'LINEAR': 108, 'SOLVED_FMB': 7}
[179] order5big_1428: LINEAR (0.0s)  running={'THEOREM': 63, 'LINEAR': 109, 'SOLVED_FMB': 7}
[180] order5big_1436: LINEAR (0.0s)  running={'THEOREM': 63, 'LINEAR': 110, 'SOLVED_FMB': 7}
[181] order5big_1444: LINEAR (0.0s)  running={'THEOREM': 63, 'LINEAR': 111, 'SOLVED_FMB': 7}
[182] order5big_1452: LINEAR (0.0s)  running={'THEOREM': 63, 'LINEAR': 112, 'SOLVED_FMB': 7}
[183] order5big_1460: LINEAR (0.0s)  running={'THEOREM': 63, 'LINEAR': 113, 'SOLVED_FMB': 7}
[184] order5big_1468: THEOREM (60.2s)  running={'THEOREM': 64, 'LINEAR': 113, 'SOLVED_FMB': 7}
[185] order5big_1476: LINEAR (0.0s)  running={'THEOREM': 64, 'LINEAR': 114, 'SOLVED_FMB': 7}
[186] order5big_1484: THEOREM (60.2s)  running={'THEOREM': 65, 'LINEAR': 114, 'SOLVED_FMB': 7}
[187] order5big_1492: LINEAR (0.0s)  running={'THEOREM': 65, 'LINEAR': 115, 'SOLVED_FMB': 7}
[188] order5big_1500: LINEAR (0.0s)  running={'THEOREM': 65, 'LINEAR': 116, 'SOLVED_FMB': 7}
[189] order5big_1508: LINEAR (0.0s)  running={'THEOREM': 65, 'LINEAR': 117, 'SOLVED_FMB': 7}
[190] order5big_1516: LINEAR (0.0s)  running={'THEOREM': 65, 'LINEAR': 118, 'SOLVED_FMB': 7}
[191] order5big_1524: LINEAR (0.0s)  running={'THEOREM': 65, 'LINEAR': 119, 'SOLVED_FMB': 7}
[192] order5big_1532: LINEAR (0.0s)  running={'THEOREM': 65, 'LINEAR': 120, 'SOLVED_FMB': 7}
[193] order5big_1540: THEOREM (60.2s)  running={'THEOREM': 66, 'LINEAR': 120, 'SOLVED_FMB': 7}
[194] order5big_1548: LINEAR (0.0s)  running={'THEOREM': 66, 'LINEAR': 121, 'SOLVED_FMB': 7}
[195] order5big_1556: THEOREM (60.2s)  running={'THEOREM': 67, 'LINEAR': 121, 'SOLVED_FMB': 7}
[196] order5big_1564: THEOREM (60.2s)  running={'THEOREM': 68, 'LINEAR': 121, 'SOLVED_FMB': 7}
[197] order5big_1572: THEOREM (60.5s)  running={'THEOREM': 69, 'LINEAR': 121, 'SOLVED_FMB': 7}
[198] order5big_1580: THEOREM (60.2s)  running={'THEOREM': 70, 'LINEAR': 121, 'SOLVED_FMB': 7}
[199] order5big_1588: LINEAR (0.0s)  running={'THEOREM': 70, 'LINEAR': 122, 'SOLVED_FMB': 7}
[200] order5big_1596: THEOREM (60.2s)  running={'THEOREM': 71, 'LINEAR': 122, 'SOLVED_FMB': 7}
[201] order5big_1604: THEOREM (60.2s)  running={'THEOREM': 72, 'LINEAR': 122, 'SOLVED_FMB': 7}
[202] order5big_1612: THEOREM (60.5s)  running={'THEOREM': 73, 'LINEAR': 122, 'SOLVED_FMB': 7}
[203] order5big_1620: LINEAR (0.0s)  running={'THEOREM': 73, 'LINEAR': 123, 'SOLVED_FMB': 7}
[204] order5big_1628: LINEAR (0.0s)  running={'THEOREM': 73, 'LINEAR': 124, 'SOLVED_FMB': 7}
[205] order5big_1636: LINEAR (0.0s)  running={'THEOREM': 73, 'LINEAR': 125, 'SOLVED_FMB': 7}
[206] order5big_1644: THEOREM (60.6s)  running={'THEOREM': 74, 'LINEAR': 125, 'SOLVED_FMB': 7}
[207] order5big_1652: THEOREM (60.2s)  running={'THEOREM': 75, 'LINEAR': 125, 'SOLVED_FMB': 7}
[208] order5big_1660: THEOREM (60.2s)  running={'THEOREM': 76, 'LINEAR': 125, 'SOLVED_FMB': 7}
[209] order5big_1668: THEOREM (60.2s)  running={'THEOREM': 77, 'LINEAR': 125, 'SOLVED_FMB': 7}
[210] order5big_1676: LINEAR (0.0s)  running={'THEOREM': 77, 'LINEAR': 126, 'SOLVED_FMB': 7}
[211] order5big_1684: THEOREM (60.2s)  running={'THEOREM': 78, 'LINEAR': 126, 'SOLVED_FMB': 7}
[212] order5big_1692: LINEAR (0.0s)  running={'THEOREM': 78, 'LINEAR': 127, 'SOLVED_FMB': 7}
[213] order5big_1700: LINEAR (0.0s)  running={'THEOREM': 78, 'LINEAR': 128, 'SOLVED_FMB': 7}
[214] order5big_1708: LINEAR (0.0s)  running={'THEOREM': 78, 'LINEAR': 129, 'SOLVED_FMB': 7}
[215] order5big_1716: LINEAR (0.0s)  running={'THEOREM': 78, 'LINEAR': 130, 'SOLVED_FMB': 7}
[216] order5big_1724: THEOREM (60.4s)  running={'THEOREM': 79, 'LINEAR': 130, 'SOLVED_FMB': 7}
[217] order5big_1732: THEOREM (60.2s)  running={'THEOREM': 80, 'LINEAR': 130, 'SOLVED_FMB': 7}
[218] order5big_1740: LINEAR (0.0s)  running={'THEOREM': 80, 'LINEAR': 131, 'SOLVED_FMB': 7}
[219] order5big_1748: THEOREM (60.8s)  running={'THEOREM': 81, 'LINEAR': 131, 'SOLVED_FMB': 7}
[220] order5big_1756: THEOREM (60.1s)  running={'THEOREM': 82, 'LINEAR': 131, 'SOLVED_FMB': 7}
[221] order5big_1764: LINEAR (0.0s)  running={'THEOREM': 82, 'LINEAR': 132, 'SOLVED_FMB': 7}
[222] order5big_1772: SOLVED_FMB (0.2s)  running={'THEOREM': 82, 'LINEAR': 132, 'SOLVED_FMB': 8}
[223] order5big_1780: LINEAR (0.0s)  running={'THEOREM': 82, 'LINEAR': 133, 'SOLVED_FMB': 8}
[224] order5big_1788: THEOREM (60.3s)  running={'THEOREM': 83, 'LINEAR': 133, 'SOLVED_FMB': 8}
[225] order5big_1796: THEOREM (60.5s)  running={'THEOREM': 84, 'LINEAR': 133, 'SOLVED_FMB': 8}
[226] order5big_1804: THEOREM (60.2s)  running={'THEOREM': 85, 'LINEAR': 133, 'SOLVED_FMB': 8}
[227] order5big_1812: LINEAR (0.0s)  running={'THEOREM': 85, 'LINEAR': 134, 'SOLVED_FMB': 8}
[228] order5big_1820: LINEAR (0.0s)  running={'THEOREM': 85, 'LINEAR': 135, 'SOLVED_FMB': 8}
[229] order5big_1828: THEOREM (60.2s)  running={'THEOREM': 86, 'LINEAR': 135, 'SOLVED_FMB': 8}
[230] order5big_1836: THEOREM (60.6s)  running={'THEOREM': 87, 'LINEAR': 135, 'SOLVED_FMB': 8}
[231] order5big_1844: LINEAR (0.0s)  running={'THEOREM': 87, 'LINEAR': 136, 'SOLVED_FMB': 8}
[232] order5big_1852: THEOREM (60.4s)  running={'THEOREM': 88, 'LINEAR': 136, 'SOLVED_FMB': 8}
[233] order5big_1860: LINEAR (0.0s)  running={'THEOREM': 88, 'LINEAR': 137, 'SOLVED_FMB': 8}
[234] order5big_1868: SOLVED_FMB (0.1s)  running={'THEOREM': 88, 'LINEAR': 137, 'SOLVED_FMB': 9}
[235] order5big_1876: LINEAR (0.0s)  running={'THEOREM': 88, 'LINEAR': 138, 'SOLVED_FMB': 9}
[236] order5big_1884: SOLVED_FMB (0.1s)  running={'THEOREM': 88, 'LINEAR': 138, 'SOLVED_FMB': 10}
[237] order5big_1892: LINEAR (0.0s)  running={'THEOREM': 88, 'LINEAR': 139, 'SOLVED_FMB': 10}
[238] order5big_1900: LINEAR (0.0s)  running={'THEOREM': 88, 'LINEAR': 140, 'SOLVED_FMB': 10}
[239] order5big_1908: THEOREM (62.1s)  running={'THEOREM': 89, 'LINEAR': 140, 'SOLVED_FMB': 10}
[240] order5big_1916: LINEAR (0.0s)  running={'THEOREM': 89, 'LINEAR': 141, 'SOLVED_FMB': 10}
[241] order5big_1924: LINEAR (0.0s)  running={'THEOREM': 89, 'LINEAR': 142, 'SOLVED_FMB': 10}
[242] order5big_1932: LINEAR (0.0s)  running={'THEOREM': 89, 'LINEAR': 143, 'SOLVED_FMB': 10}
[243] order5big_1940: LINEAR (0.0s)  running={'THEOREM': 89, 'LINEAR': 144, 'SOLVED_FMB': 10}
[244] order5big_1948: THEOREM (60.2s)  running={'THEOREM': 90, 'LINEAR': 144, 'SOLVED_FMB': 10}
[245] order5big_1956: THEOREM (60.2s)  running={'THEOREM': 91, 'LINEAR': 144, 'SOLVED_FMB': 10}
[246] order5big_1964: LINEAR (0.0s)  running={'THEOREM': 91, 'LINEAR': 145, 'SOLVED_FMB': 10}
[247] order5big_1972: LINEAR (0.0s)  running={'THEOREM': 91, 'LINEAR': 146, 'SOLVED_FMB': 10}
[248] order5big_1980: THEOREM (60.2s)  running={'THEOREM': 92, 'LINEAR': 146, 'SOLVED_FMB': 10}
[249] order5big_1988: LINEAR (0.0s)  running={'THEOREM': 92, 'LINEAR': 147, 'SOLVED_FMB': 10}
[250] order5big_1996: SOLVED_FMB (5.6s)  running={'THEOREM': 92, 'LINEAR': 147, 'SOLVED_FMB': 11}
[251] order5big_2004: THEOREM (60.3s)  running={'THEOREM': 93, 'LINEAR': 147, 'SOLVED_FMB': 11}
[252] order5big_2012: LINEAR (0.0s)  running={'THEOREM': 93, 'LINEAR': 148, 'SOLVED_FMB': 11}
[253] order5big_2020: THEOREM (62.9s)  running={'THEOREM': 94, 'LINEAR': 148, 'SOLVED_FMB': 11}
[254] order5big_2028: THEOREM (60.2s)  running={'THEOREM': 95, 'LINEAR': 148, 'SOLVED_FMB': 11}
[255] order5big_2036: SOLVED_FMB (17.3s)  running={'THEOREM': 95, 'LINEAR': 148, 'SOLVED_FMB': 12}
[256] order5big_2044: THEOREM (73.0s)  running={'THEOREM': 96, 'LINEAR': 148, 'SOLVED_FMB': 12}
[257] order5big_2052: LINEAR (0.0s)  running={'THEOREM': 96, 'LINEAR': 149, 'SOLVED_FMB': 12}
[258] order5big_2060: LINEAR (0.0s)  running={'THEOREM': 96, 'LINEAR': 150, 'SOLVED_FMB': 12}
[259] order5big_2068: THEOREM (60.6s)  running={'THEOREM': 97, 'LINEAR': 150, 'SOLVED_FMB': 12}
[260] order5big_2076: LINEAR (0.0s)  running={'THEOREM': 97, 'LINEAR': 151, 'SOLVED_FMB': 12}
[261] order5big_2084: LINEAR (0.0s)  running={'THEOREM': 97, 'LINEAR': 152, 'SOLVED_FMB': 12}
[262] order5big_2092: LINEAR (0.0s)  running={'THEOREM': 97, 'LINEAR': 153, 'SOLVED_FMB': 12}
[263] order5big_2100: THEOREM (60.2s)  running={'THEOREM': 98, 'LINEAR': 153, 'SOLVED_FMB': 12}
[264] order5big_2108: THEOREM (60.7s)  running={'THEOREM': 99, 'LINEAR': 153, 'SOLVED_FMB': 12}
[265] order5big_2116: THEOREM (60.2s)  running={'THEOREM': 100, 'LINEAR': 153, 'SOLVED_FMB': 12}
[266] order5big_2124: THEOREM (60.6s)  running={'THEOREM': 101, 'LINEAR': 153, 'SOLVED_FMB': 12}
[267] order5big_2132: LINEAR (0.0s)  running={'THEOREM': 101, 'LINEAR': 154, 'SOLVED_FMB': 12}
[268] order5big_2140: THEOREM (60.6s)  running={'THEOREM': 102, 'LINEAR': 154, 'SOLVED_FMB': 12}
[269] order5big_2148: THEOREM (61.2s)  running={'THEOREM': 103, 'LINEAR': 154, 'SOLVED_FMB': 12}
[270] order5big_2156: LINEAR (0.0s)  running={'THEOREM': 103, 'LINEAR': 155, 'SOLVED_FMB': 12}
[271] order5big_2164: THEOREM (60.2s)  running={'THEOREM': 104, 'LINEAR': 155, 'SOLVED_FMB': 12}
[272] order5big_2172: LINEAR (0.0s)  running={'THEOREM': 104, 'LINEAR': 156, 'SOLVED_FMB': 12}
[273] order5big_2180: LINEAR (0.0s)  running={'THEOREM': 104, 'LINEAR': 157, 'SOLVED_FMB': 12}
[274] order5big_2188: LINEAR (0.0s)  running={'THEOREM': 104, 'LINEAR': 158, 'SOLVED_FMB': 12}
[275] order5big_2196: LINEAR (0.0s)  running={'THEOREM': 104, 'LINEAR': 159, 'SOLVED_FMB': 12}
[276] order5big_2204: THEOREM (202.9s)  running={'THEOREM': 105, 'LINEAR': 159, 'SOLVED_FMB': 12}
[277] order5big_2212: THEOREM (60.2s)  running={'THEOREM': 106, 'LINEAR': 159, 'SOLVED_FMB': 12}
[278] order5big_2220: THEOREM (60.4s)  running={'THEOREM': 107, 'LINEAR': 159, 'SOLVED_FMB': 12}
[279] order5big_2228: LINEAR (0.0s)  running={'THEOREM': 107, 'LINEAR': 160, 'SOLVED_FMB': 12}
[280] order5big_2236: LINEAR (0.0s)  running={'THEOREM': 107, 'LINEAR': 161, 'SOLVED_FMB': 12}
[281] order5big_2244: THEOREM (60.2s)  running={'THEOREM': 108, 'LINEAR': 161, 'SOLVED_FMB': 12}
[282] order5big_2252: THEOREM (60.1s)  running={'THEOREM': 109, 'LINEAR': 161, 'SOLVED_FMB': 12}
[283] order5big_2260: THEOREM (72.7s)  running={'THEOREM': 110, 'LINEAR': 161, 'SOLVED_FMB': 12}
[284] order5big_2268: LINEAR (0.0s)  running={'THEOREM': 110, 'LINEAR': 162, 'SOLVED_FMB': 12}
[285] order5big_2276: LINEAR (0.0s)  running={'THEOREM': 110, 'LINEAR': 163, 'SOLVED_FMB': 12}
[286] order5big_2284: LINEAR (0.0s)  running={'THEOREM': 110, 'LINEAR': 164, 'SOLVED_FMB': 12}
[287] order5big_2292: THEOREM (61.3s)  running={'THEOREM': 111, 'LINEAR': 164, 'SOLVED_FMB': 12}
[288] order5big_2300: THEOREM (60.2s)  running={'THEOREM': 112, 'LINEAR': 164, 'SOLVED_FMB': 12}
[289] order5big_2308: LINEAR (0.0s)  running={'THEOREM': 112, 'LINEAR': 165, 'SOLVED_FMB': 12}
[290] order5big_2316: LINEAR (0.0s)  running={'THEOREM': 112, 'LINEAR': 166, 'SOLVED_FMB': 12}
[291] order5big_2324: THEOREM (72.9s)  running={'THEOREM': 113, 'LINEAR': 166, 'SOLVED_FMB': 12}
[292] order5big_2332: THEOREM (60.2s)  running={'THEOREM': 114, 'LINEAR': 166, 'SOLVED_FMB': 12}
[293] order5big_2340: LINEAR (0.0s)  running={'THEOREM': 114, 'LINEAR': 167, 'SOLVED_FMB': 12}
[294] order5big_2348: LINEAR (0.0s)  running={'THEOREM': 114, 'LINEAR': 168, 'SOLVED_FMB': 12}
[295] order5big_2356: THEOREM (60.1s)  running={'THEOREM': 115, 'LINEAR': 168, 'SOLVED_FMB': 12}
[296] order5big_2364: LINEAR (0.0s)  running={'THEOREM': 115, 'LINEAR': 169, 'SOLVED_FMB': 12}
[297] order5big_2372: SOLVED_FMB (0.2s)  running={'THEOREM': 115, 'LINEAR': 169, 'SOLVED_FMB': 13}
[298] order5big_2380: THEOREM (0.3s)  running={'THEOREM': 116, 'LINEAR': 169, 'SOLVED_FMB': 13}
[299] order5big_2388: THEOREM (60.6s)  running={'THEOREM': 117, 'LINEAR': 169, 'SOLVED_FMB': 13}
[300] order5big_2396: THEOREM (60.2s)  running={'THEOREM': 118, 'LINEAR': 169, 'SOLVED_FMB': 13}
[301] order5big_2404: THEOREM (60.5s)  running={'THEOREM': 119, 'LINEAR': 169, 'SOLVED_FMB': 13}
[302] order5big_2412: LINEAR (0.0s)  running={'THEOREM': 119, 'LINEAR': 170, 'SOLVED_FMB': 13}
[303] order5big_2420: THEOREM (60.2s)  running={'THEOREM': 120, 'LINEAR': 170, 'SOLVED_FMB': 13}
[304] order5big_2428: THEOREM (60.2s)  running={'THEOREM': 121, 'LINEAR': 170, 'SOLVED_FMB': 13}
[305] order5big_2436: THEOREM (60.2s)  running={'THEOREM': 122, 'LINEAR': 170, 'SOLVED_FMB': 13}
[306] order5big_2444: THEOREM (60.2s)  running={'THEOREM': 123, 'LINEAR': 170, 'SOLVED_FMB': 13}
[307] order5big_2452: THEOREM (60.2s)  running={'THEOREM': 124, 'LINEAR': 170, 'SOLVED_FMB': 13}
[308] order5big_2460: THEOREM (60.3s)  running={'THEOREM': 125, 'LINEAR': 170, 'SOLVED_FMB': 13}
[309] order5big_2468: LINEAR (0.0s)  running={'THEOREM': 125, 'LINEAR': 171, 'SOLVED_FMB': 13}
[310] order5big_2476: LINEAR (0.0s)  running={'THEOREM': 125, 'LINEAR': 172, 'SOLVED_FMB': 13}
[311] order5big_2484: LINEAR (0.0s)  running={'THEOREM': 125, 'LINEAR': 173, 'SOLVED_FMB': 13}
[312] order5big_2492: LINEAR (0.0s)  running={'THEOREM': 125, 'LINEAR': 174, 'SOLVED_FMB': 13}
[313] order5big_2500: THEOREM (60.3s)  running={'THEOREM': 126, 'LINEAR': 174, 'SOLVED_FMB': 13}
[314] order5big_2508: SOLVED_FMB (9.4s)  running={'THEOREM': 126, 'LINEAR': 174, 'SOLVED_FMB': 14}
[315] order5big_2516: LINEAR (0.0s)  running={'THEOREM': 126, 'LINEAR': 175, 'SOLVED_FMB': 14}
[316] order5big_2524: THEOREM (60.2s)  running={'THEOREM': 127, 'LINEAR': 175, 'SOLVED_FMB': 14}
[317] order5big_2532: THEOREM (60.2s)  running={'THEOREM': 128, 'LINEAR': 175, 'SOLVED_FMB': 14}
[318] order5big_2540: THEOREM (62.8s)  running={'THEOREM': 129, 'LINEAR': 175, 'SOLVED_FMB': 14}
[319] order5big_2548: LINEAR (0.0s)  running={'THEOREM': 129, 'LINEAR': 176, 'SOLVED_FMB': 14}
[320] order5big_2556: LINEAR (0.0s)  running={'THEOREM': 129, 'LINEAR': 177, 'SOLVED_FMB': 14}
[321] order5big_2564: LINEAR (0.0s)  running={'THEOREM': 129, 'LINEAR': 178, 'SOLVED_FMB': 14}
[322] order5big_2572: SOLVED_FMB (1.1s)  running={'THEOREM': 129, 'LINEAR': 178, 'SOLVED_FMB': 15}
[323] order5big_2580: LINEAR (0.0s)  running={'THEOREM': 129, 'LINEAR': 179, 'SOLVED_FMB': 15}
[324] order5big_2588: LINEAR (0.0s)  running={'THEOREM': 129, 'LINEAR': 180, 'SOLVED_FMB': 15}
[325] order5big_2596: LINEAR (0.0s)  running={'THEOREM': 129, 'LINEAR': 181, 'SOLVED_FMB': 15}
[326] order5big_2604: LINEAR (0.0s)  running={'THEOREM': 129, 'LINEAR': 182, 'SOLVED_FMB': 15}
[327] order5big_2612: LINEAR (0.0s)  running={'THEOREM': 129, 'LINEAR': 183, 'SOLVED_FMB': 15}
[328] order5big_2620: THEOREM (60.4s)  running={'THEOREM': 130, 'LINEAR': 183, 'SOLVED_FMB': 15}
[329] order5big_2628: LINEAR (0.0s)  running={'THEOREM': 130, 'LINEAR': 184, 'SOLVED_FMB': 15}
[330] order5big_2636: THEOREM (60.2s)  running={'THEOREM': 131, 'LINEAR': 184, 'SOLVED_FMB': 15}
[331] order5big_2644: LINEAR (0.0s)  running={'THEOREM': 131, 'LINEAR': 185, 'SOLVED_FMB': 15}
[332] order5big_2652: THEOREM (60.2s)  running={'THEOREM': 132, 'LINEAR': 185, 'SOLVED_FMB': 15}
[333] order5big_2660: LINEAR (0.0s)  running={'THEOREM': 132, 'LINEAR': 186, 'SOLVED_FMB': 15}
[334] order5big_2668: LINEAR (0.0s)  running={'THEOREM': 132, 'LINEAR': 187, 'SOLVED_FMB': 15}
[335] order5big_2676: LINEAR (0.0s)  running={'THEOREM': 132, 'LINEAR': 188, 'SOLVED_FMB': 15}
[336] order5big_2684: THEOREM (60.5s)  running={'THEOREM': 133, 'LINEAR': 188, 'SOLVED_FMB': 15}
[337] order5big_2692: THEOREM (1.9s)  running={'THEOREM': 134, 'LINEAR': 188, 'SOLVED_FMB': 15}
[338] order5big_2700: THEOREM (61.2s)  running={'THEOREM': 135, 'LINEAR': 188, 'SOLVED_FMB': 15}
[339] order5big_2708: LINEAR (0.0s)  running={'THEOREM': 135, 'LINEAR': 189, 'SOLVED_FMB': 15}
[340] order5big_2716: LINEAR (0.0s)  running={'THEOREM': 135, 'LINEAR': 190, 'SOLVED_FMB': 15}
[341] order5big_2724: THEOREM (60.2s)  running={'THEOREM': 136, 'LINEAR': 190, 'SOLVED_FMB': 15}
[342] order5big_2732: LINEAR (0.0s)  running={'THEOREM': 136, 'LINEAR': 191, 'SOLVED_FMB': 15}
[343] order5big_2740: LINEAR (0.0s)  running={'THEOREM': 136, 'LINEAR': 192, 'SOLVED_FMB': 15}
[344] order5big_2748: THEOREM (60.2s)  running={'THEOREM': 137, 'LINEAR': 192, 'SOLVED_FMB': 15}
[345] order5big_2756: SOLVED_FMB (0.1s)  running={'THEOREM': 137, 'LINEAR': 192, 'SOLVED_FMB': 16}
[346] order5big_2764: LINEAR (0.0s)  running={'THEOREM': 137, 'LINEAR': 193, 'SOLVED_FMB': 16}
[347] order5big_2772: THEOREM (60.2s)  running={'THEOREM': 138, 'LINEAR': 193, 'SOLVED_FMB': 16}
[348] order5big_2780: LINEAR (0.0s)  running={'THEOREM': 138, 'LINEAR': 194, 'SOLVED_FMB': 16}
[349] order5big_2788: LINEAR (0.0s)  running={'THEOREM': 138, 'LINEAR': 195, 'SOLVED_FMB': 16}
[350] order5big_2796: THEOREM (60.2s)  running={'THEOREM': 139, 'LINEAR': 195, 'SOLVED_FMB': 16}
[351] order5big_2804: LINEAR (0.0s)  running={'THEOREM': 139, 'LINEAR': 196, 'SOLVED_FMB': 16}
[352] order5big_2812: LINEAR (0.0s)  running={'THEOREM': 139, 'LINEAR': 197, 'SOLVED_FMB': 16}
[353] order5big_2820: LINEAR (0.0s)  running={'THEOREM': 139, 'LINEAR': 198, 'SOLVED_FMB': 16}
[354] order5big_2828: LINEAR (0.0s)  running={'THEOREM': 139, 'LINEAR': 199, 'SOLVED_FMB': 16}
[355] order5big_2836: THEOREM (60.4s)  running={'THEOREM': 140, 'LINEAR': 199, 'SOLVED_FMB': 16}
[356] order5big_2844: LINEAR (0.0s)  running={'THEOREM': 140, 'LINEAR': 200, 'SOLVED_FMB': 16}
[357] order5big_2852: SOLVED_FMB (12.3s)  running={'THEOREM': 140, 'LINEAR': 200, 'SOLVED_FMB': 17}
[358] order5big_2860: THEOREM (60.2s)  running={'THEOREM': 141, 'LINEAR': 200, 'SOLVED_FMB': 17}
[359] order5big_2868: THEOREM (60.2s)  running={'THEOREM': 142, 'LINEAR': 200, 'SOLVED_FMB': 17}
[360] order5big_2876: THEOREM (60.2s)  running={'THEOREM': 143, 'LINEAR': 200, 'SOLVED_FMB': 17}
[361] order5big_2884: LINEAR (0.0s)  running={'THEOREM': 143, 'LINEAR': 201, 'SOLVED_FMB': 17}
[362] order5big_2892: THEOREM (60.2s)  running={'THEOREM': 144, 'LINEAR': 201, 'SOLVED_FMB': 17}
[363] order5big_2900: LINEAR (0.0s)  running={'THEOREM': 144, 'LINEAR': 202, 'SOLVED_FMB': 17}
[364] order5big_2908: LINEAR (0.0s)  running={'THEOREM': 144, 'LINEAR': 203, 'SOLVED_FMB': 17}
[365] order5big_2916: THEOREM (60.3s)  running={'THEOREM': 145, 'LINEAR': 203, 'SOLVED_FMB': 17}
[366] order5big_2924: LINEAR (0.0s)  running={'THEOREM': 145, 'LINEAR': 204, 'SOLVED_FMB': 17}
[367] order5big_2932: LINEAR (0.0s)  running={'THEOREM': 145, 'LINEAR': 205, 'SOLVED_FMB': 17}
[368] order5big_2940: THEOREM (60.4s)  running={'THEOREM': 146, 'LINEAR': 205, 'SOLVED_FMB': 17}
[369] order5big_2948: THEOREM (60.2s)  running={'THEOREM': 147, 'LINEAR': 205, 'SOLVED_FMB': 17}
[370] order5big_2956: THEOREM (60.2s)  running={'THEOREM': 148, 'LINEAR': 205, 'SOLVED_FMB': 17}
[371] order5big_2964: THEOREM (61.2s)  running={'THEOREM': 149, 'LINEAR': 205, 'SOLVED_FMB': 17}
[372] order5big_2972: LINEAR (0.0s)  running={'THEOREM': 149, 'LINEAR': 206, 'SOLVED_FMB': 17}
[373] order5big_2980: THEOREM (60.5s)  running={'THEOREM': 150, 'LINEAR': 206, 'SOLVED_FMB': 17}
[374] order5big_2988: LINEAR (0.0s)  running={'THEOREM': 150, 'LINEAR': 207, 'SOLVED_FMB': 17}
[375] order5big_2996: THEOREM (60.5s)  running={'THEOREM': 151, 'LINEAR': 207, 'SOLVED_FMB': 17}
[376] order5big_3004: LINEAR (0.0s)  running={'THEOREM': 151, 'LINEAR': 208, 'SOLVED_FMB': 17}
[377] order5big_3012: LINEAR (0.0s)  running={'THEOREM': 151, 'LINEAR': 209, 'SOLVED_FMB': 17}
[378] order5big_3020: THEOREM (72.8s)  running={'THEOREM': 152, 'LINEAR': 209, 'SOLVED_FMB': 17}
[379] order5big_3028: LINEAR (0.0s)  running={'THEOREM': 152, 'LINEAR': 210, 'SOLVED_FMB': 17}
[380] order5big_3036: LINEAR (0.0s)  running={'THEOREM': 152, 'LINEAR': 211, 'SOLVED_FMB': 17}
[381] order5big_3044: LINEAR (0.0s)  running={'THEOREM': 152, 'LINEAR': 212, 'SOLVED_FMB': 17}
[382] order5big_3052: LINEAR (0.0s)  running={'THEOREM': 152, 'LINEAR': 213, 'SOLVED_FMB': 17}
[383] order5big_3060: LINEAR (0.0s)  running={'THEOREM': 152, 'LINEAR': 214, 'SOLVED_FMB': 17}
[384] order5big_3068: THEOREM (61.5s)  running={'THEOREM': 153, 'LINEAR': 214, 'SOLVED_FMB': 17}
[385] order5big_3076: LINEAR (0.0s)  running={'THEOREM': 153, 'LINEAR': 215, 'SOLVED_FMB': 17}
[386] order5big_3084: LINEAR (0.0s)  running={'THEOREM': 153, 'LINEAR': 216, 'SOLVED_FMB': 17}
[387] order5big_3092: THEOREM (66.8s)  running={'THEOREM': 154, 'LINEAR': 216, 'SOLVED_FMB': 17}
[388] order5big_3100: LINEAR (0.0s)  running={'THEOREM': 154, 'LINEAR': 217, 'SOLVED_FMB': 17}
[389] order5big_3108: THEOREM (60.7s)  running={'THEOREM': 155, 'LINEAR': 217, 'SOLVED_FMB': 17}
[390] order5big_3116: LINEAR (0.0s)  running={'THEOREM': 155, 'LINEAR': 218, 'SOLVED_FMB': 17}
[391] order5big_3124: LINEAR (0.0s)  running={'THEOREM': 155, 'LINEAR': 219, 'SOLVED_FMB': 17}
[392] order5big_3132: SOLVED_FMB (1.4s)  running={'THEOREM': 155, 'LINEAR': 219, 'SOLVED_FMB': 18}
[393] order5big_3140: THEOREM (60.2s)  running={'THEOREM': 156, 'LINEAR': 219, 'SOLVED_FMB': 18}
[394] order5big_3148: LINEAR (0.0s)  running={'THEOREM': 156, 'LINEAR': 220, 'SOLVED_FMB': 18}
[395] order5big_3156: THEOREM (60.2s)  running={'THEOREM': 157, 'LINEAR': 220, 'SOLVED_FMB': 18}
[396] order5big_3164: THEOREM (60.1s)  running={'THEOREM': 158, 'LINEAR': 220, 'SOLVED_FMB': 18}
[397] order5big_3172: LINEAR (0.0s)  running={'THEOREM': 158, 'LINEAR': 221, 'SOLVED_FMB': 18}
[398] order5big_3180: THEOREM (60.2s)  running={'THEOREM': 159, 'LINEAR': 221, 'SOLVED_FMB': 18}
[399] order5big_3188: THEOREM (65.3s)  running={'THEOREM': 160, 'LINEAR': 221, 'SOLVED_FMB': 18}
[400] order5big_3196: LINEAR (0.0s)  running={'THEOREM': 160, 'LINEAR': 222, 'SOLVED_FMB': 18}
[401] order5big_3204: THEOREM (60.3s)  running={'THEOREM': 161, 'LINEAR': 222, 'SOLVED_FMB': 18}
[402] order5big_3212: LINEAR (0.0s)  running={'THEOREM': 161, 'LINEAR': 223, 'SOLVED_FMB': 18}
[403] order5big_3220: LINEAR (0.0s)  running={'THEOREM': 161, 'LINEAR': 224, 'SOLVED_FMB': 18}
[404] order5big_3228: THEOREM (60.2s)  running={'THEOREM': 162, 'LINEAR': 224, 'SOLVED_FMB': 18}
[405] order5big_3236: LINEAR (0.0s)  running={'THEOREM': 162, 'LINEAR': 225, 'SOLVED_FMB': 18}
[406] order5big_3244: THEOREM (61.1s)  running={'THEOREM': 163, 'LINEAR': 225, 'SOLVED_FMB': 18}
[407] order5big_3252: LINEAR (0.0s)  running={'THEOREM': 163, 'LINEAR': 226, 'SOLVED_FMB': 18}
[408] order5big_3260: LINEAR (0.0s)  running={'THEOREM': 163, 'LINEAR': 227, 'SOLVED_FMB': 18}
[409] order5big_3268: LINEAR (0.0s)  running={'THEOREM': 163, 'LINEAR': 228, 'SOLVED_FMB': 18}
[410] order5big_3276: LINEAR (0.0s)  running={'THEOREM': 163, 'LINEAR': 229, 'SOLVED_FMB': 18}
[411] order5big_3284: LINEAR (0.0s)  running={'THEOREM': 163, 'LINEAR': 230, 'SOLVED_FMB': 18}
[412] order5big_3292: LINEAR (0.0s)  running={'THEOREM': 163, 'LINEAR': 231, 'SOLVED_FMB': 18}
[413] order5big_3300: THEOREM (72.0s)  running={'THEOREM': 164, 'LINEAR': 231, 'SOLVED_FMB': 18}
[414] order5big_3308: LINEAR (0.0s)  running={'THEOREM': 164, 'LINEAR': 232, 'SOLVED_FMB': 18}
[415] order5big_3316: SOLVED_FMB (0.3s)  running={'THEOREM': 164, 'LINEAR': 232, 'SOLVED_FMB': 19}
[416] order5big_3324: THEOREM (60.2s)  running={'THEOREM': 165, 'LINEAR': 232, 'SOLVED_FMB': 19}
[417] order5big_3332: LINEAR (0.0s)  running={'THEOREM': 165, 'LINEAR': 233, 'SOLVED_FMB': 19}
[418] order5big_3340: LINEAR (0.0s)  running={'THEOREM': 165, 'LINEAR': 234, 'SOLVED_FMB': 19}
[419] order5big_3348: LINEAR (0.0s)  running={'THEOREM': 165, 'LINEAR': 235, 'SOLVED_FMB': 19}
[420] order5big_3356: LINEAR (0.0s)  running={'THEOREM': 165, 'LINEAR': 236, 'SOLVED_FMB': 19}
[421] order5big_3364: LINEAR (0.0s)  running={'THEOREM': 165, 'LINEAR': 237, 'SOLVED_FMB': 19}
[422] order5big_3372: SOLVED_FMB (1.1s)  running={'THEOREM': 165, 'LINEAR': 237, 'SOLVED_FMB': 20}
[423] order5big_3380: LINEAR (0.0s)  running={'THEOREM': 165, 'LINEAR': 238, 'SOLVED_FMB': 20}
[424] order5big_3388: THEOREM (60.2s)  running={'THEOREM': 166, 'LINEAR': 238, 'SOLVED_FMB': 20}
[425] order5big_3396: SOLVED_FMB (1.5s)  running={'THEOREM': 166, 'LINEAR': 238, 'SOLVED_FMB': 21}
[426] order5big_3404: LINEAR (0.0s)  running={'THEOREM': 166, 'LINEAR': 239, 'SOLVED_FMB': 21}
[427] order5big_3412: THEOREM (60.4s)  running={'THEOREM': 167, 'LINEAR': 239, 'SOLVED_FMB': 21}
[428] order5big_3420: LINEAR (0.0s)  running={'THEOREM': 167, 'LINEAR': 240, 'SOLVED_FMB': 21}
[429] order5big_3428: LINEAR (0.0s)  running={'THEOREM': 167, 'LINEAR': 241, 'SOLVED_FMB': 21}
[430] order5big_3436: THEOREM (46.0s)  running={'THEOREM': 168, 'LINEAR': 241, 'SOLVED_FMB': 21}
[431] order5big_3444: THEOREM (60.2s)  running={'THEOREM': 169, 'LINEAR': 241, 'SOLVED_FMB': 21}
[432] order5big_3452: LINEAR (0.0s)  running={'THEOREM': 169, 'LINEAR': 242, 'SOLVED_FMB': 21}
[433] order5big_3460: LINEAR (0.0s)  running={'THEOREM': 169, 'LINEAR': 243, 'SOLVED_FMB': 21}
[434] order5big_3468: THEOREM (60.2s)  running={'THEOREM': 170, 'LINEAR': 243, 'SOLVED_FMB': 21}
[435] order5big_3476: LINEAR (0.0s)  running={'THEOREM': 170, 'LINEAR': 244, 'SOLVED_FMB': 21}
[436] order5big_3484: LINEAR (0.0s)  running={'THEOREM': 170, 'LINEAR': 245, 'SOLVED_FMB': 21}
[437] order5big_3492: LINEAR (0.0s)  running={'THEOREM': 170, 'LINEAR': 246, 'SOLVED_FMB': 21}
[438] order5big_3500: LINEAR (0.0s)  running={'THEOREM': 170, 'LINEAR': 247, 'SOLVED_FMB': 21}
[439] order5big_3508: LINEAR (0.0s)  running={'THEOREM': 170, 'LINEAR': 248, 'SOLVED_FMB': 21}
[440] order5big_3516: THEOREM (60.2s)  running={'THEOREM': 171, 'LINEAR': 248, 'SOLVED_FMB': 21}
[441] order5big_3524: THEOREM (60.2s)  running={'THEOREM': 172, 'LINEAR': 248, 'SOLVED_FMB': 21}
[442] order5big_3532: LINEAR (0.0s)  running={'THEOREM': 172, 'LINEAR': 249, 'SOLVED_FMB': 21}
[443] order5big_3540: THEOREM (60.2s)  running={'THEOREM': 173, 'LINEAR': 249, 'SOLVED_FMB': 21}
[444] order5big_3548: LINEAR (0.0s)  running={'THEOREM': 173, 'LINEAR': 250, 'SOLVED_FMB': 21}
[445] order5big_3556: LINEAR (0.0s)  running={'THEOREM': 173, 'LINEAR': 251, 'SOLVED_FMB': 21}
[446] order5big_3564: THEOREM (60.2s)  running={'THEOREM': 174, 'LINEAR': 251, 'SOLVED_FMB': 21}
[447] order5big_3572: THEOREM (62.9s)  running={'THEOREM': 175, 'LINEAR': 251, 'SOLVED_FMB': 21}
[448] order5big_3580: LINEAR (0.0s)  running={'THEOREM': 175, 'LINEAR': 252, 'SOLVED_FMB': 21}
[449] order5big_3588: THEOREM (60.6s)  running={'THEOREM': 176, 'LINEAR': 252, 'SOLVED_FMB': 21}
[450] order5big_3596: THEOREM (60.2s)  running={'THEOREM': 177, 'LINEAR': 252, 'SOLVED_FMB': 21}
[451] order5big_3604: THEOREM (60.6s)  running={'THEOREM': 178, 'LINEAR': 252, 'SOLVED_FMB': 21}
[452] order5big_3612: LINEAR (0.0s)  running={'THEOREM': 178, 'LINEAR': 253, 'SOLVED_FMB': 21}
[453] order5big_3620: THEOREM (61.3s)  running={'THEOREM': 179, 'LINEAR': 253, 'SOLVED_FMB': 21}
[454] order5big_3628: LINEAR (0.0s)  running={'THEOREM': 179, 'LINEAR': 254, 'SOLVED_FMB': 21}
[455] order5big_3636: LINEAR (0.0s)  running={'THEOREM': 179, 'LINEAR': 255, 'SOLVED_FMB': 21}
[456] order5big_3644: LINEAR (0.0s)  running={'THEOREM': 179, 'LINEAR': 256, 'SOLVED_FMB': 21}
[457] order5big_3652: THEOREM (60.7s)  running={'THEOREM': 180, 'LINEAR': 256, 'SOLVED_FMB': 21}
[458] order5big_3660: LINEAR (0.0s)  running={'THEOREM': 180, 'LINEAR': 257, 'SOLVED_FMB': 21}
[459] order5big_3668: THEOREM (60.4s)  running={'THEOREM': 181, 'LINEAR': 257, 'SOLVED_FMB': 21}
[460] order5big_3676: THEOREM (60.2s)  running={'THEOREM': 182, 'LINEAR': 257, 'SOLVED_FMB': 21}
[461] order5big_3684: THEOREM (60.5s)  running={'THEOREM': 183, 'LINEAR': 257, 'SOLVED_FMB': 21}
[462] order5big_3692: LINEAR (0.0s)  running={'THEOREM': 183, 'LINEAR': 258, 'SOLVED_FMB': 21}
[463] order5big_3700: LINEAR (0.0s)  running={'THEOREM': 183, 'LINEAR': 259, 'SOLVED_FMB': 21}
[464] order5big_3708: THEOREM (60.9s)  running={'THEOREM': 184, 'LINEAR': 259, 'SOLVED_FMB': 21}
[465] order5big_3716: LINEAR (0.0s)  running={'THEOREM': 184, 'LINEAR': 260, 'SOLVED_FMB': 21}
[466] order5big_3724: THEOREM (60.4s)  running={'THEOREM': 185, 'LINEAR': 260, 'SOLVED_FMB': 21}
[467] order5big_3732: THEOREM (60.1s)  running={'THEOREM': 186, 'LINEAR': 260, 'SOLVED_FMB': 21}
[468] order5big_3740: LINEAR (0.0s)  running={'THEOREM': 186, 'LINEAR': 261, 'SOLVED_FMB': 21}
[469] order5big_3748: THEOREM (60.7s)  running={'THEOREM': 187, 'LINEAR': 261, 'SOLVED_FMB': 21}
[470] order5big_3756: THEOREM (60.2s)  running={'THEOREM': 188, 'LINEAR': 261, 'SOLVED_FMB': 21}
[471] order5big_3764: LINEAR (0.0s)  running={'THEOREM': 188, 'LINEAR': 262, 'SOLVED_FMB': 21}
[472] order5big_3772: LINEAR (0.0s)  running={'THEOREM': 188, 'LINEAR': 263, 'SOLVED_FMB': 21}
[473] order5big_3780: LINEAR (0.0s)  running={'THEOREM': 188, 'LINEAR': 264, 'SOLVED_FMB': 21}
[474] order5big_3788: THEOREM (60.4s)  running={'THEOREM': 189, 'LINEAR': 264, 'SOLVED_FMB': 21}
[475] order5big_3796: LINEAR (0.0s)  running={'THEOREM': 189, 'LINEAR': 265, 'SOLVED_FMB': 21}
[476] order5big_3804: THEOREM (0.4s)  running={'THEOREM': 190, 'LINEAR': 265, 'SOLVED_FMB': 21}
[477] order5big_3812: LINEAR (0.0s)  running={'THEOREM': 190, 'LINEAR': 266, 'SOLVED_FMB': 21}
[478] order5big_3820: LINEAR (0.0s)  running={'THEOREM': 190, 'LINEAR': 267, 'SOLVED_FMB': 21}
[479] order5big_3828: LINEAR (0.0s)  running={'THEOREM': 190, 'LINEAR': 268, 'SOLVED_FMB': 21}
[480] order5big_3836: LINEAR (0.0s)  running={'THEOREM': 190, 'LINEAR': 269, 'SOLVED_FMB': 21}
[481] order5big_3844: THEOREM (60.1s)  running={'THEOREM': 191, 'LINEAR': 269, 'SOLVED_FMB': 21}
[482] order5big_3852: SOLVED_FMB (0.2s)  running={'THEOREM': 191, 'LINEAR': 269, 'SOLVED_FMB': 22}
[483] order5big_3860: LINEAR (0.0s)  running={'THEOREM': 191, 'LINEAR': 270, 'SOLVED_FMB': 22}
[484] order5big_3868: THEOREM (65.4s)  running={'THEOREM': 192, 'LINEAR': 270, 'SOLVED_FMB': 22}
[485] order5big_3876: LINEAR (0.0s)  running={'THEOREM': 192, 'LINEAR': 271, 'SOLVED_FMB': 22}
[486] order5big_3884: THEOREM (60.2s)  running={'THEOREM': 193, 'LINEAR': 271, 'SOLVED_FMB': 22}
[487] order5big_3892: THEOREM (60.1s)  running={'THEOREM': 194, 'LINEAR': 271, 'SOLVED_FMB': 22}
[488] order5big_3900: THEOREM (60.5s)  running={'THEOREM': 195, 'LINEAR': 271, 'SOLVED_FMB': 22}
[489] order5big_3908: THEOREM (60.5s)  running={'THEOREM': 196, 'LINEAR': 271, 'SOLVED_FMB': 22}
[490] order5big_3916: THEOREM (60.2s)  running={'THEOREM': 197, 'LINEAR': 271, 'SOLVED_FMB': 22}
[491] order5big_3924: THEOREM (60.5s)  running={'THEOREM': 198, 'LINEAR': 271, 'SOLVED_FMB': 22}
[492] order5big_3932: LINEAR (0.0s)  running={'THEOREM': 198, 'LINEAR': 272, 'SOLVED_FMB': 22}
[493] order5big_3940: LINEAR (0.0s)  running={'THEOREM': 198, 'LINEAR': 273, 'SOLVED_FMB': 22}
[494] order5big_3948: SOLVED_FMB (2.6s)  running={'THEOREM': 198, 'LINEAR': 273, 'SOLVED_FMB': 23}
[495] order5big_3956: THEOREM (60.2s)  running={'THEOREM': 199, 'LINEAR': 273, 'SOLVED_FMB': 23}
[496] order5big_3964: LINEAR (0.0s)  running={'THEOREM': 199, 'LINEAR': 274, 'SOLVED_FMB': 23}
[497] order5big_3972: SOLVED_FMB (2.8s)  running={'THEOREM': 199, 'LINEAR': 274, 'SOLVED_FMB': 24}
[498] order5big_3980: LINEAR (0.0s)  running={'THEOREM': 199, 'LINEAR': 275, 'SOLVED_FMB': 24}
[499] order5big_3988: LINEAR (0.0s)  running={'THEOREM': 199, 'LINEAR': 276, 'SOLVED_FMB': 24}
[500] order5big_3996: LINEAR (0.0s)  running={'THEOREM': 199, 'LINEAR': 277, 'SOLVED_FMB': 24}
[501] order5big_4004: THEOREM (60.6s)  running={'THEOREM': 200, 'LINEAR': 277, 'SOLVED_FMB': 24}
[502] order5big_4012: LINEAR (0.0s)  running={'THEOREM': 200, 'LINEAR': 278, 'SOLVED_FMB': 24}
[503] order5big_4020: LINEAR (0.0s)  running={'THEOREM': 200, 'LINEAR': 279, 'SOLVED_FMB': 24}
[504] order5big_4028: THEOREM (60.2s)  running={'THEOREM': 201, 'LINEAR': 279, 'SOLVED_FMB': 24}
[505] order5big_4036: THEOREM (60.2s)  running={'THEOREM': 202, 'LINEAR': 279, 'SOLVED_FMB': 24}
[506] order5big_4044: LINEAR (0.0s)  running={'THEOREM': 202, 'LINEAR': 280, 'SOLVED_FMB': 24}
[507] order5big_4052: LINEAR (0.0s)  running={'THEOREM': 202, 'LINEAR': 281, 'SOLVED_FMB': 24}
[508] order5big_4060: THEOREM (60.7s)  running={'THEOREM': 203, 'LINEAR': 281, 'SOLVED_FMB': 24}
[509] order5big_4068: THEOREM (60.6s)  running={'THEOREM': 204, 'LINEAR': 281, 'SOLVED_FMB': 24}
[510] order5big_4076: LINEAR (0.0s)  running={'THEOREM': 204, 'LINEAR': 282, 'SOLVED_FMB': 24}
[511] order5big_4084: THEOREM (60.2s)  running={'THEOREM': 205, 'LINEAR': 282, 'SOLVED_FMB': 24}
[512] order5big_4092: LINEAR (0.0s)  running={'THEOREM': 205, 'LINEAR': 283, 'SOLVED_FMB': 24}
[513] order5big_4100: THEOREM (60.4s)  running={'THEOREM': 206, 'LINEAR': 283, 'SOLVED_FMB': 24}
[514] order5big_4108: THEOREM (60.2s)  running={'THEOREM': 207, 'LINEAR': 283, 'SOLVED_FMB': 24}
[515] order5big_4116: THEOREM (60.2s)  running={'THEOREM': 208, 'LINEAR': 283, 'SOLVED_FMB': 24}
[516] order5big_4124: THEOREM (101.0s)  running={'THEOREM': 209, 'LINEAR': 283, 'SOLVED_FMB': 24}
[517] order5big_4132: LINEAR (0.0s)  running={'THEOREM': 209, 'LINEAR': 284, 'SOLVED_FMB': 24}
[518] order5big_4140: LINEAR (0.0s)  running={'THEOREM': 209, 'LINEAR': 285, 'SOLVED_FMB': 24}
[519] order5big_4148: THEOREM (60.6s)  running={'THEOREM': 210, 'LINEAR': 285, 'SOLVED_FMB': 24}
[520] order5big_4156: LINEAR (0.0s)  running={'THEOREM': 210, 'LINEAR': 286, 'SOLVED_FMB': 24}
[521] order5big_4164: LINEAR (0.0s)  running={'THEOREM': 210, 'LINEAR': 287, 'SOLVED_FMB': 24}
[522] order5big_4172: LINEAR (0.0s)  running={'THEOREM': 210, 'LINEAR': 288, 'SOLVED_FMB': 24}
[523] order5big_4180: THEOREM (60.2s)  running={'THEOREM': 211, 'LINEAR': 288, 'SOLVED_FMB': 24}
[524] order5big_4188: THEOREM (60.2s)  running={'THEOREM': 212, 'LINEAR': 288, 'SOLVED_FMB': 24}
[525] order5big_4196: THEOREM (60.2s)  running={'THEOREM': 213, 'LINEAR': 288, 'SOLVED_FMB': 24}
[526] order5big_4204: LINEAR (0.0s)  running={'THEOREM': 213, 'LINEAR': 289, 'SOLVED_FMB': 24}
[527] order5big_4212: THEOREM (60.2s)  running={'THEOREM': 214, 'LINEAR': 289, 'SOLVED_FMB': 24}
[528] order5big_4220: THEOREM (60.2s)  running={'THEOREM': 215, 'LINEAR': 289, 'SOLVED_FMB': 24}
[529] order5big_4228: LINEAR (0.0s)  running={'THEOREM': 215, 'LINEAR': 290, 'SOLVED_FMB': 24}
[530] order5big_4236: LINEAR (0.0s)  running={'THEOREM': 215, 'LINEAR': 291, 'SOLVED_FMB': 24}
[531] order5big_4244: LINEAR (0.0s)  running={'THEOREM': 215, 'LINEAR': 292, 'SOLVED_FMB': 24}
[532] order5big_4252: HARD_NONLINEAR (120.1s)  running={'THEOREM': 215, 'LINEAR': 292, 'SOLVED_FMB': 24, 'HARD_NONLINEAR': 1}
[533] order5big_4260: LINEAR (0.0s)  running={'THEOREM': 215, 'LINEAR': 293, 'SOLVED_FMB': 24, 'HARD_NONLINEAR': 1}
[534] order5big_4268: LINEAR (0.0s)  running={'THEOREM': 215, 'LINEAR': 294, 'SOLVED_FMB': 24, 'HARD_NONLINEAR': 1}
[535] order5big_4276: LINEAR (0.0s)  running={'THEOREM': 215, 'LINEAR': 295, 'SOLVED_FMB': 24, 'HARD_NONLINEAR': 1}
[536] order5big_4284: LINEAR (0.0s)  running={'THEOREM': 215, 'LINEAR': 296, 'SOLVED_FMB': 24, 'HARD_NONLINEAR': 1}
[537] order5big_4292: LINEAR (0.0s)  running={'THEOREM': 215, 'LINEAR': 297, 'SOLVED_FMB': 24, 'HARD_NONLINEAR': 1}
[538] order5big_4300: LINEAR (0.0s)  running={'THEOREM': 215, 'LINEAR': 298, 'SOLVED_FMB': 24, 'HARD_NONLINEAR': 1}
[539] order5big_4308: LINEAR (0.0s)  running={'THEOREM': 215, 'LINEAR': 299, 'SOLVED_FMB': 24, 'HARD_NONLINEAR': 1}
[540] order5big_4316: LINEAR (0.0s)  running={'THEOREM': 215, 'LINEAR': 300, 'SOLVED_FMB': 24, 'HARD_NONLINEAR': 1}
[541] order5big_4324: LINEAR (0.0s)  running={'THEOREM': 215, 'LINEAR': 301, 'SOLVED_FMB': 24, 'HARD_NONLINEAR': 1}
[542] order5big_4332: SOLVED_FMB (0.3s)  running={'THEOREM': 215, 'LINEAR': 301, 'SOLVED_FMB': 25, 'HARD_NONLINEAR': 1}
[543] order5big_4340: LINEAR (0.0s)  running={'THEOREM': 215, 'LINEAR': 302, 'SOLVED_FMB': 25, 'HARD_NONLINEAR': 1}
[544] order5big_4348: LINEAR (0.0s)  running={'THEOREM': 215, 'LINEAR': 303, 'SOLVED_FMB': 25, 'HARD_NONLINEAR': 1}
[545] order5big_4356: LINEAR (0.0s)  running={'THEOREM': 215, 'LINEAR': 304, 'SOLVED_FMB': 25, 'HARD_NONLINEAR': 1}
[546] order5big_4364: THEOREM (76.0s)  running={'THEOREM': 216, 'LINEAR': 304, 'SOLVED_FMB': 25, 'HARD_NONLINEAR': 1}
[547] order5big_4372: LINEAR (0.0s)  running={'THEOREM': 216, 'LINEAR': 305, 'SOLVED_FMB': 25, 'HARD_NONLINEAR': 1}
[548] order5big_4380: THEOREM (60.2s)  running={'THEOREM': 217, 'LINEAR': 305, 'SOLVED_FMB': 25, 'HARD_NONLINEAR': 1}
[549] order5big_4388: THEOREM (60.2s)  running={'THEOREM': 218, 'LINEAR': 305, 'SOLVED_FMB': 25, 'HARD_NONLINEAR': 1}
[550] order5big_4396: LINEAR (0.0s)  running={'THEOREM': 218, 'LINEAR': 306, 'SOLVED_FMB': 25, 'HARD_NONLINEAR': 1}
[551] order5big_4404: SOLVED_FMB (0.3s)  running={'THEOREM': 218, 'LINEAR': 306, 'SOLVED_FMB': 26, 'HARD_NONLINEAR': 1}
[552] order5big_4412: LINEAR (0.0s)  running={'THEOREM': 218, 'LINEAR': 307, 'SOLVED_FMB': 26, 'HARD_NONLINEAR': 1}
[553] order5big_4420: LINEAR (0.0s)  running={'THEOREM': 218, 'LINEAR': 308, 'SOLVED_FMB': 26, 'HARD_NONLINEAR': 1}
[554] order5big_4428: THEOREM (77.5s)  running={'THEOREM': 219, 'LINEAR': 308, 'SOLVED_FMB': 26, 'HARD_NONLINEAR': 1}
[555] order5big_4436: LINEAR (0.0s)  running={'THEOREM': 219, 'LINEAR': 309, 'SOLVED_FMB': 26, 'HARD_NONLINEAR': 1}
[556] order5big_4444: LINEAR (0.0s)  running={'THEOREM': 219, 'LINEAR': 310, 'SOLVED_FMB': 26, 'HARD_NONLINEAR': 1}
[557] order5big_4452: LINEAR (0.0s)  running={'THEOREM': 219, 'LINEAR': 311, 'SOLVED_FMB': 26, 'HARD_NONLINEAR': 1}
[558] order5big_4460: LINEAR (0.0s)  running={'THEOREM': 219, 'LINEAR': 312, 'SOLVED_FMB': 26, 'HARD_NONLINEAR': 1}
[559] order5big_4468: THEOREM (60.2s)  running={'THEOREM': 220, 'LINEAR': 312, 'SOLVED_FMB': 26, 'HARD_NONLINEAR': 1}
[560] order5big_4476: SOLVED_FMB (1.1s)  running={'THEOREM': 220, 'LINEAR': 312, 'SOLVED_FMB': 27, 'HARD_NONLINEAR': 1}
[561] order5big_4484: LINEAR (0.0s)  running={'THEOREM': 220, 'LINEAR': 313, 'SOLVED_FMB': 27, 'HARD_NONLINEAR': 1}
[562] order5big_4492: LINEAR (0.0s)  running={'THEOREM': 220, 'LINEAR': 314, 'SOLVED_FMB': 27, 'HARD_NONLINEAR': 1}
[563] order5big_4500: THEOREM (60.5s)  running={'THEOREM': 221, 'LINEAR': 314, 'SOLVED_FMB': 27, 'HARD_NONLINEAR': 1}
[564] order5big_4508: LINEAR (0.0s)  running={'THEOREM': 221, 'LINEAR': 315, 'SOLVED_FMB': 27, 'HARD_NONLINEAR': 1}
[565] order5big_4516: LINEAR (0.0s)  running={'THEOREM': 221, 'LINEAR': 316, 'SOLVED_FMB': 27, 'HARD_NONLINEAR': 1}
[566] order5big_4524: LINEAR (0.0s)  running={'THEOREM': 221, 'LINEAR': 317, 'SOLVED_FMB': 27, 'HARD_NONLINEAR': 1}
[567] order5big_4532: THEOREM (60.2s)  running={'THEOREM': 222, 'LINEAR': 317, 'SOLVED_FMB': 27, 'HARD_NONLINEAR': 1}
[568] order5big_4540: LINEAR (0.0s)  running={'THEOREM': 222, 'LINEAR': 318, 'SOLVED_FMB': 27, 'HARD_NONLINEAR': 1}
[569] order5big_4548: LINEAR (0.0s)  running={'THEOREM': 222, 'LINEAR': 319, 'SOLVED_FMB': 27, 'HARD_NONLINEAR': 1}
[570] order5big_4556: LINEAR (0.0s)  running={'THEOREM': 222, 'LINEAR': 320, 'SOLVED_FMB': 27, 'HARD_NONLINEAR': 1}
[571] order5big_4564: SOLVED_FMB (0.1s)  running={'THEOREM': 222, 'LINEAR': 320, 'SOLVED_FMB': 28, 'HARD_NONLINEAR': 1}
[572] order5big_4572: LINEAR (0.0s)  running={'THEOREM': 222, 'LINEAR': 321, 'SOLVED_FMB': 28, 'HARD_NONLINEAR': 1}
[573] order5big_4580: LINEAR (0.0s)  running={'THEOREM': 222, 'LINEAR': 322, 'SOLVED_FMB': 28, 'HARD_NONLINEAR': 1}
[574] order5big_4588: THEOREM (60.2s)  running={'THEOREM': 223, 'LINEAR': 322, 'SOLVED_FMB': 28, 'HARD_NONLINEAR': 1}
[575] order5big_4596: LINEAR (0.0s)  running={'THEOREM': 223, 'LINEAR': 323, 'SOLVED_FMB': 28, 'HARD_NONLINEAR': 1}
[576] order5big_4604: LINEAR (0.0s)  running={'THEOREM': 223, 'LINEAR': 324, 'SOLVED_FMB': 28, 'HARD_NONLINEAR': 1}
[577] order5big_4612: LINEAR (0.0s)  running={'THEOREM': 223, 'LINEAR': 325, 'SOLVED_FMB': 28, 'HARD_NONLINEAR': 1}
[578] order5big_4620: LINEAR (0.0s)  running={'THEOREM': 223, 'LINEAR': 326, 'SOLVED_FMB': 28, 'HARD_NONLINEAR': 1}
[579] order5big_4628: THEOREM (60.7s)  running={'THEOREM': 224, 'LINEAR': 326, 'SOLVED_FMB': 28, 'HARD_NONLINEAR': 1}
[580] order5big_4636: LINEAR (0.0s)  running={'THEOREM': 224, 'LINEAR': 327, 'SOLVED_FMB': 28, 'HARD_NONLINEAR': 1}
[581] order5big_4644: LINEAR (0.0s)  running={'THEOREM': 224, 'LINEAR': 328, 'SOLVED_FMB': 28, 'HARD_NONLINEAR': 1}
[582] order5big_4652: LINEAR (0.0s)  running={'THEOREM': 224, 'LINEAR': 329, 'SOLVED_FMB': 28, 'HARD_NONLINEAR': 1}
[583] order5big_4660: THEOREM (72.7s)  running={'THEOREM': 225, 'LINEAR': 329, 'SOLVED_FMB': 28, 'HARD_NONLINEAR': 1}
[584] order5big_4668: LINEAR (0.0s)  running={'THEOREM': 225, 'LINEAR': 330, 'SOLVED_FMB': 28, 'HARD_NONLINEAR': 1}
[585] order5big_4676: LINEAR (0.0s)  running={'THEOREM': 225, 'LINEAR': 331, 'SOLVED_FMB': 28, 'HARD_NONLINEAR': 1}
[586] order5big_4684: THEOREM (20.8s)  running={'THEOREM': 226, 'LINEAR': 331, 'SOLVED_FMB': 28, 'HARD_NONLINEAR': 1}
[587] order5big_4692: LINEAR (0.0s)  running={'THEOREM': 226, 'LINEAR': 332, 'SOLVED_FMB': 28, 'HARD_NONLINEAR': 1}
[588] order5big_4700: THEOREM (60.2s)  running={'THEOREM': 227, 'LINEAR': 332, 'SOLVED_FMB': 28, 'HARD_NONLINEAR': 1}
[589] order5big_4708: THEOREM (60.2s)  running={'THEOREM': 228, 'LINEAR': 332, 'SOLVED_FMB': 28, 'HARD_NONLINEAR': 1}
[590] order5big_4716: THEOREM (60.2s)  running={'THEOREM': 229, 'LINEAR': 332, 'SOLVED_FMB': 28, 'HARD_NONLINEAR': 1}
[591] order5big_4724: LINEAR (0.0s)  running={'THEOREM': 229, 'LINEAR': 333, 'SOLVED_FMB': 28, 'HARD_NONLINEAR': 1}
[592] order5big_4732: LINEAR (0.0s)  running={'THEOREM': 229, 'LINEAR': 334, 'SOLVED_FMB': 28, 'HARD_NONLINEAR': 1}
[593] order5big_4740: THEOREM (60.2s)  running={'THEOREM': 230, 'LINEAR': 334, 'SOLVED_FMB': 28, 'HARD_NONLINEAR': 1}
[594] order5big_4748: THEOREM (60.2s)  running={'THEOREM': 231, 'LINEAR': 334, 'SOLVED_FMB': 28, 'HARD_NONLINEAR': 1}
[595] order5big_4756: LINEAR (0.0s)  running={'THEOREM': 231, 'LINEAR': 335, 'SOLVED_FMB': 28, 'HARD_NONLINEAR': 1}
[596] order5big_4764: LINEAR (0.0s)  running={'THEOREM': 231, 'LINEAR': 336, 'SOLVED_FMB': 28, 'HARD_NONLINEAR': 1}
[597] order5big_4772: LINEAR (0.0s)  running={'THEOREM': 231, 'LINEAR': 337, 'SOLVED_FMB': 28, 'HARD_NONLINEAR': 1}
[598] order5big_4780: THEOREM (60.1s)  running={'THEOREM': 232, 'LINEAR': 337, 'SOLVED_FMB': 28, 'HARD_NONLINEAR': 1}
[599] order5big_4788: LINEAR (0.0s)  running={'THEOREM': 232, 'LINEAR': 338, 'SOLVED_FMB': 28, 'HARD_NONLINEAR': 1}
[600] order5big_4796: THEOREM (60.2s)  running={'THEOREM': 233, 'LINEAR': 338, 'SOLVED_FMB': 28, 'HARD_NONLINEAR': 1}
[601] order5big_4804: SOLVED_FMB (0.2s)  running={'THEOREM': 233, 'LINEAR': 338, 'SOLVED_FMB': 29, 'HARD_NONLINEAR': 1}
[602] order5big_4812: LINEAR (0.0s)  running={'THEOREM': 233, 'LINEAR': 339, 'SOLVED_FMB': 29, 'HARD_NONLINEAR': 1}
[603] order5big_4820: SOLVED_FMB (0.3s)  running={'THEOREM': 233, 'LINEAR': 339, 'SOLVED_FMB': 30, 'HARD_NONLINEAR': 1}
[604] order5big_4828: LINEAR (0.0s)  running={'THEOREM': 233, 'LINEAR': 340, 'SOLVED_FMB': 30, 'HARD_NONLINEAR': 1}
[605] order5big_4836: THEOREM (61.2s)  running={'THEOREM': 234, 'LINEAR': 340, 'SOLVED_FMB': 30, 'HARD_NONLINEAR': 1}
[606] order5big_4844: THEOREM (60.2s)  running={'THEOREM': 235, 'LINEAR': 340, 'SOLVED_FMB': 30, 'HARD_NONLINEAR': 1}
[607] order5big_4852: THEOREM (60.2s)  running={'THEOREM': 236, 'LINEAR': 340, 'SOLVED_FMB': 30, 'HARD_NONLINEAR': 1}
[608] order5big_4860: LINEAR (0.0s)  running={'THEOREM': 236, 'LINEAR': 341, 'SOLVED_FMB': 30, 'HARD_NONLINEAR': 1}
[609] order5big_4868: THEOREM (60.2s)  running={'THEOREM': 237, 'LINEAR': 341, 'SOLVED_FMB': 30, 'HARD_NONLINEAR': 1}
[610] order5big_4876: LINEAR (0.0s)  running={'THEOREM': 237, 'LINEAR': 342, 'SOLVED_FMB': 30, 'HARD_NONLINEAR': 1}
[611] order5big_4884: SOLVED_FMB (0.4s)  running={'THEOREM': 237, 'LINEAR': 342, 'SOLVED_FMB': 31, 'HARD_NONLINEAR': 1}
[612] order5big_4892: LINEAR (0.0s)  running={'THEOREM': 237, 'LINEAR': 343, 'SOLVED_FMB': 31, 'HARD_NONLINEAR': 1}
[613] order5big_4900: THEOREM (60.2s)  running={'THEOREM': 238, 'LINEAR': 343, 'SOLVED_FMB': 31, 'HARD_NONLINEAR': 1}
[614] order5big_4908: LINEAR (0.0s)  running={'THEOREM': 238, 'LINEAR': 344, 'SOLVED_FMB': 31, 'HARD_NONLINEAR': 1}
[615] order5big_4916: LINEAR (0.0s)  running={'THEOREM': 238, 'LINEAR': 345, 'SOLVED_FMB': 31, 'HARD_NONLINEAR': 1}
[616] order5big_4924: LINEAR (0.0s)  running={'THEOREM': 238, 'LINEAR': 346, 'SOLVED_FMB': 31, 'HARD_NONLINEAR': 1}
[617] order5big_4932: LINEAR (0.0s)  running={'THEOREM': 238, 'LINEAR': 347, 'SOLVED_FMB': 31, 'HARD_NONLINEAR': 1}
[618] order5big_4940: LINEAR (0.0s)  running={'THEOREM': 238, 'LINEAR': 348, 'SOLVED_FMB': 31, 'HARD_NONLINEAR': 1}
[619] order5big_4948: LINEAR (0.0s)  running={'THEOREM': 238, 'LINEAR': 349, 'SOLVED_FMB': 31, 'HARD_NONLINEAR': 1}
[620] order5big_4956: LINEAR (0.0s)  running={'THEOREM': 238, 'LINEAR': 350, 'SOLVED_FMB': 31, 'HARD_NONLINEAR': 1}
[621] order5big_4964: THEOREM (60.2s)  running={'THEOREM': 239, 'LINEAR': 350, 'SOLVED_FMB': 31, 'HARD_NONLINEAR': 1}
[622] order5big_4972: THEOREM (60.6s)  running={'THEOREM': 240, 'LINEAR': 350, 'SOLVED_FMB': 31, 'HARD_NONLINEAR': 1}
[623] order5big_4980: LINEAR (0.0s)  running={'THEOREM': 240, 'LINEAR': 351, 'SOLVED_FMB': 31, 'HARD_NONLINEAR': 1}
[624] order5big_4988: LINEAR (0.0s)  running={'THEOREM': 240, 'LINEAR': 352, 'SOLVED_FMB': 31, 'HARD_NONLINEAR': 1}
[625] order5big_4996: LINEAR (0.0s)  running={'THEOREM': 240, 'LINEAR': 353, 'SOLVED_FMB': 31, 'HARD_NONLINEAR': 1}
[626] order5big_5004: LINEAR (0.0s)  running={'THEOREM': 240, 'LINEAR': 354, 'SOLVED_FMB': 31, 'HARD_NONLINEAR': 1}
[627] order5big_5012: LINEAR (0.0s)  running={'THEOREM': 240, 'LINEAR': 355, 'SOLVED_FMB': 31, 'HARD_NONLINEAR': 1}
[628] order5big_5020: THEOREM (60.2s)  running={'THEOREM': 241, 'LINEAR': 355, 'SOLVED_FMB': 31, 'HARD_NONLINEAR': 1}
[629] order5big_5028: LINEAR (0.0s)  running={'THEOREM': 241, 'LINEAR': 356, 'SOLVED_FMB': 31, 'HARD_NONLINEAR': 1}
[630] order5big_5036: LINEAR (0.0s)  running={'THEOREM': 241, 'LINEAR': 357, 'SOLVED_FMB': 31, 'HARD_NONLINEAR': 1}
[631] order5big_5044: THEOREM (60.2s)  running={'THEOREM': 242, 'LINEAR': 357, 'SOLVED_FMB': 31, 'HARD_NONLINEAR': 1}
[632] order5big_5052: LINEAR (0.0s)  running={'THEOREM': 242, 'LINEAR': 358, 'SOLVED_FMB': 31, 'HARD_NONLINEAR': 1}
[633] order5big_5060: LINEAR (0.0s)  running={'THEOREM': 242, 'LINEAR': 359, 'SOLVED_FMB': 31, 'HARD_NONLINEAR': 1}
[634] order5big_5068: LINEAR (0.0s)  running={'THEOREM': 242, 'LINEAR': 360, 'SOLVED_FMB': 31, 'HARD_NONLINEAR': 1}
[635] order5big_5076: LINEAR (0.0s)  running={'THEOREM': 242, 'LINEAR': 361, 'SOLVED_FMB': 31, 'HARD_NONLINEAR': 1}
[636] order5big_5084: LINEAR (0.0s)  running={'THEOREM': 242, 'LINEAR': 362, 'SOLVED_FMB': 31, 'HARD_NONLINEAR': 1}
[637] order5big_5092: LINEAR (0.0s)  running={'THEOREM': 242, 'LINEAR': 363, 'SOLVED_FMB': 31, 'HARD_NONLINEAR': 1}
[638] order5big_5100: LINEAR (0.0s)  running={'THEOREM': 242, 'LINEAR': 364, 'SOLVED_FMB': 31, 'HARD_NONLINEAR': 1}
[639] order5big_5108: THEOREM (83.6s)  running={'THEOREM': 243, 'LINEAR': 364, 'SOLVED_FMB': 31, 'HARD_NONLINEAR': 1}
[640] order5big_5116: LINEAR (0.0s)  running={'THEOREM': 243, 'LINEAR': 365, 'SOLVED_FMB': 31, 'HARD_NONLINEAR': 1}
[641] order5big_5124: THEOREM (60.2s)  running={'THEOREM': 244, 'LINEAR': 365, 'SOLVED_FMB': 31, 'HARD_NONLINEAR': 1}
[642] order5big_5132: LINEAR (0.0s)  running={'THEOREM': 244, 'LINEAR': 366, 'SOLVED_FMB': 31, 'HARD_NONLINEAR': 1}
[643] order5big_5140: LINEAR (0.0s)  running={'THEOREM': 244, 'LINEAR': 367, 'SOLVED_FMB': 31, 'HARD_NONLINEAR': 1}
[644] order5big_5148: LINEAR (0.0s)  running={'THEOREM': 244, 'LINEAR': 368, 'SOLVED_FMB': 31, 'HARD_NONLINEAR': 1}
[645] order5big_5156: LINEAR (0.0s)  running={'THEOREM': 244, 'LINEAR': 369, 'SOLVED_FMB': 31, 'HARD_NONLINEAR': 1}
[646] order5big_5164: LINEAR (0.0s)  running={'THEOREM': 244, 'LINEAR': 370, 'SOLVED_FMB': 31, 'HARD_NONLINEAR': 1}
[647] order5big_5172: SOLVED_FMB (0.1s)  running={'THEOREM': 244, 'LINEAR': 370, 'SOLVED_FMB': 32, 'HARD_NONLINEAR': 1}
[648] order5big_5180: THEOREM (60.5s)  running={'THEOREM': 245, 'LINEAR': 370, 'SOLVED_FMB': 32, 'HARD_NONLINEAR': 1}
[649] order5big_5188: LINEAR (0.0s)  running={'THEOREM': 245, 'LINEAR': 371, 'SOLVED_FMB': 32, 'HARD_NONLINEAR': 1}
[650] order5big_5196: LINEAR (0.0s)  running={'THEOREM': 245, 'LINEAR': 372, 'SOLVED_FMB': 32, 'HARD_NONLINEAR': 1}
[651] order5big_5204: THEOREM (60.5s)  running={'THEOREM': 246, 'LINEAR': 372, 'SOLVED_FMB': 32, 'HARD_NONLINEAR': 1}
[652] order5big_5212: THEOREM (60.6s)  running={'THEOREM': 247, 'LINEAR': 372, 'SOLVED_FMB': 32, 'HARD_NONLINEAR': 1}
[653] order5big_5220: LINEAR (0.0s)  running={'THEOREM': 247, 'LINEAR': 373, 'SOLVED_FMB': 32, 'HARD_NONLINEAR': 1}
[654] order5big_5228: THEOREM (60.5s)  running={'THEOREM': 248, 'LINEAR': 373, 'SOLVED_FMB': 32, 'HARD_NONLINEAR': 1}
[655] order5big_5236: LINEAR (0.0s)  running={'THEOREM': 248, 'LINEAR': 374, 'SOLVED_FMB': 32, 'HARD_NONLINEAR': 1}
[656] order5big_5244: THEOREM (60.1s)  running={'THEOREM': 249, 'LINEAR': 374, 'SOLVED_FMB': 32, 'HARD_NONLINEAR': 1}
[657] order5big_5252: LINEAR (0.0s)  running={'THEOREM': 249, 'LINEAR': 375, 'SOLVED_FMB': 32, 'HARD_NONLINEAR': 1}
[658] order5big_5260: THEOREM (60.8s)  running={'THEOREM': 250, 'LINEAR': 375, 'SOLVED_FMB': 32, 'HARD_NONLINEAR': 1}
[659] order5big_5268: LINEAR (0.0s)  running={'THEOREM': 250, 'LINEAR': 376, 'SOLVED_FMB': 32, 'HARD_NONLINEAR': 1}
[660] order5big_5276: LINEAR (0.0s)  running={'THEOREM': 250, 'LINEAR': 377, 'SOLVED_FMB': 32, 'HARD_NONLINEAR': 1}
[661] order5big_5284: LINEAR (0.0s)  running={'THEOREM': 250, 'LINEAR': 378, 'SOLVED_FMB': 32, 'HARD_NONLINEAR': 1}
[662] order5big_5292: LINEAR (0.0s)  running={'THEOREM': 250, 'LINEAR': 379, 'SOLVED_FMB': 32, 'HARD_NONLINEAR': 1}
[663] order5big_5300: LINEAR (0.0s)  running={'THEOREM': 250, 'LINEAR': 380, 'SOLVED_FMB': 32, 'HARD_NONLINEAR': 1}
[664] order5big_5308: LINEAR (0.0s)  running={'THEOREM': 250, 'LINEAR': 381, 'SOLVED_FMB': 32, 'HARD_NONLINEAR': 1}
[665] order5big_5316: LINEAR (0.0s)  running={'THEOREM': 250, 'LINEAR': 382, 'SOLVED_FMB': 32, 'HARD_NONLINEAR': 1}
[666] order5big_5324: LINEAR (0.0s)  running={'THEOREM': 250, 'LINEAR': 383, 'SOLVED_FMB': 32, 'HARD_NONLINEAR': 1}
[667] order5big_5332: THEOREM (60.2s)  running={'THEOREM': 251, 'LINEAR': 383, 'SOLVED_FMB': 32, 'HARD_NONLINEAR': 1}
[668] order5big_5340: LINEAR (0.0s)  running={'THEOREM': 251, 'LINEAR': 384, 'SOLVED_FMB': 32, 'HARD_NONLINEAR': 1}
[669] order5big_5348: LINEAR (0.0s)  running={'THEOREM': 251, 'LINEAR': 385, 'SOLVED_FMB': 32, 'HARD_NONLINEAR': 1}
[670] order5big_5356: LINEAR (0.0s)  running={'THEOREM': 251, 'LINEAR': 386, 'SOLVED_FMB': 32, 'HARD_NONLINEAR': 1}
[671] order5big_5364: THEOREM (60.4s)  running={'THEOREM': 252, 'LINEAR': 386, 'SOLVED_FMB': 32, 'HARD_NONLINEAR': 1}
[672] order5big_5372: THEOREM (60.4s)  running={'THEOREM': 253, 'LINEAR': 386, 'SOLVED_FMB': 32, 'HARD_NONLINEAR': 1}
[673] order5big_5380: LINEAR (0.0s)  running={'THEOREM': 253, 'LINEAR': 387, 'SOLVED_FMB': 32, 'HARD_NONLINEAR': 1}
[674] order5big_5388: THEOREM (60.2s)  running={'THEOREM': 254, 'LINEAR': 387, 'SOLVED_FMB': 32, 'HARD_NONLINEAR': 1}
[675] order5big_5396: SOLVED_FMB (2.0s)  running={'THEOREM': 254, 'LINEAR': 387, 'SOLVED_FMB': 33, 'HARD_NONLINEAR': 1}
[676] order5big_5404: LINEAR (0.0s)  running={'THEOREM': 254, 'LINEAR': 388, 'SOLVED_FMB': 33, 'HARD_NONLINEAR': 1}
[677] order5big_5412: LINEAR (0.0s)  running={'THEOREM': 254, 'LINEAR': 389, 'SOLVED_FMB': 33, 'HARD_NONLINEAR': 1}
[678] order5big_5420: LINEAR (0.0s)  running={'THEOREM': 254, 'LINEAR': 390, 'SOLVED_FMB': 33, 'HARD_NONLINEAR': 1}
[679] order5big_5428: LINEAR (0.0s)  running={'THEOREM': 254, 'LINEAR': 391, 'SOLVED_FMB': 33, 'HARD_NONLINEAR': 1}
[680] order5big_5436: THEOREM (20.1s)  running={'THEOREM': 255, 'LINEAR': 391, 'SOLVED_FMB': 33, 'HARD_NONLINEAR': 1}
[681] order5big_5444: THEOREM (61.9s)  running={'THEOREM': 256, 'LINEAR': 391, 'SOLVED_FMB': 33, 'HARD_NONLINEAR': 1}
[682] order5big_5452: LINEAR (0.0s)  running={'THEOREM': 256, 'LINEAR': 392, 'SOLVED_FMB': 33, 'HARD_NONLINEAR': 1}
[683] order5big_5460: LINEAR (0.0s)  running={'THEOREM': 256, 'LINEAR': 393, 'SOLVED_FMB': 33, 'HARD_NONLINEAR': 1}
[684] order5big_5468: LINEAR (0.0s)  running={'THEOREM': 256, 'LINEAR': 394, 'SOLVED_FMB': 33, 'HARD_NONLINEAR': 1}
[685] order5big_5476: LINEAR (0.0s)  running={'THEOREM': 256, 'LINEAR': 395, 'SOLVED_FMB': 33, 'HARD_NONLINEAR': 1}
[686] order5big_5484: LINEAR (0.0s)  running={'THEOREM': 256, 'LINEAR': 396, 'SOLVED_FMB': 33, 'HARD_NONLINEAR': 1}
[687] order5big_5492: SOLVED_FMB (0.2s)  running={'THEOREM': 256, 'LINEAR': 396, 'SOLVED_FMB': 34, 'HARD_NONLINEAR': 1}
[688] order5big_5500: LINEAR (0.0s)  running={'THEOREM': 256, 'LINEAR': 397, 'SOLVED_FMB': 34, 'HARD_NONLINEAR': 1}
[689] order5big_5508: LINEAR (0.0s)  running={'THEOREM': 256, 'LINEAR': 398, 'SOLVED_FMB': 34, 'HARD_NONLINEAR': 1}
[690] order5big_5516: LINEAR (0.0s)  running={'THEOREM': 256, 'LINEAR': 399, 'SOLVED_FMB': 34, 'HARD_NONLINEAR': 1}
[691] order5big_5524: THEOREM (60.2s)  running={'THEOREM': 257, 'LINEAR': 399, 'SOLVED_FMB': 34, 'HARD_NONLINEAR': 1}
[692] order5big_5532: LINEAR (0.0s)  running={'THEOREM': 257, 'LINEAR': 400, 'SOLVED_FMB': 34, 'HARD_NONLINEAR': 1}
[693] order5big_5540: LINEAR (0.0s)  running={'THEOREM': 257, 'LINEAR': 401, 'SOLVED_FMB': 34, 'HARD_NONLINEAR': 1}
[694] order5big_5548: SOLVED_FMB (0.2s)  running={'THEOREM': 257, 'LINEAR': 401, 'SOLVED_FMB': 35, 'HARD_NONLINEAR': 1}
[695] order5big_5556: THEOREM (72.9s)  running={'THEOREM': 258, 'LINEAR': 401, 'SOLVED_FMB': 35, 'HARD_NONLINEAR': 1}
[696] order5big_5564: LINEAR (0.0s)  running={'THEOREM': 258, 'LINEAR': 402, 'SOLVED_FMB': 35, 'HARD_NONLINEAR': 1}
[697] order5big_5572: THEOREM (60.3s)  running={'THEOREM': 259, 'LINEAR': 402, 'SOLVED_FMB': 35, 'HARD_NONLINEAR': 1}
[698] order5big_5580: LINEAR (0.0s)  running={'THEOREM': 259, 'LINEAR': 403, 'SOLVED_FMB': 35, 'HARD_NONLINEAR': 1}
[699] order5big_5588: THEOREM (60.3s)  running={'THEOREM': 260, 'LINEAR': 403, 'SOLVED_FMB': 35, 'HARD_NONLINEAR': 1}
[700] order5big_5596: THEOREM (72.7s)  running={'THEOREM': 261, 'LINEAR': 403, 'SOLVED_FMB': 35, 'HARD_NONLINEAR': 1}
[701] order5big_5604: THEOREM (60.2s)  running={'THEOREM': 262, 'LINEAR': 403, 'SOLVED_FMB': 35, 'HARD_NONLINEAR': 1}
[702] order5big_5612: THEOREM (60.7s)  running={'THEOREM': 263, 'LINEAR': 403, 'SOLVED_FMB': 35, 'HARD_NONLINEAR': 1}
[703] order5big_5620: THEOREM (60.2s)  running={'THEOREM': 264, 'LINEAR': 403, 'SOLVED_FMB': 35, 'HARD_NONLINEAR': 1}
[704] order5big_5628: LINEAR (0.0s)  running={'THEOREM': 264, 'LINEAR': 404, 'SOLVED_FMB': 35, 'HARD_NONLINEAR': 1}
[705] order5big_5636: THEOREM (60.4s)  running={'THEOREM': 265, 'LINEAR': 404, 'SOLVED_FMB': 35, 'HARD_NONLINEAR': 1}
[706] order5big_5644: LINEAR (0.0s)  running={'THEOREM': 265, 'LINEAR': 405, 'SOLVED_FMB': 35, 'HARD_NONLINEAR': 1}
[707] order5big_5652: THEOREM (60.2s)  running={'THEOREM': 266, 'LINEAR': 405, 'SOLVED_FMB': 35, 'HARD_NONLINEAR': 1}
[708] order5big_5660: SOLVED_FMB (16.0s)  running={'THEOREM': 266, 'LINEAR': 405, 'SOLVED_FMB': 36, 'HARD_NONLINEAR': 1}
[709] order5big_5668: LINEAR (0.0s)  running={'THEOREM': 266, 'LINEAR': 406, 'SOLVED_FMB': 36, 'HARD_NONLINEAR': 1}
[710] order5big_5676: THEOREM (101.0s)  running={'THEOREM': 267, 'LINEAR': 406, 'SOLVED_FMB': 36, 'HARD_NONLINEAR': 1}
[711] order5big_5684: LINEAR (0.0s)  running={'THEOREM': 267, 'LINEAR': 407, 'SOLVED_FMB': 36, 'HARD_NONLINEAR': 1}
[712] order5big_5692: LINEAR (0.0s)  running={'THEOREM': 267, 'LINEAR': 408, 'SOLVED_FMB': 36, 'HARD_NONLINEAR': 1}
[713] order5big_5700: LINEAR (0.0s)  running={'THEOREM': 267, 'LINEAR': 409, 'SOLVED_FMB': 36, 'HARD_NONLINEAR': 1}
[714] order5big_5708: LINEAR (0.0s)  running={'THEOREM': 267, 'LINEAR': 410, 'SOLVED_FMB': 36, 'HARD_NONLINEAR': 1}
[715] order5big_5716: THEOREM (60.2s)  running={'THEOREM': 268, 'LINEAR': 410, 'SOLVED_FMB': 36, 'HARD_NONLINEAR': 1}
[716] order5big_5724: LINEAR (0.0s)  running={'THEOREM': 268, 'LINEAR': 411, 'SOLVED_FMB': 36, 'HARD_NONLINEAR': 1}
[717] order5big_5732: LINEAR (0.0s)  running={'THEOREM': 268, 'LINEAR': 412, 'SOLVED_FMB': 36, 'HARD_NONLINEAR': 1}
[718] order5big_5740: LINEAR (0.0s)  running={'THEOREM': 268, 'LINEAR': 413, 'SOLVED_FMB': 36, 'HARD_NONLINEAR': 1}
[719] order5big_5748: THEOREM (60.2s)  running={'THEOREM': 269, 'LINEAR': 413, 'SOLVED_FMB': 36, 'HARD_NONLINEAR': 1}
[720] order5big_5756: LINEAR (0.0s)  running={'THEOREM': 269, 'LINEAR': 414, 'SOLVED_FMB': 36, 'HARD_NONLINEAR': 1}
[721] order5big_5764: LINEAR (0.0s)  running={'THEOREM': 269, 'LINEAR': 415, 'SOLVED_FMB': 36, 'HARD_NONLINEAR': 1}
[722] order5big_5772: THEOREM (73.0s)  running={'THEOREM': 270, 'LINEAR': 415, 'SOLVED_FMB': 36, 'HARD_NONLINEAR': 1}
[723] order5big_5780: LINEAR (0.0s)  running={'THEOREM': 270, 'LINEAR': 416, 'SOLVED_FMB': 36, 'HARD_NONLINEAR': 1}
[724] order5big_5788: THEOREM (60.2s)  running={'THEOREM': 271, 'LINEAR': 416, 'SOLVED_FMB': 36, 'HARD_NONLINEAR': 1}
[725] order5big_5796: LINEAR (0.0s)  running={'THEOREM': 271, 'LINEAR': 417, 'SOLVED_FMB': 36, 'HARD_NONLINEAR': 1}
[726] order5big_5804: THEOREM (60.5s)  running={'THEOREM': 272, 'LINEAR': 417, 'SOLVED_FMB': 36, 'HARD_NONLINEAR': 1}
[727] order5big_5812: LINEAR (0.0s)  running={'THEOREM': 272, 'LINEAR': 418, 'SOLVED_FMB': 36, 'HARD_NONLINEAR': 1}
[728] order5big_5820: LINEAR (0.0s)  running={'THEOREM': 272, 'LINEAR': 419, 'SOLVED_FMB': 36, 'HARD_NONLINEAR': 1}
[729] order5big_5828: LINEAR (0.0s)  running={'THEOREM': 272, 'LINEAR': 420, 'SOLVED_FMB': 36, 'HARD_NONLINEAR': 1}
[730] order5big_5836: THEOREM (60.3s)  running={'THEOREM': 273, 'LINEAR': 420, 'SOLVED_FMB': 36, 'HARD_NONLINEAR': 1}
[731] order5big_5844: LINEAR (0.0s)  running={'THEOREM': 273, 'LINEAR': 421, 'SOLVED_FMB': 36, 'HARD_NONLINEAR': 1}
[732] order5big_5852: LINEAR (0.0s)  running={'THEOREM': 273, 'LINEAR': 422, 'SOLVED_FMB': 36, 'HARD_NONLINEAR': 1}
[733] order5big_5860: LINEAR (0.0s)  running={'THEOREM': 273, 'LINEAR': 423, 'SOLVED_FMB': 36, 'HARD_NONLINEAR': 1}
[734] order5big_5868: SOLVED_FMB (3.9s)  running={'THEOREM': 273, 'LINEAR': 423, 'SOLVED_FMB': 37, 'HARD_NONLINEAR': 1}
[735] order5big_5876: LINEAR (0.0s)  running={'THEOREM': 273, 'LINEAR': 424, 'SOLVED_FMB': 37, 'HARD_NONLINEAR': 1}
[736] order5big_5884: LINEAR (0.0s)  running={'THEOREM': 273, 'LINEAR': 425, 'SOLVED_FMB': 37, 'HARD_NONLINEAR': 1}
[737] order5big_5892: THEOREM (60.2s)  running={'THEOREM': 274, 'LINEAR': 425, 'SOLVED_FMB': 37, 'HARD_NONLINEAR': 1}
[738] order5big_5900: THEOREM (60.2s)  running={'THEOREM': 275, 'LINEAR': 425, 'SOLVED_FMB': 37, 'HARD_NONLINEAR': 1}
[739] order5big_5908: THEOREM (60.5s)  running={'THEOREM': 276, 'LINEAR': 425, 'SOLVED_FMB': 37, 'HARD_NONLINEAR': 1}
[740] order5big_5916: THEOREM (60.5s)  running={'THEOREM': 277, 'LINEAR': 425, 'SOLVED_FMB': 37, 'HARD_NONLINEAR': 1}
[741] order5big_5924: LINEAR (0.0s)  running={'THEOREM': 277, 'LINEAR': 426, 'SOLVED_FMB': 37, 'HARD_NONLINEAR': 1}
[742] order5big_5932: THEOREM (60.2s)  running={'THEOREM': 278, 'LINEAR': 426, 'SOLVED_FMB': 37, 'HARD_NONLINEAR': 1}
[743] order5big_5940: THEOREM (60.2s)  running={'THEOREM': 279, 'LINEAR': 426, 'SOLVED_FMB': 37, 'HARD_NONLINEAR': 1}
[744] order5big_5948: THEOREM (73.2s)  running={'THEOREM': 280, 'LINEAR': 426, 'SOLVED_FMB': 37, 'HARD_NONLINEAR': 1}
[745] order5big_5956: THEOREM (60.2s)  running={'THEOREM': 281, 'LINEAR': 426, 'SOLVED_FMB': 37, 'HARD_NONLINEAR': 1}
[746] order5big_5964: SOLVED_FMB (0.1s)  running={'THEOREM': 281, 'LINEAR': 426, 'SOLVED_FMB': 38, 'HARD_NONLINEAR': 1}
[747] order5big_5972: LINEAR (0.0s)  running={'THEOREM': 281, 'LINEAR': 427, 'SOLVED_FMB': 38, 'HARD_NONLINEAR': 1}
[748] order5big_5980: LINEAR (0.0s)  running={'THEOREM': 281, 'LINEAR': 428, 'SOLVED_FMB': 38, 'HARD_NONLINEAR': 1}
[749] order5big_5988: LINEAR (0.0s)  running={'THEOREM': 281, 'LINEAR': 429, 'SOLVED_FMB': 38, 'HARD_NONLINEAR': 1}
[750] order5big_5996: LINEAR (0.0s)  running={'THEOREM': 281, 'LINEAR': 430, 'SOLVED_FMB': 38, 'HARD_NONLINEAR': 1}
[751] order5big_6004: LINEAR (0.0s)  running={'THEOREM': 281, 'LINEAR': 431, 'SOLVED_FMB': 38, 'HARD_NONLINEAR': 1}
[752] order5big_6012: THEOREM (60.7s)  running={'THEOREM': 282, 'LINEAR': 431, 'SOLVED_FMB': 38, 'HARD_NONLINEAR': 1}
[753] order5big_6020: LINEAR (0.0s)  running={'THEOREM': 282, 'LINEAR': 432, 'SOLVED_FMB': 38, 'HARD_NONLINEAR': 1}
[754] order5big_6028: LINEAR (0.0s)  running={'THEOREM': 282, 'LINEAR': 433, 'SOLVED_FMB': 38, 'HARD_NONLINEAR': 1}
[755] order5big_6036: THEOREM (60.6s)  running={'THEOREM': 283, 'LINEAR': 433, 'SOLVED_FMB': 38, 'HARD_NONLINEAR': 1}
[756] order5big_6044: LINEAR (0.0s)  running={'THEOREM': 283, 'LINEAR': 434, 'SOLVED_FMB': 38, 'HARD_NONLINEAR': 1}
[757] order5big_6052: LINEAR (0.0s)  running={'THEOREM': 283, 'LINEAR': 435, 'SOLVED_FMB': 38, 'HARD_NONLINEAR': 1}
[758] order5big_6060: LINEAR (0.0s)  running={'THEOREM': 283, 'LINEAR': 436, 'SOLVED_FMB': 38, 'HARD_NONLINEAR': 1}
[759] order5big_6068: LINEAR (0.0s)  running={'THEOREM': 283, 'LINEAR': 437, 'SOLVED_FMB': 38, 'HARD_NONLINEAR': 1}
[760] order5big_6076: LINEAR (0.0s)  running={'THEOREM': 283, 'LINEAR': 438, 'SOLVED_FMB': 38, 'HARD_NONLINEAR': 1}
[761] order5big_6084: LINEAR (0.0s)  running={'THEOREM': 283, 'LINEAR': 439, 'SOLVED_FMB': 38, 'HARD_NONLINEAR': 1}
[762] order5big_6092: THEOREM (60.2s)  running={'THEOREM': 284, 'LINEAR': 439, 'SOLVED_FMB': 38, 'HARD_NONLINEAR': 1}
[763] order5big_6100: LINEAR (0.0s)  running={'THEOREM': 284, 'LINEAR': 440, 'SOLVED_FMB': 38, 'HARD_NONLINEAR': 1}
[764] order5big_6108: SOLVED_FMB (12.8s)  running={'THEOREM': 284, 'LINEAR': 440, 'SOLVED_FMB': 39, 'HARD_NONLINEAR': 1}
[765] order5big_6116: LINEAR (0.0s)  running={'THEOREM': 284, 'LINEAR': 441, 'SOLVED_FMB': 39, 'HARD_NONLINEAR': 1}
[766] order5big_6124: THEOREM (0.9s)  running={'THEOREM': 285, 'LINEAR': 441, 'SOLVED_FMB': 39, 'HARD_NONLINEAR': 1}
[767] order5big_6132: LINEAR (0.0s)  running={'THEOREM': 285, 'LINEAR': 442, 'SOLVED_FMB': 39, 'HARD_NONLINEAR': 1}
[768] order5big_6140: LINEAR (0.0s)  running={'THEOREM': 285, 'LINEAR': 443, 'SOLVED_FMB': 39, 'HARD_NONLINEAR': 1}
[769] order5big_6148: LINEAR (0.0s)  running={'THEOREM': 285, 'LINEAR': 444, 'SOLVED_FMB': 39, 'HARD_NONLINEAR': 1}
[770] order5big_6156: THEOREM (60.2s)  running={'THEOREM': 286, 'LINEAR': 444, 'SOLVED_FMB': 39, 'HARD_NONLINEAR': 1}
[771] order5big_6164: THEOREM (0.5s)  running={'THEOREM': 287, 'LINEAR': 444, 'SOLVED_FMB': 39, 'HARD_NONLINEAR': 1}
[772] order5big_6172: LINEAR (0.0s)  running={'THEOREM': 287, 'LINEAR': 445, 'SOLVED_FMB': 39, 'HARD_NONLINEAR': 1}
[773] order5big_6180: THEOREM (60.3s)  running={'THEOREM': 288, 'LINEAR': 445, 'SOLVED_FMB': 39, 'HARD_NONLINEAR': 1}
[774] order5big_6188: LINEAR (0.0s)  running={'THEOREM': 288, 'LINEAR': 446, 'SOLVED_FMB': 39, 'HARD_NONLINEAR': 1}
[775] order5big_6196: LINEAR (0.0s)  running={'THEOREM': 288, 'LINEAR': 447, 'SOLVED_FMB': 39, 'HARD_NONLINEAR': 1}
[776] order5big_6204: LINEAR (0.0s)  running={'THEOREM': 288, 'LINEAR': 448, 'SOLVED_FMB': 39, 'HARD_NONLINEAR': 1}
[777] order5big_6212: LINEAR (0.0s)  running={'THEOREM': 288, 'LINEAR': 449, 'SOLVED_FMB': 39, 'HARD_NONLINEAR': 1}
[778] order5big_6220: LINEAR (0.0s)  running={'THEOREM': 288, 'LINEAR': 450, 'SOLVED_FMB': 39, 'HARD_NONLINEAR': 1}
[779] order5big_6228: LINEAR (0.0s)  running={'THEOREM': 288, 'LINEAR': 451, 'SOLVED_FMB': 39, 'HARD_NONLINEAR': 1}
[780] order5big_6236: SOLVED_FMB (0.1s)  running={'THEOREM': 288, 'LINEAR': 451, 'SOLVED_FMB': 40, 'HARD_NONLINEAR': 1}
[781] order5big_6244: LINEAR (0.0s)  running={'THEOREM': 288, 'LINEAR': 452, 'SOLVED_FMB': 40, 'HARD_NONLINEAR': 1}
[782] order5big_6252: SOLVED_FMB (0.1s)  running={'THEOREM': 288, 'LINEAR': 452, 'SOLVED_FMB': 41, 'HARD_NONLINEAR': 1}
[783] order5big_6260: LINEAR (0.1s)  running={'THEOREM': 288, 'LINEAR': 453, 'SOLVED_FMB': 41, 'HARD_NONLINEAR': 1}
[784] order5big_6268: LINEAR (0.0s)  running={'THEOREM': 288, 'LINEAR': 454, 'SOLVED_FMB': 41, 'HARD_NONLINEAR': 1}
[785] order5big_6276: THEOREM (60.3s)  running={'THEOREM': 289, 'LINEAR': 454, 'SOLVED_FMB': 41, 'HARD_NONLINEAR': 1}
[786] order5big_6284: THEOREM (63.9s)  running={'THEOREM': 290, 'LINEAR': 454, 'SOLVED_FMB': 41, 'HARD_NONLINEAR': 1}
[787] order5big_6292: LINEAR (0.0s)  running={'THEOREM': 290, 'LINEAR': 455, 'SOLVED_FMB': 41, 'HARD_NONLINEAR': 1}
[788] order5big_6300: THEOREM (60.2s)  running={'THEOREM': 291, 'LINEAR': 455, 'SOLVED_FMB': 41, 'HARD_NONLINEAR': 1}
[789] order5big_6308: LINEAR (0.0s)  running={'THEOREM': 291, 'LINEAR': 456, 'SOLVED_FMB': 41, 'HARD_NONLINEAR': 1}
[790] order5big_6316: LINEAR (0.0s)  running={'THEOREM': 291, 'LINEAR': 457, 'SOLVED_FMB': 41, 'HARD_NONLINEAR': 1}
[791] order5big_6324: LINEAR (0.0s)  running={'THEOREM': 291, 'LINEAR': 458, 'SOLVED_FMB': 41, 'HARD_NONLINEAR': 1}
[792] order5big_6332: LINEAR (0.0s)  running={'THEOREM': 291, 'LINEAR': 459, 'SOLVED_FMB': 41, 'HARD_NONLINEAR': 1}
[793] order5big_6340: LINEAR (0.0s)  running={'THEOREM': 291, 'LINEAR': 460, 'SOLVED_FMB': 41, 'HARD_NONLINEAR': 1}
[794] order5big_6348: LINEAR (0.0s)  running={'THEOREM': 291, 'LINEAR': 461, 'SOLVED_FMB': 41, 'HARD_NONLINEAR': 1}
[795] order5big_6356: LINEAR (0.0s)  running={'THEOREM': 291, 'LINEAR': 462, 'SOLVED_FMB': 41, 'HARD_NONLINEAR': 1}
[796] order5big_6364: LINEAR (0.0s)  running={'THEOREM': 291, 'LINEAR': 463, 'SOLVED_FMB': 41, 'HARD_NONLINEAR': 1}
[797] order5big_6372: LINEAR (0.1s)  running={'THEOREM': 291, 'LINEAR': 464, 'SOLVED_FMB': 41, 'HARD_NONLINEAR': 1}
[798] order5big_6380: LINEAR (0.0s)  running={'THEOREM': 291, 'LINEAR': 465, 'SOLVED_FMB': 41, 'HARD_NONLINEAR': 1}
[799] order5big_6388: LINEAR (0.0s)  running={'THEOREM': 291, 'LINEAR': 466, 'SOLVED_FMB': 41, 'HARD_NONLINEAR': 1}
[800] order5big_6396: THEOREM (60.2s)  running={'THEOREM': 292, 'LINEAR': 466, 'SOLVED_FMB': 41, 'HARD_NONLINEAR': 1}
[801] order5big_6404: THEOREM (60.5s)  running={'THEOREM': 293, 'LINEAR': 466, 'SOLVED_FMB': 41, 'HARD_NONLINEAR': 1}
[802] order5big_6412: LINEAR (0.0s)  running={'THEOREM': 293, 'LINEAR': 467, 'SOLVED_FMB': 41, 'HARD_NONLINEAR': 1}
[803] order5big_6420: LINEAR (0.0s)  running={'THEOREM': 293, 'LINEAR': 468, 'SOLVED_FMB': 41, 'HARD_NONLINEAR': 1}
[804] order5big_6428: LINEAR (0.0s)  running={'THEOREM': 293, 'LINEAR': 469, 'SOLVED_FMB': 41, 'HARD_NONLINEAR': 1}
[805] order5big_6436: THEOREM (72.7s)  running={'THEOREM': 294, 'LINEAR': 469, 'SOLVED_FMB': 41, 'HARD_NONLINEAR': 1}
[806] order5big_6444: THEOREM (60.2s)  running={'THEOREM': 295, 'LINEAR': 469, 'SOLVED_FMB': 41, 'HARD_NONLINEAR': 1}
[807] order5big_6452: LINEAR (0.0s)  running={'THEOREM': 295, 'LINEAR': 470, 'SOLVED_FMB': 41, 'HARD_NONLINEAR': 1}
[808] order5big_6460: THEOREM (61.4s)  running={'THEOREM': 296, 'LINEAR': 470, 'SOLVED_FMB': 41, 'HARD_NONLINEAR': 1}
[809] order5big_6468: THEOREM (60.2s)  running={'THEOREM': 297, 'LINEAR': 470, 'SOLVED_FMB': 41, 'HARD_NONLINEAR': 1}
[810] order5big_6476: THEOREM (77.8s)  running={'THEOREM': 298, 'LINEAR': 470, 'SOLVED_FMB': 41, 'HARD_NONLINEAR': 1}
[811] order5big_6484: LINEAR (0.0s)  running={'THEOREM': 298, 'LINEAR': 471, 'SOLVED_FMB': 41, 'HARD_NONLINEAR': 1}
[812] order5big_6492: THEOREM (60.2s)  running={'THEOREM': 299, 'LINEAR': 471, 'SOLVED_FMB': 41, 'HARD_NONLINEAR': 1}
[813] order5big_6500: LINEAR (0.0s)  running={'THEOREM': 299, 'LINEAR': 472, 'SOLVED_FMB': 41, 'HARD_NONLINEAR': 1}
[814] order5big_6508: THEOREM (60.2s)  running={'THEOREM': 300, 'LINEAR': 472, 'SOLVED_FMB': 41, 'HARD_NONLINEAR': 1}
[815] order5big_6516: LINEAR (0.0s)  running={'THEOREM': 300, 'LINEAR': 473, 'SOLVED_FMB': 41, 'HARD_NONLINEAR': 1}
[816] order5big_6524: LINEAR (0.0s)  running={'THEOREM': 300, 'LINEAR': 474, 'SOLVED_FMB': 41, 'HARD_NONLINEAR': 1}
[817] order5big_6532: THEOREM (60.2s)  running={'THEOREM': 301, 'LINEAR': 474, 'SOLVED_FMB': 41, 'HARD_NONLINEAR': 1}
[818] order5big_6540: LINEAR (0.0s)  running={'THEOREM': 301, 'LINEAR': 475, 'SOLVED_FMB': 41, 'HARD_NONLINEAR': 1}
[819] order5big_6548: LINEAR (0.0s)  running={'THEOREM': 301, 'LINEAR': 476, 'SOLVED_FMB': 41, 'HARD_NONLINEAR': 1}
[820] order5big_6556: LINEAR (0.0s)  running={'THEOREM': 301, 'LINEAR': 477, 'SOLVED_FMB': 41, 'HARD_NONLINEAR': 1}
[821] order5big_6564: THEOREM (60.2s)  running={'THEOREM': 302, 'LINEAR': 477, 'SOLVED_FMB': 41, 'HARD_NONLINEAR': 1}
[822] order5big_6572: LINEAR (0.0s)  running={'THEOREM': 302, 'LINEAR': 478, 'SOLVED_FMB': 41, 'HARD_NONLINEAR': 1}
[823] order5big_6580: LINEAR (0.0s)  running={'THEOREM': 302, 'LINEAR': 479, 'SOLVED_FMB': 41, 'HARD_NONLINEAR': 1}
[824] order5big_6588: LINEAR (0.0s)  running={'THEOREM': 302, 'LINEAR': 480, 'SOLVED_FMB': 41, 'HARD_NONLINEAR': 1}
[825] order5big_6596: LINEAR (0.0s)  running={'THEOREM': 302, 'LINEAR': 481, 'SOLVED_FMB': 41, 'HARD_NONLINEAR': 1}
[826] order5big_6604: THEOREM (60.6s)  running={'THEOREM': 303, 'LINEAR': 481, 'SOLVED_FMB': 41, 'HARD_NONLINEAR': 1}
[827] order5big_6612: SOLVED_FMB (0.3s)  running={'THEOREM': 303, 'LINEAR': 481, 'SOLVED_FMB': 42, 'HARD_NONLINEAR': 1}
[828] order5big_6620: LINEAR (0.0s)  running={'THEOREM': 303, 'LINEAR': 482, 'SOLVED_FMB': 42, 'HARD_NONLINEAR': 1}
[829] order5big_6628: LINEAR (0.0s)  running={'THEOREM': 303, 'LINEAR': 483, 'SOLVED_FMB': 42, 'HARD_NONLINEAR': 1}
[830] order5big_6636: THEOREM (60.2s)  running={'THEOREM': 304, 'LINEAR': 483, 'SOLVED_FMB': 42, 'HARD_NONLINEAR': 1}
[831] order5big_6644: LINEAR (0.0s)  running={'THEOREM': 304, 'LINEAR': 484, 'SOLVED_FMB': 42, 'HARD_NONLINEAR': 1}
[832] order5big_6652: LINEAR (0.0s)  running={'THEOREM': 304, 'LINEAR': 485, 'SOLVED_FMB': 42, 'HARD_NONLINEAR': 1}
[833] order5big_6660: LINEAR (0.0s)  running={'THEOREM': 304, 'LINEAR': 486, 'SOLVED_FMB': 42, 'HARD_NONLINEAR': 1}
[834] order5big_6668: LINEAR (0.0s)  running={'THEOREM': 304, 'LINEAR': 487, 'SOLVED_FMB': 42, 'HARD_NONLINEAR': 1}
[835] order5big_6676: THEOREM (60.4s)  running={'THEOREM': 305, 'LINEAR': 487, 'SOLVED_FMB': 42, 'HARD_NONLINEAR': 1}
[836] order5big_6684: LINEAR (0.0s)  running={'THEOREM': 305, 'LINEAR': 488, 'SOLVED_FMB': 42, 'HARD_NONLINEAR': 1}
[837] order5big_6692: LINEAR (0.0s)  running={'THEOREM': 305, 'LINEAR': 489, 'SOLVED_FMB': 42, 'HARD_NONLINEAR': 1}
[838] order5big_6700: THEOREM (60.2s)  running={'THEOREM': 306, 'LINEAR': 489, 'SOLVED_FMB': 42, 'HARD_NONLINEAR': 1}
[839] order5big_6708: LINEAR (0.0s)  running={'THEOREM': 306, 'LINEAR': 490, 'SOLVED_FMB': 42, 'HARD_NONLINEAR': 1}
[840] order5big_6716: LINEAR (0.0s)  running={'THEOREM': 306, 'LINEAR': 491, 'SOLVED_FMB': 42, 'HARD_NONLINEAR': 1}
[841] order5big_6724: LINEAR (0.0s)  running={'THEOREM': 306, 'LINEAR': 492, 'SOLVED_FMB': 42, 'HARD_NONLINEAR': 1}
[842] order5big_6732: LINEAR (0.0s)  running={'THEOREM': 306, 'LINEAR': 493, 'SOLVED_FMB': 42, 'HARD_NONLINEAR': 1}
[843] order5big_6740: LINEAR (0.0s)  running={'THEOREM': 306, 'LINEAR': 494, 'SOLVED_FMB': 42, 'HARD_NONLINEAR': 1}
[844] order5big_6748: LINEAR (0.0s)  running={'THEOREM': 306, 'LINEAR': 495, 'SOLVED_FMB': 42, 'HARD_NONLINEAR': 1}
[845] order5big_6756: LINEAR (0.0s)  running={'THEOREM': 306, 'LINEAR': 496, 'SOLVED_FMB': 42, 'HARD_NONLINEAR': 1}
[846] order5big_6764: LINEAR (0.0s)  running={'THEOREM': 306, 'LINEAR': 497, 'SOLVED_FMB': 42, 'HARD_NONLINEAR': 1}
[847] order5big_6772: THEOREM (60.1s)  running={'THEOREM': 307, 'LINEAR': 497, 'SOLVED_FMB': 42, 'HARD_NONLINEAR': 1}
[848] order5big_6780: THEOREM (60.5s)  running={'THEOREM': 308, 'LINEAR': 497, 'SOLVED_FMB': 42, 'HARD_NONLINEAR': 1}
[849] order5big_6788: THEOREM (60.2s)  running={'THEOREM': 309, 'LINEAR': 497, 'SOLVED_FMB': 42, 'HARD_NONLINEAR': 1}
[850] order5big_6796: LINEAR (0.0s)  running={'THEOREM': 309, 'LINEAR': 498, 'SOLVED_FMB': 42, 'HARD_NONLINEAR': 1}
[851] order5big_6804: LINEAR (0.0s)  running={'THEOREM': 309, 'LINEAR': 499, 'SOLVED_FMB': 42, 'HARD_NONLINEAR': 1}
[852] order5big_6812: THEOREM (60.2s)  running={'THEOREM': 310, 'LINEAR': 499, 'SOLVED_FMB': 42, 'HARD_NONLINEAR': 1}
[853] order5big_6820: LINEAR (0.0s)  running={'THEOREM': 310, 'LINEAR': 500, 'SOLVED_FMB': 42, 'HARD_NONLINEAR': 1}
[854] order5big_6828: THEOREM (60.2s)  running={'THEOREM': 311, 'LINEAR': 500, 'SOLVED_FMB': 42, 'HARD_NONLINEAR': 1}
[855] order5big_6836: LINEAR (0.0s)  running={'THEOREM': 311, 'LINEAR': 501, 'SOLVED_FMB': 42, 'HARD_NONLINEAR': 1}
[856] order5big_6844: LINEAR (0.0s)  running={'THEOREM': 311, 'LINEAR': 502, 'SOLVED_FMB': 42, 'HARD_NONLINEAR': 1}
[857] order5big_6852: THEOREM (60.2s)  running={'THEOREM': 312, 'LINEAR': 502, 'SOLVED_FMB': 42, 'HARD_NONLINEAR': 1}
[858] order5big_6860: LINEAR (0.0s)  running={'THEOREM': 312, 'LINEAR': 503, 'SOLVED_FMB': 42, 'HARD_NONLINEAR': 1}
[859] order5big_6868: LINEAR (0.0s)  running={'THEOREM': 312, 'LINEAR': 504, 'SOLVED_FMB': 42, 'HARD_NONLINEAR': 1}
[860] order5big_6876: LINEAR (0.0s)  running={'THEOREM': 312, 'LINEAR': 505, 'SOLVED_FMB': 42, 'HARD_NONLINEAR': 1}
[861] order5big_6884: THEOREM (60.2s)  running={'THEOREM': 313, 'LINEAR': 505, 'SOLVED_FMB': 42, 'HARD_NONLINEAR': 1}
[862] order5big_6892: THEOREM (60.2s)  running={'THEOREM': 314, 'LINEAR': 505, 'SOLVED_FMB': 42, 'HARD_NONLINEAR': 1}
[863] order5big_6900: LINEAR (0.0s)  running={'THEOREM': 314, 'LINEAR': 506, 'SOLVED_FMB': 42, 'HARD_NONLINEAR': 1}
[864] order5big_6908: LINEAR (0.0s)  running={'THEOREM': 314, 'LINEAR': 507, 'SOLVED_FMB': 42, 'HARD_NONLINEAR': 1}
[865] order5big_6916: THEOREM (60.2s)  running={'THEOREM': 315, 'LINEAR': 507, 'SOLVED_FMB': 42, 'HARD_NONLINEAR': 1}
[866] order5big_6924: THEOREM (60.2s)  running={'THEOREM': 316, 'LINEAR': 507, 'SOLVED_FMB': 42, 'HARD_NONLINEAR': 1}
[867] order5big_6932: LINEAR (0.0s)  running={'THEOREM': 316, 'LINEAR': 508, 'SOLVED_FMB': 42, 'HARD_NONLINEAR': 1}
[868] order5big_6940: LINEAR (0.0s)  running={'THEOREM': 316, 'LINEAR': 509, 'SOLVED_FMB': 42, 'HARD_NONLINEAR': 1}
[869] order5big_6948: LINEAR (0.0s)  running={'THEOREM': 316, 'LINEAR': 510, 'SOLVED_FMB': 42, 'HARD_NONLINEAR': 1}
[870] order5big_6956: THEOREM (60.3s)  running={'THEOREM': 317, 'LINEAR': 510, 'SOLVED_FMB': 42, 'HARD_NONLINEAR': 1}
[871] order5big_6964: LINEAR (0.0s)  running={'THEOREM': 317, 'LINEAR': 511, 'SOLVED_FMB': 42, 'HARD_NONLINEAR': 1}
[872] order5big_6972: THEOREM (60.9s)  running={'THEOREM': 318, 'LINEAR': 511, 'SOLVED_FMB': 42, 'HARD_NONLINEAR': 1}
[873] order5big_6980: THEOREM (60.2s)  running={'THEOREM': 319, 'LINEAR': 511, 'SOLVED_FMB': 42, 'HARD_NONLINEAR': 1}
[874] order5big_6988: LINEAR (0.0s)  running={'THEOREM': 319, 'LINEAR': 512, 'SOLVED_FMB': 42, 'HARD_NONLINEAR': 1}
[875] order5big_6996: LINEAR (0.0s)  running={'THEOREM': 319, 'LINEAR': 513, 'SOLVED_FMB': 42, 'HARD_NONLINEAR': 1}
[876] order5big_7004: LINEAR (0.0s)  running={'THEOREM': 319, 'LINEAR': 514, 'SOLVED_FMB': 42, 'HARD_NONLINEAR': 1}
[877] order5big_7012: LINEAR (0.0s)  running={'THEOREM': 319, 'LINEAR': 515, 'SOLVED_FMB': 42, 'HARD_NONLINEAR': 1}
[878] order5big_7020: THEOREM (60.2s)  running={'THEOREM': 320, 'LINEAR': 515, 'SOLVED_FMB': 42, 'HARD_NONLINEAR': 1}
[879] order5big_7028: THEOREM (60.2s)  running={'THEOREM': 321, 'LINEAR': 515, 'SOLVED_FMB': 42, 'HARD_NONLINEAR': 1}
[880] order5big_7036: LINEAR (0.0s)  running={'THEOREM': 321, 'LINEAR': 516, 'SOLVED_FMB': 42, 'HARD_NONLINEAR': 1}
[881] order5big_7044: SOLVED_FMB (15.9s)  running={'THEOREM': 321, 'LINEAR': 516, 'SOLVED_FMB': 43, 'HARD_NONLINEAR': 1}
[882] order5big_7052: LINEAR (0.0s)  running={'THEOREM': 321, 'LINEAR': 517, 'SOLVED_FMB': 43, 'HARD_NONLINEAR': 1}
[883] order5big_7060: LINEAR (0.0s)  running={'THEOREM': 321, 'LINEAR': 518, 'SOLVED_FMB': 43, 'HARD_NONLINEAR': 1}
[884] order5big_7068: LINEAR (0.0s)  running={'THEOREM': 321, 'LINEAR': 519, 'SOLVED_FMB': 43, 'HARD_NONLINEAR': 1}
[885] order5big_7076: LINEAR (0.0s)  running={'THEOREM': 321, 'LINEAR': 520, 'SOLVED_FMB': 43, 'HARD_NONLINEAR': 1}
[886] order5big_7084: LINEAR (0.0s)  running={'THEOREM': 321, 'LINEAR': 521, 'SOLVED_FMB': 43, 'HARD_NONLINEAR': 1}
[887] order5big_7092: THEOREM (60.2s)  running={'THEOREM': 322, 'LINEAR': 521, 'SOLVED_FMB': 43, 'HARD_NONLINEAR': 1}
[888] order5big_7100: LINEAR (0.0s)  running={'THEOREM': 322, 'LINEAR': 522, 'SOLVED_FMB': 43, 'HARD_NONLINEAR': 1}
[889] order5big_7108: LINEAR (0.0s)  running={'THEOREM': 322, 'LINEAR': 523, 'SOLVED_FMB': 43, 'HARD_NONLINEAR': 1}
[890] order5big_7116: LINEAR (0.0s)  running={'THEOREM': 322, 'LINEAR': 524, 'SOLVED_FMB': 43, 'HARD_NONLINEAR': 1}
[891] order5big_7124: THEOREM (60.2s)  running={'THEOREM': 323, 'LINEAR': 524, 'SOLVED_FMB': 43, 'HARD_NONLINEAR': 1}
[892] order5big_7132: LINEAR (0.0s)  running={'THEOREM': 323, 'LINEAR': 525, 'SOLVED_FMB': 43, 'HARD_NONLINEAR': 1}
[893] order5big_7140: THEOREM (60.5s)  running={'THEOREM': 324, 'LINEAR': 525, 'SOLVED_FMB': 43, 'HARD_NONLINEAR': 1}
[894] order5big_7148: THEOREM (60.4s)  running={'THEOREM': 325, 'LINEAR': 525, 'SOLVED_FMB': 43, 'HARD_NONLINEAR': 1}
[895] order5big_7156: SOLVED_FMB (0.2s)  running={'THEOREM': 325, 'LINEAR': 525, 'SOLVED_FMB': 44, 'HARD_NONLINEAR': 1}
[896] order5big_7164: LINEAR (0.0s)  running={'THEOREM': 325, 'LINEAR': 526, 'SOLVED_FMB': 44, 'HARD_NONLINEAR': 1}
[897] order5big_7172: LINEAR (0.0s)  running={'THEOREM': 325, 'LINEAR': 527, 'SOLVED_FMB': 44, 'HARD_NONLINEAR': 1}
[898] order5big_7180: LINEAR (0.0s)  running={'THEOREM': 325, 'LINEAR': 528, 'SOLVED_FMB': 44, 'HARD_NONLINEAR': 1}
[899] order5big_7188: LINEAR (0.0s)  running={'THEOREM': 325, 'LINEAR': 529, 'SOLVED_FMB': 44, 'HARD_NONLINEAR': 1}
[900] order5big_7196: THEOREM (60.5s)  running={'THEOREM': 326, 'LINEAR': 529, 'SOLVED_FMB': 44, 'HARD_NONLINEAR': 1}
[901] order5big_7204: LINEAR (0.0s)  running={'THEOREM': 326, 'LINEAR': 530, 'SOLVED_FMB': 44, 'HARD_NONLINEAR': 1}
[902] order5big_7212: LINEAR (0.0s)  running={'THEOREM': 326, 'LINEAR': 531, 'SOLVED_FMB': 44, 'HARD_NONLINEAR': 1}
[903] order5big_7220: LINEAR (0.0s)  running={'THEOREM': 326, 'LINEAR': 532, 'SOLVED_FMB': 44, 'HARD_NONLINEAR': 1}
[904] order5big_7228: THEOREM (6.7s)  running={'THEOREM': 327, 'LINEAR': 532, 'SOLVED_FMB': 44, 'HARD_NONLINEAR': 1}
[905] order5big_7236: THEOREM (60.2s)  running={'THEOREM': 328, 'LINEAR': 532, 'SOLVED_FMB': 44, 'HARD_NONLINEAR': 1}
[906] order5big_7244: THEOREM (62.8s)  running={'THEOREM': 329, 'LINEAR': 532, 'SOLVED_FMB': 44, 'HARD_NONLINEAR': 1}
[907] order5big_7252: THEOREM (60.2s)  running={'THEOREM': 330, 'LINEAR': 532, 'SOLVED_FMB': 44, 'HARD_NONLINEAR': 1}
[908] order5big_7260: LINEAR (0.0s)  running={'THEOREM': 330, 'LINEAR': 533, 'SOLVED_FMB': 44, 'HARD_NONLINEAR': 1}
[909] order5big_7268: LINEAR (0.0s)  running={'THEOREM': 330, 'LINEAR': 534, 'SOLVED_FMB': 44, 'HARD_NONLINEAR': 1}
[910] order5big_7276: LINEAR (0.0s)  running={'THEOREM': 330, 'LINEAR': 535, 'SOLVED_FMB': 44, 'HARD_NONLINEAR': 1}
[911] order5big_7284: LINEAR (0.0s)  running={'THEOREM': 330, 'LINEAR': 536, 'SOLVED_FMB': 44, 'HARD_NONLINEAR': 1}
[912] order5big_7292: LINEAR (0.0s)  running={'THEOREM': 330, 'LINEAR': 537, 'SOLVED_FMB': 44, 'HARD_NONLINEAR': 1}
[913] order5big_7300: LINEAR (0.0s)  running={'THEOREM': 330, 'LINEAR': 538, 'SOLVED_FMB': 44, 'HARD_NONLINEAR': 1}
[914] order5big_7308: LINEAR (0.0s)  running={'THEOREM': 330, 'LINEAR': 539, 'SOLVED_FMB': 44, 'HARD_NONLINEAR': 1}
[915] order5big_7316: LINEAR (0.0s)  running={'THEOREM': 330, 'LINEAR': 540, 'SOLVED_FMB': 44, 'HARD_NONLINEAR': 1}
[916] order5big_7324: LINEAR (0.0s)  running={'THEOREM': 330, 'LINEAR': 541, 'SOLVED_FMB': 44, 'HARD_NONLINEAR': 1}
[917] order5big_7332: THEOREM (60.2s)  running={'THEOREM': 331, 'LINEAR': 541, 'SOLVED_FMB': 44, 'HARD_NONLINEAR': 1}
[918] order5big_7340: LINEAR (0.0s)  running={'THEOREM': 331, 'LINEAR': 542, 'SOLVED_FMB': 44, 'HARD_NONLINEAR': 1}
[919] order5big_7348: THEOREM (1.7s)  running={'THEOREM': 332, 'LINEAR': 542, 'SOLVED_FMB': 44, 'HARD_NONLINEAR': 1}
[920] order5big_7356: LINEAR (0.0s)  running={'THEOREM': 332, 'LINEAR': 543, 'SOLVED_FMB': 44, 'HARD_NONLINEAR': 1}
[921] order5big_7364: LINEAR (0.0s)  running={'THEOREM': 332, 'LINEAR': 544, 'SOLVED_FMB': 44, 'HARD_NONLINEAR': 1}
[922] order5big_7372: LINEAR (0.0s)  running={'THEOREM': 332, 'LINEAR': 545, 'SOLVED_FMB': 44, 'HARD_NONLINEAR': 1}
[923] order5big_7380: THEOREM (60.8s)  running={'THEOREM': 333, 'LINEAR': 545, 'SOLVED_FMB': 44, 'HARD_NONLINEAR': 1}
[924] order5big_7388: LINEAR (0.0s)  running={'THEOREM': 333, 'LINEAR': 546, 'SOLVED_FMB': 44, 'HARD_NONLINEAR': 1}
[925] order5big_7396: LINEAR (0.0s)  running={'THEOREM': 333, 'LINEAR': 547, 'SOLVED_FMB': 44, 'HARD_NONLINEAR': 1}
[926] order5big_7404: THEOREM (60.2s)  running={'THEOREM': 334, 'LINEAR': 547, 'SOLVED_FMB': 44, 'HARD_NONLINEAR': 1}
[927] order5big_7412: LINEAR (0.0s)  running={'THEOREM': 334, 'LINEAR': 548, 'SOLVED_FMB': 44, 'HARD_NONLINEAR': 1}
[928] order5big_7420: LINEAR (0.0s)  running={'THEOREM': 334, 'LINEAR': 549, 'SOLVED_FMB': 44, 'HARD_NONLINEAR': 1}
[929] order5big_7428: LINEAR (0.0s)  running={'THEOREM': 334, 'LINEAR': 550, 'SOLVED_FMB': 44, 'HARD_NONLINEAR': 1}
[930] order5big_7436: LINEAR (0.0s)  running={'THEOREM': 334, 'LINEAR': 551, 'SOLVED_FMB': 44, 'HARD_NONLINEAR': 1}
[931] order5big_7444: THEOREM (60.4s)  running={'THEOREM': 335, 'LINEAR': 551, 'SOLVED_FMB': 44, 'HARD_NONLINEAR': 1}
[932] order5big_7452: LINEAR (0.0s)  running={'THEOREM': 335, 'LINEAR': 552, 'SOLVED_FMB': 44, 'HARD_NONLINEAR': 1}
[933] order5big_7460: LINEAR (0.0s)  running={'THEOREM': 335, 'LINEAR': 553, 'SOLVED_FMB': 44, 'HARD_NONLINEAR': 1}
[934] order5big_7468: LINEAR (0.0s)  running={'THEOREM': 335, 'LINEAR': 554, 'SOLVED_FMB': 44, 'HARD_NONLINEAR': 1}
[935] order5big_7476: LINEAR (0.0s)  running={'THEOREM': 335, 'LINEAR': 555, 'SOLVED_FMB': 44, 'HARD_NONLINEAR': 1}
[936] order5big_7484: THEOREM (60.2s)  running={'THEOREM': 336, 'LINEAR': 555, 'SOLVED_FMB': 44, 'HARD_NONLINEAR': 1}
[937] order5big_7492: LINEAR (0.0s)  running={'THEOREM': 336, 'LINEAR': 556, 'SOLVED_FMB': 44, 'HARD_NONLINEAR': 1}
[938] order5big_7500: THEOREM (73.0s)  running={'THEOREM': 337, 'LINEAR': 556, 'SOLVED_FMB': 44, 'HARD_NONLINEAR': 1}
[939] order5big_7508: LINEAR (0.0s)  running={'THEOREM': 337, 'LINEAR': 557, 'SOLVED_FMB': 44, 'HARD_NONLINEAR': 1}
[940] order5big_7516: LINEAR (0.0s)  running={'THEOREM': 337, 'LINEAR': 558, 'SOLVED_FMB': 44, 'HARD_NONLINEAR': 1}
[941] order5big_7524: LINEAR (0.0s)  running={'THEOREM': 337, 'LINEAR': 559, 'SOLVED_FMB': 44, 'HARD_NONLINEAR': 1}
[942] order5big_7532: THEOREM (73.1s)  running={'THEOREM': 338, 'LINEAR': 559, 'SOLVED_FMB': 44, 'HARD_NONLINEAR': 1}
[943] order5big_7540: LINEAR (0.0s)  running={'THEOREM': 338, 'LINEAR': 560, 'SOLVED_FMB': 44, 'HARD_NONLINEAR': 1}
[944] order5big_7548: THEOREM (60.2s)  running={'THEOREM': 339, 'LINEAR': 560, 'SOLVED_FMB': 44, 'HARD_NONLINEAR': 1}
[945] order5big_7556: THEOREM (60.6s)  running={'THEOREM': 340, 'LINEAR': 560, 'SOLVED_FMB': 44, 'HARD_NONLINEAR': 1}
[946] order5big_7564: LINEAR (0.0s)  running={'THEOREM': 340, 'LINEAR': 561, 'SOLVED_FMB': 44, 'HARD_NONLINEAR': 1}
[947] order5big_7572: LINEAR (0.0s)  running={'THEOREM': 340, 'LINEAR': 562, 'SOLVED_FMB': 44, 'HARD_NONLINEAR': 1}
[948] order5big_7580: THEOREM (60.2s)  running={'THEOREM': 341, 'LINEAR': 562, 'SOLVED_FMB': 44, 'HARD_NONLINEAR': 1}
[949] order5big_7588: LINEAR (0.0s)  running={'THEOREM': 341, 'LINEAR': 563, 'SOLVED_FMB': 44, 'HARD_NONLINEAR': 1}
[950] order5big_7596: LINEAR (0.0s)  running={'THEOREM': 341, 'LINEAR': 564, 'SOLVED_FMB': 44, 'HARD_NONLINEAR': 1}
[951] order5big_7604: LINEAR (0.0s)  running={'THEOREM': 341, 'LINEAR': 565, 'SOLVED_FMB': 44, 'HARD_NONLINEAR': 1}
[952] order5big_7612: THEOREM (60.3s)  running={'THEOREM': 342, 'LINEAR': 565, 'SOLVED_FMB': 44, 'HARD_NONLINEAR': 1}
[953] order5big_7620: LINEAR (0.0s)  running={'THEOREM': 342, 'LINEAR': 566, 'SOLVED_FMB': 44, 'HARD_NONLINEAR': 1}
[954] order5big_7628: LINEAR (0.0s)  running={'THEOREM': 342, 'LINEAR': 567, 'SOLVED_FMB': 44, 'HARD_NONLINEAR': 1}
[955] order5big_7636: SOLVED_FMB (136.0s)  running={'THEOREM': 342, 'LINEAR': 567, 'SOLVED_FMB': 45, 'HARD_NONLINEAR': 1}
[956] order5big_7644: LINEAR (0.0s)  running={'THEOREM': 342, 'LINEAR': 568, 'SOLVED_FMB': 45, 'HARD_NONLINEAR': 1}
[957] order5big_7652: LINEAR (0.0s)  running={'THEOREM': 342, 'LINEAR': 569, 'SOLVED_FMB': 45, 'HARD_NONLINEAR': 1}
[958] order5big_7660: THEOREM (60.4s)  running={'THEOREM': 343, 'LINEAR': 569, 'SOLVED_FMB': 45, 'HARD_NONLINEAR': 1}
[959] order5big_7668: LINEAR (0.0s)  running={'THEOREM': 343, 'LINEAR': 570, 'SOLVED_FMB': 45, 'HARD_NONLINEAR': 1}
[960] order5big_7676: LINEAR (0.0s)  running={'THEOREM': 343, 'LINEAR': 571, 'SOLVED_FMB': 45, 'HARD_NONLINEAR': 1}
[961] order5big_7684: LINEAR (0.0s)  running={'THEOREM': 343, 'LINEAR': 572, 'SOLVED_FMB': 45, 'HARD_NONLINEAR': 1}
[962] order5big_7692: LINEAR (0.0s)  running={'THEOREM': 343, 'LINEAR': 573, 'SOLVED_FMB': 45, 'HARD_NONLINEAR': 1}
[963] order5big_7700: THEOREM (60.2s)  running={'THEOREM': 344, 'LINEAR': 573, 'SOLVED_FMB': 45, 'HARD_NONLINEAR': 1}
[964] order5big_7708: THEOREM (60.2s)  running={'THEOREM': 345, 'LINEAR': 573, 'SOLVED_FMB': 45, 'HARD_NONLINEAR': 1}
[965] order5big_7716: LINEAR (0.0s)  running={'THEOREM': 345, 'LINEAR': 574, 'SOLVED_FMB': 45, 'HARD_NONLINEAR': 1}
[966] order5big_7724: THEOREM (60.2s)  running={'THEOREM': 346, 'LINEAR': 574, 'SOLVED_FMB': 45, 'HARD_NONLINEAR': 1}
[967] order5big_7732: THEOREM (60.2s)  running={'THEOREM': 347, 'LINEAR': 574, 'SOLVED_FMB': 45, 'HARD_NONLINEAR': 1}
[968] order5big_7740: LINEAR (0.0s)  running={'THEOREM': 347, 'LINEAR': 575, 'SOLVED_FMB': 45, 'HARD_NONLINEAR': 1}
[969] order5big_7748: LINEAR (0.0s)  running={'THEOREM': 347, 'LINEAR': 576, 'SOLVED_FMB': 45, 'HARD_NONLINEAR': 1}
[970] order5big_7756: LINEAR (0.0s)  running={'THEOREM': 347, 'LINEAR': 577, 'SOLVED_FMB': 45, 'HARD_NONLINEAR': 1}
[971] order5big_7764: SOLVED_FMB (142.9s)  running={'THEOREM': 347, 'LINEAR': 577, 'SOLVED_FMB': 46, 'HARD_NONLINEAR': 1}
[972] order5big_7772: LINEAR (0.0s)  running={'THEOREM': 347, 'LINEAR': 578, 'SOLVED_FMB': 46, 'HARD_NONLINEAR': 1}
[973] order5big_7780: THEOREM (60.2s)  running={'THEOREM': 348, 'LINEAR': 578, 'SOLVED_FMB': 46, 'HARD_NONLINEAR': 1}
[974] order5big_7788: LINEAR (0.0s)  running={'THEOREM': 348, 'LINEAR': 579, 'SOLVED_FMB': 46, 'HARD_NONLINEAR': 1}
[975] order5big_7796: LINEAR (0.0s)  running={'THEOREM': 348, 'LINEAR': 580, 'SOLVED_FMB': 46, 'HARD_NONLINEAR': 1}
[976] order5big_7804: LINEAR (0.0s)  running={'THEOREM': 348, 'LINEAR': 581, 'SOLVED_FMB': 46, 'HARD_NONLINEAR': 1}
[977] order5big_7812: THEOREM (62.0s)  running={'THEOREM': 349, 'LINEAR': 581, 'SOLVED_FMB': 46, 'HARD_NONLINEAR': 1}
[978] order5big_7820: THEOREM (60.3s)  running={'THEOREM': 350, 'LINEAR': 581, 'SOLVED_FMB': 46, 'HARD_NONLINEAR': 1}
[979] order5big_7828: THEOREM (62.0s)  running={'THEOREM': 351, 'LINEAR': 581, 'SOLVED_FMB': 46, 'HARD_NONLINEAR': 1}
[980] order5big_7836: THEOREM (62.6s)  running={'THEOREM': 352, 'LINEAR': 581, 'SOLVED_FMB': 46, 'HARD_NONLINEAR': 1}
[981] order5big_7844: LINEAR (0.0s)  running={'THEOREM': 352, 'LINEAR': 582, 'SOLVED_FMB': 46, 'HARD_NONLINEAR': 1}
[982] order5big_7852: THEOREM (204.8s)  running={'THEOREM': 353, 'LINEAR': 582, 'SOLVED_FMB': 46, 'HARD_NONLINEAR': 1}
[983] order5big_7860: LINEAR (0.0s)  running={'THEOREM': 353, 'LINEAR': 583, 'SOLVED_FMB': 46, 'HARD_NONLINEAR': 1}
[984] order5big_7868: LINEAR (0.0s)  running={'THEOREM': 353, 'LINEAR': 584, 'SOLVED_FMB': 46, 'HARD_NONLINEAR': 1}
[985] order5big_7876: THEOREM (62.8s)  running={'THEOREM': 354, 'LINEAR': 584, 'SOLVED_FMB': 46, 'HARD_NONLINEAR': 1}
[986] order5big_7884: LINEAR (0.0s)  running={'THEOREM': 354, 'LINEAR': 585, 'SOLVED_FMB': 46, 'HARD_NONLINEAR': 1}
[987] order5big_7892: LINEAR (0.0s)  running={'THEOREM': 354, 'LINEAR': 586, 'SOLVED_FMB': 46, 'HARD_NONLINEAR': 1}
[988] order5big_7900: THEOREM (60.1s)  running={'THEOREM': 355, 'LINEAR': 586, 'SOLVED_FMB': 46, 'HARD_NONLINEAR': 1}
[989] order5big_7908: LINEAR (0.0s)  running={'THEOREM': 355, 'LINEAR': 587, 'SOLVED_FMB': 46, 'HARD_NONLINEAR': 1}
[990] order5big_7916: LINEAR (0.0s)  running={'THEOREM': 355, 'LINEAR': 588, 'SOLVED_FMB': 46, 'HARD_NONLINEAR': 1}
[991] order5big_7924: THEOREM (0.5s)  running={'THEOREM': 356, 'LINEAR': 588, 'SOLVED_FMB': 46, 'HARD_NONLINEAR': 1}
[992] order5big_7932: LINEAR (0.0s)  running={'THEOREM': 356, 'LINEAR': 589, 'SOLVED_FMB': 46, 'HARD_NONLINEAR': 1}
[993] order5big_7940: LINEAR (0.0s)  running={'THEOREM': 356, 'LINEAR': 590, 'SOLVED_FMB': 46, 'HARD_NONLINEAR': 1}
[994] order5big_7948: LINEAR (0.0s)  running={'THEOREM': 356, 'LINEAR': 591, 'SOLVED_FMB': 46, 'HARD_NONLINEAR': 1}
[995] order5big_7956: THEOREM (62.1s)  running={'THEOREM': 357, 'LINEAR': 591, 'SOLVED_FMB': 46, 'HARD_NONLINEAR': 1}
[996] order5big_7964: THEOREM (60.2s)  running={'THEOREM': 358, 'LINEAR': 591, 'SOLVED_FMB': 46, 'HARD_NONLINEAR': 1}
[997] order5big_7972: THEOREM (3.0s)  running={'THEOREM': 359, 'LINEAR': 591, 'SOLVED_FMB': 46, 'HARD_NONLINEAR': 1}
[998] order5big_7980: THEOREM (60.6s)  running={'THEOREM': 360, 'LINEAR': 591, 'SOLVED_FMB': 46, 'HARD_NONLINEAR': 1}
[999] order5big_7988: LINEAR (0.0s)  running={'THEOREM': 360, 'LINEAR': 592, 'SOLVED_FMB': 46, 'HARD_NONLINEAR': 1}
[1000] order5big_7996: LINEAR (0.0s)  running={'THEOREM': 360, 'LINEAR': 593, 'SOLVED_FMB': 46, 'HARD_NONLINEAR': 1}
[1001] order5big_8004: LINEAR (0.0s)  running={'THEOREM': 360, 'LINEAR': 594, 'SOLVED_FMB': 46, 'HARD_NONLINEAR': 1}
[1002] order5big_8012: THEOREM (60.2s)  running={'THEOREM': 361, 'LINEAR': 594, 'SOLVED_FMB': 46, 'HARD_NONLINEAR': 1}
[1003] order5big_8020: LINEAR (0.0s)  running={'THEOREM': 361, 'LINEAR': 595, 'SOLVED_FMB': 46, 'HARD_NONLINEAR': 1}
[1004] order5big_8028: LINEAR (0.0s)  running={'THEOREM': 361, 'LINEAR': 596, 'SOLVED_FMB': 46, 'HARD_NONLINEAR': 1}
[1005] order5big_8036: LINEAR (0.0s)  running={'THEOREM': 361, 'LINEAR': 597, 'SOLVED_FMB': 46, 'HARD_NONLINEAR': 1}
[1006] order5big_8044: LINEAR (0.0s)  running={'THEOREM': 361, 'LINEAR': 598, 'SOLVED_FMB': 46, 'HARD_NONLINEAR': 1}
[1007] order5big_8052: LINEAR (0.0s)  running={'THEOREM': 361, 'LINEAR': 599, 'SOLVED_FMB': 46, 'HARD_NONLINEAR': 1}
[1008] order5big_8060: THEOREM (60.5s)  running={'THEOREM': 362, 'LINEAR': 599, 'SOLVED_FMB': 46, 'HARD_NONLINEAR': 1}
[1009] order5big_8068: LINEAR (0.0s)  running={'THEOREM': 362, 'LINEAR': 600, 'SOLVED_FMB': 46, 'HARD_NONLINEAR': 1}
[1010] order5big_8076: THEOREM (61.2s)  running={'THEOREM': 363, 'LINEAR': 600, 'SOLVED_FMB': 46, 'HARD_NONLINEAR': 1}
[1011] order5big_8084: THEOREM (60.2s)  running={'THEOREM': 364, 'LINEAR': 600, 'SOLVED_FMB': 46, 'HARD_NONLINEAR': 1}
[1012] order5big_8092: LINEAR (0.0s)  running={'THEOREM': 364, 'LINEAR': 601, 'SOLVED_FMB': 46, 'HARD_NONLINEAR': 1}
[1013] order5big_8100: THEOREM (60.2s)  running={'THEOREM': 365, 'LINEAR': 601, 'SOLVED_FMB': 46, 'HARD_NONLINEAR': 1}
[1014] order5big_8108: LINEAR (0.0s)  running={'THEOREM': 365, 'LINEAR': 602, 'SOLVED_FMB': 46, 'HARD_NONLINEAR': 1}
[1015] order5big_8116: THEOREM (60.2s)  running={'THEOREM': 366, 'LINEAR': 602, 'SOLVED_FMB': 46, 'HARD_NONLINEAR': 1}
[1016] order5big_8124: THEOREM (60.4s)  running={'THEOREM': 367, 'LINEAR': 602, 'SOLVED_FMB': 46, 'HARD_NONLINEAR': 1}
[1017] order5big_8132: THEOREM (60.2s)  running={'THEOREM': 368, 'LINEAR': 602, 'SOLVED_FMB': 46, 'HARD_NONLINEAR': 1}
[1018] order5big_8140: LINEAR (0.0s)  running={'THEOREM': 368, 'LINEAR': 603, 'SOLVED_FMB': 46, 'HARD_NONLINEAR': 1}
[1019] order5big_8148: THEOREM (60.2s)  running={'THEOREM': 369, 'LINEAR': 603, 'SOLVED_FMB': 46, 'HARD_NONLINEAR': 1}
[1020] order5big_8156: THEOREM (60.2s)  running={'THEOREM': 370, 'LINEAR': 603, 'SOLVED_FMB': 46, 'HARD_NONLINEAR': 1}
[1021] order5big_8164: SOLVED_FMB (2.1s)  running={'THEOREM': 370, 'LINEAR': 603, 'SOLVED_FMB': 47, 'HARD_NONLINEAR': 1}
[1022] order5big_8172: LINEAR (0.0s)  running={'THEOREM': 370, 'LINEAR': 604, 'SOLVED_FMB': 47, 'HARD_NONLINEAR': 1}
[1023] order5big_8180: THEOREM (60.2s)  running={'THEOREM': 371, 'LINEAR': 604, 'SOLVED_FMB': 47, 'HARD_NONLINEAR': 1}
[1024] order5big_8188: LINEAR (0.0s)  running={'THEOREM': 371, 'LINEAR': 605, 'SOLVED_FMB': 47, 'HARD_NONLINEAR': 1}
[1025] order5big_8196: LINEAR (0.0s)  running={'THEOREM': 371, 'LINEAR': 606, 'SOLVED_FMB': 47, 'HARD_NONLINEAR': 1}
[1026] order5big_8204: THEOREM (62.6s)  running={'THEOREM': 372, 'LINEAR': 606, 'SOLVED_FMB': 47, 'HARD_NONLINEAR': 1}
[1027] order5big_8212: LINEAR (0.0s)  running={'THEOREM': 372, 'LINEAR': 607, 'SOLVED_FMB': 47, 'HARD_NONLINEAR': 1}
[1028] order5big_8220: LINEAR (0.0s)  running={'THEOREM': 372, 'LINEAR': 608, 'SOLVED_FMB': 47, 'HARD_NONLINEAR': 1}
[1029] order5big_8228: LINEAR (0.0s)  running={'THEOREM': 372, 'LINEAR': 609, 'SOLVED_FMB': 47, 'HARD_NONLINEAR': 1}
[1030] order5big_8236: THEOREM (60.6s)  running={'THEOREM': 373, 'LINEAR': 609, 'SOLVED_FMB': 47, 'HARD_NONLINEAR': 1}
[1031] order5big_8244: HARD_NONLINEAR (61.4s)  running={'THEOREM': 373, 'LINEAR': 609, 'SOLVED_FMB': 47, 'HARD_NONLINEAR': 2}
[1032] order5big_8252: THEOREM (60.2s)  running={'THEOREM': 374, 'LINEAR': 609, 'SOLVED_FMB': 47, 'HARD_NONLINEAR': 2}
[1033] order5big_8260: LINEAR (0.0s)  running={'THEOREM': 374, 'LINEAR': 610, 'SOLVED_FMB': 47, 'HARD_NONLINEAR': 2}
[1034] order5big_8268: HARD_NONLINEAR (120.3s)  running={'THEOREM': 374, 'LINEAR': 610, 'SOLVED_FMB': 47, 'HARD_NONLINEAR': 3}
[1035] order5big_8276: LINEAR (0.0s)  running={'THEOREM': 374, 'LINEAR': 611, 'SOLVED_FMB': 47, 'HARD_NONLINEAR': 3}
[1036] order5big_8284: LINEAR (0.0s)  running={'THEOREM': 374, 'LINEAR': 612, 'SOLVED_FMB': 47, 'HARD_NONLINEAR': 3}
[1037] order5big_8292: LINEAR (0.0s)  running={'THEOREM': 374, 'LINEAR': 613, 'SOLVED_FMB': 47, 'HARD_NONLINEAR': 3}
[1038] order5big_8300: THEOREM (60.3s)  running={'THEOREM': 375, 'LINEAR': 613, 'SOLVED_FMB': 47, 'HARD_NONLINEAR': 3}
[1039] order5big_8308: THEOREM (60.5s)  running={'THEOREM': 376, 'LINEAR': 613, 'SOLVED_FMB': 47, 'HARD_NONLINEAR': 3}
[1040] order5big_8316: THEOREM (60.2s)  running={'THEOREM': 377, 'LINEAR': 613, 'SOLVED_FMB': 47, 'HARD_NONLINEAR': 3}
[1041] order5big_8324: LINEAR (0.0s)  running={'THEOREM': 377, 'LINEAR': 614, 'SOLVED_FMB': 47, 'HARD_NONLINEAR': 3}
[1042] order5big_8332: LINEAR (0.0s)  running={'THEOREM': 377, 'LINEAR': 615, 'SOLVED_FMB': 47, 'HARD_NONLINEAR': 3}
[1043] order5big_8340: SOLVED_FMB (0.3s)  running={'THEOREM': 377, 'LINEAR': 615, 'SOLVED_FMB': 48, 'HARD_NONLINEAR': 3}
[1044] order5big_8348: LINEAR (0.0s)  running={'THEOREM': 377, 'LINEAR': 616, 'SOLVED_FMB': 48, 'HARD_NONLINEAR': 3}
[1045] order5big_8356: THEOREM (60.2s)  running={'THEOREM': 378, 'LINEAR': 616, 'SOLVED_FMB': 48, 'HARD_NONLINEAR': 3}
[1046] order5big_8364: THEOREM (60.1s)  running={'THEOREM': 379, 'LINEAR': 616, 'SOLVED_FMB': 48, 'HARD_NONLINEAR': 3}
[1047] order5big_8372: LINEAR (0.0s)  running={'THEOREM': 379, 'LINEAR': 617, 'SOLVED_FMB': 48, 'HARD_NONLINEAR': 3}
[1048] order5big_8380: LINEAR (0.0s)  running={'THEOREM': 379, 'LINEAR': 618, 'SOLVED_FMB': 48, 'HARD_NONLINEAR': 3}
[1049] order5big_8388: LINEAR (0.0s)  running={'THEOREM': 379, 'LINEAR': 619, 'SOLVED_FMB': 48, 'HARD_NONLINEAR': 3}
[1050] order5big_8396: LINEAR (0.0s)  running={'THEOREM': 379, 'LINEAR': 620, 'SOLVED_FMB': 48, 'HARD_NONLINEAR': 3}
[1051] order5big_8404: LINEAR (0.0s)  running={'THEOREM': 379, 'LINEAR': 621, 'SOLVED_FMB': 48, 'HARD_NONLINEAR': 3}
[1052] order5big_8412: THEOREM (60.2s)  running={'THEOREM': 380, 'LINEAR': 621, 'SOLVED_FMB': 48, 'HARD_NONLINEAR': 3}
[1053] order5big_8420: LINEAR (0.0s)  running={'THEOREM': 380, 'LINEAR': 622, 'SOLVED_FMB': 48, 'HARD_NONLINEAR': 3}
[1054] order5big_8428: LINEAR (0.0s)  running={'THEOREM': 380, 'LINEAR': 623, 'SOLVED_FMB': 48, 'HARD_NONLINEAR': 3}
[1055] order5big_8436: THEOREM (60.4s)  running={'THEOREM': 381, 'LINEAR': 623, 'SOLVED_FMB': 48, 'HARD_NONLINEAR': 3}
[1056] order5big_8444: LINEAR (0.0s)  running={'THEOREM': 381, 'LINEAR': 624, 'SOLVED_FMB': 48, 'HARD_NONLINEAR': 3}
[1057] order5big_8452: THEOREM (60.6s)  running={'THEOREM': 382, 'LINEAR': 624, 'SOLVED_FMB': 48, 'HARD_NONLINEAR': 3}
[1058] order5big_8460: LINEAR (0.0s)  running={'THEOREM': 382, 'LINEAR': 625, 'SOLVED_FMB': 48, 'HARD_NONLINEAR': 3}
[1059] order5big_8468: SOLVED_FMB (1.6s)  running={'THEOREM': 382, 'LINEAR': 625, 'SOLVED_FMB': 49, 'HARD_NONLINEAR': 3}
[1060] order5big_8476: LINEAR (0.0s)  running={'THEOREM': 382, 'LINEAR': 626, 'SOLVED_FMB': 49, 'HARD_NONLINEAR': 3}
[1061] order5big_8484: LINEAR (0.0s)  running={'THEOREM': 382, 'LINEAR': 627, 'SOLVED_FMB': 49, 'HARD_NONLINEAR': 3}
[1062] order5big_8492: THEOREM (60.2s)  running={'THEOREM': 383, 'LINEAR': 627, 'SOLVED_FMB': 49, 'HARD_NONLINEAR': 3}
[1063] order5big_8500: THEOREM (60.2s)  running={'THEOREM': 384, 'LINEAR': 627, 'SOLVED_FMB': 49, 'HARD_NONLINEAR': 3}
[1064] order5big_8508: THEOREM (60.1s)  running={'THEOREM': 385, 'LINEAR': 627, 'SOLVED_FMB': 49, 'HARD_NONLINEAR': 3}
[1065] order5big_8516: LINEAR (0.0s)  running={'THEOREM': 385, 'LINEAR': 628, 'SOLVED_FMB': 49, 'HARD_NONLINEAR': 3}
[1066] order5big_8524: LINEAR (0.0s)  running={'THEOREM': 385, 'LINEAR': 629, 'SOLVED_FMB': 49, 'HARD_NONLINEAR': 3}
[1067] order5big_8532: THEOREM (60.3s)  running={'THEOREM': 386, 'LINEAR': 629, 'SOLVED_FMB': 49, 'HARD_NONLINEAR': 3}
[1068] order5big_8540: THEOREM (60.2s)  running={'THEOREM': 387, 'LINEAR': 629, 'SOLVED_FMB': 49, 'HARD_NONLINEAR': 3}
[1069] order5big_8548: SOLVED_FMB (0.3s)  running={'THEOREM': 387, 'LINEAR': 629, 'SOLVED_FMB': 50, 'HARD_NONLINEAR': 3}
[1070] order5big_8556: LINEAR (0.0s)  running={'THEOREM': 387, 'LINEAR': 630, 'SOLVED_FMB': 50, 'HARD_NONLINEAR': 3}
[1071] order5big_8564: LINEAR (0.0s)  running={'THEOREM': 387, 'LINEAR': 631, 'SOLVED_FMB': 50, 'HARD_NONLINEAR': 3}
[1072] order5big_8572: THEOREM (60.2s)  running={'THEOREM': 388, 'LINEAR': 631, 'SOLVED_FMB': 50, 'HARD_NONLINEAR': 3}
[1073] order5big_8580: LINEAR (0.0s)  running={'THEOREM': 388, 'LINEAR': 632, 'SOLVED_FMB': 50, 'HARD_NONLINEAR': 3}
[1074] order5big_8588: THEOREM (60.3s)  running={'THEOREM': 389, 'LINEAR': 632, 'SOLVED_FMB': 50, 'HARD_NONLINEAR': 3}
[1075] order5big_8596: LINEAR (0.0s)  running={'THEOREM': 389, 'LINEAR': 633, 'SOLVED_FMB': 50, 'HARD_NONLINEAR': 3}
[1076] order5big_8604: HARD_NONLINEAR (120.1s)  running={'THEOREM': 389, 'LINEAR': 633, 'SOLVED_FMB': 50, 'HARD_NONLINEAR': 4}
[1077] order5big_8612: THEOREM (60.2s)  running={'THEOREM': 390, 'LINEAR': 633, 'SOLVED_FMB': 50, 'HARD_NONLINEAR': 4}
[1078] order5big_8620: LINEAR (0.0s)  running={'THEOREM': 390, 'LINEAR': 634, 'SOLVED_FMB': 50, 'HARD_NONLINEAR': 4}
[1079] order5big_8628: LINEAR (0.0s)  running={'THEOREM': 390, 'LINEAR': 635, 'SOLVED_FMB': 50, 'HARD_NONLINEAR': 4}
[1080] order5big_8636: LINEAR (0.0s)  running={'THEOREM': 390, 'LINEAR': 636, 'SOLVED_FMB': 50, 'HARD_NONLINEAR': 4}
[1081] order5big_8644: THEOREM (60.4s)  running={'THEOREM': 391, 'LINEAR': 636, 'SOLVED_FMB': 50, 'HARD_NONLINEAR': 4}
[1082] order5big_8652: LINEAR (0.0s)  running={'THEOREM': 391, 'LINEAR': 637, 'SOLVED_FMB': 50, 'HARD_NONLINEAR': 4}
[1083] order5big_8660: THEOREM (60.2s)  running={'THEOREM': 392, 'LINEAR': 637, 'SOLVED_FMB': 50, 'HARD_NONLINEAR': 4}
[1084] order5big_8668: THEOREM (60.3s)  running={'THEOREM': 393, 'LINEAR': 637, 'SOLVED_FMB': 50, 'HARD_NONLINEAR': 4}
[1085] order5big_8676: HARD_NONLINEAR (120.1s)  running={'THEOREM': 393, 'LINEAR': 637, 'SOLVED_FMB': 50, 'HARD_NONLINEAR': 5}
[1086] order5big_8684: THEOREM (60.2s)  running={'THEOREM': 394, 'LINEAR': 637, 'SOLVED_FMB': 50, 'HARD_NONLINEAR': 5}
[1087] order5big_8692: THEOREM (61.6s)  running={'THEOREM': 395, 'LINEAR': 637, 'SOLVED_FMB': 50, 'HARD_NONLINEAR': 5}
[1088] order5big_8700: THEOREM (5.3s)  running={'THEOREM': 396, 'LINEAR': 637, 'SOLVED_FMB': 50, 'HARD_NONLINEAR': 5}
[1089] order5big_8708: THEOREM (60.2s)  running={'THEOREM': 397, 'LINEAR': 637, 'SOLVED_FMB': 50, 'HARD_NONLINEAR': 5}
[1090] order5big_8716: THEOREM (60.4s)  running={'THEOREM': 398, 'LINEAR': 637, 'SOLVED_FMB': 50, 'HARD_NONLINEAR': 5}
[1091] order5big_8724: LINEAR (0.0s)  running={'THEOREM': 398, 'LINEAR': 638, 'SOLVED_FMB': 50, 'HARD_NONLINEAR': 5}
[1092] order5big_8732: LINEAR (0.0s)  running={'THEOREM': 398, 'LINEAR': 639, 'SOLVED_FMB': 50, 'HARD_NONLINEAR': 5}
[1093] order5big_8740: LINEAR (0.0s)  running={'THEOREM': 398, 'LINEAR': 640, 'SOLVED_FMB': 50, 'HARD_NONLINEAR': 5}
[1094] order5big_8748: THEOREM (60.3s)  running={'THEOREM': 399, 'LINEAR': 640, 'SOLVED_FMB': 50, 'HARD_NONLINEAR': 5}
[1095] order5big_8756: THEOREM (60.4s)  running={'THEOREM': 400, 'LINEAR': 640, 'SOLVED_FMB': 50, 'HARD_NONLINEAR': 5}
[1096] order5big_8764: LINEAR (0.0s)  running={'THEOREM': 400, 'LINEAR': 641, 'SOLVED_FMB': 50, 'HARD_NONLINEAR': 5}
[1097] order5big_8772: LINEAR (0.0s)  running={'THEOREM': 400, 'LINEAR': 642, 'SOLVED_FMB': 50, 'HARD_NONLINEAR': 5}
[1098] order5big_8780: LINEAR (0.0s)  running={'THEOREM': 400, 'LINEAR': 643, 'SOLVED_FMB': 50, 'HARD_NONLINEAR': 5}
[1099] order5big_8788: THEOREM (60.7s)  running={'THEOREM': 401, 'LINEAR': 643, 'SOLVED_FMB': 50, 'HARD_NONLINEAR': 5}
[1100] order5big_8796: LINEAR (0.0s)  running={'THEOREM': 401, 'LINEAR': 644, 'SOLVED_FMB': 50, 'HARD_NONLINEAR': 5}
[1101] order5big_8804: LINEAR (0.0s)  running={'THEOREM': 401, 'LINEAR': 645, 'SOLVED_FMB': 50, 'HARD_NONLINEAR': 5}
[1102] order5big_8812: THEOREM (60.1s)  running={'THEOREM': 402, 'LINEAR': 645, 'SOLVED_FMB': 50, 'HARD_NONLINEAR': 5}
[1103] order5big_8820: THEOREM (4.9s)  running={'THEOREM': 403, 'LINEAR': 645, 'SOLVED_FMB': 50, 'HARD_NONLINEAR': 5}
[1104] order5big_8828: LINEAR (0.0s)  running={'THEOREM': 403, 'LINEAR': 646, 'SOLVED_FMB': 50, 'HARD_NONLINEAR': 5}
[1105] order5big_8836: LINEAR (0.0s)  running={'THEOREM': 403, 'LINEAR': 647, 'SOLVED_FMB': 50, 'HARD_NONLINEAR': 5}
[1106] order5big_8844: LINEAR (0.0s)  running={'THEOREM': 403, 'LINEAR': 648, 'SOLVED_FMB': 50, 'HARD_NONLINEAR': 5}
[1107] order5big_8852: LINEAR (0.0s)  running={'THEOREM': 403, 'LINEAR': 649, 'SOLVED_FMB': 50, 'HARD_NONLINEAR': 5}
[1108] order5big_8860: THEOREM (60.5s)  running={'THEOREM': 404, 'LINEAR': 649, 'SOLVED_FMB': 50, 'HARD_NONLINEAR': 5}
[1109] order5big_8868: THEOREM (60.3s)  running={'THEOREM': 405, 'LINEAR': 649, 'SOLVED_FMB': 50, 'HARD_NONLINEAR': 5}
[1110] order5big_8876: THEOREM (60.2s)  running={'THEOREM': 406, 'LINEAR': 649, 'SOLVED_FMB': 50, 'HARD_NONLINEAR': 5}
[1111] order5big_8884: THEOREM (60.2s)  running={'THEOREM': 407, 'LINEAR': 649, 'SOLVED_FMB': 50, 'HARD_NONLINEAR': 5}
[1112] order5big_8892: LINEAR (0.0s)  running={'THEOREM': 407, 'LINEAR': 650, 'SOLVED_FMB': 50, 'HARD_NONLINEAR': 5}
[1113] order5big_8900: LINEAR (0.0s)  running={'THEOREM': 407, 'LINEAR': 651, 'SOLVED_FMB': 50, 'HARD_NONLINEAR': 5}
[1114] order5big_8908: THEOREM (60.4s)  running={'THEOREM': 408, 'LINEAR': 651, 'SOLVED_FMB': 50, 'HARD_NONLINEAR': 5}
[1115] order5big_8916: LINEAR (0.0s)  running={'THEOREM': 408, 'LINEAR': 652, 'SOLVED_FMB': 50, 'HARD_NONLINEAR': 5}
[1116] order5big_8924: LINEAR (0.0s)  running={'THEOREM': 408, 'LINEAR': 653, 'SOLVED_FMB': 50, 'HARD_NONLINEAR': 5}
[1117] order5big_8932: THEOREM (60.2s)  running={'THEOREM': 409, 'LINEAR': 653, 'SOLVED_FMB': 50, 'HARD_NONLINEAR': 5}
[1118] order5big_8940: THEOREM (60.2s)  running={'THEOREM': 410, 'LINEAR': 653, 'SOLVED_FMB': 50, 'HARD_NONLINEAR': 5}
[1119] order5big_8948: THEOREM (60.4s)  running={'THEOREM': 411, 'LINEAR': 653, 'SOLVED_FMB': 50, 'HARD_NONLINEAR': 5}
[1120] order5big_8956: LINEAR (0.0s)  running={'THEOREM': 411, 'LINEAR': 654, 'SOLVED_FMB': 50, 'HARD_NONLINEAR': 5}
[1121] order5big_8964: LINEAR (0.0s)  running={'THEOREM': 411, 'LINEAR': 655, 'SOLVED_FMB': 50, 'HARD_NONLINEAR': 5}
[1122] order5big_8972: LINEAR (0.0s)  running={'THEOREM': 411, 'LINEAR': 656, 'SOLVED_FMB': 50, 'HARD_NONLINEAR': 5}
[1123] order5big_8980: THEOREM (37.1s)  running={'THEOREM': 412, 'LINEAR': 656, 'SOLVED_FMB': 50, 'HARD_NONLINEAR': 5}
[1124] order5big_8988: LINEAR (0.0s)  running={'THEOREM': 412, 'LINEAR': 657, 'SOLVED_FMB': 50, 'HARD_NONLINEAR': 5}
[1125] order5big_8996: THEOREM (60.2s)  running={'THEOREM': 413, 'LINEAR': 657, 'SOLVED_FMB': 50, 'HARD_NONLINEAR': 5}
[1126] order5big_9004: LINEAR (0.0s)  running={'THEOREM': 413, 'LINEAR': 658, 'SOLVED_FMB': 50, 'HARD_NONLINEAR': 5}
[1127] order5big_9012: LINEAR (0.0s)  running={'THEOREM': 413, 'LINEAR': 659, 'SOLVED_FMB': 50, 'HARD_NONLINEAR': 5}
[1128] order5big_9020: THEOREM (60.2s)  running={'THEOREM': 414, 'LINEAR': 659, 'SOLVED_FMB': 50, 'HARD_NONLINEAR': 5}
[1129] order5big_9028: LINEAR (0.0s)  running={'THEOREM': 414, 'LINEAR': 660, 'SOLVED_FMB': 50, 'HARD_NONLINEAR': 5}
[1130] order5big_9036: THEOREM (60.2s)  running={'THEOREM': 415, 'LINEAR': 660, 'SOLVED_FMB': 50, 'HARD_NONLINEAR': 5}
[1131] order5big_9044: THEOREM (60.2s)  running={'THEOREM': 416, 'LINEAR': 660, 'SOLVED_FMB': 50, 'HARD_NONLINEAR': 5}
[1132] order5big_9052: LINEAR (0.0s)  running={'THEOREM': 416, 'LINEAR': 661, 'SOLVED_FMB': 50, 'HARD_NONLINEAR': 5}
[1133] order5big_9060: SOLVED_FMB (1.3s)  running={'THEOREM': 416, 'LINEAR': 661, 'SOLVED_FMB': 51, 'HARD_NONLINEAR': 5}
[1134] order5big_9068: LINEAR (0.0s)  running={'THEOREM': 416, 'LINEAR': 662, 'SOLVED_FMB': 51, 'HARD_NONLINEAR': 5}
[1135] order5big_9076: THEOREM (60.6s)  running={'THEOREM': 417, 'LINEAR': 662, 'SOLVED_FMB': 51, 'HARD_NONLINEAR': 5}
[1136] order5big_9084: LINEAR (0.0s)  running={'THEOREM': 417, 'LINEAR': 663, 'SOLVED_FMB': 51, 'HARD_NONLINEAR': 5}
[1137] order5big_9092: LINEAR (0.0s)  running={'THEOREM': 417, 'LINEAR': 664, 'SOLVED_FMB': 51, 'HARD_NONLINEAR': 5}
[1138] order5big_9100: THEOREM (60.5s)  running={'THEOREM': 418, 'LINEAR': 664, 'SOLVED_FMB': 51, 'HARD_NONLINEAR': 5}
[1139] order5big_9108: LINEAR (0.0s)  running={'THEOREM': 418, 'LINEAR': 665, 'SOLVED_FMB': 51, 'HARD_NONLINEAR': 5}
[1140] order5big_9116: THEOREM (60.2s)  running={'THEOREM': 419, 'LINEAR': 665, 'SOLVED_FMB': 51, 'HARD_NONLINEAR': 5}
[1141] order5big_9124: LINEAR (0.0s)  running={'THEOREM': 419, 'LINEAR': 666, 'SOLVED_FMB': 51, 'HARD_NONLINEAR': 5}
[1142] order5big_9132: LINEAR (0.0s)  running={'THEOREM': 419, 'LINEAR': 667, 'SOLVED_FMB': 51, 'HARD_NONLINEAR': 5}
[1143] order5big_9140: LINEAR (0.0s)  running={'THEOREM': 419, 'LINEAR': 668, 'SOLVED_FMB': 51, 'HARD_NONLINEAR': 5}
[1144] order5big_9148: THEOREM (60.5s)  running={'THEOREM': 420, 'LINEAR': 668, 'SOLVED_FMB': 51, 'HARD_NONLINEAR': 5}
[1145] order5big_9156: LINEAR (0.0s)  running={'THEOREM': 420, 'LINEAR': 669, 'SOLVED_FMB': 51, 'HARD_NONLINEAR': 5}
[1146] order5big_9164: THEOREM (60.3s)  running={'THEOREM': 421, 'LINEAR': 669, 'SOLVED_FMB': 51, 'HARD_NONLINEAR': 5}
[1147] order5big_9172: THEOREM (65.3s)  running={'THEOREM': 422, 'LINEAR': 669, 'SOLVED_FMB': 51, 'HARD_NONLINEAR': 5}
[1148] order5big_9180: LINEAR (0.0s)  running={'THEOREM': 422, 'LINEAR': 670, 'SOLVED_FMB': 51, 'HARD_NONLINEAR': 5}
[1149] order5big_9188: LINEAR (0.0s)  running={'THEOREM': 422, 'LINEAR': 671, 'SOLVED_FMB': 51, 'HARD_NONLINEAR': 5}
[1150] order5big_9196: THEOREM (61.2s)  running={'THEOREM': 423, 'LINEAR': 671, 'SOLVED_FMB': 51, 'HARD_NONLINEAR': 5}
[1151] order5big_9204: LINEAR (0.0s)  running={'THEOREM': 423, 'LINEAR': 672, 'SOLVED_FMB': 51, 'HARD_NONLINEAR': 5}
[1152] order5big_9212: THEOREM (269.3s)  running={'THEOREM': 424, 'LINEAR': 672, 'SOLVED_FMB': 51, 'HARD_NONLINEAR': 5}
[1153] order5big_9220: THEOREM (60.1s)  running={'THEOREM': 425, 'LINEAR': 672, 'SOLVED_FMB': 51, 'HARD_NONLINEAR': 5}
[1154] order5big_9228: THEOREM (60.2s)  running={'THEOREM': 426, 'LINEAR': 672, 'SOLVED_FMB': 51, 'HARD_NONLINEAR': 5}
[1155] order5big_9236: THEOREM (60.7s)  running={'THEOREM': 427, 'LINEAR': 672, 'SOLVED_FMB': 51, 'HARD_NONLINEAR': 5}
[1156] order5big_9244: LINEAR (0.0s)  running={'THEOREM': 427, 'LINEAR': 673, 'SOLVED_FMB': 51, 'HARD_NONLINEAR': 5}
[1157] order5big_9252: LINEAR (0.0s)  running={'THEOREM': 427, 'LINEAR': 674, 'SOLVED_FMB': 51, 'HARD_NONLINEAR': 5}
[1158] order5big_9260: LINEAR (0.0s)  running={'THEOREM': 427, 'LINEAR': 675, 'SOLVED_FMB': 51, 'HARD_NONLINEAR': 5}
[1159] order5big_9268: THEOREM (60.2s)  running={'THEOREM': 428, 'LINEAR': 675, 'SOLVED_FMB': 51, 'HARD_NONLINEAR': 5}
[1160] order5big_9276: LINEAR (0.0s)  running={'THEOREM': 428, 'LINEAR': 676, 'SOLVED_FMB': 51, 'HARD_NONLINEAR': 5}
[1161] order5big_9284: LINEAR (0.0s)  running={'THEOREM': 428, 'LINEAR': 677, 'SOLVED_FMB': 51, 'HARD_NONLINEAR': 5}
[1162] order5big_9292: LINEAR (0.0s)  running={'THEOREM': 428, 'LINEAR': 678, 'SOLVED_FMB': 51, 'HARD_NONLINEAR': 5}
[1163] order5big_9300: LINEAR (0.0s)  running={'THEOREM': 428, 'LINEAR': 679, 'SOLVED_FMB': 51, 'HARD_NONLINEAR': 5}
[1164] order5big_9308: THEOREM (60.2s)  running={'THEOREM': 429, 'LINEAR': 679, 'SOLVED_FMB': 51, 'HARD_NONLINEAR': 5}
[1165] order5big_9316: LINEAR (0.0s)  running={'THEOREM': 429, 'LINEAR': 680, 'SOLVED_FMB': 51, 'HARD_NONLINEAR': 5}
[1166] order5big_9324: LINEAR (0.0s)  running={'THEOREM': 429, 'LINEAR': 681, 'SOLVED_FMB': 51, 'HARD_NONLINEAR': 5}
[1167] order5big_9332: LINEAR (0.0s)  running={'THEOREM': 429, 'LINEAR': 682, 'SOLVED_FMB': 51, 'HARD_NONLINEAR': 5}
[1168] order5big_9340: LINEAR (0.0s)  running={'THEOREM': 429, 'LINEAR': 683, 'SOLVED_FMB': 51, 'HARD_NONLINEAR': 5}
[1169] order5big_9348: LINEAR (0.0s)  running={'THEOREM': 429, 'LINEAR': 684, 'SOLVED_FMB': 51, 'HARD_NONLINEAR': 5}
[1170] order5big_9356: LINEAR (0.0s)  running={'THEOREM': 429, 'LINEAR': 685, 'SOLVED_FMB': 51, 'HARD_NONLINEAR': 5}
[1171] order5big_9364: THEOREM (60.2s)  running={'THEOREM': 430, 'LINEAR': 685, 'SOLVED_FMB': 51, 'HARD_NONLINEAR': 5}
[1172] order5big_9372: THEOREM (60.3s)  running={'THEOREM': 431, 'LINEAR': 685, 'SOLVED_FMB': 51, 'HARD_NONLINEAR': 5}
[1173] order5big_9380: LINEAR (0.0s)  running={'THEOREM': 431, 'LINEAR': 686, 'SOLVED_FMB': 51, 'HARD_NONLINEAR': 5}
[1174] order5big_9388: LINEAR (0.0s)  running={'THEOREM': 431, 'LINEAR': 687, 'SOLVED_FMB': 51, 'HARD_NONLINEAR': 5}
[1175] order5big_9396: THEOREM (60.5s)  running={'THEOREM': 432, 'LINEAR': 687, 'SOLVED_FMB': 51, 'HARD_NONLINEAR': 5}
[1176] order5big_9404: LINEAR (0.0s)  running={'THEOREM': 432, 'LINEAR': 688, 'SOLVED_FMB': 51, 'HARD_NONLINEAR': 5}
[1177] order5big_9412: LINEAR (0.0s)  running={'THEOREM': 432, 'LINEAR': 689, 'SOLVED_FMB': 51, 'HARD_NONLINEAR': 5}
[1178] order5big_9420: LINEAR (0.0s)  running={'THEOREM': 432, 'LINEAR': 690, 'SOLVED_FMB': 51, 'HARD_NONLINEAR': 5}
[1179] order5big_9428: LINEAR (0.0s)  running={'THEOREM': 432, 'LINEAR': 691, 'SOLVED_FMB': 51, 'HARD_NONLINEAR': 5}
[1180] order5big_9436: LINEAR (0.0s)  running={'THEOREM': 432, 'LINEAR': 692, 'SOLVED_FMB': 51, 'HARD_NONLINEAR': 5}
[1181] order5big_9444: THEOREM (60.2s)  running={'THEOREM': 433, 'LINEAR': 692, 'SOLVED_FMB': 51, 'HARD_NONLINEAR': 5}
[1182] order5big_9452: LINEAR (0.0s)  running={'THEOREM': 433, 'LINEAR': 693, 'SOLVED_FMB': 51, 'HARD_NONLINEAR': 5}
[1183] order5big_9460: LINEAR (0.0s)  running={'THEOREM': 433, 'LINEAR': 694, 'SOLVED_FMB': 51, 'HARD_NONLINEAR': 5}
[1184] order5big_9468: THEOREM (60.2s)  running={'THEOREM': 434, 'LINEAR': 694, 'SOLVED_FMB': 51, 'HARD_NONLINEAR': 5}
[1185] order5big_9476: THEOREM (60.2s)  running={'THEOREM': 435, 'LINEAR': 694, 'SOLVED_FMB': 51, 'HARD_NONLINEAR': 5}
[1186] order5big_9484: THEOREM (60.4s)  running={'THEOREM': 436, 'LINEAR': 694, 'SOLVED_FMB': 51, 'HARD_NONLINEAR': 5}
[1187] order5big_9492: LINEAR (0.0s)  running={'THEOREM': 436, 'LINEAR': 695, 'SOLVED_FMB': 51, 'HARD_NONLINEAR': 5}
[1188] order5big_9500: THEOREM (60.2s)  running={'THEOREM': 437, 'LINEAR': 695, 'SOLVED_FMB': 51, 'HARD_NONLINEAR': 5}
[1189] order5big_9508: LINEAR (0.0s)  running={'THEOREM': 437, 'LINEAR': 696, 'SOLVED_FMB': 51, 'HARD_NONLINEAR': 5}
[1190] order5big_9516: LINEAR (0.0s)  running={'THEOREM': 437, 'LINEAR': 697, 'SOLVED_FMB': 51, 'HARD_NONLINEAR': 5}
[1191] order5big_9524: THEOREM (60.2s)  running={'THEOREM': 438, 'LINEAR': 697, 'SOLVED_FMB': 51, 'HARD_NONLINEAR': 5}
[1192] order5big_9532: LINEAR (0.0s)  running={'THEOREM': 438, 'LINEAR': 698, 'SOLVED_FMB': 51, 'HARD_NONLINEAR': 5}
[1193] order5big_9540: THEOREM (60.6s)  running={'THEOREM': 439, 'LINEAR': 698, 'SOLVED_FMB': 51, 'HARD_NONLINEAR': 5}
[1194] order5big_9548: LINEAR (0.0s)  running={'THEOREM': 439, 'LINEAR': 699, 'SOLVED_FMB': 51, 'HARD_NONLINEAR': 5}
[1195] order5big_9556: THEOREM (0.5s)  running={'THEOREM': 440, 'LINEAR': 699, 'SOLVED_FMB': 51, 'HARD_NONLINEAR': 5}
[1196] order5big_9564: LINEAR (0.0s)  running={'THEOREM': 440, 'LINEAR': 700, 'SOLVED_FMB': 51, 'HARD_NONLINEAR': 5}
[1197] order5big_9572: LINEAR (0.0s)  running={'THEOREM': 440, 'LINEAR': 701, 'SOLVED_FMB': 51, 'HARD_NONLINEAR': 5}
[1198] order5big_9580: THEOREM (60.5s)  running={'THEOREM': 441, 'LINEAR': 701, 'SOLVED_FMB': 51, 'HARD_NONLINEAR': 5}
[1199] order5big_9588: THEOREM (60.2s)  running={'THEOREM': 442, 'LINEAR': 701, 'SOLVED_FMB': 51, 'HARD_NONLINEAR': 5}
[1200] order5big_9596: LINEAR (0.0s)  running={'THEOREM': 442, 'LINEAR': 702, 'SOLVED_FMB': 51, 'HARD_NONLINEAR': 5}
[1201] order5big_9604: LINEAR (0.0s)  running={'THEOREM': 442, 'LINEAR': 703, 'SOLVED_FMB': 51, 'HARD_NONLINEAR': 5}
[1202] order5big_9612: THEOREM (60.2s)  running={'THEOREM': 443, 'LINEAR': 703, 'SOLVED_FMB': 51, 'HARD_NONLINEAR': 5}
[1203] order5big_9620: LINEAR (0.0s)  running={'THEOREM': 443, 'LINEAR': 704, 'SOLVED_FMB': 51, 'HARD_NONLINEAR': 5}
[1204] order5big_9628: LINEAR (0.0s)  running={'THEOREM': 443, 'LINEAR': 705, 'SOLVED_FMB': 51, 'HARD_NONLINEAR': 5}
[1205] order5big_9636: LINEAR (0.0s)  running={'THEOREM': 443, 'LINEAR': 706, 'SOLVED_FMB': 51, 'HARD_NONLINEAR': 5}
[1206] order5big_9644: LINEAR (0.0s)  running={'THEOREM': 443, 'LINEAR': 707, 'SOLVED_FMB': 51, 'HARD_NONLINEAR': 5}
[1207] order5big_9652: LINEAR (0.0s)  running={'THEOREM': 443, 'LINEAR': 708, 'SOLVED_FMB': 51, 'HARD_NONLINEAR': 5}
[1208] order5big_9660: LINEAR (0.0s)  running={'THEOREM': 443, 'LINEAR': 709, 'SOLVED_FMB': 51, 'HARD_NONLINEAR': 5}
[1209] order5big_9668: LINEAR (0.0s)  running={'THEOREM': 443, 'LINEAR': 710, 'SOLVED_FMB': 51, 'HARD_NONLINEAR': 5}
[1210] order5big_9676: THEOREM (60.6s)  running={'THEOREM': 444, 'LINEAR': 710, 'SOLVED_FMB': 51, 'HARD_NONLINEAR': 5}
[1211] order5big_9684: THEOREM (60.5s)  running={'THEOREM': 445, 'LINEAR': 710, 'SOLVED_FMB': 51, 'HARD_NONLINEAR': 5}
[1212] order5big_9692: LINEAR (0.0s)  running={'THEOREM': 445, 'LINEAR': 711, 'SOLVED_FMB': 51, 'HARD_NONLINEAR': 5}
[1213] order5big_9700: LINEAR (0.0s)  running={'THEOREM': 445, 'LINEAR': 712, 'SOLVED_FMB': 51, 'HARD_NONLINEAR': 5}
[1214] order5big_9708: LINEAR (0.0s)  running={'THEOREM': 445, 'LINEAR': 713, 'SOLVED_FMB': 51, 'HARD_NONLINEAR': 5}
[1215] order5big_9716: LINEAR (0.0s)  running={'THEOREM': 445, 'LINEAR': 714, 'SOLVED_FMB': 51, 'HARD_NONLINEAR': 5}
[1216] order5big_9724: LINEAR (0.0s)  running={'THEOREM': 445, 'LINEAR': 715, 'SOLVED_FMB': 51, 'HARD_NONLINEAR': 5}
[1217] order5big_9732: THEOREM (60.5s)  running={'THEOREM': 446, 'LINEAR': 715, 'SOLVED_FMB': 51, 'HARD_NONLINEAR': 5}
[1218] order5big_9740: LINEAR (0.0s)  running={'THEOREM': 446, 'LINEAR': 716, 'SOLVED_FMB': 51, 'HARD_NONLINEAR': 5}
[1219] order5big_9748: LINEAR (0.0s)  running={'THEOREM': 446, 'LINEAR': 717, 'SOLVED_FMB': 51, 'HARD_NONLINEAR': 5}
[1220] order5big_9756: THEOREM (60.2s)  running={'THEOREM': 447, 'LINEAR': 717, 'SOLVED_FMB': 51, 'HARD_NONLINEAR': 5}
[1221] order5big_9764: LINEAR (0.0s)  running={'THEOREM': 447, 'LINEAR': 718, 'SOLVED_FMB': 51, 'HARD_NONLINEAR': 5}
[1222] order5big_9772: LINEAR (0.0s)  running={'THEOREM': 447, 'LINEAR': 719, 'SOLVED_FMB': 51, 'HARD_NONLINEAR': 5}
[1223] order5big_9780: THEOREM (60.2s)  running={'THEOREM': 448, 'LINEAR': 719, 'SOLVED_FMB': 51, 'HARD_NONLINEAR': 5}
[1224] order5big_9788: THEOREM (60.2s)  running={'THEOREM': 449, 'LINEAR': 719, 'SOLVED_FMB': 51, 'HARD_NONLINEAR': 5}
[1225] order5big_9796: THEOREM (60.2s)  running={'THEOREM': 450, 'LINEAR': 719, 'SOLVED_FMB': 51, 'HARD_NONLINEAR': 5}
[1226] order5big_9804: LINEAR (0.0s)  running={'THEOREM': 450, 'LINEAR': 720, 'SOLVED_FMB': 51, 'HARD_NONLINEAR': 5}
[1227] order5big_9812: THEOREM (60.7s)  running={'THEOREM': 451, 'LINEAR': 720, 'SOLVED_FMB': 51, 'HARD_NONLINEAR': 5}
[1228] order5big_9820: THEOREM (60.2s)  running={'THEOREM': 452, 'LINEAR': 720, 'SOLVED_FMB': 51, 'HARD_NONLINEAR': 5}
[1229] order5big_9828: THEOREM (60.2s)  running={'THEOREM': 453, 'LINEAR': 720, 'SOLVED_FMB': 51, 'HARD_NONLINEAR': 5}
[1230] order5big_9836: LINEAR (0.0s)  running={'THEOREM': 453, 'LINEAR': 721, 'SOLVED_FMB': 51, 'HARD_NONLINEAR': 5}
[1231] order5big_9844: THEOREM (60.2s)  running={'THEOREM': 454, 'LINEAR': 721, 'SOLVED_FMB': 51, 'HARD_NONLINEAR': 5}
[1232] order5big_9852: THEOREM (60.7s)  running={'THEOREM': 455, 'LINEAR': 721, 'SOLVED_FMB': 51, 'HARD_NONLINEAR': 5}
[1233] order5big_9860: LINEAR (0.0s)  running={'THEOREM': 455, 'LINEAR': 722, 'SOLVED_FMB': 51, 'HARD_NONLINEAR': 5}
[1234] order5big_9868: THEOREM (60.2s)  running={'THEOREM': 456, 'LINEAR': 722, 'SOLVED_FMB': 51, 'HARD_NONLINEAR': 5}
[1235] order5big_9876: LINEAR (0.0s)  running={'THEOREM': 456, 'LINEAR': 723, 'SOLVED_FMB': 51, 'HARD_NONLINEAR': 5}
[1236] order5big_9884: SOLVED_FMB (0.1s)  running={'THEOREM': 456, 'LINEAR': 723, 'SOLVED_FMB': 52, 'HARD_NONLINEAR': 5}
[1237] order5big_9892: THEOREM (60.2s)  running={'THEOREM': 457, 'LINEAR': 723, 'SOLVED_FMB': 52, 'HARD_NONLINEAR': 5}
[1238] order5big_9900: THEOREM (60.2s)  running={'THEOREM': 458, 'LINEAR': 723, 'SOLVED_FMB': 52, 'HARD_NONLINEAR': 5}
[1239] order5big_9908: LINEAR (0.0s)  running={'THEOREM': 458, 'LINEAR': 724, 'SOLVED_FMB': 52, 'HARD_NONLINEAR': 5}
[1240] order5big_9916: LINEAR (0.0s)  running={'THEOREM': 458, 'LINEAR': 725, 'SOLVED_FMB': 52, 'HARD_NONLINEAR': 5}
[1241] order5big_9924: LINEAR (0.0s)  running={'THEOREM': 458, 'LINEAR': 726, 'SOLVED_FMB': 52, 'HARD_NONLINEAR': 5}
[1242] order5big_9932: SOLVED_FMB (1.5s)  running={'THEOREM': 458, 'LINEAR': 726, 'SOLVED_FMB': 53, 'HARD_NONLINEAR': 5}
[1243] order5big_9940: THEOREM (60.3s)  running={'THEOREM': 459, 'LINEAR': 726, 'SOLVED_FMB': 53, 'HARD_NONLINEAR': 5}
[1244] order5big_9948: THEOREM (60.2s)  running={'THEOREM': 460, 'LINEAR': 726, 'SOLVED_FMB': 53, 'HARD_NONLINEAR': 5}
[1245] order5big_9956: THEOREM (60.4s)  running={'THEOREM': 461, 'LINEAR': 726, 'SOLVED_FMB': 53, 'HARD_NONLINEAR': 5}
[1246] order5big_9964: THEOREM (60.4s)  running={'THEOREM': 462, 'LINEAR': 726, 'SOLVED_FMB': 53, 'HARD_NONLINEAR': 5}
[1247] order5big_9972: THEOREM (60.5s)  running={'THEOREM': 463, 'LINEAR': 726, 'SOLVED_FMB': 53, 'HARD_NONLINEAR': 5}
[1248] order5big_9980: THEOREM (60.2s)  running={'THEOREM': 464, 'LINEAR': 726, 'SOLVED_FMB': 53, 'HARD_NONLINEAR': 5}
[1249] order5big_9988: THEOREM (60.2s)  running={'THEOREM': 465, 'LINEAR': 726, 'SOLVED_FMB': 53, 'HARD_NONLINEAR': 5}
[1250] order5big_9996: LINEAR (0.0s)  running={'THEOREM': 465, 'LINEAR': 727, 'SOLVED_FMB': 53, 'HARD_NONLINEAR': 5}
[1251] order5big_10004: THEOREM (60.2s)  running={'THEOREM': 466, 'LINEAR': 727, 'SOLVED_FMB': 53, 'HARD_NONLINEAR': 5}
[1252] order5big_10012: LINEAR (0.0s)  running={'THEOREM': 466, 'LINEAR': 728, 'SOLVED_FMB': 53, 'HARD_NONLINEAR': 5}
[1253] order5big_10020: THEOREM (60.2s)  running={'THEOREM': 467, 'LINEAR': 728, 'SOLVED_FMB': 53, 'HARD_NONLINEAR': 5}
[1254] order5big_10028: THEOREM (60.2s)  running={'THEOREM': 468, 'LINEAR': 728, 'SOLVED_FMB': 53, 'HARD_NONLINEAR': 5}
[1255] order5big_10036: LINEAR (0.0s)  running={'THEOREM': 468, 'LINEAR': 729, 'SOLVED_FMB': 53, 'HARD_NONLINEAR': 5}
[1256] order5big_10044: LINEAR (0.0s)  running={'THEOREM': 468, 'LINEAR': 730, 'SOLVED_FMB': 53, 'HARD_NONLINEAR': 5}
[1257] order5big_10052: LINEAR (0.0s)  running={'THEOREM': 468, 'LINEAR': 731, 'SOLVED_FMB': 53, 'HARD_NONLINEAR': 5}
[1258] order5big_10060: LINEAR (0.0s)  running={'THEOREM': 468, 'LINEAR': 732, 'SOLVED_FMB': 53, 'HARD_NONLINEAR': 5}
[1259] order5big_10068: HARD_NONLINEAR (120.1s)  running={'THEOREM': 468, 'LINEAR': 732, 'SOLVED_FMB': 53, 'HARD_NONLINEAR': 6}
[1260] order5big_10076: THEOREM (60.2s)  running={'THEOREM': 469, 'LINEAR': 732, 'SOLVED_FMB': 53, 'HARD_NONLINEAR': 6}
[1261] order5big_10084: THEOREM (62.7s)  running={'THEOREM': 470, 'LINEAR': 732, 'SOLVED_FMB': 53, 'HARD_NONLINEAR': 6}
[1262] order5big_10092: LINEAR (0.0s)  running={'THEOREM': 470, 'LINEAR': 733, 'SOLVED_FMB': 53, 'HARD_NONLINEAR': 6}
[1263] order5big_10100: LINEAR (0.0s)  running={'THEOREM': 470, 'LINEAR': 734, 'SOLVED_FMB': 53, 'HARD_NONLINEAR': 6}
[1264] order5big_10108: THEOREM (60.2s)  running={'THEOREM': 471, 'LINEAR': 734, 'SOLVED_FMB': 53, 'HARD_NONLINEAR': 6}
[1265] order5big_10116: LINEAR (0.0s)  running={'THEOREM': 471, 'LINEAR': 735, 'SOLVED_FMB': 53, 'HARD_NONLINEAR': 6}
[1266] order5big_10124: LINEAR (0.0s)  running={'THEOREM': 471, 'LINEAR': 736, 'SOLVED_FMB': 53, 'HARD_NONLINEAR': 6}
[1267] order5big_10132: THEOREM (0.8s)  running={'THEOREM': 472, 'LINEAR': 736, 'SOLVED_FMB': 53, 'HARD_NONLINEAR': 6}
[1268] order5big_10140: LINEAR (0.0s)  running={'THEOREM': 472, 'LINEAR': 737, 'SOLVED_FMB': 53, 'HARD_NONLINEAR': 6}
[1269] order5big_10148: LINEAR (0.0s)  running={'THEOREM': 472, 'LINEAR': 738, 'SOLVED_FMB': 53, 'HARD_NONLINEAR': 6}
[1270] order5big_10156: LINEAR (0.0s)  running={'THEOREM': 472, 'LINEAR': 739, 'SOLVED_FMB': 53, 'HARD_NONLINEAR': 6}
[1271] order5big_10164: LINEAR (0.0s)  running={'THEOREM': 472, 'LINEAR': 740, 'SOLVED_FMB': 53, 'HARD_NONLINEAR': 6}
[1272] order5big_10172: LINEAR (0.0s)  running={'THEOREM': 472, 'LINEAR': 741, 'SOLVED_FMB': 53, 'HARD_NONLINEAR': 6}
[1273] order5big_10180: LINEAR (0.0s)  running={'THEOREM': 472, 'LINEAR': 742, 'SOLVED_FMB': 53, 'HARD_NONLINEAR': 6}
[1274] order5big_10188: THEOREM (60.7s)  running={'THEOREM': 473, 'LINEAR': 742, 'SOLVED_FMB': 53, 'HARD_NONLINEAR': 6}
[1275] order5big_10196: THEOREM (60.4s)  running={'THEOREM': 474, 'LINEAR': 742, 'SOLVED_FMB': 53, 'HARD_NONLINEAR': 6}
[1276] order5big_10204: THEOREM (63.6s)  running={'THEOREM': 475, 'LINEAR': 742, 'SOLVED_FMB': 53, 'HARD_NONLINEAR': 6}
[1277] order5big_10212: THEOREM (63.5s)  running={'THEOREM': 476, 'LINEAR': 742, 'SOLVED_FMB': 53, 'HARD_NONLINEAR': 6}
[1278] order5big_10220: THEOREM (60.6s)  running={'THEOREM': 477, 'LINEAR': 742, 'SOLVED_FMB': 53, 'HARD_NONLINEAR': 6}
[1279] order5big_10228: THEOREM (60.2s)  running={'THEOREM': 478, 'LINEAR': 742, 'SOLVED_FMB': 53, 'HARD_NONLINEAR': 6}
[1280] order5big_10236: THEOREM (60.2s)  running={'THEOREM': 479, 'LINEAR': 742, 'SOLVED_FMB': 53, 'HARD_NONLINEAR': 6}
[1281] order5big_10244: LINEAR (0.0s)  running={'THEOREM': 479, 'LINEAR': 743, 'SOLVED_FMB': 53, 'HARD_NONLINEAR': 6}
[1282] order5big_10252: THEOREM (60.2s)  running={'THEOREM': 480, 'LINEAR': 743, 'SOLVED_FMB': 53, 'HARD_NONLINEAR': 6}
[1283] order5big_10260: LINEAR (0.0s)  running={'THEOREM': 480, 'LINEAR': 744, 'SOLVED_FMB': 53, 'HARD_NONLINEAR': 6}
[1284] order5big_10268: THEOREM (60.3s)  running={'THEOREM': 481, 'LINEAR': 744, 'SOLVED_FMB': 53, 'HARD_NONLINEAR': 6}
[1285] order5big_10276: LINEAR (0.0s)  running={'THEOREM': 481, 'LINEAR': 745, 'SOLVED_FMB': 53, 'HARD_NONLINEAR': 6}
[1286] order5big_10284: THEOREM (60.2s)  running={'THEOREM': 482, 'LINEAR': 745, 'SOLVED_FMB': 53, 'HARD_NONLINEAR': 6}
[1287] order5big_10292: LINEAR (0.0s)  running={'THEOREM': 482, 'LINEAR': 746, 'SOLVED_FMB': 53, 'HARD_NONLINEAR': 6}
[1288] order5big_10300: LINEAR (0.0s)  running={'THEOREM': 482, 'LINEAR': 747, 'SOLVED_FMB': 53, 'HARD_NONLINEAR': 6}
[1289] order5big_10308: LINEAR (0.0s)  running={'THEOREM': 482, 'LINEAR': 748, 'SOLVED_FMB': 53, 'HARD_NONLINEAR': 6}
[1290] order5big_10316: LINEAR (0.0s)  running={'THEOREM': 482, 'LINEAR': 749, 'SOLVED_FMB': 53, 'HARD_NONLINEAR': 6}
[1291] order5big_10324: LINEAR (0.0s)  running={'THEOREM': 482, 'LINEAR': 750, 'SOLVED_FMB': 53, 'HARD_NONLINEAR': 6}
[1292] order5big_10332: LINEAR (0.0s)  running={'THEOREM': 482, 'LINEAR': 751, 'SOLVED_FMB': 53, 'HARD_NONLINEAR': 6}
[1293] order5big_10340: THEOREM (60.2s)  running={'THEOREM': 483, 'LINEAR': 751, 'SOLVED_FMB': 53, 'HARD_NONLINEAR': 6}
[1294] order5big_10348: THEOREM (60.2s)  running={'THEOREM': 484, 'LINEAR': 751, 'SOLVED_FMB': 53, 'HARD_NONLINEAR': 6}
[1295] order5big_10356: THEOREM (60.6s)  running={'THEOREM': 485, 'LINEAR': 751, 'SOLVED_FMB': 53, 'HARD_NONLINEAR': 6}
[1296] order5big_10364: THEOREM (60.2s)  running={'THEOREM': 486, 'LINEAR': 751, 'SOLVED_FMB': 53, 'HARD_NONLINEAR': 6}
[1297] order5big_10372: THEOREM (60.2s)  running={'THEOREM': 487, 'LINEAR': 751, 'SOLVED_FMB': 53, 'HARD_NONLINEAR': 6}
[1298] order5big_10380: THEOREM (60.2s)  running={'THEOREM': 488, 'LINEAR': 751, 'SOLVED_FMB': 53, 'HARD_NONLINEAR': 6}
[1299] order5big_10388: THEOREM (60.2s)  running={'THEOREM': 489, 'LINEAR': 751, 'SOLVED_FMB': 53, 'HARD_NONLINEAR': 6}
[1300] order5big_10396: LINEAR (0.0s)  running={'THEOREM': 489, 'LINEAR': 752, 'SOLVED_FMB': 53, 'HARD_NONLINEAR': 6}
[1301] order5big_10404: THEOREM (60.2s)  running={'THEOREM': 490, 'LINEAR': 752, 'SOLVED_FMB': 53, 'HARD_NONLINEAR': 6}
[1302] order5big_10412: LINEAR (0.0s)  running={'THEOREM': 490, 'LINEAR': 753, 'SOLVED_FMB': 53, 'HARD_NONLINEAR': 6}
[1303] order5big_10420: LINEAR (0.0s)  running={'THEOREM': 490, 'LINEAR': 754, 'SOLVED_FMB': 53, 'HARD_NONLINEAR': 6}
[1304] order5big_10428: THEOREM (60.2s)  running={'THEOREM': 491, 'LINEAR': 754, 'SOLVED_FMB': 53, 'HARD_NONLINEAR': 6}
[1305] order5big_10436: THEOREM (3.0s)  running={'THEOREM': 492, 'LINEAR': 754, 'SOLVED_FMB': 53, 'HARD_NONLINEAR': 6}
[1306] order5big_10444: LINEAR (0.0s)  running={'THEOREM': 492, 'LINEAR': 755, 'SOLVED_FMB': 53, 'HARD_NONLINEAR': 6}
[1307] order5big_10452: THEOREM (60.3s)  running={'THEOREM': 493, 'LINEAR': 755, 'SOLVED_FMB': 53, 'HARD_NONLINEAR': 6}
[1308] order5big_10460: THEOREM (60.2s)  running={'THEOREM': 494, 'LINEAR': 755, 'SOLVED_FMB': 53, 'HARD_NONLINEAR': 6}
[1309] order5big_10468: LINEAR (0.0s)  running={'THEOREM': 494, 'LINEAR': 756, 'SOLVED_FMB': 53, 'HARD_NONLINEAR': 6}
[1310] order5big_10476: THEOREM (62.8s)  running={'THEOREM': 495, 'LINEAR': 756, 'SOLVED_FMB': 53, 'HARD_NONLINEAR': 6}
[1311] order5big_10484: THEOREM (60.2s)  running={'THEOREM': 496, 'LINEAR': 756, 'SOLVED_FMB': 53, 'HARD_NONLINEAR': 6}
[1312] order5big_10492: LINEAR (0.0s)  running={'THEOREM': 496, 'LINEAR': 757, 'SOLVED_FMB': 53, 'HARD_NONLINEAR': 6}
[1313] order5big_10500: LINEAR (0.0s)  running={'THEOREM': 496, 'LINEAR': 758, 'SOLVED_FMB': 53, 'HARD_NONLINEAR': 6}
[1314] order5big_10508: LINEAR (0.0s)  running={'THEOREM': 496, 'LINEAR': 759, 'SOLVED_FMB': 53, 'HARD_NONLINEAR': 6}
[1315] order5big_10516: LINEAR (0.0s)  running={'THEOREM': 496, 'LINEAR': 760, 'SOLVED_FMB': 53, 'HARD_NONLINEAR': 6}
[1316] order5big_10524: THEOREM (60.2s)  running={'THEOREM': 497, 'LINEAR': 760, 'SOLVED_FMB': 53, 'HARD_NONLINEAR': 6}
[1317] order5big_10532: LINEAR (0.0s)  running={'THEOREM': 497, 'LINEAR': 761, 'SOLVED_FMB': 53, 'HARD_NONLINEAR': 6}
[1318] order5big_10540: LINEAR (0.0s)  running={'THEOREM': 497, 'LINEAR': 762, 'SOLVED_FMB': 53, 'HARD_NONLINEAR': 6}
[1319] order5big_10548: LINEAR (0.0s)  running={'THEOREM': 497, 'LINEAR': 763, 'SOLVED_FMB': 53, 'HARD_NONLINEAR': 6}
[1320] order5big_10556: LINEAR (0.0s)  running={'THEOREM': 497, 'LINEAR': 764, 'SOLVED_FMB': 53, 'HARD_NONLINEAR': 6}
[1321] order5big_10564: LINEAR (0.0s)  running={'THEOREM': 497, 'LINEAR': 765, 'SOLVED_FMB': 53, 'HARD_NONLINEAR': 6}
[1322] order5big_10572: LINEAR (0.0s)  running={'THEOREM': 497, 'LINEAR': 766, 'SOLVED_FMB': 53, 'HARD_NONLINEAR': 6}
[1323] order5big_10580: THEOREM (60.2s)  running={'THEOREM': 498, 'LINEAR': 766, 'SOLVED_FMB': 53, 'HARD_NONLINEAR': 6}
[1324] order5big_10588: LINEAR (0.0s)  running={'THEOREM': 498, 'LINEAR': 767, 'SOLVED_FMB': 53, 'HARD_NONLINEAR': 6}
[1325] order5big_10596: THEOREM (60.4s)  running={'THEOREM': 499, 'LINEAR': 767, 'SOLVED_FMB': 53, 'HARD_NONLINEAR': 6}
[1326] order5big_10604: SOLVED_FMB (1.2s)  running={'THEOREM': 499, 'LINEAR': 767, 'SOLVED_FMB': 54, 'HARD_NONLINEAR': 6}
[1327] order5big_10612: LINEAR (0.0s)  running={'THEOREM': 499, 'LINEAR': 768, 'SOLVED_FMB': 54, 'HARD_NONLINEAR': 6}
[1328] order5big_10620: LINEAR (0.0s)  running={'THEOREM': 499, 'LINEAR': 769, 'SOLVED_FMB': 54, 'HARD_NONLINEAR': 6}
[1329] order5big_10628: LINEAR (0.0s)  running={'THEOREM': 499, 'LINEAR': 770, 'SOLVED_FMB': 54, 'HARD_NONLINEAR': 6}
[1330] order5big_10636: LINEAR (0.0s)  running={'THEOREM': 499, 'LINEAR': 771, 'SOLVED_FMB': 54, 'HARD_NONLINEAR': 6}
[1331] order5big_10644: LINEAR (0.0s)  running={'THEOREM': 499, 'LINEAR': 772, 'SOLVED_FMB': 54, 'HARD_NONLINEAR': 6}
[1332] order5big_10652: SOLVED_FMB (2.6s)  running={'THEOREM': 499, 'LINEAR': 772, 'SOLVED_FMB': 55, 'HARD_NONLINEAR': 6}
[1333] order5big_10660: LINEAR (0.0s)  running={'THEOREM': 499, 'LINEAR': 773, 'SOLVED_FMB': 55, 'HARD_NONLINEAR': 6}
[1334] order5big_10668: THEOREM (60.4s)  running={'THEOREM': 500, 'LINEAR': 773, 'SOLVED_FMB': 55, 'HARD_NONLINEAR': 6}
[1335] order5big_10676: SOLVED_FMB (11.7s)  running={'THEOREM': 500, 'LINEAR': 773, 'SOLVED_FMB': 56, 'HARD_NONLINEAR': 6}
[1336] order5big_10684: THEOREM (60.2s)  running={'THEOREM': 501, 'LINEAR': 773, 'SOLVED_FMB': 56, 'HARD_NONLINEAR': 6}
[1337] order5big_10692: THEOREM (62.3s)  running={'THEOREM': 502, 'LINEAR': 773, 'SOLVED_FMB': 56, 'HARD_NONLINEAR': 6}
[1338] order5big_10700: THEOREM (65.2s)  running={'THEOREM': 503, 'LINEAR': 773, 'SOLVED_FMB': 56, 'HARD_NONLINEAR': 6}
[1339] order5big_10708: LINEAR (0.0s)  running={'THEOREM': 503, 'LINEAR': 774, 'SOLVED_FMB': 56, 'HARD_NONLINEAR': 6}
[1340] order5big_10716: LINEAR (0.0s)  running={'THEOREM': 503, 'LINEAR': 775, 'SOLVED_FMB': 56, 'HARD_NONLINEAR': 6}
[1341] order5big_10724: THEOREM (60.1s)  running={'THEOREM': 504, 'LINEAR': 775, 'SOLVED_FMB': 56, 'HARD_NONLINEAR': 6}
[1342] order5big_10732: LINEAR (0.0s)  running={'THEOREM': 504, 'LINEAR': 776, 'SOLVED_FMB': 56, 'HARD_NONLINEAR': 6}
[1343] order5big_10740: LINEAR (0.0s)  running={'THEOREM': 504, 'LINEAR': 777, 'SOLVED_FMB': 56, 'HARD_NONLINEAR': 6}
[1344] order5big_10748: LINEAR (0.0s)  running={'THEOREM': 504, 'LINEAR': 778, 'SOLVED_FMB': 56, 'HARD_NONLINEAR': 6}
[1345] order5big_10756: LINEAR (0.0s)  running={'THEOREM': 504, 'LINEAR': 779, 'SOLVED_FMB': 56, 'HARD_NONLINEAR': 6}
[1346] order5big_10764: THEOREM (61.9s)  running={'THEOREM': 505, 'LINEAR': 779, 'SOLVED_FMB': 56, 'HARD_NONLINEAR': 6}
[1347] order5big_10772: THEOREM (60.2s)  running={'THEOREM': 506, 'LINEAR': 779, 'SOLVED_FMB': 56, 'HARD_NONLINEAR': 6}
[1348] order5big_10780: LINEAR (0.0s)  running={'THEOREM': 506, 'LINEAR': 780, 'SOLVED_FMB': 56, 'HARD_NONLINEAR': 6}
[1349] order5big_10788: LINEAR (0.0s)  running={'THEOREM': 506, 'LINEAR': 781, 'SOLVED_FMB': 56, 'HARD_NONLINEAR': 6}
[1350] order5big_10796: THEOREM (2.0s)  running={'THEOREM': 507, 'LINEAR': 781, 'SOLVED_FMB': 56, 'HARD_NONLINEAR': 6}
[1351] order5big_10804: THEOREM (60.4s)  running={'THEOREM': 508, 'LINEAR': 781, 'SOLVED_FMB': 56, 'HARD_NONLINEAR': 6}
[1352] order5big_10812: LINEAR (0.0s)  running={'THEOREM': 508, 'LINEAR': 782, 'SOLVED_FMB': 56, 'HARD_NONLINEAR': 6}
[1353] order5big_10820: THEOREM (62.7s)  running={'THEOREM': 509, 'LINEAR': 782, 'SOLVED_FMB': 56, 'HARD_NONLINEAR': 6}
[1354] order5big_10828: THEOREM (62.0s)  running={'THEOREM': 510, 'LINEAR': 782, 'SOLVED_FMB': 56, 'HARD_NONLINEAR': 6}
[1355] order5big_10836: THEOREM (60.2s)  running={'THEOREM': 511, 'LINEAR': 782, 'SOLVED_FMB': 56, 'HARD_NONLINEAR': 6}
[1356] order5big_10844: THEOREM (60.2s)  running={'THEOREM': 512, 'LINEAR': 782, 'SOLVED_FMB': 56, 'HARD_NONLINEAR': 6}
[1357] order5big_10852: THEOREM (73.0s)  running={'THEOREM': 513, 'LINEAR': 782, 'SOLVED_FMB': 56, 'HARD_NONLINEAR': 6}
[1358] order5big_10860: SOLVED_FMB (0.6s)  running={'THEOREM': 513, 'LINEAR': 782, 'SOLVED_FMB': 57, 'HARD_NONLINEAR': 6}
[1359] order5big_10868: THEOREM (60.2s)  running={'THEOREM': 514, 'LINEAR': 782, 'SOLVED_FMB': 57, 'HARD_NONLINEAR': 6}
[1360] order5big_10876: LINEAR (0.0s)  running={'THEOREM': 514, 'LINEAR': 783, 'SOLVED_FMB': 57, 'HARD_NONLINEAR': 6}
[1361] order5big_10884: THEOREM (60.7s)  running={'THEOREM': 515, 'LINEAR': 783, 'SOLVED_FMB': 57, 'HARD_NONLINEAR': 6}
[1362] order5big_10892: LINEAR (0.0s)  running={'THEOREM': 515, 'LINEAR': 784, 'SOLVED_FMB': 57, 'HARD_NONLINEAR': 6}
[1363] order5big_10900: LINEAR (0.0s)  running={'THEOREM': 515, 'LINEAR': 785, 'SOLVED_FMB': 57, 'HARD_NONLINEAR': 6}
[1364] order5big_10908: LINEAR (0.0s)  running={'THEOREM': 515, 'LINEAR': 786, 'SOLVED_FMB': 57, 'HARD_NONLINEAR': 6}
[1365] order5big_10916: LINEAR (0.0s)  running={'THEOREM': 515, 'LINEAR': 787, 'SOLVED_FMB': 57, 'HARD_NONLINEAR': 6}
[1366] order5big_10924: LINEAR (0.0s)  running={'THEOREM': 515, 'LINEAR': 788, 'SOLVED_FMB': 57, 'HARD_NONLINEAR': 6}
[1367] order5big_10932: THEOREM (60.2s)  running={'THEOREM': 516, 'LINEAR': 788, 'SOLVED_FMB': 57, 'HARD_NONLINEAR': 6}
[1368] order5big_10940: THEOREM (60.5s)  running={'THEOREM': 517, 'LINEAR': 788, 'SOLVED_FMB': 57, 'HARD_NONLINEAR': 6}
[1369] order5big_10948: LINEAR (0.0s)  running={'THEOREM': 517, 'LINEAR': 789, 'SOLVED_FMB': 57, 'HARD_NONLINEAR': 6}
[1370] order5big_10956: LINEAR (0.0s)  running={'THEOREM': 517, 'LINEAR': 790, 'SOLVED_FMB': 57, 'HARD_NONLINEAR': 6}
[1371] order5big_10964: LINEAR (0.0s)  running={'THEOREM': 517, 'LINEAR': 791, 'SOLVED_FMB': 57, 'HARD_NONLINEAR': 6}
[1372] order5big_10972: THEOREM (60.2s)  running={'THEOREM': 518, 'LINEAR': 791, 'SOLVED_FMB': 57, 'HARD_NONLINEAR': 6}
[1373] order5big_10980: THEOREM (60.2s)  running={'THEOREM': 519, 'LINEAR': 791, 'SOLVED_FMB': 57, 'HARD_NONLINEAR': 6}
[1374] order5big_10988: LINEAR (0.0s)  running={'THEOREM': 519, 'LINEAR': 792, 'SOLVED_FMB': 57, 'HARD_NONLINEAR': 6}
[1375] order5big_10996: LINEAR (0.0s)  running={'THEOREM': 519, 'LINEAR': 793, 'SOLVED_FMB': 57, 'HARD_NONLINEAR': 6}
[1376] order5big_11004: LINEAR (0.0s)  running={'THEOREM': 519, 'LINEAR': 794, 'SOLVED_FMB': 57, 'HARD_NONLINEAR': 6}
[1377] order5big_11012: LINEAR (0.0s)  running={'THEOREM': 519, 'LINEAR': 795, 'SOLVED_FMB': 57, 'HARD_NONLINEAR': 6}
[1378] order5big_11020: THEOREM (60.2s)  running={'THEOREM': 520, 'LINEAR': 795, 'SOLVED_FMB': 57, 'HARD_NONLINEAR': 6}
[1379] order5big_11028: LINEAR (0.0s)  running={'THEOREM': 520, 'LINEAR': 796, 'SOLVED_FMB': 57, 'HARD_NONLINEAR': 6}
[1380] order5big_11036: THEOREM (60.2s)  running={'THEOREM': 521, 'LINEAR': 796, 'SOLVED_FMB': 57, 'HARD_NONLINEAR': 6}
[1381] order5big_11044: LINEAR (0.0s)  running={'THEOREM': 521, 'LINEAR': 797, 'SOLVED_FMB': 57, 'HARD_NONLINEAR': 6}
[1382] order5big_11052: LINEAR (0.0s)  running={'THEOREM': 521, 'LINEAR': 798, 'SOLVED_FMB': 57, 'HARD_NONLINEAR': 6}
[1383] order5big_11060: THEOREM (60.2s)  running={'THEOREM': 522, 'LINEAR': 798, 'SOLVED_FMB': 57, 'HARD_NONLINEAR': 6}
[1384] order5big_11068: LINEAR (0.0s)  running={'THEOREM': 522, 'LINEAR': 799, 'SOLVED_FMB': 57, 'HARD_NONLINEAR': 6}
[1385] order5big_11076: LINEAR (0.0s)  running={'THEOREM': 522, 'LINEAR': 800, 'SOLVED_FMB': 57, 'HARD_NONLINEAR': 6}
[1386] order5big_11084: THEOREM (61.2s)  running={'THEOREM': 523, 'LINEAR': 800, 'SOLVED_FMB': 57, 'HARD_NONLINEAR': 6}
[1387] order5big_11092: THEOREM (60.2s)  running={'THEOREM': 524, 'LINEAR': 800, 'SOLVED_FMB': 57, 'HARD_NONLINEAR': 6}
[1388] order5big_11100: LINEAR (0.0s)  running={'THEOREM': 524, 'LINEAR': 801, 'SOLVED_FMB': 57, 'HARD_NONLINEAR': 6}
[1389] order5big_11108: LINEAR (0.0s)  running={'THEOREM': 524, 'LINEAR': 802, 'SOLVED_FMB': 57, 'HARD_NONLINEAR': 6}
[1390] order5big_11116: THEOREM (72.9s)  running={'THEOREM': 525, 'LINEAR': 802, 'SOLVED_FMB': 57, 'HARD_NONLINEAR': 6}
[1391] order5big_11124: LINEAR (0.0s)  running={'THEOREM': 525, 'LINEAR': 803, 'SOLVED_FMB': 57, 'HARD_NONLINEAR': 6}
[1392] order5big_11132: LINEAR (0.0s)  running={'THEOREM': 525, 'LINEAR': 804, 'SOLVED_FMB': 57, 'HARD_NONLINEAR': 6}
[1393] order5big_11140: THEOREM (60.2s)  running={'THEOREM': 526, 'LINEAR': 804, 'SOLVED_FMB': 57, 'HARD_NONLINEAR': 6}
[1394] order5big_11148: LINEAR (0.0s)  running={'THEOREM': 526, 'LINEAR': 805, 'SOLVED_FMB': 57, 'HARD_NONLINEAR': 6}
[1395] order5big_11156: LINEAR (0.0s)  running={'THEOREM': 526, 'LINEAR': 806, 'SOLVED_FMB': 57, 'HARD_NONLINEAR': 6}
[1396] order5big_11164: LINEAR (0.0s)  running={'THEOREM': 526, 'LINEAR': 807, 'SOLVED_FMB': 57, 'HARD_NONLINEAR': 6}
[1397] order5big_11172: THEOREM (60.2s)  running={'THEOREM': 527, 'LINEAR': 807, 'SOLVED_FMB': 57, 'HARD_NONLINEAR': 6}
[1398] order5big_11180: LINEAR (0.0s)  running={'THEOREM': 527, 'LINEAR': 808, 'SOLVED_FMB': 57, 'HARD_NONLINEAR': 6}
[1399] order5big_11188: LINEAR (0.0s)  running={'THEOREM': 527, 'LINEAR': 809, 'SOLVED_FMB': 57, 'HARD_NONLINEAR': 6}
[1400] order5big_11196: LINEAR (0.0s)  running={'THEOREM': 527, 'LINEAR': 810, 'SOLVED_FMB': 57, 'HARD_NONLINEAR': 6}
[1401] order5big_11204: LINEAR (0.0s)  running={'THEOREM': 527, 'LINEAR': 811, 'SOLVED_FMB': 57, 'HARD_NONLINEAR': 6}
[1402] order5big_11212: LINEAR (0.0s)  running={'THEOREM': 527, 'LINEAR': 812, 'SOLVED_FMB': 57, 'HARD_NONLINEAR': 6}
[1403] order5big_11220: LINEAR (0.0s)  running={'THEOREM': 527, 'LINEAR': 813, 'SOLVED_FMB': 57, 'HARD_NONLINEAR': 6}
[1404] order5big_11228: LINEAR (0.0s)  running={'THEOREM': 527, 'LINEAR': 814, 'SOLVED_FMB': 57, 'HARD_NONLINEAR': 6}
[1405] order5big_11236: LINEAR (0.0s)  running={'THEOREM': 527, 'LINEAR': 815, 'SOLVED_FMB': 57, 'HARD_NONLINEAR': 6}
[1406] order5big_11244: THEOREM (60.3s)  running={'THEOREM': 528, 'LINEAR': 815, 'SOLVED_FMB': 57, 'HARD_NONLINEAR': 6}
[1407] order5big_11252: THEOREM (60.5s)  running={'THEOREM': 529, 'LINEAR': 815, 'SOLVED_FMB': 57, 'HARD_NONLINEAR': 6}
[1408] order5big_11260: LINEAR (0.0s)  running={'THEOREM': 529, 'LINEAR': 816, 'SOLVED_FMB': 57, 'HARD_NONLINEAR': 6}
[1409] order5big_11268: THEOREM (60.4s)  running={'THEOREM': 530, 'LINEAR': 816, 'SOLVED_FMB': 57, 'HARD_NONLINEAR': 6}
[1410] order5big_11276: LINEAR (0.0s)  running={'THEOREM': 530, 'LINEAR': 817, 'SOLVED_FMB': 57, 'HARD_NONLINEAR': 6}
[1411] order5big_11284: THEOREM (60.2s)  running={'THEOREM': 531, 'LINEAR': 817, 'SOLVED_FMB': 57, 'HARD_NONLINEAR': 6}
[1412] order5big_11292: LINEAR (0.0s)  running={'THEOREM': 531, 'LINEAR': 818, 'SOLVED_FMB': 57, 'HARD_NONLINEAR': 6}
[1413] order5big_11300: LINEAR (0.0s)  running={'THEOREM': 531, 'LINEAR': 819, 'SOLVED_FMB': 57, 'HARD_NONLINEAR': 6}
[1414] order5big_11308: LINEAR (0.0s)  running={'THEOREM': 531, 'LINEAR': 820, 'SOLVED_FMB': 57, 'HARD_NONLINEAR': 6}
[1415] order5big_11316: LINEAR (0.0s)  running={'THEOREM': 531, 'LINEAR': 821, 'SOLVED_FMB': 57, 'HARD_NONLINEAR': 6}
[1416] order5big_11324: THEOREM (60.3s)  running={'THEOREM': 532, 'LINEAR': 821, 'SOLVED_FMB': 57, 'HARD_NONLINEAR': 6}
[1417] order5big_11332: LINEAR (0.0s)  running={'THEOREM': 532, 'LINEAR': 822, 'SOLVED_FMB': 57, 'HARD_NONLINEAR': 6}
[1418] order5big_11340: THEOREM (60.2s)  running={'THEOREM': 533, 'LINEAR': 822, 'SOLVED_FMB': 57, 'HARD_NONLINEAR': 6}
[1419] order5big_11348: LINEAR (0.0s)  running={'THEOREM': 533, 'LINEAR': 823, 'SOLVED_FMB': 57, 'HARD_NONLINEAR': 6}
[1420] order5big_11356: LINEAR (0.0s)  running={'THEOREM': 533, 'LINEAR': 824, 'SOLVED_FMB': 57, 'HARD_NONLINEAR': 6}
[1421] order5big_11364: LINEAR (0.0s)  running={'THEOREM': 533, 'LINEAR': 825, 'SOLVED_FMB': 57, 'HARD_NONLINEAR': 6}
[1422] order5big_11372: LINEAR (0.0s)  running={'THEOREM': 533, 'LINEAR': 826, 'SOLVED_FMB': 57, 'HARD_NONLINEAR': 6}
[1423] order5big_11380: THEOREM (60.1s)  running={'THEOREM': 534, 'LINEAR': 826, 'SOLVED_FMB': 57, 'HARD_NONLINEAR': 6}
[1424] order5big_11388: HARD_NONLINEAR (120.1s)  running={'THEOREM': 534, 'LINEAR': 826, 'SOLVED_FMB': 57, 'HARD_NONLINEAR': 7}
[1425] order5big_11396: THEOREM (62.0s)  running={'THEOREM': 535, 'LINEAR': 826, 'SOLVED_FMB': 57, 'HARD_NONLINEAR': 7}
[1426] order5big_11404: LINEAR (0.0s)  running={'THEOREM': 535, 'LINEAR': 827, 'SOLVED_FMB': 57, 'HARD_NONLINEAR': 7}
[1427] order5big_11412: THEOREM (61.2s)  running={'THEOREM': 536, 'LINEAR': 827, 'SOLVED_FMB': 57, 'HARD_NONLINEAR': 7}
[1428] order5big_11420: LINEAR (0.0s)  running={'THEOREM': 536, 'LINEAR': 828, 'SOLVED_FMB': 57, 'HARD_NONLINEAR': 7}
[1429] order5big_11428: LINEAR (0.0s)  running={'THEOREM': 536, 'LINEAR': 829, 'SOLVED_FMB': 57, 'HARD_NONLINEAR': 7}
[1430] order5big_11436: LINEAR (0.0s)  running={'THEOREM': 536, 'LINEAR': 830, 'SOLVED_FMB': 57, 'HARD_NONLINEAR': 7}
[1431] order5big_11444: SOLVED_FMB (0.4s)  running={'THEOREM': 536, 'LINEAR': 830, 'SOLVED_FMB': 58, 'HARD_NONLINEAR': 7}
[1432] order5big_11452: LINEAR (0.0s)  running={'THEOREM': 536, 'LINEAR': 831, 'SOLVED_FMB': 58, 'HARD_NONLINEAR': 7}
[1433] order5big_11460: LINEAR (0.0s)  running={'THEOREM': 536, 'LINEAR': 832, 'SOLVED_FMB': 58, 'HARD_NONLINEAR': 7}
[1434] order5big_11468: THEOREM (60.1s)  running={'THEOREM': 537, 'LINEAR': 832, 'SOLVED_FMB': 58, 'HARD_NONLINEAR': 7}
[1435] order5big_11476: LINEAR (0.0s)  running={'THEOREM': 537, 'LINEAR': 833, 'SOLVED_FMB': 58, 'HARD_NONLINEAR': 7}
[1436] order5big_11484: THEOREM (61.0s)  running={'THEOREM': 538, 'LINEAR': 833, 'SOLVED_FMB': 58, 'HARD_NONLINEAR': 7}
[1437] order5big_11492: LINEAR (0.0s)  running={'THEOREM': 538, 'LINEAR': 834, 'SOLVED_FMB': 58, 'HARD_NONLINEAR': 7}
[1438] order5big_11500: THEOREM (60.2s)  running={'THEOREM': 539, 'LINEAR': 834, 'SOLVED_FMB': 58, 'HARD_NONLINEAR': 7}
[1439] order5big_11508: LINEAR (0.0s)  running={'THEOREM': 539, 'LINEAR': 835, 'SOLVED_FMB': 58, 'HARD_NONLINEAR': 7}
[1440] order5big_11516: LINEAR (0.0s)  running={'THEOREM': 539, 'LINEAR': 836, 'SOLVED_FMB': 58, 'HARD_NONLINEAR': 7}
[1441] order5big_11524: LINEAR (0.0s)  running={'THEOREM': 539, 'LINEAR': 837, 'SOLVED_FMB': 58, 'HARD_NONLINEAR': 7}
[1442] order5big_11532: LINEAR (0.0s)  running={'THEOREM': 539, 'LINEAR': 838, 'SOLVED_FMB': 58, 'HARD_NONLINEAR': 7}
[1443] order5big_11540: LINEAR (0.0s)  running={'THEOREM': 539, 'LINEAR': 839, 'SOLVED_FMB': 58, 'HARD_NONLINEAR': 7}
[1444] order5big_11548: THEOREM (60.2s)  running={'THEOREM': 540, 'LINEAR': 839, 'SOLVED_FMB': 58, 'HARD_NONLINEAR': 7}
[1445] order5big_11556: LINEAR (0.0s)  running={'THEOREM': 540, 'LINEAR': 840, 'SOLVED_FMB': 58, 'HARD_NONLINEAR': 7}
[1446] order5big_11564: LINEAR (0.0s)  running={'THEOREM': 540, 'LINEAR': 841, 'SOLVED_FMB': 58, 'HARD_NONLINEAR': 7}
[1447] order5big_11572: LINEAR (0.0s)  running={'THEOREM': 540, 'LINEAR': 842, 'SOLVED_FMB': 58, 'HARD_NONLINEAR': 7}
[1448] order5big_11580: THEOREM (60.4s)  running={'THEOREM': 541, 'LINEAR': 842, 'SOLVED_FMB': 58, 'HARD_NONLINEAR': 7}
[1449] order5big_11588: LINEAR (0.0s)  running={'THEOREM': 541, 'LINEAR': 843, 'SOLVED_FMB': 58, 'HARD_NONLINEAR': 7}
[1450] order5big_11596: THEOREM (60.3s)  running={'THEOREM': 542, 'LINEAR': 843, 'SOLVED_FMB': 58, 'HARD_NONLINEAR': 7}
[1451] order5big_11604: LINEAR (0.0s)  running={'THEOREM': 542, 'LINEAR': 844, 'SOLVED_FMB': 58, 'HARD_NONLINEAR': 7}
[1452] order5big_11612: THEOREM (76.0s)  running={'THEOREM': 543, 'LINEAR': 844, 'SOLVED_FMB': 58, 'HARD_NONLINEAR': 7}
[1453] order5big_11620: THEOREM (60.7s)  running={'THEOREM': 544, 'LINEAR': 844, 'SOLVED_FMB': 58, 'HARD_NONLINEAR': 7}
[1454] order5big_11628: LINEAR (0.0s)  running={'THEOREM': 544, 'LINEAR': 845, 'SOLVED_FMB': 58, 'HARD_NONLINEAR': 7}
[1455] order5big_11636: LINEAR (0.0s)  running={'THEOREM': 544, 'LINEAR': 846, 'SOLVED_FMB': 58, 'HARD_NONLINEAR': 7}
[1456] order5big_11644: LINEAR (0.0s)  running={'THEOREM': 544, 'LINEAR': 847, 'SOLVED_FMB': 58, 'HARD_NONLINEAR': 7}
[1457] order5big_11652: LINEAR (0.0s)  running={'THEOREM': 544, 'LINEAR': 848, 'SOLVED_FMB': 58, 'HARD_NONLINEAR': 7}
[1458] order5big_11660: LINEAR (0.0s)  running={'THEOREM': 544, 'LINEAR': 849, 'SOLVED_FMB': 58, 'HARD_NONLINEAR': 7}
[1459] order5big_11668: THEOREM (60.2s)  running={'THEOREM': 545, 'LINEAR': 849, 'SOLVED_FMB': 58, 'HARD_NONLINEAR': 7}
[1460] order5big_11676: LINEAR (0.0s)  running={'THEOREM': 545, 'LINEAR': 850, 'SOLVED_FMB': 58, 'HARD_NONLINEAR': 7}
[1461] order5big_11684: LINEAR (0.0s)  running={'THEOREM': 545, 'LINEAR': 851, 'SOLVED_FMB': 58, 'HARD_NONLINEAR': 7}
[1462] order5big_11692: THEOREM (60.1s)  running={'THEOREM': 546, 'LINEAR': 851, 'SOLVED_FMB': 58, 'HARD_NONLINEAR': 7}
[1463] order5big_11700: THEOREM (60.3s)  running={'THEOREM': 547, 'LINEAR': 851, 'SOLVED_FMB': 58, 'HARD_NONLINEAR': 7}
[1464] order5big_11708: THEOREM (71.7s)  running={'THEOREM': 548, 'LINEAR': 851, 'SOLVED_FMB': 58, 'HARD_NONLINEAR': 7}
[1465] order5big_11716: THEOREM (60.2s)  running={'THEOREM': 549, 'LINEAR': 851, 'SOLVED_FMB': 58, 'HARD_NONLINEAR': 7}
[1466] order5big_11724: THEOREM (1.7s)  running={'THEOREM': 550, 'LINEAR': 851, 'SOLVED_FMB': 58, 'HARD_NONLINEAR': 7}
[1467] order5big_11732: THEOREM (60.2s)  running={'THEOREM': 551, 'LINEAR': 851, 'SOLVED_FMB': 58, 'HARD_NONLINEAR': 7}
[1468] order5big_11740: LINEAR (0.0s)  running={'THEOREM': 551, 'LINEAR': 852, 'SOLVED_FMB': 58, 'HARD_NONLINEAR': 7}
[1469] order5big_11748: THEOREM (73.1s)  running={'THEOREM': 552, 'LINEAR': 852, 'SOLVED_FMB': 58, 'HARD_NONLINEAR': 7}
[1470] order5big_11756: THEOREM (61.2s)  running={'THEOREM': 553, 'LINEAR': 852, 'SOLVED_FMB': 58, 'HARD_NONLINEAR': 7}
[1471] order5big_11764: LINEAR (0.0s)  running={'THEOREM': 553, 'LINEAR': 853, 'SOLVED_FMB': 58, 'HARD_NONLINEAR': 7}
[1472] order5big_11772: THEOREM (60.4s)  running={'THEOREM': 554, 'LINEAR': 853, 'SOLVED_FMB': 58, 'HARD_NONLINEAR': 7}
[1473] order5big_11780: LINEAR (0.0s)  running={'THEOREM': 554, 'LINEAR': 854, 'SOLVED_FMB': 58, 'HARD_NONLINEAR': 7}
[1474] order5big_11788: LINEAR (0.0s)  running={'THEOREM': 554, 'LINEAR': 855, 'SOLVED_FMB': 58, 'HARD_NONLINEAR': 7}
[1475] order5big_11796: LINEAR (0.0s)  running={'THEOREM': 554, 'LINEAR': 856, 'SOLVED_FMB': 58, 'HARD_NONLINEAR': 7}
[1476] order5big_11804: LINEAR (0.0s)  running={'THEOREM': 554, 'LINEAR': 857, 'SOLVED_FMB': 58, 'HARD_NONLINEAR': 7}
[1477] order5big_11812: LINEAR (0.0s)  running={'THEOREM': 554, 'LINEAR': 858, 'SOLVED_FMB': 58, 'HARD_NONLINEAR': 7}
[1478] order5big_11820: LINEAR (0.0s)  running={'THEOREM': 554, 'LINEAR': 859, 'SOLVED_FMB': 58, 'HARD_NONLINEAR': 7}
[1479] order5big_11828: LINEAR (0.0s)  running={'THEOREM': 554, 'LINEAR': 860, 'SOLVED_FMB': 58, 'HARD_NONLINEAR': 7}
[1480] order5big_11836: THEOREM (60.2s)  running={'THEOREM': 555, 'LINEAR': 860, 'SOLVED_FMB': 58, 'HARD_NONLINEAR': 7}
[1481] order5big_11844: LINEAR (0.0s)  running={'THEOREM': 555, 'LINEAR': 861, 'SOLVED_FMB': 58, 'HARD_NONLINEAR': 7}
[1482] order5big_11852: LINEAR (0.0s)  running={'THEOREM': 555, 'LINEAR': 862, 'SOLVED_FMB': 58, 'HARD_NONLINEAR': 7}
[1483] order5big_11860: SOLVED_FMB (0.1s)  running={'THEOREM': 555, 'LINEAR': 862, 'SOLVED_FMB': 59, 'HARD_NONLINEAR': 7}
[1484] order5big_11868: LINEAR (0.0s)  running={'THEOREM': 555, 'LINEAR': 863, 'SOLVED_FMB': 59, 'HARD_NONLINEAR': 7}
[1485] order5big_11876: LINEAR (0.0s)  running={'THEOREM': 555, 'LINEAR': 864, 'SOLVED_FMB': 59, 'HARD_NONLINEAR': 7}
[1486] order5big_11884: LINEAR (0.0s)  running={'THEOREM': 555, 'LINEAR': 865, 'SOLVED_FMB': 59, 'HARD_NONLINEAR': 7}
[1487] order5big_11892: LINEAR (0.0s)  running={'THEOREM': 555, 'LINEAR': 866, 'SOLVED_FMB': 59, 'HARD_NONLINEAR': 7}
[1488] order5big_11900: THEOREM (0.7s)  running={'THEOREM': 556, 'LINEAR': 866, 'SOLVED_FMB': 59, 'HARD_NONLINEAR': 7}
[1489] order5big_11908: LINEAR (0.0s)  running={'THEOREM': 556, 'LINEAR': 867, 'SOLVED_FMB': 59, 'HARD_NONLINEAR': 7}
[1490] order5big_11916: LINEAR (0.0s)  running={'THEOREM': 556, 'LINEAR': 868, 'SOLVED_FMB': 59, 'HARD_NONLINEAR': 7}
[1491] order5big_11924: THEOREM (60.6s)  running={'THEOREM': 557, 'LINEAR': 868, 'SOLVED_FMB': 59, 'HARD_NONLINEAR': 7}
[1492] order5big_11932: LINEAR (0.0s)  running={'THEOREM': 557, 'LINEAR': 869, 'SOLVED_FMB': 59, 'HARD_NONLINEAR': 7}
[1493] order5big_11940: THEOREM (60.2s)  running={'THEOREM': 558, 'LINEAR': 869, 'SOLVED_FMB': 59, 'HARD_NONLINEAR': 7}
[1494] order5big_11948: LINEAR (0.0s)  running={'THEOREM': 558, 'LINEAR': 870, 'SOLVED_FMB': 59, 'HARD_NONLINEAR': 7}
[1495] order5big_11956: THEOREM (60.2s)  running={'THEOREM': 559, 'LINEAR': 870, 'SOLVED_FMB': 59, 'HARD_NONLINEAR': 7}
[1496] order5big_11964: THEOREM (60.2s)  running={'THEOREM': 560, 'LINEAR': 870, 'SOLVED_FMB': 59, 'HARD_NONLINEAR': 7}
[1497] order5big_11972: LINEAR (0.0s)  running={'THEOREM': 560, 'LINEAR': 871, 'SOLVED_FMB': 59, 'HARD_NONLINEAR': 7}
[1498] order5big_11980: LINEAR (0.0s)  running={'THEOREM': 560, 'LINEAR': 872, 'SOLVED_FMB': 59, 'HARD_NONLINEAR': 7}
[1499] order5big_11988: THEOREM (60.4s)  running={'THEOREM': 561, 'LINEAR': 872, 'SOLVED_FMB': 59, 'HARD_NONLINEAR': 7}
[1500] order5big_11996: THEOREM (60.3s)  running={'THEOREM': 562, 'LINEAR': 872, 'SOLVED_FMB': 59, 'HARD_NONLINEAR': 7}
[1501] order5big_12004: LINEAR (0.0s)  running={'THEOREM': 562, 'LINEAR': 873, 'SOLVED_FMB': 59, 'HARD_NONLINEAR': 7}
[1502] order5big_12012: LINEAR (0.0s)  running={'THEOREM': 562, 'LINEAR': 874, 'SOLVED_FMB': 59, 'HARD_NONLINEAR': 7}
[1503] order5big_12020: THEOREM (60.1s)  running={'THEOREM': 563, 'LINEAR': 874, 'SOLVED_FMB': 59, 'HARD_NONLINEAR': 7}
[1504] order5big_12028: LINEAR (0.0s)  running={'THEOREM': 563, 'LINEAR': 875, 'SOLVED_FMB': 59, 'HARD_NONLINEAR': 7}
[1505] order5big_12036: THEOREM (9.5s)  running={'THEOREM': 564, 'LINEAR': 875, 'SOLVED_FMB': 59, 'HARD_NONLINEAR': 7}
[1506] order5big_12044: THEOREM (60.3s)  running={'THEOREM': 565, 'LINEAR': 875, 'SOLVED_FMB': 59, 'HARD_NONLINEAR': 7}
[1507] order5big_12052: LINEAR (0.0s)  running={'THEOREM': 565, 'LINEAR': 876, 'SOLVED_FMB': 59, 'HARD_NONLINEAR': 7}
[1508] order5big_12060: THEOREM (60.2s)  running={'THEOREM': 566, 'LINEAR': 876, 'SOLVED_FMB': 59, 'HARD_NONLINEAR': 7}
[1509] order5big_12068: LINEAR (0.0s)  running={'THEOREM': 566, 'LINEAR': 877, 'SOLVED_FMB': 59, 'HARD_NONLINEAR': 7}
[1510] order5big_12076: LINEAR (0.0s)  running={'THEOREM': 566, 'LINEAR': 878, 'SOLVED_FMB': 59, 'HARD_NONLINEAR': 7}
[1511] order5big_12084: THEOREM (60.2s)  running={'THEOREM': 567, 'LINEAR': 878, 'SOLVED_FMB': 59, 'HARD_NONLINEAR': 7}
[1512] order5big_12092: LINEAR (0.0s)  running={'THEOREM': 567, 'LINEAR': 879, 'SOLVED_FMB': 59, 'HARD_NONLINEAR': 7}
[1513] order5big_12100: LINEAR (0.0s)  running={'THEOREM': 567, 'LINEAR': 880, 'SOLVED_FMB': 59, 'HARD_NONLINEAR': 7}
[1514] order5big_12108: LINEAR (0.0s)  running={'THEOREM': 567, 'LINEAR': 881, 'SOLVED_FMB': 59, 'HARD_NONLINEAR': 7}
[1515] order5big_12116: LINEAR (0.0s)  running={'THEOREM': 567, 'LINEAR': 882, 'SOLVED_FMB': 59, 'HARD_NONLINEAR': 7}
[1516] order5big_12124: LINEAR (0.0s)  running={'THEOREM': 567, 'LINEAR': 883, 'SOLVED_FMB': 59, 'HARD_NONLINEAR': 7}
[1517] order5big_12132: THEOREM (61.5s)  running={'THEOREM': 568, 'LINEAR': 883, 'SOLVED_FMB': 59, 'HARD_NONLINEAR': 7}
[1518] order5big_12140: LINEAR (0.0s)  running={'THEOREM': 568, 'LINEAR': 884, 'SOLVED_FMB': 59, 'HARD_NONLINEAR': 7}
[1519] order5big_12148: LINEAR (0.0s)  running={'THEOREM': 568, 'LINEAR': 885, 'SOLVED_FMB': 59, 'HARD_NONLINEAR': 7}
[1520] order5big_12156: THEOREM (60.5s)  running={'THEOREM': 569, 'LINEAR': 885, 'SOLVED_FMB': 59, 'HARD_NONLINEAR': 7}
[1521] order5big_12164: LINEAR (0.0s)  running={'THEOREM': 569, 'LINEAR': 886, 'SOLVED_FMB': 59, 'HARD_NONLINEAR': 7}
[1522] order5big_12172: THEOREM (60.2s)  running={'THEOREM': 570, 'LINEAR': 886, 'SOLVED_FMB': 59, 'HARD_NONLINEAR': 7}
[1523] order5big_12180: LINEAR (0.0s)  running={'THEOREM': 570, 'LINEAR': 887, 'SOLVED_FMB': 59, 'HARD_NONLINEAR': 7}
[1524] order5big_12188: LINEAR (0.0s)  running={'THEOREM': 570, 'LINEAR': 888, 'SOLVED_FMB': 59, 'HARD_NONLINEAR': 7}
[1525] order5big_12196: THEOREM (60.2s)  running={'THEOREM': 571, 'LINEAR': 888, 'SOLVED_FMB': 59, 'HARD_NONLINEAR': 7}
[1526] order5big_12204: LINEAR (0.0s)  running={'THEOREM': 571, 'LINEAR': 889, 'SOLVED_FMB': 59, 'HARD_NONLINEAR': 7}
[1527] order5big_12212: LINEAR (0.0s)  running={'THEOREM': 571, 'LINEAR': 890, 'SOLVED_FMB': 59, 'HARD_NONLINEAR': 7}
[1528] order5big_12220: LINEAR (0.0s)  running={'THEOREM': 571, 'LINEAR': 891, 'SOLVED_FMB': 59, 'HARD_NONLINEAR': 7}
[1529] order5big_12228: LINEAR (0.0s)  running={'THEOREM': 571, 'LINEAR': 892, 'SOLVED_FMB': 59, 'HARD_NONLINEAR': 7}
[1530] order5big_12236: LINEAR (0.0s)  running={'THEOREM': 571, 'LINEAR': 893, 'SOLVED_FMB': 59, 'HARD_NONLINEAR': 7}
[1531] order5big_12244: THEOREM (60.2s)  running={'THEOREM': 572, 'LINEAR': 893, 'SOLVED_FMB': 59, 'HARD_NONLINEAR': 7}
[1532] order5big_12252: LINEAR (0.0s)  running={'THEOREM': 572, 'LINEAR': 894, 'SOLVED_FMB': 59, 'HARD_NONLINEAR': 7}
[1533] order5big_12260: SOLVED_FMB (5.0s)  running={'THEOREM': 572, 'LINEAR': 894, 'SOLVED_FMB': 60, 'HARD_NONLINEAR': 7}
[1534] order5big_12268: LINEAR (0.0s)  running={'THEOREM': 572, 'LINEAR': 895, 'SOLVED_FMB': 60, 'HARD_NONLINEAR': 7}
[1535] order5big_12276: LINEAR (0.0s)  running={'THEOREM': 572, 'LINEAR': 896, 'SOLVED_FMB': 60, 'HARD_NONLINEAR': 7}
[1536] order5big_12284: THEOREM (60.2s)  running={'THEOREM': 573, 'LINEAR': 896, 'SOLVED_FMB': 60, 'HARD_NONLINEAR': 7}
[1537] order5big_12292: LINEAR (0.0s)  running={'THEOREM': 573, 'LINEAR': 897, 'SOLVED_FMB': 60, 'HARD_NONLINEAR': 7}
[1538] order5big_12300: THEOREM (60.2s)  running={'THEOREM': 574, 'LINEAR': 897, 'SOLVED_FMB': 60, 'HARD_NONLINEAR': 7}
[1539] order5big_12308: LINEAR (0.0s)  running={'THEOREM': 574, 'LINEAR': 898, 'SOLVED_FMB': 60, 'HARD_NONLINEAR': 7}
[1540] order5big_12316: SOLVED_FMB (1.9s)  running={'THEOREM': 574, 'LINEAR': 898, 'SOLVED_FMB': 61, 'HARD_NONLINEAR': 7}
[1541] order5big_12324: LINEAR (0.0s)  running={'THEOREM': 574, 'LINEAR': 899, 'SOLVED_FMB': 61, 'HARD_NONLINEAR': 7}
[1542] order5big_12332: THEOREM (60.6s)  running={'THEOREM': 575, 'LINEAR': 899, 'SOLVED_FMB': 61, 'HARD_NONLINEAR': 7}
[1543] order5big_12340: THEOREM (60.1s)  running={'THEOREM': 576, 'LINEAR': 899, 'SOLVED_FMB': 61, 'HARD_NONLINEAR': 7}
[1544] order5big_12348: THEOREM (60.2s)  running={'THEOREM': 577, 'LINEAR': 899, 'SOLVED_FMB': 61, 'HARD_NONLINEAR': 7}
[1545] order5big_12356: LINEAR (0.0s)  running={'THEOREM': 577, 'LINEAR': 900, 'SOLVED_FMB': 61, 'HARD_NONLINEAR': 7}
[1546] order5big_12364: THEOREM (60.4s)  running={'THEOREM': 578, 'LINEAR': 900, 'SOLVED_FMB': 61, 'HARD_NONLINEAR': 7}
[1547] order5big_12372: THEOREM (60.2s)  running={'THEOREM': 579, 'LINEAR': 900, 'SOLVED_FMB': 61, 'HARD_NONLINEAR': 7}
[1548] order5big_12380: LINEAR (0.0s)  running={'THEOREM': 579, 'LINEAR': 901, 'SOLVED_FMB': 61, 'HARD_NONLINEAR': 7}
[1549] order5big_12388: LINEAR (0.0s)  running={'THEOREM': 579, 'LINEAR': 902, 'SOLVED_FMB': 61, 'HARD_NONLINEAR': 7}
[1550] order5big_12396: THEOREM (72.9s)  running={'THEOREM': 580, 'LINEAR': 902, 'SOLVED_FMB': 61, 'HARD_NONLINEAR': 7}
[1551] order5big_12404: THEOREM (60.2s)  running={'THEOREM': 581, 'LINEAR': 902, 'SOLVED_FMB': 61, 'HARD_NONLINEAR': 7}
[1552] order5big_12412: THEOREM (60.2s)  running={'THEOREM': 582, 'LINEAR': 902, 'SOLVED_FMB': 61, 'HARD_NONLINEAR': 7}
[1553] order5big_12420: THEOREM (60.2s)  running={'THEOREM': 583, 'LINEAR': 902, 'SOLVED_FMB': 61, 'HARD_NONLINEAR': 7}
[1554] order5big_12428: LINEAR (0.0s)  running={'THEOREM': 583, 'LINEAR': 903, 'SOLVED_FMB': 61, 'HARD_NONLINEAR': 7}
[1555] order5big_12436: THEOREM (60.2s)  running={'THEOREM': 584, 'LINEAR': 903, 'SOLVED_FMB': 61, 'HARD_NONLINEAR': 7}
[1556] order5big_12444: THEOREM (73.5s)  running={'THEOREM': 585, 'LINEAR': 903, 'SOLVED_FMB': 61, 'HARD_NONLINEAR': 7}
[1557] order5big_12452: LINEAR (0.0s)  running={'THEOREM': 585, 'LINEAR': 904, 'SOLVED_FMB': 61, 'HARD_NONLINEAR': 7}
[1558] order5big_12460: LINEAR (0.0s)  running={'THEOREM': 585, 'LINEAR': 905, 'SOLVED_FMB': 61, 'HARD_NONLINEAR': 7}
[1559] order5big_12468: LINEAR (0.0s)  running={'THEOREM': 585, 'LINEAR': 906, 'SOLVED_FMB': 61, 'HARD_NONLINEAR': 7}
[1560] order5big_12476: LINEAR (0.0s)  running={'THEOREM': 585, 'LINEAR': 907, 'SOLVED_FMB': 61, 'HARD_NONLINEAR': 7}
[1561] order5big_12484: LINEAR (0.0s)  running={'THEOREM': 585, 'LINEAR': 908, 'SOLVED_FMB': 61, 'HARD_NONLINEAR': 7}
[1562] order5big_12492: THEOREM (60.2s)  running={'THEOREM': 586, 'LINEAR': 908, 'SOLVED_FMB': 61, 'HARD_NONLINEAR': 7}
[1563] order5big_12500: THEOREM (60.2s)  running={'THEOREM': 587, 'LINEAR': 908, 'SOLVED_FMB': 61, 'HARD_NONLINEAR': 7}
[1564] order5big_12508: LINEAR (0.0s)  running={'THEOREM': 587, 'LINEAR': 909, 'SOLVED_FMB': 61, 'HARD_NONLINEAR': 7}
[1565] order5big_12516: LINEAR (0.0s)  running={'THEOREM': 587, 'LINEAR': 910, 'SOLVED_FMB': 61, 'HARD_NONLINEAR': 7}
[1566] order5big_12524: THEOREM (62.9s)  running={'THEOREM': 588, 'LINEAR': 910, 'SOLVED_FMB': 61, 'HARD_NONLINEAR': 7}
[1567] order5big_12532: LINEAR (0.0s)  running={'THEOREM': 588, 'LINEAR': 911, 'SOLVED_FMB': 61, 'HARD_NONLINEAR': 7}
[1568] order5big_12540: LINEAR (0.0s)  running={'THEOREM': 588, 'LINEAR': 912, 'SOLVED_FMB': 61, 'HARD_NONLINEAR': 7}
[1569] order5big_12548: LINEAR (0.0s)  running={'THEOREM': 588, 'LINEAR': 913, 'SOLVED_FMB': 61, 'HARD_NONLINEAR': 7}
[1570] order5big_12556: LINEAR (0.0s)  running={'THEOREM': 588, 'LINEAR': 914, 'SOLVED_FMB': 61, 'HARD_NONLINEAR': 7}
[1571] order5big_12564: LINEAR (0.0s)  running={'THEOREM': 588, 'LINEAR': 915, 'SOLVED_FMB': 61, 'HARD_NONLINEAR': 7}
[1572] order5big_12572: LINEAR (0.0s)  running={'THEOREM': 588, 'LINEAR': 916, 'SOLVED_FMB': 61, 'HARD_NONLINEAR': 7}
[1573] order5big_12580: LINEAR (0.0s)  running={'THEOREM': 588, 'LINEAR': 917, 'SOLVED_FMB': 61, 'HARD_NONLINEAR': 7}
[1574] order5big_12588: LINEAR (0.0s)  running={'THEOREM': 588, 'LINEAR': 918, 'SOLVED_FMB': 61, 'HARD_NONLINEAR': 7}
[1575] order5big_12596: THEOREM (63.1s)  running={'THEOREM': 589, 'LINEAR': 918, 'SOLVED_FMB': 61, 'HARD_NONLINEAR': 7}
[1576] order5big_12604: LINEAR (0.0s)  running={'THEOREM': 589, 'LINEAR': 919, 'SOLVED_FMB': 61, 'HARD_NONLINEAR': 7}
[1577] order5big_12612: THEOREM (60.2s)  running={'THEOREM': 590, 'LINEAR': 919, 'SOLVED_FMB': 61, 'HARD_NONLINEAR': 7}
[1578] order5big_12620: LINEAR (0.0s)  running={'THEOREM': 590, 'LINEAR': 920, 'SOLVED_FMB': 61, 'HARD_NONLINEAR': 7}
[1579] order5big_12628: LINEAR (0.0s)  running={'THEOREM': 590, 'LINEAR': 921, 'SOLVED_FMB': 61, 'HARD_NONLINEAR': 7}
[1580] order5big_12636: THEOREM (60.2s)  running={'THEOREM': 591, 'LINEAR': 921, 'SOLVED_FMB': 61, 'HARD_NONLINEAR': 7}
[1581] order5big_12644: LINEAR (0.0s)  running={'THEOREM': 591, 'LINEAR': 922, 'SOLVED_FMB': 61, 'HARD_NONLINEAR': 7}
[1582] order5big_12652: THEOREM (60.2s)  running={'THEOREM': 592, 'LINEAR': 922, 'SOLVED_FMB': 61, 'HARD_NONLINEAR': 7}
[1583] order5big_12660: LINEAR (0.0s)  running={'THEOREM': 592, 'LINEAR': 923, 'SOLVED_FMB': 61, 'HARD_NONLINEAR': 7}
[1584] order5big_12668: THEOREM (60.2s)  running={'THEOREM': 593, 'LINEAR': 923, 'SOLVED_FMB': 61, 'HARD_NONLINEAR': 7}
[1585] order5big_12676: THEOREM (60.6s)  running={'THEOREM': 594, 'LINEAR': 923, 'SOLVED_FMB': 61, 'HARD_NONLINEAR': 7}
[1586] order5big_12684: THEOREM (60.2s)  running={'THEOREM': 595, 'LINEAR': 923, 'SOLVED_FMB': 61, 'HARD_NONLINEAR': 7}
[1587] order5big_12692: LINEAR (0.0s)  running={'THEOREM': 595, 'LINEAR': 924, 'SOLVED_FMB': 61, 'HARD_NONLINEAR': 7}
[1588] order5big_12700: LINEAR (0.0s)  running={'THEOREM': 595, 'LINEAR': 925, 'SOLVED_FMB': 61, 'HARD_NONLINEAR': 7}
[1589] order5big_12708: LINEAR (0.0s)  running={'THEOREM': 595, 'LINEAR': 926, 'SOLVED_FMB': 61, 'HARD_NONLINEAR': 7}
[1590] order5big_12716: THEOREM (60.2s)  running={'THEOREM': 596, 'LINEAR': 926, 'SOLVED_FMB': 61, 'HARD_NONLINEAR': 7}
[1591] order5big_12724: LINEAR (0.0s)  running={'THEOREM': 596, 'LINEAR': 927, 'SOLVED_FMB': 61, 'HARD_NONLINEAR': 7}
[1592] order5big_12732: LINEAR (0.0s)  running={'THEOREM': 596, 'LINEAR': 928, 'SOLVED_FMB': 61, 'HARD_NONLINEAR': 7}
[1593] order5big_12740: SOLVED_FMB (1.1s)  running={'THEOREM': 596, 'LINEAR': 928, 'SOLVED_FMB': 62, 'HARD_NONLINEAR': 7}
[1594] order5big_12748: LINEAR (0.0s)  running={'THEOREM': 596, 'LINEAR': 929, 'SOLVED_FMB': 62, 'HARD_NONLINEAR': 7}
[1595] order5big_12756: THEOREM (60.2s)  running={'THEOREM': 597, 'LINEAR': 929, 'SOLVED_FMB': 62, 'HARD_NONLINEAR': 7}
[1596] order5big_12764: THEOREM (60.2s)  running={'THEOREM': 598, 'LINEAR': 929, 'SOLVED_FMB': 62, 'HARD_NONLINEAR': 7}
[1597] order5big_12772: LINEAR (0.0s)  running={'THEOREM': 598, 'LINEAR': 930, 'SOLVED_FMB': 62, 'HARD_NONLINEAR': 7}
[1598] order5big_12780: THEOREM (60.2s)  running={'THEOREM': 599, 'LINEAR': 930, 'SOLVED_FMB': 62, 'HARD_NONLINEAR': 7}
[1599] order5big_12788: THEOREM (60.3s)  running={'THEOREM': 600, 'LINEAR': 930, 'SOLVED_FMB': 62, 'HARD_NONLINEAR': 7}
[1600] order5big_12796: LINEAR (0.0s)  running={'THEOREM': 600, 'LINEAR': 931, 'SOLVED_FMB': 62, 'HARD_NONLINEAR': 7}
[1601] order5big_12804: LINEAR (0.0s)  running={'THEOREM': 600, 'LINEAR': 932, 'SOLVED_FMB': 62, 'HARD_NONLINEAR': 7}
[1602] order5big_12812: LINEAR (0.0s)  running={'THEOREM': 600, 'LINEAR': 933, 'SOLVED_FMB': 62, 'HARD_NONLINEAR': 7}
[1603] order5big_12820: LINEAR (0.0s)  running={'THEOREM': 600, 'LINEAR': 934, 'SOLVED_FMB': 62, 'HARD_NONLINEAR': 7}
[1604] order5big_12828: LINEAR (0.0s)  running={'THEOREM': 600, 'LINEAR': 935, 'SOLVED_FMB': 62, 'HARD_NONLINEAR': 7}
[1605] order5big_12836: LINEAR (0.0s)  running={'THEOREM': 600, 'LINEAR': 936, 'SOLVED_FMB': 62, 'HARD_NONLINEAR': 7}
[1606] order5big_12844: LINEAR (0.0s)  running={'THEOREM': 600, 'LINEAR': 937, 'SOLVED_FMB': 62, 'HARD_NONLINEAR': 7}
[1607] order5big_12852: LINEAR (0.0s)  running={'THEOREM': 600, 'LINEAR': 938, 'SOLVED_FMB': 62, 'HARD_NONLINEAR': 7}
[1608] order5big_12860: LINEAR (0.0s)  running={'THEOREM': 600, 'LINEAR': 939, 'SOLVED_FMB': 62, 'HARD_NONLINEAR': 7}
[1609] order5big_12868: LINEAR (0.0s)  running={'THEOREM': 600, 'LINEAR': 940, 'SOLVED_FMB': 62, 'HARD_NONLINEAR': 7}
[1610] order5big_12876: LINEAR (0.0s)  running={'THEOREM': 600, 'LINEAR': 941, 'SOLVED_FMB': 62, 'HARD_NONLINEAR': 7}
[1611] order5big_12884: THEOREM (60.2s)  running={'THEOREM': 601, 'LINEAR': 941, 'SOLVED_FMB': 62, 'HARD_NONLINEAR': 7}
[1612] order5big_12892: LINEAR (0.0s)  running={'THEOREM': 601, 'LINEAR': 942, 'SOLVED_FMB': 62, 'HARD_NONLINEAR': 7}
[1613] order5big_12900: LINEAR (0.0s)  running={'THEOREM': 601, 'LINEAR': 943, 'SOLVED_FMB': 62, 'HARD_NONLINEAR': 7}
[1614] order5big_12908: THEOREM (60.3s)  running={'THEOREM': 602, 'LINEAR': 943, 'SOLVED_FMB': 62, 'HARD_NONLINEAR': 7}
[1615] order5big_12916: LINEAR (0.0s)  running={'THEOREM': 602, 'LINEAR': 944, 'SOLVED_FMB': 62, 'HARD_NONLINEAR': 7}
[1616] order5big_12924: LINEAR (0.0s)  running={'THEOREM': 602, 'LINEAR': 945, 'SOLVED_FMB': 62, 'HARD_NONLINEAR': 7}
[1617] order5big_12932: LINEAR (0.0s)  running={'THEOREM': 602, 'LINEAR': 946, 'SOLVED_FMB': 62, 'HARD_NONLINEAR': 7}
[1618] order5big_12940: LINEAR (0.0s)  running={'THEOREM': 602, 'LINEAR': 947, 'SOLVED_FMB': 62, 'HARD_NONLINEAR': 7}
[1619] order5big_12948: LINEAR (0.0s)  running={'THEOREM': 602, 'LINEAR': 948, 'SOLVED_FMB': 62, 'HARD_NONLINEAR': 7}
[1620] order5big_12956: THEOREM (60.5s)  running={'THEOREM': 603, 'LINEAR': 948, 'SOLVED_FMB': 62, 'HARD_NONLINEAR': 7}
[1621] order5big_12964: LINEAR (0.0s)  running={'THEOREM': 603, 'LINEAR': 949, 'SOLVED_FMB': 62, 'HARD_NONLINEAR': 7}
[1622] order5big_12972: LINEAR (0.0s)  running={'THEOREM': 603, 'LINEAR': 950, 'SOLVED_FMB': 62, 'HARD_NONLINEAR': 7}
[1623] order5big_12980: LINEAR (0.0s)  running={'THEOREM': 603, 'LINEAR': 951, 'SOLVED_FMB': 62, 'HARD_NONLINEAR': 7}
[1624] order5big_12988: LINEAR (0.0s)  running={'THEOREM': 603, 'LINEAR': 952, 'SOLVED_FMB': 62, 'HARD_NONLINEAR': 7}
[1625] order5big_12996: THEOREM (60.3s)  running={'THEOREM': 604, 'LINEAR': 952, 'SOLVED_FMB': 62, 'HARD_NONLINEAR': 7}
[1626] order5big_13004: LINEAR (0.0s)  running={'THEOREM': 604, 'LINEAR': 953, 'SOLVED_FMB': 62, 'HARD_NONLINEAR': 7}
[1627] order5big_13012: THEOREM (61.2s)  running={'THEOREM': 605, 'LINEAR': 953, 'SOLVED_FMB': 62, 'HARD_NONLINEAR': 7}
[1628] order5big_13020: THEOREM (60.2s)  running={'THEOREM': 606, 'LINEAR': 953, 'SOLVED_FMB': 62, 'HARD_NONLINEAR': 7}
[1629] order5big_13028: THEOREM (72.8s)  running={'THEOREM': 607, 'LINEAR': 953, 'SOLVED_FMB': 62, 'HARD_NONLINEAR': 7}
[1630] order5big_13036: THEOREM (60.2s)  running={'THEOREM': 608, 'LINEAR': 953, 'SOLVED_FMB': 62, 'HARD_NONLINEAR': 7}
[1631] order5big_13044: LINEAR (0.0s)  running={'THEOREM': 608, 'LINEAR': 954, 'SOLVED_FMB': 62, 'HARD_NONLINEAR': 7}
[1632] order5big_13052: THEOREM (61.9s)  running={'THEOREM': 609, 'LINEAR': 954, 'SOLVED_FMB': 62, 'HARD_NONLINEAR': 7}
[1633] order5big_13060: LINEAR (0.0s)  running={'THEOREM': 609, 'LINEAR': 955, 'SOLVED_FMB': 62, 'HARD_NONLINEAR': 7}
[1634] order5big_13068: THEOREM (60.5s)  running={'THEOREM': 610, 'LINEAR': 955, 'SOLVED_FMB': 62, 'HARD_NONLINEAR': 7}
[1635] order5big_13076: THEOREM (60.2s)  running={'THEOREM': 611, 'LINEAR': 955, 'SOLVED_FMB': 62, 'HARD_NONLINEAR': 7}
[1636] order5big_13084: THEOREM (65.3s)  running={'THEOREM': 612, 'LINEAR': 955, 'SOLVED_FMB': 62, 'HARD_NONLINEAR': 7}
[1637] order5big_13092: THEOREM (60.5s)  running={'THEOREM': 613, 'LINEAR': 955, 'SOLVED_FMB': 62, 'HARD_NONLINEAR': 7}
[1638] order5big_13100: LINEAR (0.0s)  running={'THEOREM': 613, 'LINEAR': 956, 'SOLVED_FMB': 62, 'HARD_NONLINEAR': 7}
[1639] order5big_13108: THEOREM (60.2s)  running={'THEOREM': 614, 'LINEAR': 956, 'SOLVED_FMB': 62, 'HARD_NONLINEAR': 7}
[1640] order5big_13116: THEOREM (60.7s)  running={'THEOREM': 615, 'LINEAR': 956, 'SOLVED_FMB': 62, 'HARD_NONLINEAR': 7}
[1641] order5big_13124: LINEAR (0.0s)  running={'THEOREM': 615, 'LINEAR': 957, 'SOLVED_FMB': 62, 'HARD_NONLINEAR': 7}
[1642] order5big_13132: LINEAR (0.0s)  running={'THEOREM': 615, 'LINEAR': 958, 'SOLVED_FMB': 62, 'HARD_NONLINEAR': 7}
[1643] order5big_13140: THEOREM (60.2s)  running={'THEOREM': 616, 'LINEAR': 958, 'SOLVED_FMB': 62, 'HARD_NONLINEAR': 7}
[1644] order5big_13148: LINEAR (0.0s)  running={'THEOREM': 616, 'LINEAR': 959, 'SOLVED_FMB': 62, 'HARD_NONLINEAR': 7}
[1645] order5big_13156: LINEAR (0.0s)  running={'THEOREM': 616, 'LINEAR': 960, 'SOLVED_FMB': 62, 'HARD_NONLINEAR': 7}
[1646] order5big_13164: LINEAR (0.0s)  running={'THEOREM': 616, 'LINEAR': 961, 'SOLVED_FMB': 62, 'HARD_NONLINEAR': 7}
[1647] order5big_13172: LINEAR (0.0s)  running={'THEOREM': 616, 'LINEAR': 962, 'SOLVED_FMB': 62, 'HARD_NONLINEAR': 7}
[1648] order5big_13180: LINEAR (0.0s)  running={'THEOREM': 616, 'LINEAR': 963, 'SOLVED_FMB': 62, 'HARD_NONLINEAR': 7}
[1649] order5big_13188: THEOREM (60.4s)  running={'THEOREM': 617, 'LINEAR': 963, 'SOLVED_FMB': 62, 'HARD_NONLINEAR': 7}
[1650] order5big_13196: LINEAR (0.0s)  running={'THEOREM': 617, 'LINEAR': 964, 'SOLVED_FMB': 62, 'HARD_NONLINEAR': 7}
[1651] order5big_13204: THEOREM (60.5s)  running={'THEOREM': 618, 'LINEAR': 964, 'SOLVED_FMB': 62, 'HARD_NONLINEAR': 7}
[1652] order5big_13212: THEOREM (60.2s)  running={'THEOREM': 619, 'LINEAR': 964, 'SOLVED_FMB': 62, 'HARD_NONLINEAR': 7}
[1653] order5big_13220: THEOREM (60.2s)  running={'THEOREM': 620, 'LINEAR': 964, 'SOLVED_FMB': 62, 'HARD_NONLINEAR': 7}
[1654] order5big_13228: THEOREM (60.4s)  running={'THEOREM': 621, 'LINEAR': 964, 'SOLVED_FMB': 62, 'HARD_NONLINEAR': 7}
[1655] order5big_13236: LINEAR (0.0s)  running={'THEOREM': 621, 'LINEAR': 965, 'SOLVED_FMB': 62, 'HARD_NONLINEAR': 7}
[1656] order5big_13244: LINEAR (0.0s)  running={'THEOREM': 621, 'LINEAR': 966, 'SOLVED_FMB': 62, 'HARD_NONLINEAR': 7}
[1657] order5big_13252: LINEAR (0.0s)  running={'THEOREM': 621, 'LINEAR': 967, 'SOLVED_FMB': 62, 'HARD_NONLINEAR': 7}
[1658] order5big_13260: THEOREM (60.2s)  running={'THEOREM': 622, 'LINEAR': 967, 'SOLVED_FMB': 62, 'HARD_NONLINEAR': 7}
[1659] order5big_13268: LINEAR (0.0s)  running={'THEOREM': 622, 'LINEAR': 968, 'SOLVED_FMB': 62, 'HARD_NONLINEAR': 7}
[1660] order5big_13276: LINEAR (0.0s)  running={'THEOREM': 622, 'LINEAR': 969, 'SOLVED_FMB': 62, 'HARD_NONLINEAR': 7}
[1661] order5big_13284: LINEAR (0.0s)  running={'THEOREM': 622, 'LINEAR': 970, 'SOLVED_FMB': 62, 'HARD_NONLINEAR': 7}
[1662] order5big_13292: LINEAR (0.0s)  running={'THEOREM': 622, 'LINEAR': 971, 'SOLVED_FMB': 62, 'HARD_NONLINEAR': 7}
[1663] order5big_13300: LINEAR (0.0s)  running={'THEOREM': 622, 'LINEAR': 972, 'SOLVED_FMB': 62, 'HARD_NONLINEAR': 7}
[1664] order5big_13308: LINEAR (0.0s)  running={'THEOREM': 622, 'LINEAR': 973, 'SOLVED_FMB': 62, 'HARD_NONLINEAR': 7}
[1665] order5big_13316: THEOREM (60.2s)  running={'THEOREM': 623, 'LINEAR': 973, 'SOLVED_FMB': 62, 'HARD_NONLINEAR': 7}
[1666] order5big_13324: LINEAR (0.0s)  running={'THEOREM': 623, 'LINEAR': 974, 'SOLVED_FMB': 62, 'HARD_NONLINEAR': 7}
[1667] order5big_13332: THEOREM (60.3s)  running={'THEOREM': 624, 'LINEAR': 974, 'SOLVED_FMB': 62, 'HARD_NONLINEAR': 7}
[1668] order5big_13340: LINEAR (0.0s)  running={'THEOREM': 624, 'LINEAR': 975, 'SOLVED_FMB': 62, 'HARD_NONLINEAR': 7}
[1669] order5big_13348: THEOREM (7.5s)  running={'THEOREM': 625, 'LINEAR': 975, 'SOLVED_FMB': 62, 'HARD_NONLINEAR': 7}
[1670] order5big_13356: LINEAR (0.0s)  running={'THEOREM': 625, 'LINEAR': 976, 'SOLVED_FMB': 62, 'HARD_NONLINEAR': 7}
[1671] order5big_13364: THEOREM (60.2s)  running={'THEOREM': 626, 'LINEAR': 976, 'SOLVED_FMB': 62, 'HARD_NONLINEAR': 7}
[1672] order5big_13372: LINEAR (0.0s)  running={'THEOREM': 626, 'LINEAR': 977, 'SOLVED_FMB': 62, 'HARD_NONLINEAR': 7}
[1673] order5big_13380: LINEAR (0.0s)  running={'THEOREM': 626, 'LINEAR': 978, 'SOLVED_FMB': 62, 'HARD_NONLINEAR': 7}
[1674] order5big_13388: THEOREM (62.0s)  running={'THEOREM': 627, 'LINEAR': 978, 'SOLVED_FMB': 62, 'HARD_NONLINEAR': 7}
[1675] order5big_13396: LINEAR (0.0s)  running={'THEOREM': 627, 'LINEAR': 979, 'SOLVED_FMB': 62, 'HARD_NONLINEAR': 7}
[1676] order5big_13404: THEOREM (60.2s)  running={'THEOREM': 628, 'LINEAR': 979, 'SOLVED_FMB': 62, 'HARD_NONLINEAR': 7}
[1677] order5big_13412: LINEAR (0.0s)  running={'THEOREM': 628, 'LINEAR': 980, 'SOLVED_FMB': 62, 'HARD_NONLINEAR': 7}
[1678] order5big_13420: THEOREM (3.0s)  running={'THEOREM': 629, 'LINEAR': 980, 'SOLVED_FMB': 62, 'HARD_NONLINEAR': 7}
[1679] order5big_13428: LINEAR (0.0s)  running={'THEOREM': 629, 'LINEAR': 981, 'SOLVED_FMB': 62, 'HARD_NONLINEAR': 7}
[1680] order5big_13436: THEOREM (60.2s)  running={'THEOREM': 630, 'LINEAR': 981, 'SOLVED_FMB': 62, 'HARD_NONLINEAR': 7}
[1681] order5big_13444: SOLVED_FMB (2.1s)  running={'THEOREM': 630, 'LINEAR': 981, 'SOLVED_FMB': 63, 'HARD_NONLINEAR': 7}
[1682] order5big_13452: LINEAR (0.0s)  running={'THEOREM': 630, 'LINEAR': 982, 'SOLVED_FMB': 63, 'HARD_NONLINEAR': 7}
[1683] order5big_13460: LINEAR (0.0s)  running={'THEOREM': 630, 'LINEAR': 983, 'SOLVED_FMB': 63, 'HARD_NONLINEAR': 7}
[1684] order5big_13468: THEOREM (60.2s)  running={'THEOREM': 631, 'LINEAR': 983, 'SOLVED_FMB': 63, 'HARD_NONLINEAR': 7}
[1685] order5big_13476: LINEAR (0.0s)  running={'THEOREM': 631, 'LINEAR': 984, 'SOLVED_FMB': 63, 'HARD_NONLINEAR': 7}
[1686] order5big_13484: THEOREM (62.0s)  running={'THEOREM': 632, 'LINEAR': 984, 'SOLVED_FMB': 63, 'HARD_NONLINEAR': 7}
[1687] order5big_13492: THEOREM (60.5s)  running={'THEOREM': 633, 'LINEAR': 984, 'SOLVED_FMB': 63, 'HARD_NONLINEAR': 7}
[1688] order5big_13500: LINEAR (0.0s)  running={'THEOREM': 633, 'LINEAR': 985, 'SOLVED_FMB': 63, 'HARD_NONLINEAR': 7}
[1689] order5big_13508: LINEAR (0.0s)  running={'THEOREM': 633, 'LINEAR': 986, 'SOLVED_FMB': 63, 'HARD_NONLINEAR': 7}
[1690] order5big_13516: THEOREM (62.1s)  running={'THEOREM': 634, 'LINEAR': 986, 'SOLVED_FMB': 63, 'HARD_NONLINEAR': 7}
[1691] order5big_13524: THEOREM (60.6s)  running={'THEOREM': 635, 'LINEAR': 986, 'SOLVED_FMB': 63, 'HARD_NONLINEAR': 7}
[1692] order5big_13532: LINEAR (0.0s)  running={'THEOREM': 635, 'LINEAR': 987, 'SOLVED_FMB': 63, 'HARD_NONLINEAR': 7}
[1693] order5big_13540: LINEAR (0.0s)  running={'THEOREM': 635, 'LINEAR': 988, 'SOLVED_FMB': 63, 'HARD_NONLINEAR': 7}
[1694] order5big_13548: LINEAR (0.0s)  running={'THEOREM': 635, 'LINEAR': 989, 'SOLVED_FMB': 63, 'HARD_NONLINEAR': 7}
[1695] order5big_13556: THEOREM (60.2s)  running={'THEOREM': 636, 'LINEAR': 989, 'SOLVED_FMB': 63, 'HARD_NONLINEAR': 7}
[1696] order5big_13564: LINEAR (0.0s)  running={'THEOREM': 636, 'LINEAR': 990, 'SOLVED_FMB': 63, 'HARD_NONLINEAR': 7}
[1697] order5big_13572: LINEAR (0.0s)  running={'THEOREM': 636, 'LINEAR': 991, 'SOLVED_FMB': 63, 'HARD_NONLINEAR': 7}
[1698] order5big_13580: THEOREM (60.2s)  running={'THEOREM': 637, 'LINEAR': 991, 'SOLVED_FMB': 63, 'HARD_NONLINEAR': 7}
[1699] order5big_13588: THEOREM (60.7s)  running={'THEOREM': 638, 'LINEAR': 991, 'SOLVED_FMB': 63, 'HARD_NONLINEAR': 7}
[1700] order5big_13596: THEOREM (60.1s)  running={'THEOREM': 639, 'LINEAR': 991, 'SOLVED_FMB': 63, 'HARD_NONLINEAR': 7}
[1701] order5big_13604: THEOREM (60.2s)  running={'THEOREM': 640, 'LINEAR': 991, 'SOLVED_FMB': 63, 'HARD_NONLINEAR': 7}
[1702] order5big_13612: LINEAR (0.0s)  running={'THEOREM': 640, 'LINEAR': 992, 'SOLVED_FMB': 63, 'HARD_NONLINEAR': 7}
[1703] order5big_13620: LINEAR (0.0s)  running={'THEOREM': 640, 'LINEAR': 993, 'SOLVED_FMB': 63, 'HARD_NONLINEAR': 7}
[1704] order5big_13628: LINEAR (0.0s)  running={'THEOREM': 640, 'LINEAR': 994, 'SOLVED_FMB': 63, 'HARD_NONLINEAR': 7}
[1705] order5big_13636: LINEAR (0.0s)  running={'THEOREM': 640, 'LINEAR': 995, 'SOLVED_FMB': 63, 'HARD_NONLINEAR': 7}
[1706] order5big_13644: LINEAR (0.0s)  running={'THEOREM': 640, 'LINEAR': 996, 'SOLVED_FMB': 63, 'HARD_NONLINEAR': 7}
[1707] order5big_13652: LINEAR (0.0s)  running={'THEOREM': 640, 'LINEAR': 997, 'SOLVED_FMB': 63, 'HARD_NONLINEAR': 7}
[1708] order5big_13660: LINEAR (0.0s)  running={'THEOREM': 640, 'LINEAR': 998, 'SOLVED_FMB': 63, 'HARD_NONLINEAR': 7}
[1709] order5big_13668: LINEAR (0.0s)  running={'THEOREM': 640, 'LINEAR': 999, 'SOLVED_FMB': 63, 'HARD_NONLINEAR': 7}
[1710] order5big_13676: LINEAR (0.0s)  running={'THEOREM': 640, 'LINEAR': 1000, 'SOLVED_FMB': 63, 'HARD_NONLINEAR': 7}
[1711] order5big_13684: LINEAR (0.0s)  running={'THEOREM': 640, 'LINEAR': 1001, 'SOLVED_FMB': 63, 'HARD_NONLINEAR': 7}
[1712] order5big_13692: THEOREM (30.3s)  running={'THEOREM': 641, 'LINEAR': 1001, 'SOLVED_FMB': 63, 'HARD_NONLINEAR': 7}
[1713] order5big_13700: THEOREM (60.2s)  running={'THEOREM': 642, 'LINEAR': 1001, 'SOLVED_FMB': 63, 'HARD_NONLINEAR': 7}
[1714] order5big_13708: LINEAR (0.0s)  running={'THEOREM': 642, 'LINEAR': 1002, 'SOLVED_FMB': 63, 'HARD_NONLINEAR': 7}
[1715] order5big_13716: LINEAR (0.0s)  running={'THEOREM': 642, 'LINEAR': 1003, 'SOLVED_FMB': 63, 'HARD_NONLINEAR': 7}
[1716] order5big_13724: LINEAR (0.0s)  running={'THEOREM': 642, 'LINEAR': 1004, 'SOLVED_FMB': 63, 'HARD_NONLINEAR': 7}
[1717] order5big_13732: LINEAR (0.0s)  running={'THEOREM': 642, 'LINEAR': 1005, 'SOLVED_FMB': 63, 'HARD_NONLINEAR': 7}
[1718] order5big_13740: THEOREM (60.5s)  running={'THEOREM': 643, 'LINEAR': 1005, 'SOLVED_FMB': 63, 'HARD_NONLINEAR': 7}
[1719] order5big_13748: LINEAR (0.0s)  running={'THEOREM': 643, 'LINEAR': 1006, 'SOLVED_FMB': 63, 'HARD_NONLINEAR': 7}
[1720] order5big_13756: THEOREM (60.5s)  running={'THEOREM': 644, 'LINEAR': 1006, 'SOLVED_FMB': 63, 'HARD_NONLINEAR': 7}
[1721] order5big_13764: THEOREM (60.6s)  running={'THEOREM': 645, 'LINEAR': 1006, 'SOLVED_FMB': 63, 'HARD_NONLINEAR': 7}
[1722] order5big_13772: LINEAR (0.0s)  running={'THEOREM': 645, 'LINEAR': 1007, 'SOLVED_FMB': 63, 'HARD_NONLINEAR': 7}
[1723] order5big_13780: LINEAR (0.0s)  running={'THEOREM': 645, 'LINEAR': 1008, 'SOLVED_FMB': 63, 'HARD_NONLINEAR': 7}
[1724] order5big_13788: LINEAR (0.0s)  running={'THEOREM': 645, 'LINEAR': 1009, 'SOLVED_FMB': 63, 'HARD_NONLINEAR': 7}
[1725] order5big_13796: LINEAR (0.0s)  running={'THEOREM': 645, 'LINEAR': 1010, 'SOLVED_FMB': 63, 'HARD_NONLINEAR': 7}
[1726] order5big_13804: LINEAR (0.0s)  running={'THEOREM': 645, 'LINEAR': 1011, 'SOLVED_FMB': 63, 'HARD_NONLINEAR': 7}
[1727] order5big_13812: THEOREM (60.7s)  running={'THEOREM': 646, 'LINEAR': 1011, 'SOLVED_FMB': 63, 'HARD_NONLINEAR': 7}
[1728] order5big_13820: LINEAR (0.0s)  running={'THEOREM': 646, 'LINEAR': 1012, 'SOLVED_FMB': 63, 'HARD_NONLINEAR': 7}
[1729] order5big_13828: LINEAR (0.0s)  running={'THEOREM': 646, 'LINEAR': 1013, 'SOLVED_FMB': 63, 'HARD_NONLINEAR': 7}
[1730] order5big_13836: THEOREM (60.2s)  running={'THEOREM': 647, 'LINEAR': 1013, 'SOLVED_FMB': 63, 'HARD_NONLINEAR': 7}
[1731] order5big_13844: LINEAR (0.0s)  running={'THEOREM': 647, 'LINEAR': 1014, 'SOLVED_FMB': 63, 'HARD_NONLINEAR': 7}
[1732] order5big_13852: LINEAR (0.0s)  running={'THEOREM': 647, 'LINEAR': 1015, 'SOLVED_FMB': 63, 'HARD_NONLINEAR': 7}
[1733] order5big_13860: LINEAR (0.0s)  running={'THEOREM': 647, 'LINEAR': 1016, 'SOLVED_FMB': 63, 'HARD_NONLINEAR': 7}
[1734] order5big_13868: LINEAR (0.0s)  running={'THEOREM': 647, 'LINEAR': 1017, 'SOLVED_FMB': 63, 'HARD_NONLINEAR': 7}
[1735] order5big_13876: LINEAR (0.0s)  running={'THEOREM': 647, 'LINEAR': 1018, 'SOLVED_FMB': 63, 'HARD_NONLINEAR': 7}
[1736] order5big_13884: LINEAR (0.0s)  running={'THEOREM': 647, 'LINEAR': 1019, 'SOLVED_FMB': 63, 'HARD_NONLINEAR': 7}
[1737] order5big_13892: THEOREM (214.5s)  running={'THEOREM': 648, 'LINEAR': 1019, 'SOLVED_FMB': 63, 'HARD_NONLINEAR': 7}
[1738] order5big_13900: LINEAR (0.0s)  running={'THEOREM': 648, 'LINEAR': 1020, 'SOLVED_FMB': 63, 'HARD_NONLINEAR': 7}
[1739] order5big_13908: THEOREM (60.2s)  running={'THEOREM': 649, 'LINEAR': 1020, 'SOLVED_FMB': 63, 'HARD_NONLINEAR': 7}
[1740] order5big_13916: THEOREM (60.7s)  running={'THEOREM': 650, 'LINEAR': 1020, 'SOLVED_FMB': 63, 'HARD_NONLINEAR': 7}
[1741] order5big_13924: LINEAR (0.0s)  running={'THEOREM': 650, 'LINEAR': 1021, 'SOLVED_FMB': 63, 'HARD_NONLINEAR': 7}
[1742] order5big_13932: LINEAR (0.0s)  running={'THEOREM': 650, 'LINEAR': 1022, 'SOLVED_FMB': 63, 'HARD_NONLINEAR': 7}
[1743] order5big_13940: LINEAR (0.0s)  running={'THEOREM': 650, 'LINEAR': 1023, 'SOLVED_FMB': 63, 'HARD_NONLINEAR': 7}
[1744] order5big_13948: THEOREM (60.2s)  running={'THEOREM': 651, 'LINEAR': 1023, 'SOLVED_FMB': 63, 'HARD_NONLINEAR': 7}
[1745] order5big_13956: THEOREM (60.2s)  running={'THEOREM': 652, 'LINEAR': 1023, 'SOLVED_FMB': 63, 'HARD_NONLINEAR': 7}
[1746] order5big_13964: LINEAR (0.0s)  running={'THEOREM': 652, 'LINEAR': 1024, 'SOLVED_FMB': 63, 'HARD_NONLINEAR': 7}
[1747] order5big_13972: THEOREM (60.2s)  running={'THEOREM': 653, 'LINEAR': 1024, 'SOLVED_FMB': 63, 'HARD_NONLINEAR': 7}
[1748] order5big_13980: THEOREM (60.1s)  running={'THEOREM': 654, 'LINEAR': 1024, 'SOLVED_FMB': 63, 'HARD_NONLINEAR': 7}
[1749] order5big_13988: LINEAR (0.0s)  running={'THEOREM': 654, 'LINEAR': 1025, 'SOLVED_FMB': 63, 'HARD_NONLINEAR': 7}
[1750] order5big_13996: LINEAR (0.0s)  running={'THEOREM': 654, 'LINEAR': 1026, 'SOLVED_FMB': 63, 'HARD_NONLINEAR': 7}
[1751] order5big_14004: LINEAR (0.0s)  running={'THEOREM': 654, 'LINEAR': 1027, 'SOLVED_FMB': 63, 'HARD_NONLINEAR': 7}
[1752] order5big_14012: THEOREM (62.0s)  running={'THEOREM': 655, 'LINEAR': 1027, 'SOLVED_FMB': 63, 'HARD_NONLINEAR': 7}
[1753] order5big_14020: THEOREM (61.0s)  running={'THEOREM': 656, 'LINEAR': 1027, 'SOLVED_FMB': 63, 'HARD_NONLINEAR': 7}
[1754] order5big_14028: THEOREM (61.2s)  running={'THEOREM': 657, 'LINEAR': 1027, 'SOLVED_FMB': 63, 'HARD_NONLINEAR': 7}
[1755] order5big_14036: THEOREM (63.7s)  running={'THEOREM': 658, 'LINEAR': 1027, 'SOLVED_FMB': 63, 'HARD_NONLINEAR': 7}
[1756] order5big_14044: LINEAR (0.0s)  running={'THEOREM': 658, 'LINEAR': 1028, 'SOLVED_FMB': 63, 'HARD_NONLINEAR': 7}
[1757] order5big_14052: THEOREM (60.5s)  running={'THEOREM': 659, 'LINEAR': 1028, 'SOLVED_FMB': 63, 'HARD_NONLINEAR': 7}
[1758] order5big_14060: THEOREM (60.2s)  running={'THEOREM': 660, 'LINEAR': 1028, 'SOLVED_FMB': 63, 'HARD_NONLINEAR': 7}
[1759] order5big_14068: LINEAR (0.0s)  running={'THEOREM': 660, 'LINEAR': 1029, 'SOLVED_FMB': 63, 'HARD_NONLINEAR': 7}
[1760] order5big_14076: LINEAR (0.0s)  running={'THEOREM': 660, 'LINEAR': 1030, 'SOLVED_FMB': 63, 'HARD_NONLINEAR': 7}
[1761] order5big_14084: THEOREM (62.8s)  running={'THEOREM': 661, 'LINEAR': 1030, 'SOLVED_FMB': 63, 'HARD_NONLINEAR': 7}
[1762] order5big_14092: LINEAR (0.0s)  running={'THEOREM': 661, 'LINEAR': 1031, 'SOLVED_FMB': 63, 'HARD_NONLINEAR': 7}
[1763] order5big_14100: LINEAR (0.0s)  running={'THEOREM': 661, 'LINEAR': 1032, 'SOLVED_FMB': 63, 'HARD_NONLINEAR': 7}
[1764] order5big_14108: LINEAR (0.0s)  running={'THEOREM': 661, 'LINEAR': 1033, 'SOLVED_FMB': 63, 'HARD_NONLINEAR': 7}
[1765] order5big_14116: THEOREM (60.2s)  running={'THEOREM': 662, 'LINEAR': 1033, 'SOLVED_FMB': 63, 'HARD_NONLINEAR': 7}
[1766] order5big_14124: LINEAR (0.0s)  running={'THEOREM': 662, 'LINEAR': 1034, 'SOLVED_FMB': 63, 'HARD_NONLINEAR': 7}
[1767] order5big_14132: LINEAR (0.0s)  running={'THEOREM': 662, 'LINEAR': 1035, 'SOLVED_FMB': 63, 'HARD_NONLINEAR': 7}
[1768] order5big_14140: LINEAR (0.0s)  running={'THEOREM': 662, 'LINEAR': 1036, 'SOLVED_FMB': 63, 'HARD_NONLINEAR': 7}
[1769] order5big_14148: LINEAR (0.0s)  running={'THEOREM': 662, 'LINEAR': 1037, 'SOLVED_FMB': 63, 'HARD_NONLINEAR': 7}
[1770] order5big_14156: LINEAR (0.0s)  running={'THEOREM': 662, 'LINEAR': 1038, 'SOLVED_FMB': 63, 'HARD_NONLINEAR': 7}
[1771] order5big_14164: LINEAR (0.0s)  running={'THEOREM': 662, 'LINEAR': 1039, 'SOLVED_FMB': 63, 'HARD_NONLINEAR': 7}
[1772] order5big_14172: THEOREM (60.2s)  running={'THEOREM': 663, 'LINEAR': 1039, 'SOLVED_FMB': 63, 'HARD_NONLINEAR': 7}
[1773] order5big_14180: LINEAR (0.0s)  running={'THEOREM': 663, 'LINEAR': 1040, 'SOLVED_FMB': 63, 'HARD_NONLINEAR': 7}
[1774] order5big_14188: THEOREM (60.2s)  running={'THEOREM': 664, 'LINEAR': 1040, 'SOLVED_FMB': 63, 'HARD_NONLINEAR': 7}
[1775] order5big_14196: SOLVED_FMB (1.9s)  running={'THEOREM': 664, 'LINEAR': 1040, 'SOLVED_FMB': 64, 'HARD_NONLINEAR': 7}
[1776] order5big_14204: LINEAR (0.0s)  running={'THEOREM': 664, 'LINEAR': 1041, 'SOLVED_FMB': 64, 'HARD_NONLINEAR': 7}
[1777] order5big_14212: LINEAR (0.0s)  running={'THEOREM': 664, 'LINEAR': 1042, 'SOLVED_FMB': 64, 'HARD_NONLINEAR': 7}
[1778] order5big_14220: THEOREM (60.3s)  running={'THEOREM': 665, 'LINEAR': 1042, 'SOLVED_FMB': 64, 'HARD_NONLINEAR': 7}
[1779] order5big_14228: LINEAR (0.0s)  running={'THEOREM': 665, 'LINEAR': 1043, 'SOLVED_FMB': 64, 'HARD_NONLINEAR': 7}
[1780] order5big_14236: LINEAR (0.0s)  running={'THEOREM': 665, 'LINEAR': 1044, 'SOLVED_FMB': 64, 'HARD_NONLINEAR': 7}
[1781] order5big_14244: LINEAR (0.0s)  running={'THEOREM': 665, 'LINEAR': 1045, 'SOLVED_FMB': 64, 'HARD_NONLINEAR': 7}
[1782] order5big_14252: LINEAR (0.0s)  running={'THEOREM': 665, 'LINEAR': 1046, 'SOLVED_FMB': 64, 'HARD_NONLINEAR': 7}
[1783] order5big_14260: LINEAR (0.0s)  running={'THEOREM': 665, 'LINEAR': 1047, 'SOLVED_FMB': 64, 'HARD_NONLINEAR': 7}
[1784] order5big_14268: LINEAR (0.0s)  running={'THEOREM': 665, 'LINEAR': 1048, 'SOLVED_FMB': 64, 'HARD_NONLINEAR': 7}
[1785] order5big_14276: THEOREM (60.2s)  running={'THEOREM': 666, 'LINEAR': 1048, 'SOLVED_FMB': 64, 'HARD_NONLINEAR': 7}
[1786] order5big_14284: THEOREM (60.1s)  running={'THEOREM': 667, 'LINEAR': 1048, 'SOLVED_FMB': 64, 'HARD_NONLINEAR': 7}
[1787] order5big_14292: LINEAR (0.0s)  running={'THEOREM': 667, 'LINEAR': 1049, 'SOLVED_FMB': 64, 'HARD_NONLINEAR': 7}
[1788] order5big_14300: LINEAR (0.0s)  running={'THEOREM': 667, 'LINEAR': 1050, 'SOLVED_FMB': 64, 'HARD_NONLINEAR': 7}
[1789] order5big_14308: LINEAR (0.0s)  running={'THEOREM': 667, 'LINEAR': 1051, 'SOLVED_FMB': 64, 'HARD_NONLINEAR': 7}
[1790] order5big_14316: LINEAR (0.0s)  running={'THEOREM': 667, 'LINEAR': 1052, 'SOLVED_FMB': 64, 'HARD_NONLINEAR': 7}
[1791] order5big_14324: LINEAR (0.0s)  running={'THEOREM': 667, 'LINEAR': 1053, 'SOLVED_FMB': 64, 'HARD_NONLINEAR': 7}
[1792] order5big_14332: LINEAR (0.0s)  running={'THEOREM': 667, 'LINEAR': 1054, 'SOLVED_FMB': 64, 'HARD_NONLINEAR': 7}
[1793] order5big_14340: SOLVED_FMB (0.3s)  running={'THEOREM': 667, 'LINEAR': 1054, 'SOLVED_FMB': 65, 'HARD_NONLINEAR': 7}
[1794] order5big_14348: LINEAR (0.0s)  running={'THEOREM': 667, 'LINEAR': 1055, 'SOLVED_FMB': 65, 'HARD_NONLINEAR': 7}
[1795] order5big_14356: LINEAR (0.0s)  running={'THEOREM': 667, 'LINEAR': 1056, 'SOLVED_FMB': 65, 'HARD_NONLINEAR': 7}
[1796] order5big_14364: THEOREM (72.2s)  running={'THEOREM': 668, 'LINEAR': 1056, 'SOLVED_FMB': 65, 'HARD_NONLINEAR': 7}
[1797] order5big_14372: LINEAR (0.0s)  running={'THEOREM': 668, 'LINEAR': 1057, 'SOLVED_FMB': 65, 'HARD_NONLINEAR': 7}
[1798] order5big_14380: LINEAR (0.0s)  running={'THEOREM': 668, 'LINEAR': 1058, 'SOLVED_FMB': 65, 'HARD_NONLINEAR': 7}
[1799] order5big_14388: LINEAR (0.0s)  running={'THEOREM': 668, 'LINEAR': 1059, 'SOLVED_FMB': 65, 'HARD_NONLINEAR': 7}
[1800] order5big_14396: THEOREM (60.4s)  running={'THEOREM': 669, 'LINEAR': 1059, 'SOLVED_FMB': 65, 'HARD_NONLINEAR': 7}
[1801] order5big_14404: LINEAR (0.0s)  running={'THEOREM': 669, 'LINEAR': 1060, 'SOLVED_FMB': 65, 'HARD_NONLINEAR': 7}
[1802] order5big_14412: THEOREM (60.2s)  running={'THEOREM': 670, 'LINEAR': 1060, 'SOLVED_FMB': 65, 'HARD_NONLINEAR': 7}
[1803] order5big_14420: LINEAR (0.0s)  running={'THEOREM': 670, 'LINEAR': 1061, 'SOLVED_FMB': 65, 'HARD_NONLINEAR': 7}
[1804] order5big_14428: THEOREM (60.5s)  running={'THEOREM': 671, 'LINEAR': 1061, 'SOLVED_FMB': 65, 'HARD_NONLINEAR': 7}
[1805] order5big_14436: LINEAR (0.0s)  running={'THEOREM': 671, 'LINEAR': 1062, 'SOLVED_FMB': 65, 'HARD_NONLINEAR': 7}
[1806] order5big_14444: LINEAR (0.0s)  running={'THEOREM': 671, 'LINEAR': 1063, 'SOLVED_FMB': 65, 'HARD_NONLINEAR': 7}
[1807] order5big_14452: THEOREM (60.2s)  running={'THEOREM': 672, 'LINEAR': 1063, 'SOLVED_FMB': 65, 'HARD_NONLINEAR': 7}
[1808] order5big_14460: THEOREM (60.2s)  running={'THEOREM': 673, 'LINEAR': 1063, 'SOLVED_FMB': 65, 'HARD_NONLINEAR': 7}
[1809] order5big_14468: LINEAR (0.0s)  running={'THEOREM': 673, 'LINEAR': 1064, 'SOLVED_FMB': 65, 'HARD_NONLINEAR': 7}
[1810] order5big_14476: LINEAR (0.0s)  running={'THEOREM': 673, 'LINEAR': 1065, 'SOLVED_FMB': 65, 'HARD_NONLINEAR': 7}
[1811] order5big_14484: THEOREM (0.7s)  running={'THEOREM': 674, 'LINEAR': 1065, 'SOLVED_FMB': 65, 'HARD_NONLINEAR': 7}
[1812] order5big_14492: THEOREM (60.5s)  running={'THEOREM': 675, 'LINEAR': 1065, 'SOLVED_FMB': 65, 'HARD_NONLINEAR': 7}
[1813] order5big_14500: LINEAR (0.0s)  running={'THEOREM': 675, 'LINEAR': 1066, 'SOLVED_FMB': 65, 'HARD_NONLINEAR': 7}
[1814] order5big_14508: HARD_NONLINEAR (120.1s)  running={'THEOREM': 675, 'LINEAR': 1066, 'SOLVED_FMB': 65, 'HARD_NONLINEAR': 8}
[1815] order5big_14516: THEOREM (60.7s)  running={'THEOREM': 676, 'LINEAR': 1066, 'SOLVED_FMB': 65, 'HARD_NONLINEAR': 8}
[1816] order5big_14524: THEOREM (60.2s)  running={'THEOREM': 677, 'LINEAR': 1066, 'SOLVED_FMB': 65, 'HARD_NONLINEAR': 8}
[1817] order5big_14532: THEOREM (71.3s)  running={'THEOREM': 678, 'LINEAR': 1066, 'SOLVED_FMB': 65, 'HARD_NONLINEAR': 8}
[1818] order5big_14540: THEOREM (60.6s)  running={'THEOREM': 679, 'LINEAR': 1066, 'SOLVED_FMB': 65, 'HARD_NONLINEAR': 8}
[1819] order5big_14548: THEOREM (60.2s)  running={'THEOREM': 680, 'LINEAR': 1066, 'SOLVED_FMB': 65, 'HARD_NONLINEAR': 8}
[1820] order5big_14556: LINEAR (0.0s)  running={'THEOREM': 680, 'LINEAR': 1067, 'SOLVED_FMB': 65, 'HARD_NONLINEAR': 8}
[1821] order5big_14564: THEOREM (66.5s)  running={'THEOREM': 681, 'LINEAR': 1067, 'SOLVED_FMB': 65, 'HARD_NONLINEAR': 8}
[1822] order5big_14572: LINEAR (0.0s)  running={'THEOREM': 681, 'LINEAR': 1068, 'SOLVED_FMB': 65, 'HARD_NONLINEAR': 8}
[1823] order5big_14580: THEOREM (60.6s)  running={'THEOREM': 682, 'LINEAR': 1068, 'SOLVED_FMB': 65, 'HARD_NONLINEAR': 8}
[1824] order5big_14588: THEOREM (60.5s)  running={'THEOREM': 683, 'LINEAR': 1068, 'SOLVED_FMB': 65, 'HARD_NONLINEAR': 8}
[1825] order5big_14596: THEOREM (60.2s)  running={'THEOREM': 684, 'LINEAR': 1068, 'SOLVED_FMB': 65, 'HARD_NONLINEAR': 8}
[1826] order5big_14604: LINEAR (0.0s)  running={'THEOREM': 684, 'LINEAR': 1069, 'SOLVED_FMB': 65, 'HARD_NONLINEAR': 8}
[1827] order5big_14612: LINEAR (0.0s)  running={'THEOREM': 684, 'LINEAR': 1070, 'SOLVED_FMB': 65, 'HARD_NONLINEAR': 8}
[1828] order5big_14620: LINEAR (0.0s)  running={'THEOREM': 684, 'LINEAR': 1071, 'SOLVED_FMB': 65, 'HARD_NONLINEAR': 8}
[1829] order5big_14628: LINEAR (0.0s)  running={'THEOREM': 684, 'LINEAR': 1072, 'SOLVED_FMB': 65, 'HARD_NONLINEAR': 8}
[1830] order5big_14636: LINEAR (0.0s)  running={'THEOREM': 684, 'LINEAR': 1073, 'SOLVED_FMB': 65, 'HARD_NONLINEAR': 8}
[1831] order5big_14644: LINEAR (0.0s)  running={'THEOREM': 684, 'LINEAR': 1074, 'SOLVED_FMB': 65, 'HARD_NONLINEAR': 8}
[1832] order5big_14652: LINEAR (0.0s)  running={'THEOREM': 684, 'LINEAR': 1075, 'SOLVED_FMB': 65, 'HARD_NONLINEAR': 8}
[1833] order5big_14660: SOLVED_FMB (0.3s)  running={'THEOREM': 684, 'LINEAR': 1075, 'SOLVED_FMB': 66, 'HARD_NONLINEAR': 8}
[1834] order5big_14668: LINEAR (0.0s)  running={'THEOREM': 684, 'LINEAR': 1076, 'SOLVED_FMB': 66, 'HARD_NONLINEAR': 8}
[1835] order5big_14676: THEOREM (60.1s)  running={'THEOREM': 685, 'LINEAR': 1076, 'SOLVED_FMB': 66, 'HARD_NONLINEAR': 8}
[1836] order5big_14684: LINEAR (0.0s)  running={'THEOREM': 685, 'LINEAR': 1077, 'SOLVED_FMB': 66, 'HARD_NONLINEAR': 8}
[1837] order5big_14692: THEOREM (60.2s)  running={'THEOREM': 686, 'LINEAR': 1077, 'SOLVED_FMB': 66, 'HARD_NONLINEAR': 8}
[1838] order5big_14700: THEOREM (14.7s)  running={'THEOREM': 687, 'LINEAR': 1077, 'SOLVED_FMB': 66, 'HARD_NONLINEAR': 8}
[1839] order5big_14708: THEOREM (60.2s)  running={'THEOREM': 688, 'LINEAR': 1077, 'SOLVED_FMB': 66, 'HARD_NONLINEAR': 8}
[1840] order5big_14716: THEOREM (60.2s)  running={'THEOREM': 689, 'LINEAR': 1077, 'SOLVED_FMB': 66, 'HARD_NONLINEAR': 8}
[1841] order5big_14724: LINEAR (0.0s)  running={'THEOREM': 689, 'LINEAR': 1078, 'SOLVED_FMB': 66, 'HARD_NONLINEAR': 8}
[1842] order5big_14732: LINEAR (0.0s)  running={'THEOREM': 689, 'LINEAR': 1079, 'SOLVED_FMB': 66, 'HARD_NONLINEAR': 8}
[1843] order5big_14740: LINEAR (0.0s)  running={'THEOREM': 689, 'LINEAR': 1080, 'SOLVED_FMB': 66, 'HARD_NONLINEAR': 8}
[1844] order5big_14748: THEOREM (60.3s)  running={'THEOREM': 690, 'LINEAR': 1080, 'SOLVED_FMB': 66, 'HARD_NONLINEAR': 8}
[1845] order5big_14756: LINEAR (0.0s)  running={'THEOREM': 690, 'LINEAR': 1081, 'SOLVED_FMB': 66, 'HARD_NONLINEAR': 8}
[1846] order5big_14764: THEOREM (66.4s)  running={'THEOREM': 691, 'LINEAR': 1081, 'SOLVED_FMB': 66, 'HARD_NONLINEAR': 8}
[1847] order5big_14772: THEOREM (60.2s)  running={'THEOREM': 692, 'LINEAR': 1081, 'SOLVED_FMB': 66, 'HARD_NONLINEAR': 8}
[1848] order5big_14780: THEOREM (60.4s)  running={'THEOREM': 693, 'LINEAR': 1081, 'SOLVED_FMB': 66, 'HARD_NONLINEAR': 8}
[1849] order5big_14788: LINEAR (0.0s)  running={'THEOREM': 693, 'LINEAR': 1082, 'SOLVED_FMB': 66, 'HARD_NONLINEAR': 8}
[1850] order5big_14796: LINEAR (0.0s)  running={'THEOREM': 693, 'LINEAR': 1083, 'SOLVED_FMB': 66, 'HARD_NONLINEAR': 8}
[1851] order5big_14804: LINEAR (0.0s)  running={'THEOREM': 693, 'LINEAR': 1084, 'SOLVED_FMB': 66, 'HARD_NONLINEAR': 8}
[1852] order5big_14812: LINEAR (0.0s)  running={'THEOREM': 693, 'LINEAR': 1085, 'SOLVED_FMB': 66, 'HARD_NONLINEAR': 8}
[1853] order5big_14820: THEOREM (60.6s)  running={'THEOREM': 694, 'LINEAR': 1085, 'SOLVED_FMB': 66, 'HARD_NONLINEAR': 8}
[1854] order5big_14828: LINEAR (0.0s)  running={'THEOREM': 694, 'LINEAR': 1086, 'SOLVED_FMB': 66, 'HARD_NONLINEAR': 8}
[1855] order5big_14836: LINEAR (0.0s)  running={'THEOREM': 694, 'LINEAR': 1087, 'SOLVED_FMB': 66, 'HARD_NONLINEAR': 8}
[1856] order5big_14844: THEOREM (60.1s)  running={'THEOREM': 695, 'LINEAR': 1087, 'SOLVED_FMB': 66, 'HARD_NONLINEAR': 8}
[1857] order5big_14852: LINEAR (0.0s)  running={'THEOREM': 695, 'LINEAR': 1088, 'SOLVED_FMB': 66, 'HARD_NONLINEAR': 8}
[1858] order5big_14860: LINEAR (0.0s)  running={'THEOREM': 695, 'LINEAR': 1089, 'SOLVED_FMB': 66, 'HARD_NONLINEAR': 8}
[1859] order5big_14868: LINEAR (0.0s)  running={'THEOREM': 695, 'LINEAR': 1090, 'SOLVED_FMB': 66, 'HARD_NONLINEAR': 8}
[1860] order5big_14876: THEOREM (60.2s)  running={'THEOREM': 696, 'LINEAR': 1090, 'SOLVED_FMB': 66, 'HARD_NONLINEAR': 8}
[1861] order5big_14884: LINEAR (0.0s)  running={'THEOREM': 696, 'LINEAR': 1091, 'SOLVED_FMB': 66, 'HARD_NONLINEAR': 8}
[1862] order5big_14892: LINEAR (0.0s)  running={'THEOREM': 696, 'LINEAR': 1092, 'SOLVED_FMB': 66, 'HARD_NONLINEAR': 8}
[1863] order5big_14900: THEOREM (60.2s)  running={'THEOREM': 697, 'LINEAR': 1092, 'SOLVED_FMB': 66, 'HARD_NONLINEAR': 8}
[1864] order5big_14908: THEOREM (60.4s)  running={'THEOREM': 698, 'LINEAR': 1092, 'SOLVED_FMB': 66, 'HARD_NONLINEAR': 8}
[1865] order5big_14916: LINEAR (0.0s)  running={'THEOREM': 698, 'LINEAR': 1093, 'SOLVED_FMB': 66, 'HARD_NONLINEAR': 8}
[1866] order5big_14924: LINEAR (0.0s)  running={'THEOREM': 698, 'LINEAR': 1094, 'SOLVED_FMB': 66, 'HARD_NONLINEAR': 8}
[1867] order5big_14932: LINEAR (0.0s)  running={'THEOREM': 698, 'LINEAR': 1095, 'SOLVED_FMB': 66, 'HARD_NONLINEAR': 8}
[1868] order5big_14940: LINEAR (0.0s)  running={'THEOREM': 698, 'LINEAR': 1096, 'SOLVED_FMB': 66, 'HARD_NONLINEAR': 8}
[1869] order5big_14948: THEOREM (60.2s)  running={'THEOREM': 699, 'LINEAR': 1096, 'SOLVED_FMB': 66, 'HARD_NONLINEAR': 8}
[1870] order5big_14956: THEOREM (60.2s)  running={'THEOREM': 700, 'LINEAR': 1096, 'SOLVED_FMB': 66, 'HARD_NONLINEAR': 8}
[1871] order5big_14964: LINEAR (0.0s)  running={'THEOREM': 700, 'LINEAR': 1097, 'SOLVED_FMB': 66, 'HARD_NONLINEAR': 8}
[1872] order5big_14972: THEOREM (60.2s)  running={'THEOREM': 701, 'LINEAR': 1097, 'SOLVED_FMB': 66, 'HARD_NONLINEAR': 8}
[1873] order5big_14980: THEOREM (60.4s)  running={'THEOREM': 702, 'LINEAR': 1097, 'SOLVED_FMB': 66, 'HARD_NONLINEAR': 8}
[1874] order5big_14988: LINEAR (0.0s)  running={'THEOREM': 702, 'LINEAR': 1098, 'SOLVED_FMB': 66, 'HARD_NONLINEAR': 8}
[1875] order5big_14996: LINEAR (0.0s)  running={'THEOREM': 702, 'LINEAR': 1099, 'SOLVED_FMB': 66, 'HARD_NONLINEAR': 8}
[1876] order5big_15004: THEOREM (60.2s)  running={'THEOREM': 703, 'LINEAR': 1099, 'SOLVED_FMB': 66, 'HARD_NONLINEAR': 8}
[1877] order5big_15012: THEOREM (60.6s)  running={'THEOREM': 704, 'LINEAR': 1099, 'SOLVED_FMB': 66, 'HARD_NONLINEAR': 8}
[1878] order5big_15020: THEOREM (72.5s)  running={'THEOREM': 705, 'LINEAR': 1099, 'SOLVED_FMB': 66, 'HARD_NONLINEAR': 8}
[1879] order5big_15028: THEOREM (60.2s)  running={'THEOREM': 706, 'LINEAR': 1099, 'SOLVED_FMB': 66, 'HARD_NONLINEAR': 8}
[1880] order5big_15036: LINEAR (0.0s)  running={'THEOREM': 706, 'LINEAR': 1100, 'SOLVED_FMB': 66, 'HARD_NONLINEAR': 8}
[1881] order5big_15044: LINEAR (0.0s)  running={'THEOREM': 706, 'LINEAR': 1101, 'SOLVED_FMB': 66, 'HARD_NONLINEAR': 8}
[1882] order5big_15052: LINEAR (0.0s)  running={'THEOREM': 706, 'LINEAR': 1102, 'SOLVED_FMB': 66, 'HARD_NONLINEAR': 8}
[1883] order5big_15060: THEOREM (60.2s)  running={'THEOREM': 707, 'LINEAR': 1102, 'SOLVED_FMB': 66, 'HARD_NONLINEAR': 8}
[1884] order5big_15068: LINEAR (0.0s)  running={'THEOREM': 707, 'LINEAR': 1103, 'SOLVED_FMB': 66, 'HARD_NONLINEAR': 8}
[1885] order5big_15076: LINEAR (0.0s)  running={'THEOREM': 707, 'LINEAR': 1104, 'SOLVED_FMB': 66, 'HARD_NONLINEAR': 8}
[1886] order5big_15084: THEOREM (60.2s)  running={'THEOREM': 708, 'LINEAR': 1104, 'SOLVED_FMB': 66, 'HARD_NONLINEAR': 8}
[1887] order5big_15092: THEOREM (83.9s)  running={'THEOREM': 709, 'LINEAR': 1104, 'SOLVED_FMB': 66, 'HARD_NONLINEAR': 8}
[1888] order5big_15100: LINEAR (0.0s)  running={'THEOREM': 709, 'LINEAR': 1105, 'SOLVED_FMB': 66, 'HARD_NONLINEAR': 8}
[1889] order5big_15108: THEOREM (60.2s)  running={'THEOREM': 710, 'LINEAR': 1105, 'SOLVED_FMB': 66, 'HARD_NONLINEAR': 8}
[1890] order5big_15116: LINEAR (0.0s)  running={'THEOREM': 710, 'LINEAR': 1106, 'SOLVED_FMB': 66, 'HARD_NONLINEAR': 8}
[1891] order5big_15124: LINEAR (0.0s)  running={'THEOREM': 710, 'LINEAR': 1107, 'SOLVED_FMB': 66, 'HARD_NONLINEAR': 8}
[1892] order5big_15132: LINEAR (0.0s)  running={'THEOREM': 710, 'LINEAR': 1108, 'SOLVED_FMB': 66, 'HARD_NONLINEAR': 8}
[1893] order5big_15140: HARD_NONLINEAR (120.0s)  running={'THEOREM': 710, 'LINEAR': 1108, 'SOLVED_FMB': 66, 'HARD_NONLINEAR': 9}
[1894] order5big_15148: LINEAR (0.0s)  running={'THEOREM': 710, 'LINEAR': 1109, 'SOLVED_FMB': 66, 'HARD_NONLINEAR': 9}
[1895] order5big_15156: LINEAR (0.0s)  running={'THEOREM': 710, 'LINEAR': 1110, 'SOLVED_FMB': 66, 'HARD_NONLINEAR': 9}
[1896] order5big_15164: THEOREM (60.2s)  running={'THEOREM': 711, 'LINEAR': 1110, 'SOLVED_FMB': 66, 'HARD_NONLINEAR': 9}
[1897] order5big_15172: THEOREM (60.1s)  running={'THEOREM': 712, 'LINEAR': 1110, 'SOLVED_FMB': 66, 'HARD_NONLINEAR': 9}
[1898] order5big_15180: THEOREM (60.5s)  running={'THEOREM': 713, 'LINEAR': 1110, 'SOLVED_FMB': 66, 'HARD_NONLINEAR': 9}
[1899] order5big_15188: LINEAR (0.0s)  running={'THEOREM': 713, 'LINEAR': 1111, 'SOLVED_FMB': 66, 'HARD_NONLINEAR': 9}
[1900] order5big_15196: LINEAR (0.0s)  running={'THEOREM': 713, 'LINEAR': 1112, 'SOLVED_FMB': 66, 'HARD_NONLINEAR': 9}
[1901] order5big_15204: LINEAR (0.0s)  running={'THEOREM': 713, 'LINEAR': 1113, 'SOLVED_FMB': 66, 'HARD_NONLINEAR': 9}
[1902] order5big_15212: LINEAR (0.0s)  running={'THEOREM': 713, 'LINEAR': 1114, 'SOLVED_FMB': 66, 'HARD_NONLINEAR': 9}
[1903] order5big_15220: LINEAR (0.0s)  running={'THEOREM': 713, 'LINEAR': 1115, 'SOLVED_FMB': 66, 'HARD_NONLINEAR': 9}
[1904] order5big_15228: THEOREM (60.3s)  running={'THEOREM': 714, 'LINEAR': 1115, 'SOLVED_FMB': 66, 'HARD_NONLINEAR': 9}
[1905] order5big_15236: LINEAR (0.0s)  running={'THEOREM': 714, 'LINEAR': 1116, 'SOLVED_FMB': 66, 'HARD_NONLINEAR': 9}
[1906] order5big_15244: THEOREM (60.2s)  running={'THEOREM': 715, 'LINEAR': 1116, 'SOLVED_FMB': 66, 'HARD_NONLINEAR': 9}
[1907] order5big_15252: THEOREM (60.6s)  running={'THEOREM': 716, 'LINEAR': 1116, 'SOLVED_FMB': 66, 'HARD_NONLINEAR': 9}
[1908] order5big_15260: LINEAR (0.0s)  running={'THEOREM': 716, 'LINEAR': 1117, 'SOLVED_FMB': 66, 'HARD_NONLINEAR': 9}
[1909] order5big_15268: THEOREM (60.2s)  running={'THEOREM': 717, 'LINEAR': 1117, 'SOLVED_FMB': 66, 'HARD_NONLINEAR': 9}
[1910] order5big_15276: LINEAR (0.0s)  running={'THEOREM': 717, 'LINEAR': 1118, 'SOLVED_FMB': 66, 'HARD_NONLINEAR': 9}
[1911] order5big_15284: LINEAR (0.0s)  running={'THEOREM': 717, 'LINEAR': 1119, 'SOLVED_FMB': 66, 'HARD_NONLINEAR': 9}
[1912] order5big_15292: THEOREM (0.8s)  running={'THEOREM': 718, 'LINEAR': 1119, 'SOLVED_FMB': 66, 'HARD_NONLINEAR': 9}
[1913] order5big_15300: HARD_NONLINEAR (120.1s)  running={'THEOREM': 718, 'LINEAR': 1119, 'SOLVED_FMB': 66, 'HARD_NONLINEAR': 10}
[1914] order5big_15308: THEOREM (60.2s)  running={'THEOREM': 719, 'LINEAR': 1119, 'SOLVED_FMB': 66, 'HARD_NONLINEAR': 10}
[1915] order5big_15316: LINEAR (0.0s)  running={'THEOREM': 719, 'LINEAR': 1120, 'SOLVED_FMB': 66, 'HARD_NONLINEAR': 10}
[1916] order5big_15324: LINEAR (0.0s)  running={'THEOREM': 719, 'LINEAR': 1121, 'SOLVED_FMB': 66, 'HARD_NONLINEAR': 10}
[1917] order5big_15332: THEOREM (72.4s)  running={'THEOREM': 720, 'LINEAR': 1121, 'SOLVED_FMB': 66, 'HARD_NONLINEAR': 10}
[1918] order5big_15340: LINEAR (0.0s)  running={'THEOREM': 720, 'LINEAR': 1122, 'SOLVED_FMB': 66, 'HARD_NONLINEAR': 10}
[1919] order5big_15348: LINEAR (0.0s)  running={'THEOREM': 720, 'LINEAR': 1123, 'SOLVED_FMB': 66, 'HARD_NONLINEAR': 10}
[1920] order5big_15356: THEOREM (60.2s)  running={'THEOREM': 721, 'LINEAR': 1123, 'SOLVED_FMB': 66, 'HARD_NONLINEAR': 10}
[1921] order5big_15364: LINEAR (0.0s)  running={'THEOREM': 721, 'LINEAR': 1124, 'SOLVED_FMB': 66, 'HARD_NONLINEAR': 10}
[1922] order5big_15372: LINEAR (0.0s)  running={'THEOREM': 721, 'LINEAR': 1125, 'SOLVED_FMB': 66, 'HARD_NONLINEAR': 10}
[1923] order5big_15380: LINEAR (0.0s)  running={'THEOREM': 721, 'LINEAR': 1126, 'SOLVED_FMB': 66, 'HARD_NONLINEAR': 10}
[1924] order5big_15388: THEOREM (60.1s)  running={'THEOREM': 722, 'LINEAR': 1126, 'SOLVED_FMB': 66, 'HARD_NONLINEAR': 10}
[1925] order5big_15396: LINEAR (0.0s)  running={'THEOREM': 722, 'LINEAR': 1127, 'SOLVED_FMB': 66, 'HARD_NONLINEAR': 10}
[1926] order5big_15404: THEOREM (60.4s)  running={'THEOREM': 723, 'LINEAR': 1127, 'SOLVED_FMB': 66, 'HARD_NONLINEAR': 10}
[1927] order5big_15412: LINEAR (0.0s)  running={'THEOREM': 723, 'LINEAR': 1128, 'SOLVED_FMB': 66, 'HARD_NONLINEAR': 10}
[1928] order5big_15420: THEOREM (60.4s)  running={'THEOREM': 724, 'LINEAR': 1128, 'SOLVED_FMB': 66, 'HARD_NONLINEAR': 10}
[1929] order5big_15428: LINEAR (0.0s)  running={'THEOREM': 724, 'LINEAR': 1129, 'SOLVED_FMB': 66, 'HARD_NONLINEAR': 10}
[1930] order5big_15436: LINEAR (0.0s)  running={'THEOREM': 724, 'LINEAR': 1130, 'SOLVED_FMB': 66, 'HARD_NONLINEAR': 10}
[1931] order5big_15444: LINEAR (0.0s)  running={'THEOREM': 724, 'LINEAR': 1131, 'SOLVED_FMB': 66, 'HARD_NONLINEAR': 10}
[1932] order5big_15452: THEOREM (60.6s)  running={'THEOREM': 725, 'LINEAR': 1131, 'SOLVED_FMB': 66, 'HARD_NONLINEAR': 10}
[1933] order5big_15460: LINEAR (0.0s)  running={'THEOREM': 725, 'LINEAR': 1132, 'SOLVED_FMB': 66, 'HARD_NONLINEAR': 10}
[1934] order5big_15468: LINEAR (0.0s)  running={'THEOREM': 725, 'LINEAR': 1133, 'SOLVED_FMB': 66, 'HARD_NONLINEAR': 10}
[1935] order5big_15476: LINEAR (0.0s)  running={'THEOREM': 725, 'LINEAR': 1134, 'SOLVED_FMB': 66, 'HARD_NONLINEAR': 10}
[1936] order5big_15484: LINEAR (0.0s)  running={'THEOREM': 725, 'LINEAR': 1135, 'SOLVED_FMB': 66, 'HARD_NONLINEAR': 10}
[1937] order5big_15492: THEOREM (60.4s)  running={'THEOREM': 726, 'LINEAR': 1135, 'SOLVED_FMB': 66, 'HARD_NONLINEAR': 10}
[1938] order5big_15500: LINEAR (0.0s)  running={'THEOREM': 726, 'LINEAR': 1136, 'SOLVED_FMB': 66, 'HARD_NONLINEAR': 10}
[1939] order5big_15508: THEOREM (60.2s)  running={'THEOREM': 727, 'LINEAR': 1136, 'SOLVED_FMB': 66, 'HARD_NONLINEAR': 10}
[1940] order5big_15516: THEOREM (60.2s)  running={'THEOREM': 728, 'LINEAR': 1136, 'SOLVED_FMB': 66, 'HARD_NONLINEAR': 10}
[1941] order5big_15524: THEOREM (60.2s)  running={'THEOREM': 729, 'LINEAR': 1136, 'SOLVED_FMB': 66, 'HARD_NONLINEAR': 10}
[1942] order5big_15532: THEOREM (60.2s)  running={'THEOREM': 730, 'LINEAR': 1136, 'SOLVED_FMB': 66, 'HARD_NONLINEAR': 10}
[1943] order5big_15540: THEOREM (60.2s)  running={'THEOREM': 731, 'LINEAR': 1136, 'SOLVED_FMB': 66, 'HARD_NONLINEAR': 10}
[1944] order5big_15548: LINEAR (0.0s)  running={'THEOREM': 731, 'LINEAR': 1137, 'SOLVED_FMB': 66, 'HARD_NONLINEAR': 10}
[1945] order5big_15556: THEOREM (60.2s)  running={'THEOREM': 732, 'LINEAR': 1137, 'SOLVED_FMB': 66, 'HARD_NONLINEAR': 10}
[1946] order5big_15564: THEOREM (60.2s)  running={'THEOREM': 733, 'LINEAR': 1137, 'SOLVED_FMB': 66, 'HARD_NONLINEAR': 10}
[1947] order5big_15572: LINEAR (0.0s)  running={'THEOREM': 733, 'LINEAR': 1138, 'SOLVED_FMB': 66, 'HARD_NONLINEAR': 10}
[1948] order5big_15580: LINEAR (0.0s)  running={'THEOREM': 733, 'LINEAR': 1139, 'SOLVED_FMB': 66, 'HARD_NONLINEAR': 10}
[1949] order5big_15588: LINEAR (0.0s)  running={'THEOREM': 733, 'LINEAR': 1140, 'SOLVED_FMB': 66, 'HARD_NONLINEAR': 10}
[1950] order5big_15596: THEOREM (60.2s)  running={'THEOREM': 734, 'LINEAR': 1140, 'SOLVED_FMB': 66, 'HARD_NONLINEAR': 10}
[1951] order5big_15604: LINEAR (0.0s)  running={'THEOREM': 734, 'LINEAR': 1141, 'SOLVED_FMB': 66, 'HARD_NONLINEAR': 10}
[1952] order5big_15612: LINEAR (0.0s)  running={'THEOREM': 734, 'LINEAR': 1142, 'SOLVED_FMB': 66, 'HARD_NONLINEAR': 10}
[1953] order5big_15620: LINEAR (0.0s)  running={'THEOREM': 734, 'LINEAR': 1143, 'SOLVED_FMB': 66, 'HARD_NONLINEAR': 10}
[1954] order5big_15628: THEOREM (60.2s)  running={'THEOREM': 735, 'LINEAR': 1143, 'SOLVED_FMB': 66, 'HARD_NONLINEAR': 10}
[1955] order5big_15636: LINEAR (0.0s)  running={'THEOREM': 735, 'LINEAR': 1144, 'SOLVED_FMB': 66, 'HARD_NONLINEAR': 10}
[1956] order5big_15644: LINEAR (0.0s)  running={'THEOREM': 735, 'LINEAR': 1145, 'SOLVED_FMB': 66, 'HARD_NONLINEAR': 10}
[1957] order5big_15652: LINEAR (0.0s)  running={'THEOREM': 735, 'LINEAR': 1146, 'SOLVED_FMB': 66, 'HARD_NONLINEAR': 10}
[1958] order5big_15660: LINEAR (0.0s)  running={'THEOREM': 735, 'LINEAR': 1147, 'SOLVED_FMB': 66, 'HARD_NONLINEAR': 10}
[1959] order5big_15668: LINEAR (0.0s)  running={'THEOREM': 735, 'LINEAR': 1148, 'SOLVED_FMB': 66, 'HARD_NONLINEAR': 10}
[1960] order5big_15676: THEOREM (60.2s)  running={'THEOREM': 736, 'LINEAR': 1148, 'SOLVED_FMB': 66, 'HARD_NONLINEAR': 10}
[1961] order5big_15684: LINEAR (0.0s)  running={'THEOREM': 736, 'LINEAR': 1149, 'SOLVED_FMB': 66, 'HARD_NONLINEAR': 10}
[1962] order5big_15692: LINEAR (0.0s)  running={'THEOREM': 736, 'LINEAR': 1150, 'SOLVED_FMB': 66, 'HARD_NONLINEAR': 10}
[1963] order5big_15700: LINEAR (0.0s)  running={'THEOREM': 736, 'LINEAR': 1151, 'SOLVED_FMB': 66, 'HARD_NONLINEAR': 10}
[1964] order5big_15708: LINEAR (0.0s)  running={'THEOREM': 736, 'LINEAR': 1152, 'SOLVED_FMB': 66, 'HARD_NONLINEAR': 10}
[1965] order5big_15716: LINEAR (0.0s)  running={'THEOREM': 736, 'LINEAR': 1153, 'SOLVED_FMB': 66, 'HARD_NONLINEAR': 10}
[1966] order5big_15724: LINEAR (0.0s)  running={'THEOREM': 736, 'LINEAR': 1154, 'SOLVED_FMB': 66, 'HARD_NONLINEAR': 10}
[1967] order5big_15732: LINEAR (0.0s)  running={'THEOREM': 736, 'LINEAR': 1155, 'SOLVED_FMB': 66, 'HARD_NONLINEAR': 10}
[1968] order5big_15740: LINEAR (0.0s)  running={'THEOREM': 736, 'LINEAR': 1156, 'SOLVED_FMB': 66, 'HARD_NONLINEAR': 10}
[1969] order5big_15748: THEOREM (60.1s)  running={'THEOREM': 737, 'LINEAR': 1156, 'SOLVED_FMB': 66, 'HARD_NONLINEAR': 10}
[1970] order5big_15756: LINEAR (0.0s)  running={'THEOREM': 737, 'LINEAR': 1157, 'SOLVED_FMB': 66, 'HARD_NONLINEAR': 10}
[1971] order5big_15764: LINEAR (0.0s)  running={'THEOREM': 737, 'LINEAR': 1158, 'SOLVED_FMB': 66, 'HARD_NONLINEAR': 10}
[1972] order5big_15772: LINEAR (0.0s)  running={'THEOREM': 737, 'LINEAR': 1159, 'SOLVED_FMB': 66, 'HARD_NONLINEAR': 10}
[1973] order5big_15780: THEOREM (60.2s)  running={'THEOREM': 738, 'LINEAR': 1159, 'SOLVED_FMB': 66, 'HARD_NONLINEAR': 10}
[1974] order5big_15788: LINEAR (0.0s)  running={'THEOREM': 738, 'LINEAR': 1160, 'SOLVED_FMB': 66, 'HARD_NONLINEAR': 10}
[1975] order5big_15796: THEOREM (60.6s)  running={'THEOREM': 739, 'LINEAR': 1160, 'SOLVED_FMB': 66, 'HARD_NONLINEAR': 10}
[1976] order5big_15804: LINEAR (0.0s)  running={'THEOREM': 739, 'LINEAR': 1161, 'SOLVED_FMB': 66, 'HARD_NONLINEAR': 10}
[1977] order5big_15812: THEOREM (60.4s)  running={'THEOREM': 740, 'LINEAR': 1161, 'SOLVED_FMB': 66, 'HARD_NONLINEAR': 10}
[1978] order5big_15820: LINEAR (0.0s)  running={'THEOREM': 740, 'LINEAR': 1162, 'SOLVED_FMB': 66, 'HARD_NONLINEAR': 10}
[1979] order5big_15828: LINEAR (0.0s)  running={'THEOREM': 740, 'LINEAR': 1163, 'SOLVED_FMB': 66, 'HARD_NONLINEAR': 10}
[1980] order5big_15836: THEOREM (60.2s)  running={'THEOREM': 741, 'LINEAR': 1163, 'SOLVED_FMB': 66, 'HARD_NONLINEAR': 10}
[1981] order5big_15844: THEOREM (60.2s)  running={'THEOREM': 742, 'LINEAR': 1163, 'SOLVED_FMB': 66, 'HARD_NONLINEAR': 10}
[1982] order5big_15852: LINEAR (0.0s)  running={'THEOREM': 742, 'LINEAR': 1164, 'SOLVED_FMB': 66, 'HARD_NONLINEAR': 10}
[1983] order5big_15860: LINEAR (0.0s)  running={'THEOREM': 742, 'LINEAR': 1165, 'SOLVED_FMB': 66, 'HARD_NONLINEAR': 10}
[1984] order5big_15868: THEOREM (60.6s)  running={'THEOREM': 743, 'LINEAR': 1165, 'SOLVED_FMB': 66, 'HARD_NONLINEAR': 10}
[1985] order5big_15876: LINEAR (0.0s)  running={'THEOREM': 743, 'LINEAR': 1166, 'SOLVED_FMB': 66, 'HARD_NONLINEAR': 10}
[1986] order5big_15884: LINEAR (0.0s)  running={'THEOREM': 743, 'LINEAR': 1167, 'SOLVED_FMB': 66, 'HARD_NONLINEAR': 10}
[1987] order5big_15892: THEOREM (60.1s)  running={'THEOREM': 744, 'LINEAR': 1167, 'SOLVED_FMB': 66, 'HARD_NONLINEAR': 10}
[1988] order5big_15900: THEOREM (60.2s)  running={'THEOREM': 745, 'LINEAR': 1167, 'SOLVED_FMB': 66, 'HARD_NONLINEAR': 10}
[1989] order5big_15908: THEOREM (60.1s)  running={'THEOREM': 746, 'LINEAR': 1167, 'SOLVED_FMB': 66, 'HARD_NONLINEAR': 10}
[1990] order5big_15916: THEOREM (60.2s)  running={'THEOREM': 747, 'LINEAR': 1167, 'SOLVED_FMB': 66, 'HARD_NONLINEAR': 10}
[1991] order5big_15924: LINEAR (0.0s)  running={'THEOREM': 747, 'LINEAR': 1168, 'SOLVED_FMB': 66, 'HARD_NONLINEAR': 10}
[1992] order5big_15932: LINEAR (0.0s)  running={'THEOREM': 747, 'LINEAR': 1169, 'SOLVED_FMB': 66, 'HARD_NONLINEAR': 10}
[1993] order5big_15940: THEOREM (60.2s)  running={'THEOREM': 748, 'LINEAR': 1169, 'SOLVED_FMB': 66, 'HARD_NONLINEAR': 10}
[1994] order5big_15948: THEOREM (60.2s)  running={'THEOREM': 749, 'LINEAR': 1169, 'SOLVED_FMB': 66, 'HARD_NONLINEAR': 10}
[1995] order5big_15956: THEOREM (60.2s)  running={'THEOREM': 750, 'LINEAR': 1169, 'SOLVED_FMB': 66, 'HARD_NONLINEAR': 10}
[1996] order5big_15964: THEOREM (60.2s)  running={'THEOREM': 751, 'LINEAR': 1169, 'SOLVED_FMB': 66, 'HARD_NONLINEAR': 10}
[1997] order5big_15972: THEOREM (60.2s)  running={'THEOREM': 752, 'LINEAR': 1169, 'SOLVED_FMB': 66, 'HARD_NONLINEAR': 10}
[1998] order5big_15980: LINEAR (0.0s)  running={'THEOREM': 752, 'LINEAR': 1170, 'SOLVED_FMB': 66, 'HARD_NONLINEAR': 10}
[1999] order5big_15988: THEOREM (63.7s)  running={'THEOREM': 753, 'LINEAR': 1170, 'SOLVED_FMB': 66, 'HARD_NONLINEAR': 10}
[2000] order5big_15996: LINEAR (0.0s)  running={'THEOREM': 753, 'LINEAR': 1171, 'SOLVED_FMB': 66, 'HARD_NONLINEAR': 10}
[2001] order5big_16004: LINEAR (0.0s)  running={'THEOREM': 753, 'LINEAR': 1172, 'SOLVED_FMB': 66, 'HARD_NONLINEAR': 10}
[2002] order5big_16012: THEOREM (60.6s)  running={'THEOREM': 754, 'LINEAR': 1172, 'SOLVED_FMB': 66, 'HARD_NONLINEAR': 10}
[2003] order5big_16020: LINEAR (0.0s)  running={'THEOREM': 754, 'LINEAR': 1173, 'SOLVED_FMB': 66, 'HARD_NONLINEAR': 10}
[2004] order5big_16028: THEOREM (60.7s)  running={'THEOREM': 755, 'LINEAR': 1173, 'SOLVED_FMB': 66, 'HARD_NONLINEAR': 10}
[2005] order5big_16036: LINEAR (0.0s)  running={'THEOREM': 755, 'LINEAR': 1174, 'SOLVED_FMB': 66, 'HARD_NONLINEAR': 10}
[2006] order5big_16044: LINEAR (0.0s)  running={'THEOREM': 755, 'LINEAR': 1175, 'SOLVED_FMB': 66, 'HARD_NONLINEAR': 10}
[2007] order5big_16052: LINEAR (0.0s)  running={'THEOREM': 755, 'LINEAR': 1176, 'SOLVED_FMB': 66, 'HARD_NONLINEAR': 10}
[2008] order5big_16060: THEOREM (62.1s)  running={'THEOREM': 756, 'LINEAR': 1176, 'SOLVED_FMB': 66, 'HARD_NONLINEAR': 10}
[2009] order5big_16068: THEOREM (60.2s)  running={'THEOREM': 757, 'LINEAR': 1176, 'SOLVED_FMB': 66, 'HARD_NONLINEAR': 10}
[2010] order5big_16076: THEOREM (60.2s)  running={'THEOREM': 758, 'LINEAR': 1176, 'SOLVED_FMB': 66, 'HARD_NONLINEAR': 10}
[2011] order5big_16084: THEOREM (60.2s)  running={'THEOREM': 759, 'LINEAR': 1176, 'SOLVED_FMB': 66, 'HARD_NONLINEAR': 10}
[2012] order5big_16092: THEOREM (60.6s)  running={'THEOREM': 760, 'LINEAR': 1176, 'SOLVED_FMB': 66, 'HARD_NONLINEAR': 10}
[2013] order5big_16100: LINEAR (0.0s)  running={'THEOREM': 760, 'LINEAR': 1177, 'SOLVED_FMB': 66, 'HARD_NONLINEAR': 10}
[2014] order5big_16108: LINEAR (0.0s)  running={'THEOREM': 760, 'LINEAR': 1178, 'SOLVED_FMB': 66, 'HARD_NONLINEAR': 10}
[2015] order5big_16116: HARD_NONLINEAR (120.1s)  running={'THEOREM': 760, 'LINEAR': 1178, 'SOLVED_FMB': 66, 'HARD_NONLINEAR': 11}
[2016] order5big_16124: THEOREM (60.2s)  running={'THEOREM': 761, 'LINEAR': 1178, 'SOLVED_FMB': 66, 'HARD_NONLINEAR': 11}
[2017] order5big_16132: THEOREM (60.6s)  running={'THEOREM': 762, 'LINEAR': 1178, 'SOLVED_FMB': 66, 'HARD_NONLINEAR': 11}
[2018] order5big_16140: THEOREM (60.2s)  running={'THEOREM': 763, 'LINEAR': 1178, 'SOLVED_FMB': 66, 'HARD_NONLINEAR': 11}
[2019] order5big_16148: THEOREM (60.2s)  running={'THEOREM': 764, 'LINEAR': 1178, 'SOLVED_FMB': 66, 'HARD_NONLINEAR': 11}
[2020] order5big_16156: LINEAR (0.0s)  running={'THEOREM': 764, 'LINEAR': 1179, 'SOLVED_FMB': 66, 'HARD_NONLINEAR': 11}
[2021] order5big_16164: THEOREM (2.0s)  running={'THEOREM': 765, 'LINEAR': 1179, 'SOLVED_FMB': 66, 'HARD_NONLINEAR': 11}
[2022] order5big_16172: LINEAR (0.0s)  running={'THEOREM': 765, 'LINEAR': 1180, 'SOLVED_FMB': 66, 'HARD_NONLINEAR': 11}
[2023] order5big_16180: THEOREM (60.5s)  running={'THEOREM': 766, 'LINEAR': 1180, 'SOLVED_FMB': 66, 'HARD_NONLINEAR': 11}
[2024] order5big_16188: THEOREM (60.1s)  running={'THEOREM': 767, 'LINEAR': 1180, 'SOLVED_FMB': 66, 'HARD_NONLINEAR': 11}
[2025] order5big_16196: THEOREM (60.2s)  running={'THEOREM': 768, 'LINEAR': 1180, 'SOLVED_FMB': 66, 'HARD_NONLINEAR': 11}
[2026] order5big_16204: LINEAR (0.0s)  running={'THEOREM': 768, 'LINEAR': 1181, 'SOLVED_FMB': 66, 'HARD_NONLINEAR': 11}
[2027] order5big_16212: LINEAR (0.0s)  running={'THEOREM': 768, 'LINEAR': 1182, 'SOLVED_FMB': 66, 'HARD_NONLINEAR': 11}
[2028] order5big_16220: LINEAR (0.0s)  running={'THEOREM': 768, 'LINEAR': 1183, 'SOLVED_FMB': 66, 'HARD_NONLINEAR': 11}
[2029] order5big_16228: LINEAR (0.0s)  running={'THEOREM': 768, 'LINEAR': 1184, 'SOLVED_FMB': 66, 'HARD_NONLINEAR': 11}
[2030] order5big_16236: THEOREM (60.2s)  running={'THEOREM': 769, 'LINEAR': 1184, 'SOLVED_FMB': 66, 'HARD_NONLINEAR': 11}
[2031] order5big_16244: LINEAR (0.0s)  running={'THEOREM': 769, 'LINEAR': 1185, 'SOLVED_FMB': 66, 'HARD_NONLINEAR': 11}
[2032] order5big_16252: THEOREM (263.9s)  running={'THEOREM': 770, 'LINEAR': 1185, 'SOLVED_FMB': 66, 'HARD_NONLINEAR': 11}
[2033] order5big_16260: LINEAR (0.0s)  running={'THEOREM': 770, 'LINEAR': 1186, 'SOLVED_FMB': 66, 'HARD_NONLINEAR': 11}
[2034] order5big_16268: THEOREM (63.8s)  running={'THEOREM': 771, 'LINEAR': 1186, 'SOLVED_FMB': 66, 'HARD_NONLINEAR': 11}
[2035] order5big_16276: THEOREM (60.2s)  running={'THEOREM': 772, 'LINEAR': 1186, 'SOLVED_FMB': 66, 'HARD_NONLINEAR': 11}
[2036] order5big_16284: THEOREM (60.2s)  running={'THEOREM': 773, 'LINEAR': 1186, 'SOLVED_FMB': 66, 'HARD_NONLINEAR': 11}
[2037] order5big_16292: THEOREM (60.4s)  running={'THEOREM': 774, 'LINEAR': 1186, 'SOLVED_FMB': 66, 'HARD_NONLINEAR': 11}
[2038] order5big_16300: THEOREM (60.6s)  running={'THEOREM': 775, 'LINEAR': 1186, 'SOLVED_FMB': 66, 'HARD_NONLINEAR': 11}
[2039] order5big_16308: LINEAR (0.0s)  running={'THEOREM': 775, 'LINEAR': 1187, 'SOLVED_FMB': 66, 'HARD_NONLINEAR': 11}
[2040] order5big_16316: THEOREM (60.4s)  running={'THEOREM': 776, 'LINEAR': 1187, 'SOLVED_FMB': 66, 'HARD_NONLINEAR': 11}
[2041] order5big_16324: LINEAR (0.0s)  running={'THEOREM': 776, 'LINEAR': 1188, 'SOLVED_FMB': 66, 'HARD_NONLINEAR': 11}
[2042] order5big_16332: THEOREM (60.2s)  running={'THEOREM': 777, 'LINEAR': 1188, 'SOLVED_FMB': 66, 'HARD_NONLINEAR': 11}
[2043] order5big_16340: THEOREM (60.2s)  running={'THEOREM': 778, 'LINEAR': 1188, 'SOLVED_FMB': 66, 'HARD_NONLINEAR': 11}
[2044] order5big_16348: LINEAR (0.0s)  running={'THEOREM': 778, 'LINEAR': 1189, 'SOLVED_FMB': 66, 'HARD_NONLINEAR': 11}
[2045] order5big_16356: LINEAR (0.0s)  running={'THEOREM': 778, 'LINEAR': 1190, 'SOLVED_FMB': 66, 'HARD_NONLINEAR': 11}
[2046] order5big_16364: LINEAR (0.0s)  running={'THEOREM': 778, 'LINEAR': 1191, 'SOLVED_FMB': 66, 'HARD_NONLINEAR': 11}
[2047] order5big_16372: LINEAR (0.0s)  running={'THEOREM': 778, 'LINEAR': 1192, 'SOLVED_FMB': 66, 'HARD_NONLINEAR': 11}
[2048] order5big_16380: LINEAR (0.0s)  running={'THEOREM': 778, 'LINEAR': 1193, 'SOLVED_FMB': 66, 'HARD_NONLINEAR': 11}
[2049] order5big_16388: LINEAR (0.0s)  running={'THEOREM': 778, 'LINEAR': 1194, 'SOLVED_FMB': 66, 'HARD_NONLINEAR': 11}
[2050] order5big_16396: LINEAR (0.0s)  running={'THEOREM': 778, 'LINEAR': 1195, 'SOLVED_FMB': 66, 'HARD_NONLINEAR': 11}
[2051] order5big_16404: LINEAR (0.0s)  running={'THEOREM': 778, 'LINEAR': 1196, 'SOLVED_FMB': 66, 'HARD_NONLINEAR': 11}
[2052] order5big_16412: LINEAR (0.0s)  running={'THEOREM': 778, 'LINEAR': 1197, 'SOLVED_FMB': 66, 'HARD_NONLINEAR': 11}
[2053] order5big_16420: LINEAR (0.0s)  running={'THEOREM': 778, 'LINEAR': 1198, 'SOLVED_FMB': 66, 'HARD_NONLINEAR': 11}
[2054] order5big_16428: LINEAR (0.0s)  running={'THEOREM': 778, 'LINEAR': 1199, 'SOLVED_FMB': 66, 'HARD_NONLINEAR': 11}
[2055] order5big_16436: LINEAR (0.0s)  running={'THEOREM': 778, 'LINEAR': 1200, 'SOLVED_FMB': 66, 'HARD_NONLINEAR': 11}
[2056] order5big_16444: THEOREM (60.2s)  running={'THEOREM': 779, 'LINEAR': 1200, 'SOLVED_FMB': 66, 'HARD_NONLINEAR': 11}
[2057] order5big_16452: LINEAR (0.0s)  running={'THEOREM': 779, 'LINEAR': 1201, 'SOLVED_FMB': 66, 'HARD_NONLINEAR': 11}
[2058] order5big_16460: LINEAR (0.0s)  running={'THEOREM': 779, 'LINEAR': 1202, 'SOLVED_FMB': 66, 'HARD_NONLINEAR': 11}
[2059] order5big_16468: LINEAR (0.0s)  running={'THEOREM': 779, 'LINEAR': 1203, 'SOLVED_FMB': 66, 'HARD_NONLINEAR': 11}
[2060] order5big_16476: LINEAR (0.0s)  running={'THEOREM': 779, 'LINEAR': 1204, 'SOLVED_FMB': 66, 'HARD_NONLINEAR': 11}
[2061] order5big_16484: LINEAR (0.0s)  running={'THEOREM': 779, 'LINEAR': 1205, 'SOLVED_FMB': 66, 'HARD_NONLINEAR': 11}
[2062] order5big_16492: THEOREM (60.2s)  running={'THEOREM': 780, 'LINEAR': 1205, 'SOLVED_FMB': 66, 'HARD_NONLINEAR': 11}
[2063] order5big_16500: LINEAR (0.0s)  running={'THEOREM': 780, 'LINEAR': 1206, 'SOLVED_FMB': 66, 'HARD_NONLINEAR': 11}
[2064] order5big_16508: THEOREM (60.4s)  running={'THEOREM': 781, 'LINEAR': 1206, 'SOLVED_FMB': 66, 'HARD_NONLINEAR': 11}
[2065] order5big_16516: THEOREM (60.3s)  running={'THEOREM': 782, 'LINEAR': 1206, 'SOLVED_FMB': 66, 'HARD_NONLINEAR': 11}
[2066] order5big_16524: THEOREM (60.2s)  running={'THEOREM': 783, 'LINEAR': 1206, 'SOLVED_FMB': 66, 'HARD_NONLINEAR': 11}
[2067] order5big_16532: SOLVED_FMB (0.3s)  running={'THEOREM': 783, 'LINEAR': 1206, 'SOLVED_FMB': 67, 'HARD_NONLINEAR': 11}
[2068] order5big_16540: THEOREM (60.2s)  running={'THEOREM': 784, 'LINEAR': 1206, 'SOLVED_FMB': 67, 'HARD_NONLINEAR': 11}
[2069] order5big_16548: LINEAR (0.0s)  running={'THEOREM': 784, 'LINEAR': 1207, 'SOLVED_FMB': 67, 'HARD_NONLINEAR': 11}
[2070] order5big_16556: THEOREM (60.6s)  running={'THEOREM': 785, 'LINEAR': 1207, 'SOLVED_FMB': 67, 'HARD_NONLINEAR': 11}
[2071] order5big_16564: LINEAR (0.0s)  running={'THEOREM': 785, 'LINEAR': 1208, 'SOLVED_FMB': 67, 'HARD_NONLINEAR': 11}
[2072] order5big_16572: LINEAR (0.0s)  running={'THEOREM': 785, 'LINEAR': 1209, 'SOLVED_FMB': 67, 'HARD_NONLINEAR': 11}
[2073] order5big_16580: LINEAR (0.0s)  running={'THEOREM': 785, 'LINEAR': 1210, 'SOLVED_FMB': 67, 'HARD_NONLINEAR': 11}
[2074] order5big_16588: LINEAR (0.0s)  running={'THEOREM': 785, 'LINEAR': 1211, 'SOLVED_FMB': 67, 'HARD_NONLINEAR': 11}
[2075] order5big_16596: THEOREM (60.2s)  running={'THEOREM': 786, 'LINEAR': 1211, 'SOLVED_FMB': 67, 'HARD_NONLINEAR': 11}
[2076] order5big_16604: THEOREM (60.2s)  running={'THEOREM': 787, 'LINEAR': 1211, 'SOLVED_FMB': 67, 'HARD_NONLINEAR': 11}
[2077] order5big_16612: THEOREM (71.7s)  running={'THEOREM': 788, 'LINEAR': 1211, 'SOLVED_FMB': 67, 'HARD_NONLINEAR': 11}
[2078] order5big_16620: THEOREM (60.2s)  running={'THEOREM': 789, 'LINEAR': 1211, 'SOLVED_FMB': 67, 'HARD_NONLINEAR': 11}
[2079] order5big_16628: LINEAR (0.0s)  running={'THEOREM': 789, 'LINEAR': 1212, 'SOLVED_FMB': 67, 'HARD_NONLINEAR': 11}
[2080] order5big_16636: LINEAR (0.0s)  running={'THEOREM': 789, 'LINEAR': 1213, 'SOLVED_FMB': 67, 'HARD_NONLINEAR': 11}
[2081] order5big_16644: LINEAR (0.0s)  running={'THEOREM': 789, 'LINEAR': 1214, 'SOLVED_FMB': 67, 'HARD_NONLINEAR': 11}
[2082] order5big_16652: LINEAR (0.0s)  running={'THEOREM': 789, 'LINEAR': 1215, 'SOLVED_FMB': 67, 'HARD_NONLINEAR': 11}
[2083] order5big_16660: THEOREM (60.2s)  running={'THEOREM': 790, 'LINEAR': 1215, 'SOLVED_FMB': 67, 'HARD_NONLINEAR': 11}
[2084] order5big_16668: LINEAR (0.0s)  running={'THEOREM': 790, 'LINEAR': 1216, 'SOLVED_FMB': 67, 'HARD_NONLINEAR': 11}
[2085] order5big_16676: LINEAR (0.0s)  running={'THEOREM': 790, 'LINEAR': 1217, 'SOLVED_FMB': 67, 'HARD_NONLINEAR': 11}
[2086] order5big_16684: LINEAR (0.0s)  running={'THEOREM': 790, 'LINEAR': 1218, 'SOLVED_FMB': 67, 'HARD_NONLINEAR': 11}
[2087] order5big_16692: SOLVED_FMB (10.5s)  running={'THEOREM': 790, 'LINEAR': 1218, 'SOLVED_FMB': 68, 'HARD_NONLINEAR': 11}
[2088] order5big_16700: LINEAR (0.0s)  running={'THEOREM': 790, 'LINEAR': 1219, 'SOLVED_FMB': 68, 'HARD_NONLINEAR': 11}
[2089] order5big_16708: THEOREM (60.2s)  running={'THEOREM': 791, 'LINEAR': 1219, 'SOLVED_FMB': 68, 'HARD_NONLINEAR': 11}
[2090] order5big_16716: LINEAR (0.0s)  running={'THEOREM': 791, 'LINEAR': 1220, 'SOLVED_FMB': 68, 'HARD_NONLINEAR': 11}
[2091] order5big_16724: LINEAR (0.0s)  running={'THEOREM': 791, 'LINEAR': 1221, 'SOLVED_FMB': 68, 'HARD_NONLINEAR': 11}
[2092] order5big_16732: THEOREM (60.2s)  running={'THEOREM': 792, 'LINEAR': 1221, 'SOLVED_FMB': 68, 'HARD_NONLINEAR': 11}
[2093] order5big_16740: SOLVED_FMB (0.4s)  running={'THEOREM': 792, 'LINEAR': 1221, 'SOLVED_FMB': 69, 'HARD_NONLINEAR': 11}
[2094] order5big_16748: LINEAR (0.0s)  running={'THEOREM': 792, 'LINEAR': 1222, 'SOLVED_FMB': 69, 'HARD_NONLINEAR': 11}
[2095] order5big_16756: THEOREM (60.1s)  running={'THEOREM': 793, 'LINEAR': 1222, 'SOLVED_FMB': 69, 'HARD_NONLINEAR': 11}
[2096] order5big_16764: LINEAR (0.0s)  running={'THEOREM': 793, 'LINEAR': 1223, 'SOLVED_FMB': 69, 'HARD_NONLINEAR': 11}
[2097] order5big_16772: LINEAR (0.0s)  running={'THEOREM': 793, 'LINEAR': 1224, 'SOLVED_FMB': 69, 'HARD_NONLINEAR': 11}
[2098] order5big_16780: LINEAR (0.0s)  running={'THEOREM': 793, 'LINEAR': 1225, 'SOLVED_FMB': 69, 'HARD_NONLINEAR': 11}
[2099] order5big_16788: THEOREM (60.2s)  running={'THEOREM': 794, 'LINEAR': 1225, 'SOLVED_FMB': 69, 'HARD_NONLINEAR': 11}
[2100] order5big_16796: LINEAR (0.0s)  running={'THEOREM': 794, 'LINEAR': 1226, 'SOLVED_FMB': 69, 'HARD_NONLINEAR': 11}
[2101] order5big_16804: THEOREM (61.3s)  running={'THEOREM': 795, 'LINEAR': 1226, 'SOLVED_FMB': 69, 'HARD_NONLINEAR': 11}
[2102] order5big_16812: THEOREM (60.2s)  running={'THEOREM': 796, 'LINEAR': 1226, 'SOLVED_FMB': 69, 'HARD_NONLINEAR': 11}
[2103] order5big_16820: LINEAR (0.1s)  running={'THEOREM': 796, 'LINEAR': 1227, 'SOLVED_FMB': 69, 'HARD_NONLINEAR': 11}
[2104] order5big_16828: LINEAR (0.0s)  running={'THEOREM': 796, 'LINEAR': 1228, 'SOLVED_FMB': 69, 'HARD_NONLINEAR': 11}
[2105] order5big_16836: THEOREM (7.3s)  running={'THEOREM': 797, 'LINEAR': 1228, 'SOLVED_FMB': 69, 'HARD_NONLINEAR': 11}
[2106] order5big_16844: LINEAR (0.0s)  running={'THEOREM': 797, 'LINEAR': 1229, 'SOLVED_FMB': 69, 'HARD_NONLINEAR': 11}
[2107] order5big_16852: SOLVED_FMB (13.1s)  running={'THEOREM': 797, 'LINEAR': 1229, 'SOLVED_FMB': 70, 'HARD_NONLINEAR': 11}
[2108] order5big_16860: LINEAR (0.0s)  running={'THEOREM': 797, 'LINEAR': 1230, 'SOLVED_FMB': 70, 'HARD_NONLINEAR': 11}
[2109] order5big_16868: LINEAR (0.0s)  running={'THEOREM': 797, 'LINEAR': 1231, 'SOLVED_FMB': 70, 'HARD_NONLINEAR': 11}
[2110] order5big_16876: LINEAR (0.0s)  running={'THEOREM': 797, 'LINEAR': 1232, 'SOLVED_FMB': 70, 'HARD_NONLINEAR': 11}
[2111] order5big_16884: LINEAR (0.0s)  running={'THEOREM': 797, 'LINEAR': 1233, 'SOLVED_FMB': 70, 'HARD_NONLINEAR': 11}
[2112] order5big_16892: THEOREM (60.2s)  running={'THEOREM': 798, 'LINEAR': 1233, 'SOLVED_FMB': 70, 'HARD_NONLINEAR': 11}
[2113] order5big_16900: LINEAR (0.0s)  running={'THEOREM': 798, 'LINEAR': 1234, 'SOLVED_FMB': 70, 'HARD_NONLINEAR': 11}
[2114] order5big_16908: THEOREM (60.2s)  running={'THEOREM': 799, 'LINEAR': 1234, 'SOLVED_FMB': 70, 'HARD_NONLINEAR': 11}
[2115] order5big_16916: SOLVED_FMB (0.3s)  running={'THEOREM': 799, 'LINEAR': 1234, 'SOLVED_FMB': 71, 'HARD_NONLINEAR': 11}
[2116] order5big_16924: THEOREM (60.2s)  running={'THEOREM': 800, 'LINEAR': 1234, 'SOLVED_FMB': 71, 'HARD_NONLINEAR': 11}
[2117] order5big_16932: LINEAR (0.0s)  running={'THEOREM': 800, 'LINEAR': 1235, 'SOLVED_FMB': 71, 'HARD_NONLINEAR': 11}
[2118] order5big_16940: LINEAR (0.0s)  running={'THEOREM': 800, 'LINEAR': 1236, 'SOLVED_FMB': 71, 'HARD_NONLINEAR': 11}
[2119] order5big_16948: LINEAR (0.0s)  running={'THEOREM': 800, 'LINEAR': 1237, 'SOLVED_FMB': 71, 'HARD_NONLINEAR': 11}
[2120] order5big_16956: THEOREM (0.7s)  running={'THEOREM': 801, 'LINEAR': 1237, 'SOLVED_FMB': 71, 'HARD_NONLINEAR': 11}
[2121] order5big_16964: THEOREM (60.2s)  running={'THEOREM': 802, 'LINEAR': 1237, 'SOLVED_FMB': 71, 'HARD_NONLINEAR': 11}
[2122] order5big_16972: LINEAR (0.0s)  running={'THEOREM': 802, 'LINEAR': 1238, 'SOLVED_FMB': 71, 'HARD_NONLINEAR': 11}
[2123] order5big_16980: LINEAR (0.0s)  running={'THEOREM': 802, 'LINEAR': 1239, 'SOLVED_FMB': 71, 'HARD_NONLINEAR': 11}
[2124] order5big_16988: HARD_NONLINEAR (120.1s)  running={'THEOREM': 802, 'LINEAR': 1239, 'SOLVED_FMB': 71, 'HARD_NONLINEAR': 12}
[2125] order5big_16996: THEOREM (1.0s)  running={'THEOREM': 803, 'LINEAR': 1239, 'SOLVED_FMB': 71, 'HARD_NONLINEAR': 12}
[2126] order5big_17004: THEOREM (60.6s)  running={'THEOREM': 804, 'LINEAR': 1239, 'SOLVED_FMB': 71, 'HARD_NONLINEAR': 12}
[2127] order5big_17012: LINEAR (0.0s)  running={'THEOREM': 804, 'LINEAR': 1240, 'SOLVED_FMB': 71, 'HARD_NONLINEAR': 12}
[2128] order5big_17020: LINEAR (0.0s)  running={'THEOREM': 804, 'LINEAR': 1241, 'SOLVED_FMB': 71, 'HARD_NONLINEAR': 12}
[2129] order5big_17028: LINEAR (0.0s)  running={'THEOREM': 804, 'LINEAR': 1242, 'SOLVED_FMB': 71, 'HARD_NONLINEAR': 12}
[2130] order5big_17036: LINEAR (0.0s)  running={'THEOREM': 804, 'LINEAR': 1243, 'SOLVED_FMB': 71, 'HARD_NONLINEAR': 12}
[2131] order5big_17044: THEOREM (60.2s)  running={'THEOREM': 805, 'LINEAR': 1243, 'SOLVED_FMB': 71, 'HARD_NONLINEAR': 12}
[2132] order5big_17052: LINEAR (0.0s)  running={'THEOREM': 805, 'LINEAR': 1244, 'SOLVED_FMB': 71, 'HARD_NONLINEAR': 12}
[2133] order5big_17060: LINEAR (0.0s)  running={'THEOREM': 805, 'LINEAR': 1245, 'SOLVED_FMB': 71, 'HARD_NONLINEAR': 12}
[2134] order5big_17068: THEOREM (60.2s)  running={'THEOREM': 806, 'LINEAR': 1245, 'SOLVED_FMB': 71, 'HARD_NONLINEAR': 12}
[2135] order5big_17076: THEOREM (60.1s)  running={'THEOREM': 807, 'LINEAR': 1245, 'SOLVED_FMB': 71, 'HARD_NONLINEAR': 12}
[2136] order5big_17084: LINEAR (0.0s)  running={'THEOREM': 807, 'LINEAR': 1246, 'SOLVED_FMB': 71, 'HARD_NONLINEAR': 12}
[2137] order5big_17092: LINEAR (0.0s)  running={'THEOREM': 807, 'LINEAR': 1247, 'SOLVED_FMB': 71, 'HARD_NONLINEAR': 12}
[2138] order5big_17100: LINEAR (0.0s)  running={'THEOREM': 807, 'LINEAR': 1248, 'SOLVED_FMB': 71, 'HARD_NONLINEAR': 12}
[2139] order5big_17108: LINEAR (0.0s)  running={'THEOREM': 807, 'LINEAR': 1249, 'SOLVED_FMB': 71, 'HARD_NONLINEAR': 12}
[2140] order5big_17116: LINEAR (0.0s)  running={'THEOREM': 807, 'LINEAR': 1250, 'SOLVED_FMB': 71, 'HARD_NONLINEAR': 12}
[2141] order5big_17124: THEOREM (60.2s)  running={'THEOREM': 808, 'LINEAR': 1250, 'SOLVED_FMB': 71, 'HARD_NONLINEAR': 12}
[2142] order5big_17132: LINEAR (0.0s)  running={'THEOREM': 808, 'LINEAR': 1251, 'SOLVED_FMB': 71, 'HARD_NONLINEAR': 12}
[2143] order5big_17140: LINEAR (0.0s)  running={'THEOREM': 808, 'LINEAR': 1252, 'SOLVED_FMB': 71, 'HARD_NONLINEAR': 12}
[2144] order5big_17148: LINEAR (0.0s)  running={'THEOREM': 808, 'LINEAR': 1253, 'SOLVED_FMB': 71, 'HARD_NONLINEAR': 12}
[2145] order5big_17156: LINEAR (0.0s)  running={'THEOREM': 808, 'LINEAR': 1254, 'SOLVED_FMB': 71, 'HARD_NONLINEAR': 12}
[2146] order5big_17164: LINEAR (0.0s)  running={'THEOREM': 808, 'LINEAR': 1255, 'SOLVED_FMB': 71, 'HARD_NONLINEAR': 12}
[2147] order5big_17172: THEOREM (60.2s)  running={'THEOREM': 809, 'LINEAR': 1255, 'SOLVED_FMB': 71, 'HARD_NONLINEAR': 12}
[2148] order5big_17180: THEOREM (60.2s)  running={'THEOREM': 810, 'LINEAR': 1255, 'SOLVED_FMB': 71, 'HARD_NONLINEAR': 12}
[2149] order5big_17188: THEOREM (60.6s)  running={'THEOREM': 811, 'LINEAR': 1255, 'SOLVED_FMB': 71, 'HARD_NONLINEAR': 12}
[2150] order5big_17196: LINEAR (0.0s)  running={'THEOREM': 811, 'LINEAR': 1256, 'SOLVED_FMB': 71, 'HARD_NONLINEAR': 12}
[2151] order5big_17204: LINEAR (0.0s)  running={'THEOREM': 811, 'LINEAR': 1257, 'SOLVED_FMB': 71, 'HARD_NONLINEAR': 12}
[2152] order5big_17212: THEOREM (60.2s)  running={'THEOREM': 812, 'LINEAR': 1257, 'SOLVED_FMB': 71, 'HARD_NONLINEAR': 12}
[2153] order5big_17220: THEOREM (60.2s)  running={'THEOREM': 813, 'LINEAR': 1257, 'SOLVED_FMB': 71, 'HARD_NONLINEAR': 12}
[2154] order5big_17228: THEOREM (60.2s)  running={'THEOREM': 814, 'LINEAR': 1257, 'SOLVED_FMB': 71, 'HARD_NONLINEAR': 12}
[2155] order5big_17236: LINEAR (0.0s)  running={'THEOREM': 814, 'LINEAR': 1258, 'SOLVED_FMB': 71, 'HARD_NONLINEAR': 12}
[2156] order5big_17244: LINEAR (0.0s)  running={'THEOREM': 814, 'LINEAR': 1259, 'SOLVED_FMB': 71, 'HARD_NONLINEAR': 12}
[2157] order5big_17252: LINEAR (0.0s)  running={'THEOREM': 814, 'LINEAR': 1260, 'SOLVED_FMB': 71, 'HARD_NONLINEAR': 12}
[2158] order5big_17260: LINEAR (0.0s)  running={'THEOREM': 814, 'LINEAR': 1261, 'SOLVED_FMB': 71, 'HARD_NONLINEAR': 12}
[2159] order5big_17268: LINEAR (0.0s)  running={'THEOREM': 814, 'LINEAR': 1262, 'SOLVED_FMB': 71, 'HARD_NONLINEAR': 12}
[2160] order5big_17276: LINEAR (0.0s)  running={'THEOREM': 814, 'LINEAR': 1263, 'SOLVED_FMB': 71, 'HARD_NONLINEAR': 12}
[2161] order5big_17284: LINEAR (0.0s)  running={'THEOREM': 814, 'LINEAR': 1264, 'SOLVED_FMB': 71, 'HARD_NONLINEAR': 12}
[2162] order5big_17292: THEOREM (60.1s)  running={'THEOREM': 815, 'LINEAR': 1264, 'SOLVED_FMB': 71, 'HARD_NONLINEAR': 12}
[2163] order5big_17300: LINEAR (0.0s)  running={'THEOREM': 815, 'LINEAR': 1265, 'SOLVED_FMB': 71, 'HARD_NONLINEAR': 12}
[2164] order5big_17308: LINEAR (0.0s)  running={'THEOREM': 815, 'LINEAR': 1266, 'SOLVED_FMB': 71, 'HARD_NONLINEAR': 12}
[2165] order5big_17316: LINEAR (0.0s)  running={'THEOREM': 815, 'LINEAR': 1267, 'SOLVED_FMB': 71, 'HARD_NONLINEAR': 12}
[2166] order5big_17324: THEOREM (60.2s)  running={'THEOREM': 816, 'LINEAR': 1267, 'SOLVED_FMB': 71, 'HARD_NONLINEAR': 12}
[2167] order5big_17332: THEOREM (60.2s)  running={'THEOREM': 817, 'LINEAR': 1267, 'SOLVED_FMB': 71, 'HARD_NONLINEAR': 12}
[2168] order5big_17340: LINEAR (0.0s)  running={'THEOREM': 817, 'LINEAR': 1268, 'SOLVED_FMB': 71, 'HARD_NONLINEAR': 12}
[2169] order5big_17348: LINEAR (0.0s)  running={'THEOREM': 817, 'LINEAR': 1269, 'SOLVED_FMB': 71, 'HARD_NONLINEAR': 12}
[2170] order5big_17356: LINEAR (0.0s)  running={'THEOREM': 817, 'LINEAR': 1270, 'SOLVED_FMB': 71, 'HARD_NONLINEAR': 12}
[2171] order5big_17364: THEOREM (60.2s)  running={'THEOREM': 818, 'LINEAR': 1270, 'SOLVED_FMB': 71, 'HARD_NONLINEAR': 12}
[2172] order5big_17372: THEOREM (61.2s)  running={'THEOREM': 819, 'LINEAR': 1270, 'SOLVED_FMB': 71, 'HARD_NONLINEAR': 12}
[2173] order5big_17380: LINEAR (0.0s)  running={'THEOREM': 819, 'LINEAR': 1271, 'SOLVED_FMB': 71, 'HARD_NONLINEAR': 12}
[2174] order5big_17388: LINEAR (0.0s)  running={'THEOREM': 819, 'LINEAR': 1272, 'SOLVED_FMB': 71, 'HARD_NONLINEAR': 12}
[2175] order5big_17396: SOLVED_FMB (2.0s)  running={'THEOREM': 819, 'LINEAR': 1272, 'SOLVED_FMB': 72, 'HARD_NONLINEAR': 12}
[2176] order5big_17404: LINEAR (0.0s)  running={'THEOREM': 819, 'LINEAR': 1273, 'SOLVED_FMB': 72, 'HARD_NONLINEAR': 12}
[2177] order5big_17412: LINEAR (0.0s)  running={'THEOREM': 819, 'LINEAR': 1274, 'SOLVED_FMB': 72, 'HARD_NONLINEAR': 12}
[2178] order5big_17420: LINEAR (0.0s)  running={'THEOREM': 819, 'LINEAR': 1275, 'SOLVED_FMB': 72, 'HARD_NONLINEAR': 12}
[2179] order5big_17428: THEOREM (221.6s)  running={'THEOREM': 820, 'LINEAR': 1275, 'SOLVED_FMB': 72, 'HARD_NONLINEAR': 12}
[2180] order5big_17436: THEOREM (60.3s)  running={'THEOREM': 821, 'LINEAR': 1275, 'SOLVED_FMB': 72, 'HARD_NONLINEAR': 12}
[2181] order5big_17444: SOLVED_FMB (1.0s)  running={'THEOREM': 821, 'LINEAR': 1275, 'SOLVED_FMB': 73, 'HARD_NONLINEAR': 12}
[2182] order5big_17452: LINEAR (0.0s)  running={'THEOREM': 821, 'LINEAR': 1276, 'SOLVED_FMB': 73, 'HARD_NONLINEAR': 12}
[2183] order5big_17460: LINEAR (0.0s)  running={'THEOREM': 821, 'LINEAR': 1277, 'SOLVED_FMB': 73, 'HARD_NONLINEAR': 12}
[2184] order5big_17468: LINEAR (0.0s)  running={'THEOREM': 821, 'LINEAR': 1278, 'SOLVED_FMB': 73, 'HARD_NONLINEAR': 12}
[2185] order5big_17476: THEOREM (60.2s)  running={'THEOREM': 822, 'LINEAR': 1278, 'SOLVED_FMB': 73, 'HARD_NONLINEAR': 12}
[2186] order5big_17484: LINEAR (0.0s)  running={'THEOREM': 822, 'LINEAR': 1279, 'SOLVED_FMB': 73, 'HARD_NONLINEAR': 12}
[2187] order5big_17492: THEOREM (61.4s)  running={'THEOREM': 823, 'LINEAR': 1279, 'SOLVED_FMB': 73, 'HARD_NONLINEAR': 12}
[2188] order5big_17500: THEOREM (60.2s)  running={'THEOREM': 824, 'LINEAR': 1279, 'SOLVED_FMB': 73, 'HARD_NONLINEAR': 12}
[2189] order5big_17508: THEOREM (60.2s)  running={'THEOREM': 825, 'LINEAR': 1279, 'SOLVED_FMB': 73, 'HARD_NONLINEAR': 12}
[2190] order5big_17516: LINEAR (0.0s)  running={'THEOREM': 825, 'LINEAR': 1280, 'SOLVED_FMB': 73, 'HARD_NONLINEAR': 12}
[2191] order5big_17524: THEOREM (65.1s)  running={'THEOREM': 826, 'LINEAR': 1280, 'SOLVED_FMB': 73, 'HARD_NONLINEAR': 12}
[2192] order5big_17532: LINEAR (0.0s)  running={'THEOREM': 826, 'LINEAR': 1281, 'SOLVED_FMB': 73, 'HARD_NONLINEAR': 12}
[2193] order5big_17540: LINEAR (0.0s)  running={'THEOREM': 826, 'LINEAR': 1282, 'SOLVED_FMB': 73, 'HARD_NONLINEAR': 12}
[2194] order5big_17548: LINEAR (0.0s)  running={'THEOREM': 826, 'LINEAR': 1283, 'SOLVED_FMB': 73, 'HARD_NONLINEAR': 12}
[2195] order5big_17556: LINEAR (0.0s)  running={'THEOREM': 826, 'LINEAR': 1284, 'SOLVED_FMB': 73, 'HARD_NONLINEAR': 12}
[2196] order5big_17564: LINEAR (0.0s)  running={'THEOREM': 826, 'LINEAR': 1285, 'SOLVED_FMB': 73, 'HARD_NONLINEAR': 12}
[2197] order5big_17572: THEOREM (62.2s)  running={'THEOREM': 827, 'LINEAR': 1285, 'SOLVED_FMB': 73, 'HARD_NONLINEAR': 12}
[2198] order5big_17580: THEOREM (60.2s)  running={'THEOREM': 828, 'LINEAR': 1285, 'SOLVED_FMB': 73, 'HARD_NONLINEAR': 12}
[2199] order5big_17588: THEOREM (60.1s)  running={'THEOREM': 829, 'LINEAR': 1285, 'SOLVED_FMB': 73, 'HARD_NONLINEAR': 12}
[2200] order5big_17596: LINEAR (0.0s)  running={'THEOREM': 829, 'LINEAR': 1286, 'SOLVED_FMB': 73, 'HARD_NONLINEAR': 12}
[2201] order5big_17604: LINEAR (0.0s)  running={'THEOREM': 829, 'LINEAR': 1287, 'SOLVED_FMB': 73, 'HARD_NONLINEAR': 12}
[2202] order5big_17612: LINEAR (0.0s)  running={'THEOREM': 829, 'LINEAR': 1288, 'SOLVED_FMB': 73, 'HARD_NONLINEAR': 12}
[2203] order5big_17620: LINEAR (0.0s)  running={'THEOREM': 829, 'LINEAR': 1289, 'SOLVED_FMB': 73, 'HARD_NONLINEAR': 12}
[2204] order5big_17628: THEOREM (60.2s)  running={'THEOREM': 830, 'LINEAR': 1289, 'SOLVED_FMB': 73, 'HARD_NONLINEAR': 12}
[2205] order5big_17636: THEOREM (60.2s)  running={'THEOREM': 831, 'LINEAR': 1289, 'SOLVED_FMB': 73, 'HARD_NONLINEAR': 12}
[2206] order5big_17644: LINEAR (0.0s)  running={'THEOREM': 831, 'LINEAR': 1290, 'SOLVED_FMB': 73, 'HARD_NONLINEAR': 12}
[2207] order5big_17652: LINEAR (0.0s)  running={'THEOREM': 831, 'LINEAR': 1291, 'SOLVED_FMB': 73, 'HARD_NONLINEAR': 12}
[2208] order5big_17660: LINEAR (0.0s)  running={'THEOREM': 831, 'LINEAR': 1292, 'SOLVED_FMB': 73, 'HARD_NONLINEAR': 12}
[2209] order5big_17668: LINEAR (0.0s)  running={'THEOREM': 831, 'LINEAR': 1293, 'SOLVED_FMB': 73, 'HARD_NONLINEAR': 12}
[2210] order5big_17676: THEOREM (60.3s)  running={'THEOREM': 832, 'LINEAR': 1293, 'SOLVED_FMB': 73, 'HARD_NONLINEAR': 12}
[2211] order5big_17684: SOLVED_FMB (24.3s)  running={'THEOREM': 832, 'LINEAR': 1293, 'SOLVED_FMB': 74, 'HARD_NONLINEAR': 12}
[2212] order5big_17692: LINEAR (0.0s)  running={'THEOREM': 832, 'LINEAR': 1294, 'SOLVED_FMB': 74, 'HARD_NONLINEAR': 12}
[2213] order5big_17700: LINEAR (0.0s)  running={'THEOREM': 832, 'LINEAR': 1295, 'SOLVED_FMB': 74, 'HARD_NONLINEAR': 12}
[2214] order5big_17708: LINEAR (0.0s)  running={'THEOREM': 832, 'LINEAR': 1296, 'SOLVED_FMB': 74, 'HARD_NONLINEAR': 12}
[2215] order5big_17716: THEOREM (62.1s)  running={'THEOREM': 833, 'LINEAR': 1296, 'SOLVED_FMB': 74, 'HARD_NONLINEAR': 12}
[2216] order5big_17724: LINEAR (0.0s)  running={'THEOREM': 833, 'LINEAR': 1297, 'SOLVED_FMB': 74, 'HARD_NONLINEAR': 12}
[2217] order5big_17732: LINEAR (0.0s)  running={'THEOREM': 833, 'LINEAR': 1298, 'SOLVED_FMB': 74, 'HARD_NONLINEAR': 12}
[2218] order5big_17740: LINEAR (0.0s)  running={'THEOREM': 833, 'LINEAR': 1299, 'SOLVED_FMB': 74, 'HARD_NONLINEAR': 12}
[2219] order5big_17748: THEOREM (60.2s)  running={'THEOREM': 834, 'LINEAR': 1299, 'SOLVED_FMB': 74, 'HARD_NONLINEAR': 12}
[2220] order5big_17756: THEOREM (60.2s)  running={'THEOREM': 835, 'LINEAR': 1299, 'SOLVED_FMB': 74, 'HARD_NONLINEAR': 12}
[2221] order5big_17764: THEOREM (60.9s)  running={'THEOREM': 836, 'LINEAR': 1299, 'SOLVED_FMB': 74, 'HARD_NONLINEAR': 12}
[2222] order5big_17772: THEOREM (72.9s)  running={'THEOREM': 837, 'LINEAR': 1299, 'SOLVED_FMB': 74, 'HARD_NONLINEAR': 12}
[2223] order5big_17780: LINEAR (0.0s)  running={'THEOREM': 837, 'LINEAR': 1300, 'SOLVED_FMB': 74, 'HARD_NONLINEAR': 12}
[2224] order5big_17788: LINEAR (0.0s)  running={'THEOREM': 837, 'LINEAR': 1301, 'SOLVED_FMB': 74, 'HARD_NONLINEAR': 12}
[2225] order5big_17796: LINEAR (0.0s)  running={'THEOREM': 837, 'LINEAR': 1302, 'SOLVED_FMB': 74, 'HARD_NONLINEAR': 12}
[2226] order5big_17804: THEOREM (60.2s)  running={'THEOREM': 838, 'LINEAR': 1302, 'SOLVED_FMB': 74, 'HARD_NONLINEAR': 12}
[2227] order5big_17812: THEOREM (60.3s)  running={'THEOREM': 839, 'LINEAR': 1302, 'SOLVED_FMB': 74, 'HARD_NONLINEAR': 12}
[2228] order5big_17820: LINEAR (0.0s)  running={'THEOREM': 839, 'LINEAR': 1303, 'SOLVED_FMB': 74, 'HARD_NONLINEAR': 12}
[2229] order5big_17828: LINEAR (0.0s)  running={'THEOREM': 839, 'LINEAR': 1304, 'SOLVED_FMB': 74, 'HARD_NONLINEAR': 12}
[2230] order5big_17836: LINEAR (0.0s)  running={'THEOREM': 839, 'LINEAR': 1305, 'SOLVED_FMB': 74, 'HARD_NONLINEAR': 12}
[2231] order5big_17844: THEOREM (60.3s)  running={'THEOREM': 840, 'LINEAR': 1305, 'SOLVED_FMB': 74, 'HARD_NONLINEAR': 12}
[2232] order5big_17852: LINEAR (0.0s)  running={'THEOREM': 840, 'LINEAR': 1306, 'SOLVED_FMB': 74, 'HARD_NONLINEAR': 12}
[2233] order5big_17860: LINEAR (0.0s)  running={'THEOREM': 840, 'LINEAR': 1307, 'SOLVED_FMB': 74, 'HARD_NONLINEAR': 12}
[2234] order5big_17868: LINEAR (0.0s)  running={'THEOREM': 840, 'LINEAR': 1308, 'SOLVED_FMB': 74, 'HARD_NONLINEAR': 12}
[2235] order5big_17876: THEOREM (60.2s)  running={'THEOREM': 841, 'LINEAR': 1308, 'SOLVED_FMB': 74, 'HARD_NONLINEAR': 12}
[2236] order5big_17884: THEOREM (60.9s)  running={'THEOREM': 842, 'LINEAR': 1308, 'SOLVED_FMB': 74, 'HARD_NONLINEAR': 12}
[2237] order5big_17892: LINEAR (0.0s)  running={'THEOREM': 842, 'LINEAR': 1309, 'SOLVED_FMB': 74, 'HARD_NONLINEAR': 12}
[2238] order5big_17900: LINEAR (0.0s)  running={'THEOREM': 842, 'LINEAR': 1310, 'SOLVED_FMB': 74, 'HARD_NONLINEAR': 12}
[2239] order5big_17908: THEOREM (60.2s)  running={'THEOREM': 843, 'LINEAR': 1310, 'SOLVED_FMB': 74, 'HARD_NONLINEAR': 12}
[2240] order5big_17916: THEOREM (73.6s)  running={'THEOREM': 844, 'LINEAR': 1310, 'SOLVED_FMB': 74, 'HARD_NONLINEAR': 12}
[2241] order5big_17924: LINEAR (0.0s)  running={'THEOREM': 844, 'LINEAR': 1311, 'SOLVED_FMB': 74, 'HARD_NONLINEAR': 12}
[2242] order5big_17932: THEOREM (60.6s)  running={'THEOREM': 845, 'LINEAR': 1311, 'SOLVED_FMB': 74, 'HARD_NONLINEAR': 12}
[2243] order5big_17940: LINEAR (0.0s)  running={'THEOREM': 845, 'LINEAR': 1312, 'SOLVED_FMB': 74, 'HARD_NONLINEAR': 12}
[2244] order5big_17948: LINEAR (0.0s)  running={'THEOREM': 845, 'LINEAR': 1313, 'SOLVED_FMB': 74, 'HARD_NONLINEAR': 12}
[2245] order5big_17956: LINEAR (0.0s)  running={'THEOREM': 845, 'LINEAR': 1314, 'SOLVED_FMB': 74, 'HARD_NONLINEAR': 12}
[2246] order5big_17964: LINEAR (0.0s)  running={'THEOREM': 845, 'LINEAR': 1315, 'SOLVED_FMB': 74, 'HARD_NONLINEAR': 12}
[2247] order5big_17972: LINEAR (0.0s)  running={'THEOREM': 845, 'LINEAR': 1316, 'SOLVED_FMB': 74, 'HARD_NONLINEAR': 12}
[2248] order5big_17980: LINEAR (0.0s)  running={'THEOREM': 845, 'LINEAR': 1317, 'SOLVED_FMB': 74, 'HARD_NONLINEAR': 12}
[2249] order5big_17988: LINEAR (0.0s)  running={'THEOREM': 845, 'LINEAR': 1318, 'SOLVED_FMB': 74, 'HARD_NONLINEAR': 12}
[2250] order5big_17996: THEOREM (72.8s)  running={'THEOREM': 846, 'LINEAR': 1318, 'SOLVED_FMB': 74, 'HARD_NONLINEAR': 12}
[2251] order5big_18004: THEOREM (60.6s)  running={'THEOREM': 847, 'LINEAR': 1318, 'SOLVED_FMB': 74, 'HARD_NONLINEAR': 12}
[2252] order5big_18012: LINEAR (0.0s)  running={'THEOREM': 847, 'LINEAR': 1319, 'SOLVED_FMB': 74, 'HARD_NONLINEAR': 12}
[2253] order5big_18020: LINEAR (0.0s)  running={'THEOREM': 847, 'LINEAR': 1320, 'SOLVED_FMB': 74, 'HARD_NONLINEAR': 12}
[2254] order5big_18028: LINEAR (0.0s)  running={'THEOREM': 847, 'LINEAR': 1321, 'SOLVED_FMB': 74, 'HARD_NONLINEAR': 12}
[2255] order5big_18036: THEOREM (60.2s)  running={'THEOREM': 848, 'LINEAR': 1321, 'SOLVED_FMB': 74, 'HARD_NONLINEAR': 12}
[2256] order5big_18044: LINEAR (0.0s)  running={'THEOREM': 848, 'LINEAR': 1322, 'SOLVED_FMB': 74, 'HARD_NONLINEAR': 12}
[2257] order5big_18052: LINEAR (0.0s)  running={'THEOREM': 848, 'LINEAR': 1323, 'SOLVED_FMB': 74, 'HARD_NONLINEAR': 12}
[2258] order5big_18060: LINEAR (0.0s)  running={'THEOREM': 848, 'LINEAR': 1324, 'SOLVED_FMB': 74, 'HARD_NONLINEAR': 12}
[2259] order5big_18068: THEOREM (60.2s)  running={'THEOREM': 849, 'LINEAR': 1324, 'SOLVED_FMB': 74, 'HARD_NONLINEAR': 12}
[2260] order5big_18076: THEOREM (60.2s)  running={'THEOREM': 850, 'LINEAR': 1324, 'SOLVED_FMB': 74, 'HARD_NONLINEAR': 12}
[2261] order5big_18084: THEOREM (60.2s)  running={'THEOREM': 851, 'LINEAR': 1324, 'SOLVED_FMB': 74, 'HARD_NONLINEAR': 12}
[2262] order5big_18092: LINEAR (0.0s)  running={'THEOREM': 851, 'LINEAR': 1325, 'SOLVED_FMB': 74, 'HARD_NONLINEAR': 12}
[2263] order5big_18100: LINEAR (0.0s)  running={'THEOREM': 851, 'LINEAR': 1326, 'SOLVED_FMB': 74, 'HARD_NONLINEAR': 12}
[2264] order5big_18108: LINEAR (0.0s)  running={'THEOREM': 851, 'LINEAR': 1327, 'SOLVED_FMB': 74, 'HARD_NONLINEAR': 12}
[2265] order5big_18116: THEOREM (60.6s)  running={'THEOREM': 852, 'LINEAR': 1327, 'SOLVED_FMB': 74, 'HARD_NONLINEAR': 12}
[2266] order5big_18124: LINEAR (0.0s)  running={'THEOREM': 852, 'LINEAR': 1328, 'SOLVED_FMB': 74, 'HARD_NONLINEAR': 12}
[2267] order5big_18132: LINEAR (0.0s)  running={'THEOREM': 852, 'LINEAR': 1329, 'SOLVED_FMB': 74, 'HARD_NONLINEAR': 12}
[2268] order5big_18140: THEOREM (65.4s)  running={'THEOREM': 853, 'LINEAR': 1329, 'SOLVED_FMB': 74, 'HARD_NONLINEAR': 12}
[2269] order5big_18148: LINEAR (0.0s)  running={'THEOREM': 853, 'LINEAR': 1330, 'SOLVED_FMB': 74, 'HARD_NONLINEAR': 12}
[2270] order5big_18156: LINEAR (0.0s)  running={'THEOREM': 853, 'LINEAR': 1331, 'SOLVED_FMB': 74, 'HARD_NONLINEAR': 12}
[2271] order5big_18164: LINEAR (0.0s)  running={'THEOREM': 853, 'LINEAR': 1332, 'SOLVED_FMB': 74, 'HARD_NONLINEAR': 12}
[2272] order5big_18172: LINEAR (0.0s)  running={'THEOREM': 853, 'LINEAR': 1333, 'SOLVED_FMB': 74, 'HARD_NONLINEAR': 12}
[2273] order5big_18180: THEOREM (60.2s)  running={'THEOREM': 854, 'LINEAR': 1333, 'SOLVED_FMB': 74, 'HARD_NONLINEAR': 12}
[2274] order5big_18188: THEOREM (60.2s)  running={'THEOREM': 855, 'LINEAR': 1333, 'SOLVED_FMB': 74, 'HARD_NONLINEAR': 12}
[2275] order5big_18196: THEOREM (60.2s)  running={'THEOREM': 856, 'LINEAR': 1333, 'SOLVED_FMB': 74, 'HARD_NONLINEAR': 12}
[2276] order5big_18204: THEOREM (60.2s)  running={'THEOREM': 857, 'LINEAR': 1333, 'SOLVED_FMB': 74, 'HARD_NONLINEAR': 12}
[2277] order5big_18212: THEOREM (60.2s)  running={'THEOREM': 858, 'LINEAR': 1333, 'SOLVED_FMB': 74, 'HARD_NONLINEAR': 12}
[2278] order5big_18220: THEOREM (1.0s)  running={'THEOREM': 859, 'LINEAR': 1333, 'SOLVED_FMB': 74, 'HARD_NONLINEAR': 12}
[2279] order5big_18228: LINEAR (0.0s)  running={'THEOREM': 859, 'LINEAR': 1334, 'SOLVED_FMB': 74, 'HARD_NONLINEAR': 12}
[2280] order5big_18236: THEOREM (60.5s)  running={'THEOREM': 860, 'LINEAR': 1334, 'SOLVED_FMB': 74, 'HARD_NONLINEAR': 12}
[2281] order5big_18244: THEOREM (60.2s)  running={'THEOREM': 861, 'LINEAR': 1334, 'SOLVED_FMB': 74, 'HARD_NONLINEAR': 12}
[2282] order5big_18252: LINEAR (0.0s)  running={'THEOREM': 861, 'LINEAR': 1335, 'SOLVED_FMB': 74, 'HARD_NONLINEAR': 12}
[2283] order5big_18260: THEOREM (60.2s)  running={'THEOREM': 862, 'LINEAR': 1335, 'SOLVED_FMB': 74, 'HARD_NONLINEAR': 12}
[2284] order5big_18268: THEOREM (60.2s)  running={'THEOREM': 863, 'LINEAR': 1335, 'SOLVED_FMB': 74, 'HARD_NONLINEAR': 12}
[2285] order5big_18276: LINEAR (0.0s)  running={'THEOREM': 863, 'LINEAR': 1336, 'SOLVED_FMB': 74, 'HARD_NONLINEAR': 12}
[2286] order5big_18284: LINEAR (0.0s)  running={'THEOREM': 863, 'LINEAR': 1337, 'SOLVED_FMB': 74, 'HARD_NONLINEAR': 12}
[2287] order5big_18292: LINEAR (0.0s)  running={'THEOREM': 863, 'LINEAR': 1338, 'SOLVED_FMB': 74, 'HARD_NONLINEAR': 12}
[2288] order5big_18300: LINEAR (0.0s)  running={'THEOREM': 863, 'LINEAR': 1339, 'SOLVED_FMB': 74, 'HARD_NONLINEAR': 12}
[2289] order5big_18308: THEOREM (60.7s)  running={'THEOREM': 864, 'LINEAR': 1339, 'SOLVED_FMB': 74, 'HARD_NONLINEAR': 12}
[2290] order5big_18316: THEOREM (60.1s)  running={'THEOREM': 865, 'LINEAR': 1339, 'SOLVED_FMB': 74, 'HARD_NONLINEAR': 12}
[2291] order5big_18324: THEOREM (60.2s)  running={'THEOREM': 866, 'LINEAR': 1339, 'SOLVED_FMB': 74, 'HARD_NONLINEAR': 12}
[2292] order5big_18332: LINEAR (0.0s)  running={'THEOREM': 866, 'LINEAR': 1340, 'SOLVED_FMB': 74, 'HARD_NONLINEAR': 12}
[2293] order5big_18340: LINEAR (0.0s)  running={'THEOREM': 866, 'LINEAR': 1341, 'SOLVED_FMB': 74, 'HARD_NONLINEAR': 12}
[2294] order5big_18348: LINEAR (0.0s)  running={'THEOREM': 866, 'LINEAR': 1342, 'SOLVED_FMB': 74, 'HARD_NONLINEAR': 12}
[2295] order5big_18356: LINEAR (0.0s)  running={'THEOREM': 866, 'LINEAR': 1343, 'SOLVED_FMB': 74, 'HARD_NONLINEAR': 12}
[2296] order5big_18364: THEOREM (60.2s)  running={'THEOREM': 867, 'LINEAR': 1343, 'SOLVED_FMB': 74, 'HARD_NONLINEAR': 12}
[2297] order5big_18372: LINEAR (0.0s)  running={'THEOREM': 867, 'LINEAR': 1344, 'SOLVED_FMB': 74, 'HARD_NONLINEAR': 12}
[2298] order5big_18380: THEOREM (60.2s)  running={'THEOREM': 868, 'LINEAR': 1344, 'SOLVED_FMB': 74, 'HARD_NONLINEAR': 12}
[2299] order5big_18388: LINEAR (0.0s)  running={'THEOREM': 868, 'LINEAR': 1345, 'SOLVED_FMB': 74, 'HARD_NONLINEAR': 12}
[2300] order5big_18396: THEOREM (60.2s)  running={'THEOREM': 869, 'LINEAR': 1345, 'SOLVED_FMB': 74, 'HARD_NONLINEAR': 12}
[2301] order5big_18404: THEOREM (60.1s)  running={'THEOREM': 870, 'LINEAR': 1345, 'SOLVED_FMB': 74, 'HARD_NONLINEAR': 12}
[2302] order5big_18412: LINEAR (0.0s)  running={'THEOREM': 870, 'LINEAR': 1346, 'SOLVED_FMB': 74, 'HARD_NONLINEAR': 12}
[2303] order5big_18420: LINEAR (0.0s)  running={'THEOREM': 870, 'LINEAR': 1347, 'SOLVED_FMB': 74, 'HARD_NONLINEAR': 12}
[2304] order5big_18428: LINEAR (0.0s)  running={'THEOREM': 870, 'LINEAR': 1348, 'SOLVED_FMB': 74, 'HARD_NONLINEAR': 12}
[2305] order5big_18436: LINEAR (0.0s)  running={'THEOREM': 870, 'LINEAR': 1349, 'SOLVED_FMB': 74, 'HARD_NONLINEAR': 12}
[2306] order5big_18444: LINEAR (0.0s)  running={'THEOREM': 870, 'LINEAR': 1350, 'SOLVED_FMB': 74, 'HARD_NONLINEAR': 12}
[2307] order5big_18452: SOLVED_FMB (1.3s)  running={'THEOREM': 870, 'LINEAR': 1350, 'SOLVED_FMB': 75, 'HARD_NONLINEAR': 12}
[2308] order5big_18460: LINEAR (0.0s)  running={'THEOREM': 870, 'LINEAR': 1351, 'SOLVED_FMB': 75, 'HARD_NONLINEAR': 12}
[2309] order5big_18468: LINEAR (0.0s)  running={'THEOREM': 870, 'LINEAR': 1352, 'SOLVED_FMB': 75, 'HARD_NONLINEAR': 12}
[2310] order5big_18476: LINEAR (0.0s)  running={'THEOREM': 870, 'LINEAR': 1353, 'SOLVED_FMB': 75, 'HARD_NONLINEAR': 12}
[2311] order5big_18484: THEOREM (60.2s)  running={'THEOREM': 871, 'LINEAR': 1353, 'SOLVED_FMB': 75, 'HARD_NONLINEAR': 12}
[2312] order5big_18492: LINEAR (0.0s)  running={'THEOREM': 871, 'LINEAR': 1354, 'SOLVED_FMB': 75, 'HARD_NONLINEAR': 12}
[2313] order5big_18500: LINEAR (0.0s)  running={'THEOREM': 871, 'LINEAR': 1355, 'SOLVED_FMB': 75, 'HARD_NONLINEAR': 12}
[2314] order5big_18508: LINEAR (0.0s)  running={'THEOREM': 871, 'LINEAR': 1356, 'SOLVED_FMB': 75, 'HARD_NONLINEAR': 12}
[2315] order5big_18516: THEOREM (60.4s)  running={'THEOREM': 872, 'LINEAR': 1356, 'SOLVED_FMB': 75, 'HARD_NONLINEAR': 12}
[2316] order5big_18524: SOLVED_FMB (13.2s)  running={'THEOREM': 872, 'LINEAR': 1356, 'SOLVED_FMB': 76, 'HARD_NONLINEAR': 12}
[2317] order5big_18532: LINEAR (0.0s)  running={'THEOREM': 872, 'LINEAR': 1357, 'SOLVED_FMB': 76, 'HARD_NONLINEAR': 12}
[2318] order5big_18540: THEOREM (60.2s)  running={'THEOREM': 873, 'LINEAR': 1357, 'SOLVED_FMB': 76, 'HARD_NONLINEAR': 12}
[2319] order5big_18548: LINEAR (0.0s)  running={'THEOREM': 873, 'LINEAR': 1358, 'SOLVED_FMB': 76, 'HARD_NONLINEAR': 12}
[2320] order5big_18556: THEOREM (60.6s)  running={'THEOREM': 874, 'LINEAR': 1358, 'SOLVED_FMB': 76, 'HARD_NONLINEAR': 12}
[2321] order5big_18564: LINEAR (0.0s)  running={'THEOREM': 874, 'LINEAR': 1359, 'SOLVED_FMB': 76, 'HARD_NONLINEAR': 12}
[2322] order5big_18572: THEOREM (60.1s)  running={'THEOREM': 875, 'LINEAR': 1359, 'SOLVED_FMB': 76, 'HARD_NONLINEAR': 12}
[2323] order5big_18580: THEOREM (60.2s)  running={'THEOREM': 876, 'LINEAR': 1359, 'SOLVED_FMB': 76, 'HARD_NONLINEAR': 12}
[2324] order5big_18588: LINEAR (0.0s)  running={'THEOREM': 876, 'LINEAR': 1360, 'SOLVED_FMB': 76, 'HARD_NONLINEAR': 12}
[2325] order5big_18596: THEOREM (62.1s)  running={'THEOREM': 877, 'LINEAR': 1360, 'SOLVED_FMB': 76, 'HARD_NONLINEAR': 12}
[2326] order5big_18604: LINEAR (0.0s)  running={'THEOREM': 877, 'LINEAR': 1361, 'SOLVED_FMB': 76, 'HARD_NONLINEAR': 12}
[2327] order5big_18612: THEOREM (25.2s)  running={'THEOREM': 878, 'LINEAR': 1361, 'SOLVED_FMB': 76, 'HARD_NONLINEAR': 12}
[2328] order5big_18620: LINEAR (0.0s)  running={'THEOREM': 878, 'LINEAR': 1362, 'SOLVED_FMB': 76, 'HARD_NONLINEAR': 12}
[2329] order5big_18628: THEOREM (60.6s)  running={'THEOREM': 879, 'LINEAR': 1362, 'SOLVED_FMB': 76, 'HARD_NONLINEAR': 12}
[2330] order5big_18636: THEOREM (221.5s)  running={'THEOREM': 880, 'LINEAR': 1362, 'SOLVED_FMB': 76, 'HARD_NONLINEAR': 12}
[2331] order5big_18644: LINEAR (0.0s)  running={'THEOREM': 880, 'LINEAR': 1363, 'SOLVED_FMB': 76, 'HARD_NONLINEAR': 12}
[2332] order5big_18652: THEOREM (60.2s)  running={'THEOREM': 881, 'LINEAR': 1363, 'SOLVED_FMB': 76, 'HARD_NONLINEAR': 12}
[2333] order5big_18660: LINEAR (0.0s)  running={'THEOREM': 881, 'LINEAR': 1364, 'SOLVED_FMB': 76, 'HARD_NONLINEAR': 12}
[2334] order5big_18668: THEOREM (60.2s)  running={'THEOREM': 882, 'LINEAR': 1364, 'SOLVED_FMB': 76, 'HARD_NONLINEAR': 12}
[2335] order5big_18676: LINEAR (0.0s)  running={'THEOREM': 882, 'LINEAR': 1365, 'SOLVED_FMB': 76, 'HARD_NONLINEAR': 12}
[2336] order5big_18684: LINEAR (0.0s)  running={'THEOREM': 882, 'LINEAR': 1366, 'SOLVED_FMB': 76, 'HARD_NONLINEAR': 12}
[2337] order5big_18692: LINEAR (0.0s)  running={'THEOREM': 882, 'LINEAR': 1367, 'SOLVED_FMB': 76, 'HARD_NONLINEAR': 12}
[2338] order5big_18700: SOLVED_FMB (2.0s)  running={'THEOREM': 882, 'LINEAR': 1367, 'SOLVED_FMB': 77, 'HARD_NONLINEAR': 12}
[2339] order5big_18708: THEOREM (60.2s)  running={'THEOREM': 883, 'LINEAR': 1367, 'SOLVED_FMB': 77, 'HARD_NONLINEAR': 12}
[2340] order5big_18716: THEOREM (60.1s)  running={'THEOREM': 884, 'LINEAR': 1367, 'SOLVED_FMB': 77, 'HARD_NONLINEAR': 12}
[2341] order5big_18724: LINEAR (0.0s)  running={'THEOREM': 884, 'LINEAR': 1368, 'SOLVED_FMB': 77, 'HARD_NONLINEAR': 12}
[2342] order5big_18732: LINEAR (0.0s)  running={'THEOREM': 884, 'LINEAR': 1369, 'SOLVED_FMB': 77, 'HARD_NONLINEAR': 12}
[2343] order5big_18740: THEOREM (60.1s)  running={'THEOREM': 885, 'LINEAR': 1369, 'SOLVED_FMB': 77, 'HARD_NONLINEAR': 12}
[2344] order5big_18748: LINEAR (0.0s)  running={'THEOREM': 885, 'LINEAR': 1370, 'SOLVED_FMB': 77, 'HARD_NONLINEAR': 12}
[2345] order5big_18756: LINEAR (0.0s)  running={'THEOREM': 885, 'LINEAR': 1371, 'SOLVED_FMB': 77, 'HARD_NONLINEAR': 12}
[2346] order5big_18764: LINEAR (0.0s)  running={'THEOREM': 885, 'LINEAR': 1372, 'SOLVED_FMB': 77, 'HARD_NONLINEAR': 12}
[2347] order5big_18772: LINEAR (0.0s)  running={'THEOREM': 885, 'LINEAR': 1373, 'SOLVED_FMB': 77, 'HARD_NONLINEAR': 12}
[2348] order5big_18780: LINEAR (0.0s)  running={'THEOREM': 885, 'LINEAR': 1374, 'SOLVED_FMB': 77, 'HARD_NONLINEAR': 12}
[2349] order5big_18788: LINEAR (0.0s)  running={'THEOREM': 885, 'LINEAR': 1375, 'SOLVED_FMB': 77, 'HARD_NONLINEAR': 12}
[2350] order5big_18796: LINEAR (0.0s)  running={'THEOREM': 885, 'LINEAR': 1376, 'SOLVED_FMB': 77, 'HARD_NONLINEAR': 12}
[2351] order5big_18804: THEOREM (66.7s)  running={'THEOREM': 886, 'LINEAR': 1376, 'SOLVED_FMB': 77, 'HARD_NONLINEAR': 12}
[2352] order5big_18812: LINEAR (0.0s)  running={'THEOREM': 886, 'LINEAR': 1377, 'SOLVED_FMB': 77, 'HARD_NONLINEAR': 12}
[2353] order5big_18820: LINEAR (0.0s)  running={'THEOREM': 886, 'LINEAR': 1378, 'SOLVED_FMB': 77, 'HARD_NONLINEAR': 12}
[2354] order5big_18828: LINEAR (0.0s)  running={'THEOREM': 886, 'LINEAR': 1379, 'SOLVED_FMB': 77, 'HARD_NONLINEAR': 12}
[2355] order5big_18836: LINEAR (0.0s)  running={'THEOREM': 886, 'LINEAR': 1380, 'SOLVED_FMB': 77, 'HARD_NONLINEAR': 12}
[2356] order5big_18844: THEOREM (60.2s)  running={'THEOREM': 887, 'LINEAR': 1380, 'SOLVED_FMB': 77, 'HARD_NONLINEAR': 12}
[2357] order5big_18852: THEOREM (60.2s)  running={'THEOREM': 888, 'LINEAR': 1380, 'SOLVED_FMB': 77, 'HARD_NONLINEAR': 12}
[2358] order5big_18860: LINEAR (0.0s)  running={'THEOREM': 888, 'LINEAR': 1381, 'SOLVED_FMB': 77, 'HARD_NONLINEAR': 12}
[2359] order5big_18868: LINEAR (0.0s)  running={'THEOREM': 888, 'LINEAR': 1382, 'SOLVED_FMB': 77, 'HARD_NONLINEAR': 12}
[2360] order5big_18876: LINEAR (0.0s)  running={'THEOREM': 888, 'LINEAR': 1383, 'SOLVED_FMB': 77, 'HARD_NONLINEAR': 12}
[2361] order5big_18884: LINEAR (0.0s)  running={'THEOREM': 888, 'LINEAR': 1384, 'SOLVED_FMB': 77, 'HARD_NONLINEAR': 12}
[2362] order5big_18892: LINEAR (0.0s)  running={'THEOREM': 888, 'LINEAR': 1385, 'SOLVED_FMB': 77, 'HARD_NONLINEAR': 12}
[2363] order5big_18900: THEOREM (60.2s)  running={'THEOREM': 889, 'LINEAR': 1385, 'SOLVED_FMB': 77, 'HARD_NONLINEAR': 12}
[2364] order5big_18908: LINEAR (0.0s)  running={'THEOREM': 889, 'LINEAR': 1386, 'SOLVED_FMB': 77, 'HARD_NONLINEAR': 12}
[2365] order5big_18916: LINEAR (0.0s)  running={'THEOREM': 889, 'LINEAR': 1387, 'SOLVED_FMB': 77, 'HARD_NONLINEAR': 12}
[2366] order5big_18924: LINEAR (0.0s)  running={'THEOREM': 889, 'LINEAR': 1388, 'SOLVED_FMB': 77, 'HARD_NONLINEAR': 12}
[2367] order5big_18932: THEOREM (60.2s)  running={'THEOREM': 890, 'LINEAR': 1388, 'SOLVED_FMB': 77, 'HARD_NONLINEAR': 12}
[2368] order5big_18940: LINEAR (0.0s)  running={'THEOREM': 890, 'LINEAR': 1389, 'SOLVED_FMB': 77, 'HARD_NONLINEAR': 12}
[2369] order5big_18948: THEOREM (60.2s)  running={'THEOREM': 891, 'LINEAR': 1389, 'SOLVED_FMB': 77, 'HARD_NONLINEAR': 12}
[2370] order5big_18956: LINEAR (0.0s)  running={'THEOREM': 891, 'LINEAR': 1390, 'SOLVED_FMB': 77, 'HARD_NONLINEAR': 12}
[2371] order5big_18964: LINEAR (0.0s)  running={'THEOREM': 891, 'LINEAR': 1391, 'SOLVED_FMB': 77, 'HARD_NONLINEAR': 12}
[2372] order5big_18972: LINEAR (0.0s)  running={'THEOREM': 891, 'LINEAR': 1392, 'SOLVED_FMB': 77, 'HARD_NONLINEAR': 12}
[2373] order5big_18980: THEOREM (60.2s)  running={'THEOREM': 892, 'LINEAR': 1392, 'SOLVED_FMB': 77, 'HARD_NONLINEAR': 12}
[2374] order5big_18988: THEOREM (60.2s)  running={'THEOREM': 893, 'LINEAR': 1392, 'SOLVED_FMB': 77, 'HARD_NONLINEAR': 12}
[2375] order5big_18996: LINEAR (0.0s)  running={'THEOREM': 893, 'LINEAR': 1393, 'SOLVED_FMB': 77, 'HARD_NONLINEAR': 12}
[2376] order5big_19004: LINEAR (0.0s)  running={'THEOREM': 893, 'LINEAR': 1394, 'SOLVED_FMB': 77, 'HARD_NONLINEAR': 12}
[2377] order5big_19012: THEOREM (61.3s)  running={'THEOREM': 894, 'LINEAR': 1394, 'SOLVED_FMB': 77, 'HARD_NONLINEAR': 12}
[2378] order5big_19020: THEOREM (60.5s)  running={'THEOREM': 895, 'LINEAR': 1394, 'SOLVED_FMB': 77, 'HARD_NONLINEAR': 12}
[2379] order5big_19028: LINEAR (0.0s)  running={'THEOREM': 895, 'LINEAR': 1395, 'SOLVED_FMB': 77, 'HARD_NONLINEAR': 12}
[2380] order5big_19036: THEOREM (60.4s)  running={'THEOREM': 896, 'LINEAR': 1395, 'SOLVED_FMB': 77, 'HARD_NONLINEAR': 12}
[2381] order5big_19044: THEOREM (60.2s)  running={'THEOREM': 897, 'LINEAR': 1395, 'SOLVED_FMB': 77, 'HARD_NONLINEAR': 12}
[2382] order5big_19052: THEOREM (60.4s)  running={'THEOREM': 898, 'LINEAR': 1395, 'SOLVED_FMB': 77, 'HARD_NONLINEAR': 12}
[2383] order5big_19060: SOLVED_FMB (13.0s)  running={'THEOREM': 898, 'LINEAR': 1395, 'SOLVED_FMB': 78, 'HARD_NONLINEAR': 12}
[2384] order5big_19068: LINEAR (0.0s)  running={'THEOREM': 898, 'LINEAR': 1396, 'SOLVED_FMB': 78, 'HARD_NONLINEAR': 12}
[2385] order5big_19076: THEOREM (60.7s)  running={'THEOREM': 899, 'LINEAR': 1396, 'SOLVED_FMB': 78, 'HARD_NONLINEAR': 12}
[2386] order5big_19084: LINEAR (0.0s)  running={'THEOREM': 899, 'LINEAR': 1397, 'SOLVED_FMB': 78, 'HARD_NONLINEAR': 12}
[2387] order5big_19092: THEOREM (60.2s)  running={'THEOREM': 900, 'LINEAR': 1397, 'SOLVED_FMB': 78, 'HARD_NONLINEAR': 12}
[2388] order5big_19100: THEOREM (60.4s)  running={'THEOREM': 901, 'LINEAR': 1397, 'SOLVED_FMB': 78, 'HARD_NONLINEAR': 12}
[2389] order5big_19108: LINEAR (0.0s)  running={'THEOREM': 901, 'LINEAR': 1398, 'SOLVED_FMB': 78, 'HARD_NONLINEAR': 12}
[2390] order5big_19116: LINEAR (0.0s)  running={'THEOREM': 901, 'LINEAR': 1399, 'SOLVED_FMB': 78, 'HARD_NONLINEAR': 12}
[2391] order5big_19124: LINEAR (0.0s)  running={'THEOREM': 901, 'LINEAR': 1400, 'SOLVED_FMB': 78, 'HARD_NONLINEAR': 12}
[2392] order5big_19132: LINEAR (0.0s)  running={'THEOREM': 901, 'LINEAR': 1401, 'SOLVED_FMB': 78, 'HARD_NONLINEAR': 12}
[2393] order5big_19140: THEOREM (60.2s)  running={'THEOREM': 902, 'LINEAR': 1401, 'SOLVED_FMB': 78, 'HARD_NONLINEAR': 12}
[2394] order5big_19148: THEOREM (62.8s)  running={'THEOREM': 903, 'LINEAR': 1401, 'SOLVED_FMB': 78, 'HARD_NONLINEAR': 12}
[2395] order5big_19156: THEOREM (60.1s)  running={'THEOREM': 904, 'LINEAR': 1401, 'SOLVED_FMB': 78, 'HARD_NONLINEAR': 12}
[2396] order5big_19164: THEOREM (77.4s)  running={'THEOREM': 905, 'LINEAR': 1401, 'SOLVED_FMB': 78, 'HARD_NONLINEAR': 12}
[2397] order5big_19172: LINEAR (0.0s)  running={'THEOREM': 905, 'LINEAR': 1402, 'SOLVED_FMB': 78, 'HARD_NONLINEAR': 12}
[2398] order5big_19180: THEOREM (61.3s)  running={'THEOREM': 906, 'LINEAR': 1402, 'SOLVED_FMB': 78, 'HARD_NONLINEAR': 12}
[2399] order5big_19188: LINEAR (0.0s)  running={'THEOREM': 906, 'LINEAR': 1403, 'SOLVED_FMB': 78, 'HARD_NONLINEAR': 12}
[2400] order5big_19196: THEOREM (60.1s)  running={'THEOREM': 907, 'LINEAR': 1403, 'SOLVED_FMB': 78, 'HARD_NONLINEAR': 12}
[2401] order5big_19204: THEOREM (60.2s)  running={'THEOREM': 908, 'LINEAR': 1403, 'SOLVED_FMB': 78, 'HARD_NONLINEAR': 12}
[2402] order5big_19212: LINEAR (0.0s)  running={'THEOREM': 908, 'LINEAR': 1404, 'SOLVED_FMB': 78, 'HARD_NONLINEAR': 12}
[2403] order5big_19220: THEOREM (60.2s)  running={'THEOREM': 909, 'LINEAR': 1404, 'SOLVED_FMB': 78, 'HARD_NONLINEAR': 12}
[2404] order5big_19228: LINEAR (0.0s)  running={'THEOREM': 909, 'LINEAR': 1405, 'SOLVED_FMB': 78, 'HARD_NONLINEAR': 12}
[2405] order5big_19236: THEOREM (60.3s)  running={'THEOREM': 910, 'LINEAR': 1405, 'SOLVED_FMB': 78, 'HARD_NONLINEAR': 12}
[2406] order5big_19244: LINEAR (0.0s)  running={'THEOREM': 910, 'LINEAR': 1406, 'SOLVED_FMB': 78, 'HARD_NONLINEAR': 12}
[2407] order5big_19252: LINEAR (0.0s)  running={'THEOREM': 910, 'LINEAR': 1407, 'SOLVED_FMB': 78, 'HARD_NONLINEAR': 12}
[2408] order5big_19260: LINEAR (0.0s)  running={'THEOREM': 910, 'LINEAR': 1408, 'SOLVED_FMB': 78, 'HARD_NONLINEAR': 12}
[2409] order5big_19268: LINEAR (0.0s)  running={'THEOREM': 910, 'LINEAR': 1409, 'SOLVED_FMB': 78, 'HARD_NONLINEAR': 12}
[2410] order5big_19276: THEOREM (60.2s)  running={'THEOREM': 911, 'LINEAR': 1409, 'SOLVED_FMB': 78, 'HARD_NONLINEAR': 12}
[2411] order5big_19284: LINEAR (0.0s)  running={'THEOREM': 911, 'LINEAR': 1410, 'SOLVED_FMB': 78, 'HARD_NONLINEAR': 12}
[2412] order5big_19292: LINEAR (0.0s)  running={'THEOREM': 911, 'LINEAR': 1411, 'SOLVED_FMB': 78, 'HARD_NONLINEAR': 12}
[2413] order5big_19300: THEOREM (60.2s)  running={'THEOREM': 912, 'LINEAR': 1411, 'SOLVED_FMB': 78, 'HARD_NONLINEAR': 12}
[2414] order5big_19308: THEOREM (60.4s)  running={'THEOREM': 913, 'LINEAR': 1411, 'SOLVED_FMB': 78, 'HARD_NONLINEAR': 12}
[2415] order5big_19316: LINEAR (0.0s)  running={'THEOREM': 913, 'LINEAR': 1412, 'SOLVED_FMB': 78, 'HARD_NONLINEAR': 12}
[2416] order5big_19324: LINEAR (0.0s)  running={'THEOREM': 913, 'LINEAR': 1413, 'SOLVED_FMB': 78, 'HARD_NONLINEAR': 12}
[2417] order5big_19332: LINEAR (0.0s)  running={'THEOREM': 913, 'LINEAR': 1414, 'SOLVED_FMB': 78, 'HARD_NONLINEAR': 12}
[2418] order5big_19340: LINEAR (0.0s)  running={'THEOREM': 913, 'LINEAR': 1415, 'SOLVED_FMB': 78, 'HARD_NONLINEAR': 12}
[2419] order5big_19348: LINEAR (0.0s)  running={'THEOREM': 913, 'LINEAR': 1416, 'SOLVED_FMB': 78, 'HARD_NONLINEAR': 12}
[2420] order5big_19356: LINEAR (0.0s)  running={'THEOREM': 913, 'LINEAR': 1417, 'SOLVED_FMB': 78, 'HARD_NONLINEAR': 12}
[2421] order5big_19364: LINEAR (0.0s)  running={'THEOREM': 913, 'LINEAR': 1418, 'SOLVED_FMB': 78, 'HARD_NONLINEAR': 12}
[2422] order5big_19372: THEOREM (60.2s)  running={'THEOREM': 914, 'LINEAR': 1418, 'SOLVED_FMB': 78, 'HARD_NONLINEAR': 12}
[2423] order5big_19380: THEOREM (60.2s)  running={'THEOREM': 915, 'LINEAR': 1418, 'SOLVED_FMB': 78, 'HARD_NONLINEAR': 12}
[2424] order5big_19388: LINEAR (0.0s)  running={'THEOREM': 915, 'LINEAR': 1419, 'SOLVED_FMB': 78, 'HARD_NONLINEAR': 12}
[2425] order5big_19396: THEOREM (60.6s)  running={'THEOREM': 916, 'LINEAR': 1419, 'SOLVED_FMB': 78, 'HARD_NONLINEAR': 12}
[2426] order5big_19404: THEOREM (61.2s)  running={'THEOREM': 917, 'LINEAR': 1419, 'SOLVED_FMB': 78, 'HARD_NONLINEAR': 12}
[2427] order5big_19412: LINEAR (0.0s)  running={'THEOREM': 917, 'LINEAR': 1420, 'SOLVED_FMB': 78, 'HARD_NONLINEAR': 12}
[2428] order5big_19420: THEOREM (60.2s)  running={'THEOREM': 918, 'LINEAR': 1420, 'SOLVED_FMB': 78, 'HARD_NONLINEAR': 12}
[2429] order5big_19428: LINEAR (0.0s)  running={'THEOREM': 918, 'LINEAR': 1421, 'SOLVED_FMB': 78, 'HARD_NONLINEAR': 12}
[2430] order5big_19436: LINEAR (0.0s)  running={'THEOREM': 918, 'LINEAR': 1422, 'SOLVED_FMB': 78, 'HARD_NONLINEAR': 12}
[2431] order5big_19444: LINEAR (0.0s)  running={'THEOREM': 918, 'LINEAR': 1423, 'SOLVED_FMB': 78, 'HARD_NONLINEAR': 12}
[2432] order5big_19452: LINEAR (0.0s)  running={'THEOREM': 918, 'LINEAR': 1424, 'SOLVED_FMB': 78, 'HARD_NONLINEAR': 12}
[2433] order5big_19460: THEOREM (0.6s)  running={'THEOREM': 919, 'LINEAR': 1424, 'SOLVED_FMB': 78, 'HARD_NONLINEAR': 12}
[2434] order5big_19468: THEOREM (60.6s)  running={'THEOREM': 920, 'LINEAR': 1424, 'SOLVED_FMB': 78, 'HARD_NONLINEAR': 12}
[2435] order5big_19476: THEOREM (60.7s)  running={'THEOREM': 921, 'LINEAR': 1424, 'SOLVED_FMB': 78, 'HARD_NONLINEAR': 12}
[2436] order5big_19484: THEOREM (62.9s)  running={'THEOREM': 922, 'LINEAR': 1424, 'SOLVED_FMB': 78, 'HARD_NONLINEAR': 12}
[2437] order5big_19492: SOLVED_FMB (0.2s)  running={'THEOREM': 922, 'LINEAR': 1424, 'SOLVED_FMB': 79, 'HARD_NONLINEAR': 12}
[2438] order5big_19500: THEOREM (60.2s)  running={'THEOREM': 923, 'LINEAR': 1424, 'SOLVED_FMB': 79, 'HARD_NONLINEAR': 12}
[2439] order5big_19508: SOLVED_FMB (1.2s)  running={'THEOREM': 923, 'LINEAR': 1424, 'SOLVED_FMB': 80, 'HARD_NONLINEAR': 12}
[2440] order5big_19516: LINEAR (0.0s)  running={'THEOREM': 923, 'LINEAR': 1425, 'SOLVED_FMB': 80, 'HARD_NONLINEAR': 12}
[2441] order5big_19524: THEOREM (60.6s)  running={'THEOREM': 924, 'LINEAR': 1425, 'SOLVED_FMB': 80, 'HARD_NONLINEAR': 12}
[2442] order5big_19532: LINEAR (0.0s)  running={'THEOREM': 924, 'LINEAR': 1426, 'SOLVED_FMB': 80, 'HARD_NONLINEAR': 12}
[2443] order5big_19540: LINEAR (0.0s)  running={'THEOREM': 924, 'LINEAR': 1427, 'SOLVED_FMB': 80, 'HARD_NONLINEAR': 12}
[2444] order5big_19548: THEOREM (62.1s)  running={'THEOREM': 925, 'LINEAR': 1427, 'SOLVED_FMB': 80, 'HARD_NONLINEAR': 12}
[2445] order5big_19556: LINEAR (0.0s)  running={'THEOREM': 925, 'LINEAR': 1428, 'SOLVED_FMB': 80, 'HARD_NONLINEAR': 12}
[2446] order5big_19564: THEOREM (61.9s)  running={'THEOREM': 926, 'LINEAR': 1428, 'SOLVED_FMB': 80, 'HARD_NONLINEAR': 12}
[2447] order5big_19572: LINEAR (0.0s)  running={'THEOREM': 926, 'LINEAR': 1429, 'SOLVED_FMB': 80, 'HARD_NONLINEAR': 12}
[2448] order5big_19580: LINEAR (0.0s)  running={'THEOREM': 926, 'LINEAR': 1430, 'SOLVED_FMB': 80, 'HARD_NONLINEAR': 12}
[2449] order5big_19588: LINEAR (0.0s)  running={'THEOREM': 926, 'LINEAR': 1431, 'SOLVED_FMB': 80, 'HARD_NONLINEAR': 12}
[2450] order5big_19596: LINEAR (0.0s)  running={'THEOREM': 926, 'LINEAR': 1432, 'SOLVED_FMB': 80, 'HARD_NONLINEAR': 12}
[2451] order5big_19604: LINEAR (0.0s)  running={'THEOREM': 926, 'LINEAR': 1433, 'SOLVED_FMB': 80, 'HARD_NONLINEAR': 12}
[2452] order5big_19612: THEOREM (60.2s)  running={'THEOREM': 927, 'LINEAR': 1433, 'SOLVED_FMB': 80, 'HARD_NONLINEAR': 12}
[2453] order5big_19620: THEOREM (60.2s)  running={'THEOREM': 928, 'LINEAR': 1433, 'SOLVED_FMB': 80, 'HARD_NONLINEAR': 12}
[2454] order5big_19628: THEOREM (60.4s)  running={'THEOREM': 929, 'LINEAR': 1433, 'SOLVED_FMB': 80, 'HARD_NONLINEAR': 12}
[2455] order5big_19636: LINEAR (0.0s)  running={'THEOREM': 929, 'LINEAR': 1434, 'SOLVED_FMB': 80, 'HARD_NONLINEAR': 12}
[2456] order5big_19644: LINEAR (0.0s)  running={'THEOREM': 929, 'LINEAR': 1435, 'SOLVED_FMB': 80, 'HARD_NONLINEAR': 12}
[2457] order5big_19652: LINEAR (0.0s)  running={'THEOREM': 929, 'LINEAR': 1436, 'SOLVED_FMB': 80, 'HARD_NONLINEAR': 12}
[2458] order5big_19660: LINEAR (0.0s)  running={'THEOREM': 929, 'LINEAR': 1437, 'SOLVED_FMB': 80, 'HARD_NONLINEAR': 12}
[2459] order5big_19668: THEOREM (60.2s)  running={'THEOREM': 930, 'LINEAR': 1437, 'SOLVED_FMB': 80, 'HARD_NONLINEAR': 12}
[2460] order5big_19676: LINEAR (0.0s)  running={'THEOREM': 930, 'LINEAR': 1438, 'SOLVED_FMB': 80, 'HARD_NONLINEAR': 12}
[2461] order5big_19684: LINEAR (0.0s)  running={'THEOREM': 930, 'LINEAR': 1439, 'SOLVED_FMB': 80, 'HARD_NONLINEAR': 12}
[2462] order5big_19692: THEOREM (3.0s)  running={'THEOREM': 931, 'LINEAR': 1439, 'SOLVED_FMB': 80, 'HARD_NONLINEAR': 12}
[2463] order5big_19700: LINEAR (0.0s)  running={'THEOREM': 931, 'LINEAR': 1440, 'SOLVED_FMB': 80, 'HARD_NONLINEAR': 12}
[2464] order5big_19708: THEOREM (60.6s)  running={'THEOREM': 932, 'LINEAR': 1440, 'SOLVED_FMB': 80, 'HARD_NONLINEAR': 12}
[2465] order5big_19716: SOLVED_FMB (12.9s)  running={'THEOREM': 932, 'LINEAR': 1440, 'SOLVED_FMB': 81, 'HARD_NONLINEAR': 12}
[2466] order5big_19724: THEOREM (60.2s)  running={'THEOREM': 933, 'LINEAR': 1440, 'SOLVED_FMB': 81, 'HARD_NONLINEAR': 12}
[2467] order5big_19732: LINEAR (0.0s)  running={'THEOREM': 933, 'LINEAR': 1441, 'SOLVED_FMB': 81, 'HARD_NONLINEAR': 12}
[2468] order5big_19740: LINEAR (0.0s)  running={'THEOREM': 933, 'LINEAR': 1442, 'SOLVED_FMB': 81, 'HARD_NONLINEAR': 12}
[2469] order5big_19748: THEOREM (60.2s)  running={'THEOREM': 934, 'LINEAR': 1442, 'SOLVED_FMB': 81, 'HARD_NONLINEAR': 12}
[2470] order5big_19756: LINEAR (0.0s)  running={'THEOREM': 934, 'LINEAR': 1443, 'SOLVED_FMB': 81, 'HARD_NONLINEAR': 12}
[2471] order5big_19764: THEOREM (60.2s)  running={'THEOREM': 935, 'LINEAR': 1443, 'SOLVED_FMB': 81, 'HARD_NONLINEAR': 12}
[2472] order5big_19772: LINEAR (0.0s)  running={'THEOREM': 935, 'LINEAR': 1444, 'SOLVED_FMB': 81, 'HARD_NONLINEAR': 12}
[2473] order5big_19780: LINEAR (0.0s)  running={'THEOREM': 935, 'LINEAR': 1445, 'SOLVED_FMB': 81, 'HARD_NONLINEAR': 12}
[2474] order5big_19788: LINEAR (0.0s)  running={'THEOREM': 935, 'LINEAR': 1446, 'SOLVED_FMB': 81, 'HARD_NONLINEAR': 12}
[2475] order5big_19796: LINEAR (0.0s)  running={'THEOREM': 935, 'LINEAR': 1447, 'SOLVED_FMB': 81, 'HARD_NONLINEAR': 12}
[2476] order5big_19804: LINEAR (0.0s)  running={'THEOREM': 935, 'LINEAR': 1448, 'SOLVED_FMB': 81, 'HARD_NONLINEAR': 12}
[2477] order5big_19812: LINEAR (0.0s)  running={'THEOREM': 935, 'LINEAR': 1449, 'SOLVED_FMB': 81, 'HARD_NONLINEAR': 12}
[2478] order5big_19820: LINEAR (0.0s)  running={'THEOREM': 935, 'LINEAR': 1450, 'SOLVED_FMB': 81, 'HARD_NONLINEAR': 12}
[2479] order5big_19828: LINEAR (0.0s)  running={'THEOREM': 935, 'LINEAR': 1451, 'SOLVED_FMB': 81, 'HARD_NONLINEAR': 12}
[2480] order5big_19836: LINEAR (0.0s)  running={'THEOREM': 935, 'LINEAR': 1452, 'SOLVED_FMB': 81, 'HARD_NONLINEAR': 12}
[2481] order5big_19844: LINEAR (0.0s)  running={'THEOREM': 935, 'LINEAR': 1453, 'SOLVED_FMB': 81, 'HARD_NONLINEAR': 12}
[2482] order5big_19852: LINEAR (0.0s)  running={'THEOREM': 935, 'LINEAR': 1454, 'SOLVED_FMB': 81, 'HARD_NONLINEAR': 12}
[2483] order5big_19860: SOLVED_FMB (0.1s)  running={'THEOREM': 935, 'LINEAR': 1454, 'SOLVED_FMB': 82, 'HARD_NONLINEAR': 12}
[2484] order5big_19868: LINEAR (0.0s)  running={'THEOREM': 935, 'LINEAR': 1455, 'SOLVED_FMB': 82, 'HARD_NONLINEAR': 12}
[2485] order5big_19876: LINEAR (0.0s)  running={'THEOREM': 935, 'LINEAR': 1456, 'SOLVED_FMB': 82, 'HARD_NONLINEAR': 12}
[2486] order5big_19884: LINEAR (0.0s)  running={'THEOREM': 935, 'LINEAR': 1457, 'SOLVED_FMB': 82, 'HARD_NONLINEAR': 12}
[2487] order5big_19892: LINEAR (0.0s)  running={'THEOREM': 935, 'LINEAR': 1458, 'SOLVED_FMB': 82, 'HARD_NONLINEAR': 12}
[2488] order5big_19900: THEOREM (60.5s)  running={'THEOREM': 936, 'LINEAR': 1458, 'SOLVED_FMB': 82, 'HARD_NONLINEAR': 12}
[2489] order5big_19908: LINEAR (0.0s)  running={'THEOREM': 936, 'LINEAR': 1459, 'SOLVED_FMB': 82, 'HARD_NONLINEAR': 12}
[2490] order5big_19916: THEOREM (60.4s)  running={'THEOREM': 937, 'LINEAR': 1459, 'SOLVED_FMB': 82, 'HARD_NONLINEAR': 12}
[2491] order5big_19924: THEOREM (63.7s)  running={'THEOREM': 938, 'LINEAR': 1459, 'SOLVED_FMB': 82, 'HARD_NONLINEAR': 12}
[2492] order5big_19932: LINEAR (0.0s)  running={'THEOREM': 938, 'LINEAR': 1460, 'SOLVED_FMB': 82, 'HARD_NONLINEAR': 12}
[2493] order5big_19940: LINEAR (0.0s)  running={'THEOREM': 938, 'LINEAR': 1461, 'SOLVED_FMB': 82, 'HARD_NONLINEAR': 12}
[2494] order5big_19948: LINEAR (0.0s)  running={'THEOREM': 938, 'LINEAR': 1462, 'SOLVED_FMB': 82, 'HARD_NONLINEAR': 12}
[2495] order5big_19956: THEOREM (60.2s)  running={'THEOREM': 939, 'LINEAR': 1462, 'SOLVED_FMB': 82, 'HARD_NONLINEAR': 12}
[2496] order5big_19964: LINEAR (0.0s)  running={'THEOREM': 939, 'LINEAR': 1463, 'SOLVED_FMB': 82, 'HARD_NONLINEAR': 12}
[2497] order5big_19972: LINEAR (0.0s)  running={'THEOREM': 939, 'LINEAR': 1464, 'SOLVED_FMB': 82, 'HARD_NONLINEAR': 12}
[2498] order5big_19980: LINEAR (0.0s)  running={'THEOREM': 939, 'LINEAR': 1465, 'SOLVED_FMB': 82, 'HARD_NONLINEAR': 12}
[2499] order5big_19988: THEOREM (60.2s)  running={'THEOREM': 940, 'LINEAR': 1465, 'SOLVED_FMB': 82, 'HARD_NONLINEAR': 12}
[2500] order5big_19996: LINEAR (0.0s)  running={'THEOREM': 940, 'LINEAR': 1466, 'SOLVED_FMB': 82, 'HARD_NONLINEAR': 12}
done: 2500 new rows -> paper/results/bench_big_shard_3.jsonl; tiers={'THEOREM': 940, 'LINEAR': 1466, 'SOLVED_FMB': 82, 'HARD_NONLINEAR': 12}
