nohup: ignoring input
[1] order5big_0001: LINEAR (0.0s)  running={'LINEAR': 1}
[2] order5big_0009: LINEAR (0.0s)  running={'LINEAR': 2}
[3] order5big_0017: THEOREM (60.4s)  running={'LINEAR': 2, 'THEOREM': 1}
[4] order5big_0025: THEOREM (60.5s)  running={'LINEAR': 2, 'THEOREM': 2}
[5] order5big_0033: LINEAR (0.0s)  running={'LINEAR': 3, 'THEOREM': 2}
[6] order5big_0041: LINEAR (0.0s)  running={'LINEAR': 4, 'THEOREM': 2}
[7] order5big_0049: LINEAR (0.0s)  running={'LINEAR': 5, 'THEOREM': 2}
[8] order5big_0057: THEOREM (60.2s)  running={'LINEAR': 5, 'THEOREM': 3}
[9] order5big_0065: THEOREM (60.2s)  running={'LINEAR': 5, 'THEOREM': 4}
[10] order5big_0073: HARD_NONLINEAR (120.1s)  running={'LINEAR': 5, 'THEOREM': 4, 'HARD_NONLINEAR': 1}
[11] order5big_0081: THEOREM (60.2s)  running={'LINEAR': 5, 'THEOREM': 5, 'HARD_NONLINEAR': 1}
[12] order5big_0089: THEOREM (60.2s)  running={'LINEAR': 5, 'THEOREM': 6, 'HARD_NONLINEAR': 1}
[13] order5big_0097: LINEAR (0.0s)  running={'LINEAR': 6, 'THEOREM': 6, 'HARD_NONLINEAR': 1}
[14] order5big_0105: LINEAR (0.0s)  running={'LINEAR': 7, 'THEOREM': 6, 'HARD_NONLINEAR': 1}
[15] order5big_0113: LINEAR (0.0s)  running={'LINEAR': 8, 'THEOREM': 6, 'HARD_NONLINEAR': 1}
[16] order5big_0121: THEOREM (60.4s)  running={'LINEAR': 8, 'THEOREM': 7, 'HARD_NONLINEAR': 1}
[17] order5big_0129: THEOREM (60.2s)  running={'LINEAR': 8, 'THEOREM': 8, 'HARD_NONLINEAR': 1}
[18] order5big_0137: THEOREM (60.3s)  running={'LINEAR': 8, 'THEOREM': 9, 'HARD_NONLINEAR': 1}
[19] order5big_0145: LINEAR (0.0s)  running={'LINEAR': 9, 'THEOREM': 9, 'HARD_NONLINEAR': 1}
[20] order5big_0153: THEOREM (60.5s)  running={'LINEAR': 9, 'THEOREM': 10, 'HARD_NONLINEAR': 1}
[21] order5big_0161: THEOREM (60.5s)  running={'LINEAR': 9, 'THEOREM': 11, 'HARD_NONLINEAR': 1}
[22] order5big_0169: LINEAR (0.0s)  running={'LINEAR': 10, 'THEOREM': 11, 'HARD_NONLINEAR': 1}
[23] order5big_0177: LINEAR (0.0s)  running={'LINEAR': 11, 'THEOREM': 11, 'HARD_NONLINEAR': 1}
[24] order5big_0185: LINEAR (0.0s)  running={'LINEAR': 12, 'THEOREM': 11, 'HARD_NONLINEAR': 1}
[25] order5big_0193: LINEAR (0.0s)  running={'LINEAR': 13, 'THEOREM': 11, 'HARD_NONLINEAR': 1}
[26] order5big_0201: THEOREM (60.2s)  running={'LINEAR': 13, 'THEOREM': 12, 'HARD_NONLINEAR': 1}
[27] order5big_0209: LINEAR (0.0s)  running={'LINEAR': 14, 'THEOREM': 12, 'HARD_NONLINEAR': 1}
[28] order5big_0217: LINEAR (0.0s)  running={'LINEAR': 15, 'THEOREM': 12, 'HARD_NONLINEAR': 1}
[29] order5big_0225: LINEAR (0.0s)  running={'LINEAR': 16, 'THEOREM': 12, 'HARD_NONLINEAR': 1}
[30] order5big_0233: THEOREM (60.2s)  running={'LINEAR': 16, 'THEOREM': 13, 'HARD_NONLINEAR': 1}
[31] order5big_0241: LINEAR (0.0s)  running={'LINEAR': 17, 'THEOREM': 13, 'HARD_NONLINEAR': 1}
[32] order5big_0249: LINEAR (0.0s)  running={'LINEAR': 18, 'THEOREM': 13, 'HARD_NONLINEAR': 1}
[33] order5big_0257: THEOREM (60.2s)  running={'LINEAR': 18, 'THEOREM': 14, 'HARD_NONLINEAR': 1}
[34] order5big_0265: LINEAR (0.0s)  running={'LINEAR': 19, 'THEOREM': 14, 'HARD_NONLINEAR': 1}
[35] order5big_0273: THEOREM (60.2s)  running={'LINEAR': 19, 'THEOREM': 15, 'HARD_NONLINEAR': 1}
[36] order5big_0281: SOLVED_FMB (0.4s)  running={'LINEAR': 19, 'THEOREM': 15, 'HARD_NONLINEAR': 1, 'SOLVED_FMB': 1}
[37] order5big_0289: LINEAR (0.0s)  running={'LINEAR': 20, 'THEOREM': 15, 'HARD_NONLINEAR': 1, 'SOLVED_FMB': 1}
[38] order5big_0297: LINEAR (0.0s)  running={'LINEAR': 21, 'THEOREM': 15, 'HARD_NONLINEAR': 1, 'SOLVED_FMB': 1}
[39] order5big_0305: THEOREM (61.4s)  running={'LINEAR': 21, 'THEOREM': 16, 'HARD_NONLINEAR': 1, 'SOLVED_FMB': 1}
[40] order5big_0313: LINEAR (0.0s)  running={'LINEAR': 22, 'THEOREM': 16, 'HARD_NONLINEAR': 1, 'SOLVED_FMB': 1}
[41] order5big_0321: LINEAR (0.0s)  running={'LINEAR': 23, 'THEOREM': 16, 'HARD_NONLINEAR': 1, 'SOLVED_FMB': 1}
[42] order5big_0329: LINEAR (0.0s)  running={'LINEAR': 24, 'THEOREM': 16, 'HARD_NONLINEAR': 1, 'SOLVED_FMB': 1}
[43] order5big_0337: LINEAR (0.0s)  running={'LINEAR': 25, 'THEOREM': 16, 'HARD_NONLINEAR': 1, 'SOLVED_FMB': 1}
[44] order5big_0345: SOLVED_FMB (11.9s)  running={'LINEAR': 25, 'THEOREM': 16, 'HARD_NONLINEAR': 1, 'SOLVED_FMB': 2}
[45] order5big_0353: THEOREM (60.4s)  running={'LINEAR': 25, 'THEOREM': 17, 'HARD_NONLINEAR': 1, 'SOLVED_FMB': 2}
[46] order5big_0361: LINEAR (0.0s)  running={'LINEAR': 26, 'THEOREM': 17, 'HARD_NONLINEAR': 1, 'SOLVED_FMB': 2}
[47] order5big_0369: THEOREM (60.4s)  running={'LINEAR': 26, 'THEOREM': 18, 'HARD_NONLINEAR': 1, 'SOLVED_FMB': 2}
[48] order5big_0377: THEOREM (60.2s)  running={'LINEAR': 26, 'THEOREM': 19, 'HARD_NONLINEAR': 1, 'SOLVED_FMB': 2}
[49] order5big_0385: THEOREM (60.2s)  running={'LINEAR': 26, 'THEOREM': 20, 'HARD_NONLINEAR': 1, 'SOLVED_FMB': 2}
[50] order5big_0393: THEOREM (60.6s)  running={'LINEAR': 26, 'THEOREM': 21, 'HARD_NONLINEAR': 1, 'SOLVED_FMB': 2}
[51] order5big_0401: THEOREM (60.2s)  running={'LINEAR': 26, 'THEOREM': 22, 'HARD_NONLINEAR': 1, 'SOLVED_FMB': 2}
[52] order5big_0409: SOLVED_FMB (0.4s)  running={'LINEAR': 26, 'THEOREM': 22, 'HARD_NONLINEAR': 1, 'SOLVED_FMB': 3}
[53] order5big_0417: LINEAR (0.0s)  running={'LINEAR': 27, 'THEOREM': 22, 'HARD_NONLINEAR': 1, 'SOLVED_FMB': 3}
[54] order5big_0425: THEOREM (60.4s)  running={'LINEAR': 27, 'THEOREM': 23, 'HARD_NONLINEAR': 1, 'SOLVED_FMB': 3}
[55] order5big_0433: THEOREM (55.5s)  running={'LINEAR': 27, 'THEOREM': 24, 'HARD_NONLINEAR': 1, 'SOLVED_FMB': 3}
[56] order5big_0441: THEOREM (60.2s)  running={'LINEAR': 27, 'THEOREM': 25, 'HARD_NONLINEAR': 1, 'SOLVED_FMB': 3}
[57] order5big_0449: LINEAR (0.0s)  running={'LINEAR': 28, 'THEOREM': 25, 'HARD_NONLINEAR': 1, 'SOLVED_FMB': 3}
[58] order5big_0457: LINEAR (0.0s)  running={'LINEAR': 29, 'THEOREM': 25, 'HARD_NONLINEAR': 1, 'SOLVED_FMB': 3}
[59] order5big_0465: LINEAR (0.0s)  running={'LINEAR': 30, 'THEOREM': 25, 'HARD_NONLINEAR': 1, 'SOLVED_FMB': 3}
[60] order5big_0473: THEOREM (60.2s)  running={'LINEAR': 30, 'THEOREM': 26, 'HARD_NONLINEAR': 1, 'SOLVED_FMB': 3}
[61] order5big_0481: THEOREM (60.6s)  running={'LINEAR': 30, 'THEOREM': 27, 'HARD_NONLINEAR': 1, 'SOLVED_FMB': 3}
[62] order5big_0489: LINEAR (0.0s)  running={'LINEAR': 31, 'THEOREM': 27, 'HARD_NONLINEAR': 1, 'SOLVED_FMB': 3}
[63] order5big_0497: THEOREM (60.3s)  running={'LINEAR': 31, 'THEOREM': 28, 'HARD_NONLINEAR': 1, 'SOLVED_FMB': 3}
[64] order5big_0505: THEOREM (11.0s)  running={'LINEAR': 31, 'THEOREM': 29, 'HARD_NONLINEAR': 1, 'SOLVED_FMB': 3}
[65] order5big_0513: LINEAR (0.0s)  running={'LINEAR': 32, 'THEOREM': 29, 'HARD_NONLINEAR': 1, 'SOLVED_FMB': 3}
[66] order5big_0521: LINEAR (0.0s)  running={'LINEAR': 33, 'THEOREM': 29, 'HARD_NONLINEAR': 1, 'SOLVED_FMB': 3}
[67] order5big_0529: LINEAR (0.0s)  running={'LINEAR': 34, 'THEOREM': 29, 'HARD_NONLINEAR': 1, 'SOLVED_FMB': 3}
[68] order5big_0537: LINEAR (0.0s)  running={'LINEAR': 35, 'THEOREM': 29, 'HARD_NONLINEAR': 1, 'SOLVED_FMB': 3}
[69] order5big_0545: LINEAR (0.0s)  running={'LINEAR': 36, 'THEOREM': 29, 'HARD_NONLINEAR': 1, 'SOLVED_FMB': 3}
[70] order5big_0553: LINEAR (0.0s)  running={'LINEAR': 37, 'THEOREM': 29, 'HARD_NONLINEAR': 1, 'SOLVED_FMB': 3}
[71] order5big_0561: LINEAR (0.0s)  running={'LINEAR': 38, 'THEOREM': 29, 'HARD_NONLINEAR': 1, 'SOLVED_FMB': 3}
[72] order5big_0569: LINEAR (0.0s)  running={'LINEAR': 39, 'THEOREM': 29, 'HARD_NONLINEAR': 1, 'SOLVED_FMB': 3}
[73] order5big_0577: LINEAR (0.0s)  running={'LINEAR': 40, 'THEOREM': 29, 'HARD_NONLINEAR': 1, 'SOLVED_FMB': 3}
[74] order5big_0585: THEOREM (60.2s)  running={'LINEAR': 40, 'THEOREM': 30, 'HARD_NONLINEAR': 1, 'SOLVED_FMB': 3}
[75] order5big_0593: THEOREM (60.2s)  running={'LINEAR': 40, 'THEOREM': 31, 'HARD_NONLINEAR': 1, 'SOLVED_FMB': 3}
[76] order5big_0601: THEOREM (60.2s)  running={'LINEAR': 40, 'THEOREM': 32, 'HARD_NONLINEAR': 1, 'SOLVED_FMB': 3}
[77] order5big_0609: LINEAR (0.0s)  running={'LINEAR': 41, 'THEOREM': 32, 'HARD_NONLINEAR': 1, 'SOLVED_FMB': 3}
[78] order5big_0617: LINEAR (0.0s)  running={'LINEAR': 42, 'THEOREM': 32, 'HARD_NONLINEAR': 1, 'SOLVED_FMB': 3}
[79] order5big_0625: LINEAR (0.0s)  running={'LINEAR': 43, 'THEOREM': 32, 'HARD_NONLINEAR': 1, 'SOLVED_FMB': 3}
[80] order5big_0633: THEOREM (60.2s)  running={'LINEAR': 43, 'THEOREM': 33, 'HARD_NONLINEAR': 1, 'SOLVED_FMB': 3}
[81] order5big_0641: THEOREM (60.1s)  running={'LINEAR': 43, 'THEOREM': 34, 'HARD_NONLINEAR': 1, 'SOLVED_FMB': 3}
[82] order5big_0649: THEOREM (2.6s)  running={'LINEAR': 43, 'THEOREM': 35, 'HARD_NONLINEAR': 1, 'SOLVED_FMB': 3}
[83] order5big_0657: THEOREM (60.1s)  running={'LINEAR': 43, 'THEOREM': 36, 'HARD_NONLINEAR': 1, 'SOLVED_FMB': 3}
[84] order5big_0665: THEOREM (60.6s)  running={'LINEAR': 43, 'THEOREM': 37, 'HARD_NONLINEAR': 1, 'SOLVED_FMB': 3}
[85] order5big_0673: THEOREM (19.6s)  running={'LINEAR': 43, 'THEOREM': 38, 'HARD_NONLINEAR': 1, 'SOLVED_FMB': 3}
[86] order5big_0681: LINEAR (0.0s)  running={'LINEAR': 44, 'THEOREM': 38, 'HARD_NONLINEAR': 1, 'SOLVED_FMB': 3}
[87] order5big_0689: LINEAR (0.0s)  running={'LINEAR': 45, 'THEOREM': 38, 'HARD_NONLINEAR': 1, 'SOLVED_FMB': 3}
[88] order5big_0697: THEOREM (3.9s)  running={'LINEAR': 45, 'THEOREM': 39, 'HARD_NONLINEAR': 1, 'SOLVED_FMB': 3}
[89] order5big_0705: LINEAR (0.0s)  running={'LINEAR': 46, 'THEOREM': 39, 'HARD_NONLINEAR': 1, 'SOLVED_FMB': 3}
[90] order5big_0713: THEOREM (60.3s)  running={'LINEAR': 46, 'THEOREM': 40, 'HARD_NONLINEAR': 1, 'SOLVED_FMB': 3}
[91] order5big_0721: THEOREM (60.4s)  running={'LINEAR': 46, 'THEOREM': 41, 'HARD_NONLINEAR': 1, 'SOLVED_FMB': 3}
[92] order5big_0729: LINEAR (0.0s)  running={'LINEAR': 47, 'THEOREM': 41, 'HARD_NONLINEAR': 1, 'SOLVED_FMB': 3}
[93] order5big_0737: LINEAR (0.0s)  running={'LINEAR': 48, 'THEOREM': 41, 'HARD_NONLINEAR': 1, 'SOLVED_FMB': 3}
[94] order5big_0745: LINEAR (0.0s)  running={'LINEAR': 49, 'THEOREM': 41, 'HARD_NONLINEAR': 1, 'SOLVED_FMB': 3}
[95] order5big_0753: THEOREM (60.2s)  running={'LINEAR': 49, 'THEOREM': 42, 'HARD_NONLINEAR': 1, 'SOLVED_FMB': 3}
[96] order5big_0761: THEOREM (60.2s)  running={'LINEAR': 49, 'THEOREM': 43, 'HARD_NONLINEAR': 1, 'SOLVED_FMB': 3}
[97] order5big_0769: LINEAR (0.0s)  running={'LINEAR': 50, 'THEOREM': 43, 'HARD_NONLINEAR': 1, 'SOLVED_FMB': 3}
[98] order5big_0777: LINEAR (0.0s)  running={'LINEAR': 51, 'THEOREM': 43, 'HARD_NONLINEAR': 1, 'SOLVED_FMB': 3}
[99] order5big_0785: LINEAR (0.0s)  running={'LINEAR': 52, 'THEOREM': 43, 'HARD_NONLINEAR': 1, 'SOLVED_FMB': 3}
[100] order5big_0793: LINEAR (0.0s)  running={'LINEAR': 53, 'THEOREM': 43, 'HARD_NONLINEAR': 1, 'SOLVED_FMB': 3}
[101] order5big_0801: LINEAR (0.0s)  running={'LINEAR': 54, 'THEOREM': 43, 'HARD_NONLINEAR': 1, 'SOLVED_FMB': 3}
[102] order5big_0809: LINEAR (0.0s)  running={'LINEAR': 55, 'THEOREM': 43, 'HARD_NONLINEAR': 1, 'SOLVED_FMB': 3}
[103] order5big_0817: LINEAR (0.0s)  running={'LINEAR': 56, 'THEOREM': 43, 'HARD_NONLINEAR': 1, 'SOLVED_FMB': 3}
[104] order5big_0825: LINEAR (0.0s)  running={'LINEAR': 57, 'THEOREM': 43, 'HARD_NONLINEAR': 1, 'SOLVED_FMB': 3}
[105] order5big_0833: LINEAR (0.0s)  running={'LINEAR': 58, 'THEOREM': 43, 'HARD_NONLINEAR': 1, 'SOLVED_FMB': 3}
[106] order5big_0841: LINEAR (0.0s)  running={'LINEAR': 59, 'THEOREM': 43, 'HARD_NONLINEAR': 1, 'SOLVED_FMB': 3}
[107] order5big_0849: LINEAR (0.0s)  running={'LINEAR': 60, 'THEOREM': 43, 'HARD_NONLINEAR': 1, 'SOLVED_FMB': 3}
[108] order5big_0857: THEOREM (62.8s)  running={'LINEAR': 60, 'THEOREM': 44, 'HARD_NONLINEAR': 1, 'SOLVED_FMB': 3}
[109] order5big_0865: LINEAR (0.0s)  running={'LINEAR': 61, 'THEOREM': 44, 'HARD_NONLINEAR': 1, 'SOLVED_FMB': 3}
[110] order5big_0873: THEOREM (60.5s)  running={'LINEAR': 61, 'THEOREM': 45, 'HARD_NONLINEAR': 1, 'SOLVED_FMB': 3}
[111] order5big_0881: SOLVED_FMB (1.1s)  running={'LINEAR': 61, 'THEOREM': 45, 'HARD_NONLINEAR': 1, 'SOLVED_FMB': 4}
[112] order5big_0889: LINEAR (0.0s)  running={'LINEAR': 62, 'THEOREM': 45, 'HARD_NONLINEAR': 1, 'SOLVED_FMB': 4}
[113] order5big_0897: THEOREM (60.2s)  running={'LINEAR': 62, 'THEOREM': 46, 'HARD_NONLINEAR': 1, 'SOLVED_FMB': 4}
[114] order5big_0905: LINEAR (0.0s)  running={'LINEAR': 63, 'THEOREM': 46, 'HARD_NONLINEAR': 1, 'SOLVED_FMB': 4}
[115] order5big_0913: THEOREM (60.2s)  running={'LINEAR': 63, 'THEOREM': 47, 'HARD_NONLINEAR': 1, 'SOLVED_FMB': 4}
[116] order5big_0921: THEOREM (60.6s)  running={'LINEAR': 63, 'THEOREM': 48, 'HARD_NONLINEAR': 1, 'SOLVED_FMB': 4}
[117] order5big_0929: THEOREM (60.2s)  running={'LINEAR': 63, 'THEOREM': 49, 'HARD_NONLINEAR': 1, 'SOLVED_FMB': 4}
[118] order5big_0937: LINEAR (0.0s)  running={'LINEAR': 64, 'THEOREM': 49, 'HARD_NONLINEAR': 1, 'SOLVED_FMB': 4}
[119] order5big_0945: LINEAR (0.0s)  running={'LINEAR': 65, 'THEOREM': 49, 'HARD_NONLINEAR': 1, 'SOLVED_FMB': 4}
[120] order5big_0953: THEOREM (61.1s)  running={'LINEAR': 65, 'THEOREM': 50, 'HARD_NONLINEAR': 1, 'SOLVED_FMB': 4}
[121] order5big_0961: THEOREM (60.2s)  running={'LINEAR': 65, 'THEOREM': 51, 'HARD_NONLINEAR': 1, 'SOLVED_FMB': 4}
[122] order5big_0969: THEOREM (60.2s)  running={'LINEAR': 65, 'THEOREM': 52, 'HARD_NONLINEAR': 1, 'SOLVED_FMB': 4}
[123] order5big_0977: LINEAR (0.0s)  running={'LINEAR': 66, 'THEOREM': 52, 'HARD_NONLINEAR': 1, 'SOLVED_FMB': 4}
[124] order5big_0985: LINEAR (0.0s)  running={'LINEAR': 67, 'THEOREM': 52, 'HARD_NONLINEAR': 1, 'SOLVED_FMB': 4}
[125] order5big_0993: LINEAR (0.0s)  running={'LINEAR': 68, 'THEOREM': 52, 'HARD_NONLINEAR': 1, 'SOLVED_FMB': 4}
[126] order5big_1001: LINEAR (0.0s)  running={'LINEAR': 69, 'THEOREM': 52, 'HARD_NONLINEAR': 1, 'SOLVED_FMB': 4}
[127] order5big_1009: THEOREM (60.2s)  running={'LINEAR': 69, 'THEOREM': 53, 'HARD_NONLINEAR': 1, 'SOLVED_FMB': 4}
[128] order5big_1017: SOLVED_FMB (8.0s)  running={'LINEAR': 69, 'THEOREM': 53, 'HARD_NONLINEAR': 1, 'SOLVED_FMB': 5}
[129] order5big_1025: LINEAR (0.0s)  running={'LINEAR': 70, 'THEOREM': 53, 'HARD_NONLINEAR': 1, 'SOLVED_FMB': 5}
[130] order5big_1033: THEOREM (60.2s)  running={'LINEAR': 70, 'THEOREM': 54, 'HARD_NONLINEAR': 1, 'SOLVED_FMB': 5}
[131] order5big_1041: THEOREM (60.2s)  running={'LINEAR': 70, 'THEOREM': 55, 'HARD_NONLINEAR': 1, 'SOLVED_FMB': 5}
[132] order5big_1049: THEOREM (62.7s)  running={'LINEAR': 70, 'THEOREM': 56, 'HARD_NONLINEAR': 1, 'SOLVED_FMB': 5}
[133] order5big_1057: LINEAR (0.0s)  running={'LINEAR': 71, 'THEOREM': 56, 'HARD_NONLINEAR': 1, 'SOLVED_FMB': 5}
[134] order5big_1065: LINEAR (0.0s)  running={'LINEAR': 72, 'THEOREM': 56, 'HARD_NONLINEAR': 1, 'SOLVED_FMB': 5}
[135] order5big_1073: THEOREM (62.1s)  running={'LINEAR': 72, 'THEOREM': 57, 'HARD_NONLINEAR': 1, 'SOLVED_FMB': 5}
[136] order5big_1081: LINEAR (0.0s)  running={'LINEAR': 73, 'THEOREM': 57, 'HARD_NONLINEAR': 1, 'SOLVED_FMB': 5}
[137] order5big_1089: LINEAR (0.0s)  running={'LINEAR': 74, 'THEOREM': 57, 'HARD_NONLINEAR': 1, 'SOLVED_FMB': 5}
[138] order5big_1097: LINEAR (0.0s)  running={'LINEAR': 75, 'THEOREM': 57, 'HARD_NONLINEAR': 1, 'SOLVED_FMB': 5}
[139] order5big_1105: THEOREM (60.2s)  running={'LINEAR': 75, 'THEOREM': 58, 'HARD_NONLINEAR': 1, 'SOLVED_FMB': 5}
[140] order5big_1113: SOLVED_FMB (1.5s)  running={'LINEAR': 75, 'THEOREM': 58, 'HARD_NONLINEAR': 1, 'SOLVED_FMB': 6}
[141] order5big_1121: LINEAR (0.0s)  running={'LINEAR': 76, 'THEOREM': 58, 'HARD_NONLINEAR': 1, 'SOLVED_FMB': 6}
[142] order5big_1129: LINEAR (0.0s)  running={'LINEAR': 77, 'THEOREM': 58, 'HARD_NONLINEAR': 1, 'SOLVED_FMB': 6}
[143] order5big_1137: THEOREM (60.2s)  running={'LINEAR': 77, 'THEOREM': 59, 'HARD_NONLINEAR': 1, 'SOLVED_FMB': 6}
[144] order5big_1145: SOLVED_FMB (2.1s)  running={'LINEAR': 77, 'THEOREM': 59, 'HARD_NONLINEAR': 1, 'SOLVED_FMB': 7}
[145] order5big_1153: THEOREM (29.6s)  running={'LINEAR': 77, 'THEOREM': 60, 'HARD_NONLINEAR': 1, 'SOLVED_FMB': 7}
[146] order5big_1161: SOLVED_FMB (0.1s)  running={'LINEAR': 77, 'THEOREM': 60, 'HARD_NONLINEAR': 1, 'SOLVED_FMB': 8}
[147] order5big_1169: LINEAR (0.0s)  running={'LINEAR': 78, 'THEOREM': 60, 'HARD_NONLINEAR': 1, 'SOLVED_FMB': 8}
[148] order5big_1177: THEOREM (60.2s)  running={'LINEAR': 78, 'THEOREM': 61, 'HARD_NONLINEAR': 1, 'SOLVED_FMB': 8}
[149] order5big_1185: LINEAR (0.0s)  running={'LINEAR': 79, 'THEOREM': 61, 'HARD_NONLINEAR': 1, 'SOLVED_FMB': 8}
[150] order5big_1193: LINEAR (0.0s)  running={'LINEAR': 80, 'THEOREM': 61, 'HARD_NONLINEAR': 1, 'SOLVED_FMB': 8}
[151] order5big_1201: THEOREM (60.2s)  running={'LINEAR': 80, 'THEOREM': 62, 'HARD_NONLINEAR': 1, 'SOLVED_FMB': 8}
[152] order5big_1209: THEOREM (60.2s)  running={'LINEAR': 80, 'THEOREM': 63, 'HARD_NONLINEAR': 1, 'SOLVED_FMB': 8}
[153] order5big_1217: THEOREM (61.2s)  running={'LINEAR': 80, 'THEOREM': 64, 'HARD_NONLINEAR': 1, 'SOLVED_FMB': 8}
[154] order5big_1225: LINEAR (0.0s)  running={'LINEAR': 81, 'THEOREM': 64, 'HARD_NONLINEAR': 1, 'SOLVED_FMB': 8}
[155] order5big_1233: THEOREM (60.3s)  running={'LINEAR': 81, 'THEOREM': 65, 'HARD_NONLINEAR': 1, 'SOLVED_FMB': 8}
[156] order5big_1241: THEOREM (60.2s)  running={'LINEAR': 81, 'THEOREM': 66, 'HARD_NONLINEAR': 1, 'SOLVED_FMB': 8}
[157] order5big_1249: LINEAR (0.0s)  running={'LINEAR': 82, 'THEOREM': 66, 'HARD_NONLINEAR': 1, 'SOLVED_FMB': 8}
[158] order5big_1257: LINEAR (0.0s)  running={'LINEAR': 83, 'THEOREM': 66, 'HARD_NONLINEAR': 1, 'SOLVED_FMB': 8}
[159] order5big_1265: LINEAR (0.0s)  running={'LINEAR': 84, 'THEOREM': 66, 'HARD_NONLINEAR': 1, 'SOLVED_FMB': 8}
[160] order5big_1273: LINEAR (0.0s)  running={'LINEAR': 85, 'THEOREM': 66, 'HARD_NONLINEAR': 1, 'SOLVED_FMB': 8}
[161] order5big_1281: THEOREM (60.2s)  running={'LINEAR': 85, 'THEOREM': 67, 'HARD_NONLINEAR': 1, 'SOLVED_FMB': 8}
[162] order5big_1289: LINEAR (0.0s)  running={'LINEAR': 86, 'THEOREM': 67, 'HARD_NONLINEAR': 1, 'SOLVED_FMB': 8}
[163] order5big_1297: THEOREM (60.2s)  running={'LINEAR': 86, 'THEOREM': 68, 'HARD_NONLINEAR': 1, 'SOLVED_FMB': 8}
[164] order5big_1305: THEOREM (60.2s)  running={'LINEAR': 86, 'THEOREM': 69, 'HARD_NONLINEAR': 1, 'SOLVED_FMB': 8}
[165] order5big_1313: LINEAR (0.0s)  running={'LINEAR': 87, 'THEOREM': 69, 'HARD_NONLINEAR': 1, 'SOLVED_FMB': 8}
[166] order5big_1321: LINEAR (0.0s)  running={'LINEAR': 88, 'THEOREM': 69, 'HARD_NONLINEAR': 1, 'SOLVED_FMB': 8}
[167] order5big_1329: LINEAR (0.0s)  running={'LINEAR': 89, 'THEOREM': 69, 'HARD_NONLINEAR': 1, 'SOLVED_FMB': 8}
[168] order5big_1337: THEOREM (60.6s)  running={'LINEAR': 89, 'THEOREM': 70, 'HARD_NONLINEAR': 1, 'SOLVED_FMB': 8}
[169] order5big_1345: THEOREM (60.2s)  running={'LINEAR': 89, 'THEOREM': 71, 'HARD_NONLINEAR': 1, 'SOLVED_FMB': 8}
[170] order5big_1353: LINEAR (0.0s)  running={'LINEAR': 90, 'THEOREM': 71, 'HARD_NONLINEAR': 1, 'SOLVED_FMB': 8}
[171] order5big_1361: THEOREM (60.2s)  running={'LINEAR': 90, 'THEOREM': 72, 'HARD_NONLINEAR': 1, 'SOLVED_FMB': 8}
[172] order5big_1369: SOLVED_FMB (0.1s)  running={'LINEAR': 90, 'THEOREM': 72, 'HARD_NONLINEAR': 1, 'SOLVED_FMB': 9}
[173] order5big_1377: THEOREM (60.2s)  running={'LINEAR': 90, 'THEOREM': 73, 'HARD_NONLINEAR': 1, 'SOLVED_FMB': 9}
[174] order5big_1385: THEOREM (60.7s)  running={'LINEAR': 90, 'THEOREM': 74, 'HARD_NONLINEAR': 1, 'SOLVED_FMB': 9}
[175] order5big_1393: LINEAR (0.0s)  running={'LINEAR': 91, 'THEOREM': 74, 'HARD_NONLINEAR': 1, 'SOLVED_FMB': 9}
[176] order5big_1401: THEOREM (60.6s)  running={'LINEAR': 91, 'THEOREM': 75, 'HARD_NONLINEAR': 1, 'SOLVED_FMB': 9}
[177] order5big_1409: LINEAR (0.0s)  running={'LINEAR': 92, 'THEOREM': 75, 'HARD_NONLINEAR': 1, 'SOLVED_FMB': 9}
[178] order5big_1417: LINEAR (0.0s)  running={'LINEAR': 93, 'THEOREM': 75, 'HARD_NONLINEAR': 1, 'SOLVED_FMB': 9}
[179] order5big_1425: THEOREM (60.4s)  running={'LINEAR': 93, 'THEOREM': 76, 'HARD_NONLINEAR': 1, 'SOLVED_FMB': 9}
[180] order5big_1433: THEOREM (60.4s)  running={'LINEAR': 93, 'THEOREM': 77, 'HARD_NONLINEAR': 1, 'SOLVED_FMB': 9}
[181] order5big_1441: THEOREM (60.2s)  running={'LINEAR': 93, 'THEOREM': 78, 'HARD_NONLINEAR': 1, 'SOLVED_FMB': 9}
[182] order5big_1449: LINEAR (0.0s)  running={'LINEAR': 94, 'THEOREM': 78, 'HARD_NONLINEAR': 1, 'SOLVED_FMB': 9}
[183] order5big_1457: LINEAR (0.0s)  running={'LINEAR': 95, 'THEOREM': 78, 'HARD_NONLINEAR': 1, 'SOLVED_FMB': 9}
[184] order5big_1465: LINEAR (0.0s)  running={'LINEAR': 96, 'THEOREM': 78, 'HARD_NONLINEAR': 1, 'SOLVED_FMB': 9}
[185] order5big_1473: LINEAR (0.0s)  running={'LINEAR': 97, 'THEOREM': 78, 'HARD_NONLINEAR': 1, 'SOLVED_FMB': 9}
[186] order5big_1481: THEOREM (60.3s)  running={'LINEAR': 97, 'THEOREM': 79, 'HARD_NONLINEAR': 1, 'SOLVED_FMB': 9}
[187] order5big_1489: LINEAR (0.0s)  running={'LINEAR': 98, 'THEOREM': 79, 'HARD_NONLINEAR': 1, 'SOLVED_FMB': 9}
[188] order5big_1497: LINEAR (0.0s)  running={'LINEAR': 99, 'THEOREM': 79, 'HARD_NONLINEAR': 1, 'SOLVED_FMB': 9}
[189] order5big_1505: LINEAR (0.0s)  running={'LINEAR': 100, 'THEOREM': 79, 'HARD_NONLINEAR': 1, 'SOLVED_FMB': 9}
[190] order5big_1513: LINEAR (0.0s)  running={'LINEAR': 101, 'THEOREM': 79, 'HARD_NONLINEAR': 1, 'SOLVED_FMB': 9}
[191] order5big_1521: LINEAR (0.0s)  running={'LINEAR': 102, 'THEOREM': 79, 'HARD_NONLINEAR': 1, 'SOLVED_FMB': 9}
[192] order5big_1529: THEOREM (60.7s)  running={'LINEAR': 102, 'THEOREM': 80, 'HARD_NONLINEAR': 1, 'SOLVED_FMB': 9}
[193] order5big_1537: LINEAR (0.0s)  running={'LINEAR': 103, 'THEOREM': 80, 'HARD_NONLINEAR': 1, 'SOLVED_FMB': 9}
[194] order5big_1545: THEOREM (62.0s)  running={'LINEAR': 103, 'THEOREM': 81, 'HARD_NONLINEAR': 1, 'SOLVED_FMB': 9}
[195] order5big_1553: LINEAR (0.0s)  running={'LINEAR': 104, 'THEOREM': 81, 'HARD_NONLINEAR': 1, 'SOLVED_FMB': 9}
[196] order5big_1561: THEOREM (60.2s)  running={'LINEAR': 104, 'THEOREM': 82, 'HARD_NONLINEAR': 1, 'SOLVED_FMB': 9}
[197] order5big_1569: LINEAR (0.0s)  running={'LINEAR': 105, 'THEOREM': 82, 'HARD_NONLINEAR': 1, 'SOLVED_FMB': 9}
[198] order5big_1577: THEOREM (72.9s)  running={'LINEAR': 105, 'THEOREM': 83, 'HARD_NONLINEAR': 1, 'SOLVED_FMB': 9}
[199] order5big_1585: LINEAR (0.0s)  running={'LINEAR': 106, 'THEOREM': 83, 'HARD_NONLINEAR': 1, 'SOLVED_FMB': 9}
[200] order5big_1593: HARD_NONLINEAR (120.1s)  running={'LINEAR': 106, 'THEOREM': 83, 'HARD_NONLINEAR': 2, 'SOLVED_FMB': 9}
[201] order5big_1601: THEOREM (60.2s)  running={'LINEAR': 106, 'THEOREM': 84, 'HARD_NONLINEAR': 2, 'SOLVED_FMB': 9}
[202] order5big_1609: THEOREM (0.6s)  running={'LINEAR': 106, 'THEOREM': 85, 'HARD_NONLINEAR': 2, 'SOLVED_FMB': 9}
[203] order5big_1617: THEOREM (60.2s)  running={'LINEAR': 106, 'THEOREM': 86, 'HARD_NONLINEAR': 2, 'SOLVED_FMB': 9}
[204] order5big_1625: THEOREM (60.2s)  running={'LINEAR': 106, 'THEOREM': 87, 'HARD_NONLINEAR': 2, 'SOLVED_FMB': 9}
[205] order5big_1633: LINEAR (0.0s)  running={'LINEAR': 107, 'THEOREM': 87, 'HARD_NONLINEAR': 2, 'SOLVED_FMB': 9}
[206] order5big_1641: THEOREM (60.2s)  running={'LINEAR': 107, 'THEOREM': 88, 'HARD_NONLINEAR': 2, 'SOLVED_FMB': 9}
[207] order5big_1649: LINEAR (0.0s)  running={'LINEAR': 108, 'THEOREM': 88, 'HARD_NONLINEAR': 2, 'SOLVED_FMB': 9}
[208] order5big_1657: LINEAR (0.0s)  running={'LINEAR': 109, 'THEOREM': 88, 'HARD_NONLINEAR': 2, 'SOLVED_FMB': 9}
[209] order5big_1665: LINEAR (0.0s)  running={'LINEAR': 110, 'THEOREM': 88, 'HARD_NONLINEAR': 2, 'SOLVED_FMB': 9}
[210] order5big_1673: LINEAR (0.0s)  running={'LINEAR': 111, 'THEOREM': 88, 'HARD_NONLINEAR': 2, 'SOLVED_FMB': 9}
[211] order5big_1681: LINEAR (0.0s)  running={'LINEAR': 112, 'THEOREM': 88, 'HARD_NONLINEAR': 2, 'SOLVED_FMB': 9}
[212] order5big_1689: LINEAR (0.0s)  running={'LINEAR': 113, 'THEOREM': 88, 'HARD_NONLINEAR': 2, 'SOLVED_FMB': 9}
[213] order5big_1697: THEOREM (60.4s)  running={'LINEAR': 113, 'THEOREM': 89, 'HARD_NONLINEAR': 2, 'SOLVED_FMB': 9}
[214] order5big_1705: LINEAR (0.0s)  running={'LINEAR': 114, 'THEOREM': 89, 'HARD_NONLINEAR': 2, 'SOLVED_FMB': 9}
[215] order5big_1713: THEOREM (60.2s)  running={'LINEAR': 114, 'THEOREM': 90, 'HARD_NONLINEAR': 2, 'SOLVED_FMB': 9}
[216] order5big_1721: THEOREM (60.6s)  running={'LINEAR': 114, 'THEOREM': 91, 'HARD_NONLINEAR': 2, 'SOLVED_FMB': 9}
[217] order5big_1729: LINEAR (0.0s)  running={'LINEAR': 115, 'THEOREM': 91, 'HARD_NONLINEAR': 2, 'SOLVED_FMB': 9}
[218] order5big_1737: THEOREM (60.2s)  running={'LINEAR': 115, 'THEOREM': 92, 'HARD_NONLINEAR': 2, 'SOLVED_FMB': 9}
[219] order5big_1745: THEOREM (63.5s)  running={'LINEAR': 115, 'THEOREM': 93, 'HARD_NONLINEAR': 2, 'SOLVED_FMB': 9}
[220] order5big_1753: LINEAR (0.0s)  running={'LINEAR': 116, 'THEOREM': 93, 'HARD_NONLINEAR': 2, 'SOLVED_FMB': 9}
[221] order5big_1761: LINEAR (0.0s)  running={'LINEAR': 117, 'THEOREM': 93, 'HARD_NONLINEAR': 2, 'SOLVED_FMB': 9}
[222] order5big_1769: LINEAR (0.0s)  running={'LINEAR': 118, 'THEOREM': 93, 'HARD_NONLINEAR': 2, 'SOLVED_FMB': 9}
[223] order5big_1777: THEOREM (72.7s)  running={'LINEAR': 118, 'THEOREM': 94, 'HARD_NONLINEAR': 2, 'SOLVED_FMB': 9}
[224] order5big_1785: LINEAR (0.0s)  running={'LINEAR': 119, 'THEOREM': 94, 'HARD_NONLINEAR': 2, 'SOLVED_FMB': 9}
[225] order5big_1793: THEOREM (60.3s)  running={'LINEAR': 119, 'THEOREM': 95, 'HARD_NONLINEAR': 2, 'SOLVED_FMB': 9}
[226] order5big_1801: LINEAR (0.0s)  running={'LINEAR': 120, 'THEOREM': 95, 'HARD_NONLINEAR': 2, 'SOLVED_FMB': 9}
[227] order5big_1809: LINEAR (0.0s)  running={'LINEAR': 121, 'THEOREM': 95, 'HARD_NONLINEAR': 2, 'SOLVED_FMB': 9}
[228] order5big_1817: LINEAR (0.0s)  running={'LINEAR': 122, 'THEOREM': 95, 'HARD_NONLINEAR': 2, 'SOLVED_FMB': 9}
[229] order5big_1825: LINEAR (0.0s)  running={'LINEAR': 123, 'THEOREM': 95, 'HARD_NONLINEAR': 2, 'SOLVED_FMB': 9}
[230] order5big_1833: THEOREM (0.4s)  running={'LINEAR': 123, 'THEOREM': 96, 'HARD_NONLINEAR': 2, 'SOLVED_FMB': 9}
[231] order5big_1841: LINEAR (0.0s)  running={'LINEAR': 124, 'THEOREM': 96, 'HARD_NONLINEAR': 2, 'SOLVED_FMB': 9}
[232] order5big_1849: LINEAR (0.0s)  running={'LINEAR': 125, 'THEOREM': 96, 'HARD_NONLINEAR': 2, 'SOLVED_FMB': 9}
[233] order5big_1857: LINEAR (0.0s)  running={'LINEAR': 126, 'THEOREM': 96, 'HARD_NONLINEAR': 2, 'SOLVED_FMB': 9}
[234] order5big_1865: LINEAR (0.0s)  running={'LINEAR': 127, 'THEOREM': 96, 'HARD_NONLINEAR': 2, 'SOLVED_FMB': 9}
[235] order5big_1873: LINEAR (0.0s)  running={'LINEAR': 128, 'THEOREM': 96, 'HARD_NONLINEAR': 2, 'SOLVED_FMB': 9}
[236] order5big_1881: LINEAR (0.0s)  running={'LINEAR': 129, 'THEOREM': 96, 'HARD_NONLINEAR': 2, 'SOLVED_FMB': 9}
[237] order5big_1889: THEOREM (60.3s)  running={'LINEAR': 129, 'THEOREM': 97, 'HARD_NONLINEAR': 2, 'SOLVED_FMB': 9}
[238] order5big_1897: LINEAR (0.0s)  running={'LINEAR': 130, 'THEOREM': 97, 'HARD_NONLINEAR': 2, 'SOLVED_FMB': 9}
[239] order5big_1905: LINEAR (0.0s)  running={'LINEAR': 131, 'THEOREM': 97, 'HARD_NONLINEAR': 2, 'SOLVED_FMB': 9}
[240] order5big_1913: LINEAR (0.0s)  running={'LINEAR': 132, 'THEOREM': 97, 'HARD_NONLINEAR': 2, 'SOLVED_FMB': 9}
[241] order5big_1921: SOLVED_FMB (0.9s)  running={'LINEAR': 132, 'THEOREM': 97, 'HARD_NONLINEAR': 2, 'SOLVED_FMB': 10}
[242] order5big_1929: LINEAR (0.0s)  running={'LINEAR': 133, 'THEOREM': 97, 'HARD_NONLINEAR': 2, 'SOLVED_FMB': 10}
[243] order5big_1937: THEOREM (60.4s)  running={'LINEAR': 133, 'THEOREM': 98, 'HARD_NONLINEAR': 2, 'SOLVED_FMB': 10}
[244] order5big_1945: LINEAR (0.0s)  running={'LINEAR': 134, 'THEOREM': 98, 'HARD_NONLINEAR': 2, 'SOLVED_FMB': 10}
[245] order5big_1953: THEOREM (60.4s)  running={'LINEAR': 134, 'THEOREM': 99, 'HARD_NONLINEAR': 2, 'SOLVED_FMB': 10}
[246] order5big_1961: THEOREM (60.2s)  running={'LINEAR': 134, 'THEOREM': 100, 'HARD_NONLINEAR': 2, 'SOLVED_FMB': 10}
[247] order5big_1969: LINEAR (0.0s)  running={'LINEAR': 135, 'THEOREM': 100, 'HARD_NONLINEAR': 2, 'SOLVED_FMB': 10}
[248] order5big_1977: LINEAR (0.0s)  running={'LINEAR': 136, 'THEOREM': 100, 'HARD_NONLINEAR': 2, 'SOLVED_FMB': 10}
[249] order5big_1985: LINEAR (0.0s)  running={'LINEAR': 137, 'THEOREM': 100, 'HARD_NONLINEAR': 2, 'SOLVED_FMB': 10}
[250] order5big_1993: LINEAR (0.0s)  running={'LINEAR': 138, 'THEOREM': 100, 'HARD_NONLINEAR': 2, 'SOLVED_FMB': 10}
[251] order5big_2001: LINEAR (0.0s)  running={'LINEAR': 139, 'THEOREM': 100, 'HARD_NONLINEAR': 2, 'SOLVED_FMB': 10}
[252] order5big_2009: THEOREM (60.2s)  running={'LINEAR': 139, 'THEOREM': 101, 'HARD_NONLINEAR': 2, 'SOLVED_FMB': 10}
[253] order5big_2017: LINEAR (0.0s)  running={'LINEAR': 140, 'THEOREM': 101, 'HARD_NONLINEAR': 2, 'SOLVED_FMB': 10}
[254] order5big_2025: THEOREM (60.4s)  running={'LINEAR': 140, 'THEOREM': 102, 'HARD_NONLINEAR': 2, 'SOLVED_FMB': 10}
[255] order5big_2033: LINEAR (0.0s)  running={'LINEAR': 141, 'THEOREM': 102, 'HARD_NONLINEAR': 2, 'SOLVED_FMB': 10}
[256] order5big_2041: LINEAR (0.0s)  running={'LINEAR': 142, 'THEOREM': 102, 'HARD_NONLINEAR': 2, 'SOLVED_FMB': 10}
[257] order5big_2049: LINEAR (0.0s)  running={'LINEAR': 143, 'THEOREM': 102, 'HARD_NONLINEAR': 2, 'SOLVED_FMB': 10}
[258] order5big_2057: LINEAR (0.0s)  running={'LINEAR': 144, 'THEOREM': 102, 'HARD_NONLINEAR': 2, 'SOLVED_FMB': 10}
[259] order5big_2065: THEOREM (60.2s)  running={'LINEAR': 144, 'THEOREM': 103, 'HARD_NONLINEAR': 2, 'SOLVED_FMB': 10}
[260] order5big_2073: LINEAR (0.0s)  running={'LINEAR': 145, 'THEOREM': 103, 'HARD_NONLINEAR': 2, 'SOLVED_FMB': 10}
[261] order5big_2081: LINEAR (0.0s)  running={'LINEAR': 146, 'THEOREM': 103, 'HARD_NONLINEAR': 2, 'SOLVED_FMB': 10}
[262] order5big_2089: LINEAR (0.0s)  running={'LINEAR': 147, 'THEOREM': 103, 'HARD_NONLINEAR': 2, 'SOLVED_FMB': 10}
[263] order5big_2097: THEOREM (60.1s)  running={'LINEAR': 147, 'THEOREM': 104, 'HARD_NONLINEAR': 2, 'SOLVED_FMB': 10}
[264] order5big_2105: LINEAR (0.0s)  running={'LINEAR': 148, 'THEOREM': 104, 'HARD_NONLINEAR': 2, 'SOLVED_FMB': 10}
[265] order5big_2113: LINEAR (0.0s)  running={'LINEAR': 149, 'THEOREM': 104, 'HARD_NONLINEAR': 2, 'SOLVED_FMB': 10}
[266] order5big_2121: LINEAR (0.0s)  running={'LINEAR': 150, 'THEOREM': 104, 'HARD_NONLINEAR': 2, 'SOLVED_FMB': 10}
[267] order5big_2129: THEOREM (60.2s)  running={'LINEAR': 150, 'THEOREM': 105, 'HARD_NONLINEAR': 2, 'SOLVED_FMB': 10}
[268] order5big_2137: LINEAR (0.0s)  running={'LINEAR': 151, 'THEOREM': 105, 'HARD_NONLINEAR': 2, 'SOLVED_FMB': 10}
[269] order5big_2145: THEOREM (60.2s)  running={'LINEAR': 151, 'THEOREM': 106, 'HARD_NONLINEAR': 2, 'SOLVED_FMB': 10}
[270] order5big_2153: LINEAR (0.0s)  running={'LINEAR': 152, 'THEOREM': 106, 'HARD_NONLINEAR': 2, 'SOLVED_FMB': 10}
[271] order5big_2161: LINEAR (0.0s)  running={'LINEAR': 153, 'THEOREM': 106, 'HARD_NONLINEAR': 2, 'SOLVED_FMB': 10}
[272] order5big_2169: LINEAR (0.0s)  running={'LINEAR': 154, 'THEOREM': 106, 'HARD_NONLINEAR': 2, 'SOLVED_FMB': 10}
[273] order5big_2177: LINEAR (0.0s)  running={'LINEAR': 155, 'THEOREM': 106, 'HARD_NONLINEAR': 2, 'SOLVED_FMB': 10}
[274] order5big_2185: LINEAR (0.0s)  running={'LINEAR': 156, 'THEOREM': 106, 'HARD_NONLINEAR': 2, 'SOLVED_FMB': 10}
[275] order5big_2193: THEOREM (60.1s)  running={'LINEAR': 156, 'THEOREM': 107, 'HARD_NONLINEAR': 2, 'SOLVED_FMB': 10}
[276] order5big_2201: LINEAR (0.0s)  running={'LINEAR': 157, 'THEOREM': 107, 'HARD_NONLINEAR': 2, 'SOLVED_FMB': 10}
[277] order5big_2209: THEOREM (60.2s)  running={'LINEAR': 157, 'THEOREM': 108, 'HARD_NONLINEAR': 2, 'SOLVED_FMB': 10}
[278] order5big_2217: LINEAR (0.0s)  running={'LINEAR': 158, 'THEOREM': 108, 'HARD_NONLINEAR': 2, 'SOLVED_FMB': 10}
[279] order5big_2225: LINEAR (0.0s)  running={'LINEAR': 159, 'THEOREM': 108, 'HARD_NONLINEAR': 2, 'SOLVED_FMB': 10}
[280] order5big_2233: LINEAR (0.0s)  running={'LINEAR': 160, 'THEOREM': 108, 'HARD_NONLINEAR': 2, 'SOLVED_FMB': 10}
[281] order5big_2241: LINEAR (0.0s)  running={'LINEAR': 161, 'THEOREM': 108, 'HARD_NONLINEAR': 2, 'SOLVED_FMB': 10}
[282] order5big_2249: THEOREM (60.2s)  running={'LINEAR': 161, 'THEOREM': 109, 'HARD_NONLINEAR': 2, 'SOLVED_FMB': 10}
[283] order5big_2257: THEOREM (60.4s)  running={'LINEAR': 161, 'THEOREM': 110, 'HARD_NONLINEAR': 2, 'SOLVED_FMB': 10}
[284] order5big_2265: LINEAR (0.0s)  running={'LINEAR': 162, 'THEOREM': 110, 'HARD_NONLINEAR': 2, 'SOLVED_FMB': 10}
[285] order5big_2273: THEOREM (60.6s)  running={'LINEAR': 162, 'THEOREM': 111, 'HARD_NONLINEAR': 2, 'SOLVED_FMB': 10}
[286] order5big_2281: LINEAR (0.0s)  running={'LINEAR': 163, 'THEOREM': 111, 'HARD_NONLINEAR': 2, 'SOLVED_FMB': 10}
[287] order5big_2289: LINEAR (0.0s)  running={'LINEAR': 164, 'THEOREM': 111, 'HARD_NONLINEAR': 2, 'SOLVED_FMB': 10}
[288] order5big_2297: LINEAR (0.0s)  running={'LINEAR': 165, 'THEOREM': 111, 'HARD_NONLINEAR': 2, 'SOLVED_FMB': 10}
[289] order5big_2305: LINEAR (0.0s)  running={'LINEAR': 166, 'THEOREM': 111, 'HARD_NONLINEAR': 2, 'SOLVED_FMB': 10}
[290] order5big_2313: THEOREM (60.2s)  running={'LINEAR': 166, 'THEOREM': 112, 'HARD_NONLINEAR': 2, 'SOLVED_FMB': 10}
[291] order5big_2321: LINEAR (0.0s)  running={'LINEAR': 167, 'THEOREM': 112, 'HARD_NONLINEAR': 2, 'SOLVED_FMB': 10}
[292] order5big_2329: THEOREM (60.1s)  running={'LINEAR': 167, 'THEOREM': 113, 'HARD_NONLINEAR': 2, 'SOLVED_FMB': 10}
[293] order5big_2337: LINEAR (0.0s)  running={'LINEAR': 168, 'THEOREM': 113, 'HARD_NONLINEAR': 2, 'SOLVED_FMB': 10}
[294] order5big_2345: THEOREM (60.2s)  running={'LINEAR': 168, 'THEOREM': 114, 'HARD_NONLINEAR': 2, 'SOLVED_FMB': 10}
[295] order5big_2353: LINEAR (0.0s)  running={'LINEAR': 169, 'THEOREM': 114, 'HARD_NONLINEAR': 2, 'SOLVED_FMB': 10}
[296] order5big_2361: LINEAR (0.0s)  running={'LINEAR': 170, 'THEOREM': 114, 'HARD_NONLINEAR': 2, 'SOLVED_FMB': 10}
[297] order5big_2369: LINEAR (0.0s)  running={'LINEAR': 171, 'THEOREM': 114, 'HARD_NONLINEAR': 2, 'SOLVED_FMB': 10}
[298] order5big_2377: THEOREM (60.4s)  running={'LINEAR': 171, 'THEOREM': 115, 'HARD_NONLINEAR': 2, 'SOLVED_FMB': 10}
[299] order5big_2385: LINEAR (0.0s)  running={'LINEAR': 172, 'THEOREM': 115, 'HARD_NONLINEAR': 2, 'SOLVED_FMB': 10}
[300] order5big_2393: SOLVED_FMB (1.2s)  running={'LINEAR': 172, 'THEOREM': 115, 'HARD_NONLINEAR': 2, 'SOLVED_FMB': 11}
[301] order5big_2401: THEOREM (60.6s)  running={'LINEAR': 172, 'THEOREM': 116, 'HARD_NONLINEAR': 2, 'SOLVED_FMB': 11}
[302] order5big_2409: LINEAR (0.0s)  running={'LINEAR': 173, 'THEOREM': 116, 'HARD_NONLINEAR': 2, 'SOLVED_FMB': 11}
[303] order5big_2417: THEOREM (60.3s)  running={'LINEAR': 173, 'THEOREM': 117, 'HARD_NONLINEAR': 2, 'SOLVED_FMB': 11}
[304] order5big_2425: THEOREM (60.2s)  running={'LINEAR': 173, 'THEOREM': 118, 'HARD_NONLINEAR': 2, 'SOLVED_FMB': 11}
[305] order5big_2433: THEOREM (60.4s)  running={'LINEAR': 173, 'THEOREM': 119, 'HARD_NONLINEAR': 2, 'SOLVED_FMB': 11}
[306] order5big_2441: THEOREM (65.4s)  running={'LINEAR': 173, 'THEOREM': 120, 'HARD_NONLINEAR': 2, 'SOLVED_FMB': 11}
[307] order5big_2449: LINEAR (0.0s)  running={'LINEAR': 174, 'THEOREM': 120, 'HARD_NONLINEAR': 2, 'SOLVED_FMB': 11}
[308] order5big_2457: LINEAR (0.0s)  running={'LINEAR': 175, 'THEOREM': 120, 'HARD_NONLINEAR': 2, 'SOLVED_FMB': 11}
[309] order5big_2465: LINEAR (0.0s)  running={'LINEAR': 176, 'THEOREM': 120, 'HARD_NONLINEAR': 2, 'SOLVED_FMB': 11}
[310] order5big_2473: LINEAR (0.0s)  running={'LINEAR': 177, 'THEOREM': 120, 'HARD_NONLINEAR': 2, 'SOLVED_FMB': 11}
[311] order5big_2481: LINEAR (0.0s)  running={'LINEAR': 178, 'THEOREM': 120, 'HARD_NONLINEAR': 2, 'SOLVED_FMB': 11}
[312] order5big_2489: LINEAR (0.0s)  running={'LINEAR': 179, 'THEOREM': 120, 'HARD_NONLINEAR': 2, 'SOLVED_FMB': 11}
[313] order5big_2497: LINEAR (0.0s)  running={'LINEAR': 180, 'THEOREM': 120, 'HARD_NONLINEAR': 2, 'SOLVED_FMB': 11}
[314] order5big_2505: LINEAR (0.0s)  running={'LINEAR': 181, 'THEOREM': 120, 'HARD_NONLINEAR': 2, 'SOLVED_FMB': 11}
[315] order5big_2513: THEOREM (60.1s)  running={'LINEAR': 181, 'THEOREM': 121, 'HARD_NONLINEAR': 2, 'SOLVED_FMB': 11}
[316] order5big_2521: LINEAR (0.0s)  running={'LINEAR': 182, 'THEOREM': 121, 'HARD_NONLINEAR': 2, 'SOLVED_FMB': 11}
[317] order5big_2529: THEOREM (60.4s)  running={'LINEAR': 182, 'THEOREM': 122, 'HARD_NONLINEAR': 2, 'SOLVED_FMB': 11}
[318] order5big_2537: LINEAR (0.0s)  running={'LINEAR': 183, 'THEOREM': 122, 'HARD_NONLINEAR': 2, 'SOLVED_FMB': 11}
[319] order5big_2545: LINEAR (0.0s)  running={'LINEAR': 184, 'THEOREM': 122, 'HARD_NONLINEAR': 2, 'SOLVED_FMB': 11}
[320] order5big_2553: THEOREM (60.2s)  running={'LINEAR': 184, 'THEOREM': 123, 'HARD_NONLINEAR': 2, 'SOLVED_FMB': 11}
[321] order5big_2561: THEOREM (72.6s)  running={'LINEAR': 184, 'THEOREM': 124, 'HARD_NONLINEAR': 2, 'SOLVED_FMB': 11}
[322] order5big_2569: LINEAR (0.0s)  running={'LINEAR': 185, 'THEOREM': 124, 'HARD_NONLINEAR': 2, 'SOLVED_FMB': 11}
[323] order5big_2577: LINEAR (0.0s)  running={'LINEAR': 186, 'THEOREM': 124, 'HARD_NONLINEAR': 2, 'SOLVED_FMB': 11}
[324] order5big_2585: THEOREM (60.2s)  running={'LINEAR': 186, 'THEOREM': 125, 'HARD_NONLINEAR': 2, 'SOLVED_FMB': 11}
[325] order5big_2593: THEOREM (60.2s)  running={'LINEAR': 186, 'THEOREM': 126, 'HARD_NONLINEAR': 2, 'SOLVED_FMB': 11}
[326] order5big_2601: THEOREM (60.2s)  running={'LINEAR': 186, 'THEOREM': 127, 'HARD_NONLINEAR': 2, 'SOLVED_FMB': 11}
[327] order5big_2609: LINEAR (0.0s)  running={'LINEAR': 187, 'THEOREM': 127, 'HARD_NONLINEAR': 2, 'SOLVED_FMB': 11}
[328] order5big_2617: LINEAR (0.0s)  running={'LINEAR': 188, 'THEOREM': 127, 'HARD_NONLINEAR': 2, 'SOLVED_FMB': 11}
[329] order5big_2625: THEOREM (60.3s)  running={'LINEAR': 188, 'THEOREM': 128, 'HARD_NONLINEAR': 2, 'SOLVED_FMB': 11}
[330] order5big_2633: THEOREM (60.2s)  running={'LINEAR': 188, 'THEOREM': 129, 'HARD_NONLINEAR': 2, 'SOLVED_FMB': 11}
[331] order5big_2641: LINEAR (0.0s)  running={'LINEAR': 189, 'THEOREM': 129, 'HARD_NONLINEAR': 2, 'SOLVED_FMB': 11}
[332] order5big_2649: THEOREM (61.1s)  running={'LINEAR': 189, 'THEOREM': 130, 'HARD_NONLINEAR': 2, 'SOLVED_FMB': 11}
[333] order5big_2657: LINEAR (0.0s)  running={'LINEAR': 190, 'THEOREM': 130, 'HARD_NONLINEAR': 2, 'SOLVED_FMB': 11}
[334] order5big_2665: THEOREM (60.6s)  running={'LINEAR': 190, 'THEOREM': 131, 'HARD_NONLINEAR': 2, 'SOLVED_FMB': 11}
[335] order5big_2673: LINEAR (0.0s)  running={'LINEAR': 191, 'THEOREM': 131, 'HARD_NONLINEAR': 2, 'SOLVED_FMB': 11}
[336] order5big_2681: THEOREM (60.2s)  running={'LINEAR': 191, 'THEOREM': 132, 'HARD_NONLINEAR': 2, 'SOLVED_FMB': 11}
[337] order5big_2689: THEOREM (61.2s)  running={'LINEAR': 191, 'THEOREM': 133, 'HARD_NONLINEAR': 2, 'SOLVED_FMB': 11}
[338] order5big_2697: THEOREM (60.1s)  running={'LINEAR': 191, 'THEOREM': 134, 'HARD_NONLINEAR': 2, 'SOLVED_FMB': 11}
[339] order5big_2705: LINEAR (0.0s)  running={'LINEAR': 192, 'THEOREM': 134, 'HARD_NONLINEAR': 2, 'SOLVED_FMB': 11}
[340] order5big_2713: LINEAR (0.0s)  running={'LINEAR': 193, 'THEOREM': 134, 'HARD_NONLINEAR': 2, 'SOLVED_FMB': 11}
[341] order5big_2721: LINEAR (0.0s)  running={'LINEAR': 194, 'THEOREM': 134, 'HARD_NONLINEAR': 2, 'SOLVED_FMB': 11}
[342] order5big_2729: LINEAR (0.0s)  running={'LINEAR': 195, 'THEOREM': 134, 'HARD_NONLINEAR': 2, 'SOLVED_FMB': 11}
[343] order5big_2737: THEOREM (60.2s)  running={'LINEAR': 195, 'THEOREM': 135, 'HARD_NONLINEAR': 2, 'SOLVED_FMB': 11}
[344] order5big_2745: THEOREM (60.2s)  running={'LINEAR': 195, 'THEOREM': 136, 'HARD_NONLINEAR': 2, 'SOLVED_FMB': 11}
[345] order5big_2753: THEOREM (5.3s)  running={'LINEAR': 195, 'THEOREM': 137, 'HARD_NONLINEAR': 2, 'SOLVED_FMB': 11}
[346] order5big_2761: THEOREM (60.2s)  running={'LINEAR': 195, 'THEOREM': 138, 'HARD_NONLINEAR': 2, 'SOLVED_FMB': 11}
[347] order5big_2769: LINEAR (0.0s)  running={'LINEAR': 196, 'THEOREM': 138, 'HARD_NONLINEAR': 2, 'SOLVED_FMB': 11}
[348] order5big_2777: LINEAR (0.0s)  running={'LINEAR': 197, 'THEOREM': 138, 'HARD_NONLINEAR': 2, 'SOLVED_FMB': 11}
[349] order5big_2785: THEOREM (60.2s)  running={'LINEAR': 197, 'THEOREM': 139, 'HARD_NONLINEAR': 2, 'SOLVED_FMB': 11}
[350] order5big_2793: THEOREM (60.2s)  running={'LINEAR': 197, 'THEOREM': 140, 'HARD_NONLINEAR': 2, 'SOLVED_FMB': 11}
[351] order5big_2801: THEOREM (60.2s)  running={'LINEAR': 197, 'THEOREM': 141, 'HARD_NONLINEAR': 2, 'SOLVED_FMB': 11}
[352] order5big_2809: LINEAR (0.0s)  running={'LINEAR': 198, 'THEOREM': 141, 'HARD_NONLINEAR': 2, 'SOLVED_FMB': 11}
[353] order5big_2817: THEOREM (88.6s)  running={'LINEAR': 198, 'THEOREM': 142, 'HARD_NONLINEAR': 2, 'SOLVED_FMB': 11}
[354] order5big_2825: LINEAR (0.0s)  running={'LINEAR': 199, 'THEOREM': 142, 'HARD_NONLINEAR': 2, 'SOLVED_FMB': 11}
[355] order5big_2833: LINEAR (0.0s)  running={'LINEAR': 200, 'THEOREM': 142, 'HARD_NONLINEAR': 2, 'SOLVED_FMB': 11}
[356] order5big_2841: LINEAR (0.0s)  running={'LINEAR': 201, 'THEOREM': 142, 'HARD_NONLINEAR': 2, 'SOLVED_FMB': 11}
[357] order5big_2849: LINEAR (0.0s)  running={'LINEAR': 202, 'THEOREM': 142, 'HARD_NONLINEAR': 2, 'SOLVED_FMB': 11}
[358] order5big_2857: LINEAR (0.0s)  running={'LINEAR': 203, 'THEOREM': 142, 'HARD_NONLINEAR': 2, 'SOLVED_FMB': 11}
[359] order5big_2865: THEOREM (60.2s)  running={'LINEAR': 203, 'THEOREM': 143, 'HARD_NONLINEAR': 2, 'SOLVED_FMB': 11}
[360] order5big_2873: THEOREM (60.2s)  running={'LINEAR': 203, 'THEOREM': 144, 'HARD_NONLINEAR': 2, 'SOLVED_FMB': 11}
[361] order5big_2881: THEOREM (60.7s)  running={'LINEAR': 203, 'THEOREM': 145, 'HARD_NONLINEAR': 2, 'SOLVED_FMB': 11}
[362] order5big_2889: LINEAR (0.0s)  running={'LINEAR': 204, 'THEOREM': 145, 'HARD_NONLINEAR': 2, 'SOLVED_FMB': 11}
[363] order5big_2897: THEOREM (60.2s)  running={'LINEAR': 204, 'THEOREM': 146, 'HARD_NONLINEAR': 2, 'SOLVED_FMB': 11}
[364] order5big_2905: LINEAR (0.0s)  running={'LINEAR': 205, 'THEOREM': 146, 'HARD_NONLINEAR': 2, 'SOLVED_FMB': 11}
[365] order5big_2913: LINEAR (0.0s)  running={'LINEAR': 206, 'THEOREM': 146, 'HARD_NONLINEAR': 2, 'SOLVED_FMB': 11}
[366] order5big_2921: THEOREM (60.3s)  running={'LINEAR': 206, 'THEOREM': 147, 'HARD_NONLINEAR': 2, 'SOLVED_FMB': 11}
[367] order5big_2929: THEOREM (64.1s)  running={'LINEAR': 206, 'THEOREM': 148, 'HARD_NONLINEAR': 2, 'SOLVED_FMB': 11}
[368] order5big_2937: THEOREM (60.2s)  running={'LINEAR': 206, 'THEOREM': 149, 'HARD_NONLINEAR': 2, 'SOLVED_FMB': 11}
[369] order5big_2945: LINEAR (0.0s)  running={'LINEAR': 207, 'THEOREM': 149, 'HARD_NONLINEAR': 2, 'SOLVED_FMB': 11}
[370] order5big_2953: LINEAR (0.0s)  running={'LINEAR': 208, 'THEOREM': 149, 'HARD_NONLINEAR': 2, 'SOLVED_FMB': 11}
[371] order5big_2961: THEOREM (60.5s)  running={'LINEAR': 208, 'THEOREM': 150, 'HARD_NONLINEAR': 2, 'SOLVED_FMB': 11}
[372] order5big_2969: LINEAR (0.0s)  running={'LINEAR': 209, 'THEOREM': 150, 'HARD_NONLINEAR': 2, 'SOLVED_FMB': 11}
[373] order5big_2977: LINEAR (0.0s)  running={'LINEAR': 210, 'THEOREM': 150, 'HARD_NONLINEAR': 2, 'SOLVED_FMB': 11}
[374] order5big_2985: LINEAR (0.0s)  running={'LINEAR': 211, 'THEOREM': 150, 'HARD_NONLINEAR': 2, 'SOLVED_FMB': 11}
[375] order5big_2993: LINEAR (0.0s)  running={'LINEAR': 212, 'THEOREM': 150, 'HARD_NONLINEAR': 2, 'SOLVED_FMB': 11}
[376] order5big_3001: LINEAR (0.0s)  running={'LINEAR': 213, 'THEOREM': 150, 'HARD_NONLINEAR': 2, 'SOLVED_FMB': 11}
[377] order5big_3009: THEOREM (60.2s)  running={'LINEAR': 213, 'THEOREM': 151, 'HARD_NONLINEAR': 2, 'SOLVED_FMB': 11}
[378] order5big_3017: THEOREM (60.1s)  running={'LINEAR': 213, 'THEOREM': 152, 'HARD_NONLINEAR': 2, 'SOLVED_FMB': 11}
[379] order5big_3025: LINEAR (0.0s)  running={'LINEAR': 214, 'THEOREM': 152, 'HARD_NONLINEAR': 2, 'SOLVED_FMB': 11}
[380] order5big_3033: LINEAR (0.0s)  running={'LINEAR': 215, 'THEOREM': 152, 'HARD_NONLINEAR': 2, 'SOLVED_FMB': 11}
[381] order5big_3041: THEOREM (60.2s)  running={'LINEAR': 215, 'THEOREM': 153, 'HARD_NONLINEAR': 2, 'SOLVED_FMB': 11}
[382] order5big_3049: THEOREM (60.2s)  running={'LINEAR': 215, 'THEOREM': 154, 'HARD_NONLINEAR': 2, 'SOLVED_FMB': 11}
[383] order5big_3057: LINEAR (0.0s)  running={'LINEAR': 216, 'THEOREM': 154, 'HARD_NONLINEAR': 2, 'SOLVED_FMB': 11}
[384] order5big_3065: THEOREM (60.2s)  running={'LINEAR': 216, 'THEOREM': 155, 'HARD_NONLINEAR': 2, 'SOLVED_FMB': 11}
[385] order5big_3073: THEOREM (60.4s)  running={'LINEAR': 216, 'THEOREM': 156, 'HARD_NONLINEAR': 2, 'SOLVED_FMB': 11}
[386] order5big_3081: LINEAR (0.0s)  running={'LINEAR': 217, 'THEOREM': 156, 'HARD_NONLINEAR': 2, 'SOLVED_FMB': 11}
[387] order5big_3089: LINEAR (0.0s)  running={'LINEAR': 218, 'THEOREM': 156, 'HARD_NONLINEAR': 2, 'SOLVED_FMB': 11}
[388] order5big_3097: THEOREM (6.6s)  running={'LINEAR': 218, 'THEOREM': 157, 'HARD_NONLINEAR': 2, 'SOLVED_FMB': 11}
[389] order5big_3105: LINEAR (0.0s)  running={'LINEAR': 219, 'THEOREM': 157, 'HARD_NONLINEAR': 2, 'SOLVED_FMB': 11}
[390] order5big_3113: THEOREM (60.2s)  running={'LINEAR': 219, 'THEOREM': 158, 'HARD_NONLINEAR': 2, 'SOLVED_FMB': 11}
[391] order5big_3121: LINEAR (0.0s)  running={'LINEAR': 220, 'THEOREM': 158, 'HARD_NONLINEAR': 2, 'SOLVED_FMB': 11}
[392] order5big_3129: LINEAR (0.0s)  running={'LINEAR': 221, 'THEOREM': 158, 'HARD_NONLINEAR': 2, 'SOLVED_FMB': 11}
[393] order5big_3137: LINEAR (0.0s)  running={'LINEAR': 222, 'THEOREM': 158, 'HARD_NONLINEAR': 2, 'SOLVED_FMB': 11}
[394] order5big_3145: LINEAR (0.0s)  running={'LINEAR': 223, 'THEOREM': 158, 'HARD_NONLINEAR': 2, 'SOLVED_FMB': 11}
[395] order5big_3153: LINEAR (0.0s)  running={'LINEAR': 224, 'THEOREM': 158, 'HARD_NONLINEAR': 2, 'SOLVED_FMB': 11}
[396] order5big_3161: THEOREM (60.2s)  running={'LINEAR': 224, 'THEOREM': 159, 'HARD_NONLINEAR': 2, 'SOLVED_FMB': 11}
[397] order5big_3169: LINEAR (0.0s)  running={'LINEAR': 225, 'THEOREM': 159, 'HARD_NONLINEAR': 2, 'SOLVED_FMB': 11}
[398] order5big_3177: LINEAR (0.0s)  running={'LINEAR': 226, 'THEOREM': 159, 'HARD_NONLINEAR': 2, 'SOLVED_FMB': 11}
[399] order5big_3185: THEOREM (60.2s)  running={'LINEAR': 226, 'THEOREM': 160, 'HARD_NONLINEAR': 2, 'SOLVED_FMB': 11}
[400] order5big_3193: THEOREM (60.2s)  running={'LINEAR': 226, 'THEOREM': 161, 'HARD_NONLINEAR': 2, 'SOLVED_FMB': 11}
[401] order5big_3201: LINEAR (0.0s)  running={'LINEAR': 227, 'THEOREM': 161, 'HARD_NONLINEAR': 2, 'SOLVED_FMB': 11}
[402] order5big_3209: THEOREM (60.7s)  running={'LINEAR': 227, 'THEOREM': 162, 'HARD_NONLINEAR': 2, 'SOLVED_FMB': 11}
[403] order5big_3217: THEOREM (60.2s)  running={'LINEAR': 227, 'THEOREM': 163, 'HARD_NONLINEAR': 2, 'SOLVED_FMB': 11}
[404] order5big_3225: HARD_NONLINEAR (120.1s)  running={'LINEAR': 227, 'THEOREM': 163, 'HARD_NONLINEAR': 3, 'SOLVED_FMB': 11}
[405] order5big_3233: LINEAR (0.0s)  running={'LINEAR': 228, 'THEOREM': 163, 'HARD_NONLINEAR': 3, 'SOLVED_FMB': 11}
[406] order5big_3241: LINEAR (0.0s)  running={'LINEAR': 229, 'THEOREM': 163, 'HARD_NONLINEAR': 3, 'SOLVED_FMB': 11}
[407] order5big_3249: THEOREM (60.6s)  running={'LINEAR': 229, 'THEOREM': 164, 'HARD_NONLINEAR': 3, 'SOLVED_FMB': 11}
[408] order5big_3257: THEOREM (60.3s)  running={'LINEAR': 229, 'THEOREM': 165, 'HARD_NONLINEAR': 3, 'SOLVED_FMB': 11}
[409] order5big_3265: THEOREM (60.1s)  running={'LINEAR': 229, 'THEOREM': 166, 'HARD_NONLINEAR': 3, 'SOLVED_FMB': 11}
[410] order5big_3273: LINEAR (0.0s)  running={'LINEAR': 230, 'THEOREM': 166, 'HARD_NONLINEAR': 3, 'SOLVED_FMB': 11}
[411] order5big_3281: LINEAR (0.0s)  running={'LINEAR': 231, 'THEOREM': 166, 'HARD_NONLINEAR': 3, 'SOLVED_FMB': 11}
[412] order5big_3289: THEOREM (60.6s)  running={'LINEAR': 231, 'THEOREM': 167, 'HARD_NONLINEAR': 3, 'SOLVED_FMB': 11}
[413] order5big_3297: LINEAR (0.0s)  running={'LINEAR': 232, 'THEOREM': 167, 'HARD_NONLINEAR': 3, 'SOLVED_FMB': 11}
[414] order5big_3305: SOLVED_FMB (1.2s)  running={'LINEAR': 232, 'THEOREM': 167, 'HARD_NONLINEAR': 3, 'SOLVED_FMB': 12}
[415] order5big_3313: THEOREM (60.5s)  running={'LINEAR': 232, 'THEOREM': 168, 'HARD_NONLINEAR': 3, 'SOLVED_FMB': 12}
[416] order5big_3321: LINEAR (0.0s)  running={'LINEAR': 233, 'THEOREM': 168, 'HARD_NONLINEAR': 3, 'SOLVED_FMB': 12}
[417] order5big_3329: THEOREM (60.2s)  running={'LINEAR': 233, 'THEOREM': 169, 'HARD_NONLINEAR': 3, 'SOLVED_FMB': 12}
[418] order5big_3337: LINEAR (0.0s)  running={'LINEAR': 234, 'THEOREM': 169, 'HARD_NONLINEAR': 3, 'SOLVED_FMB': 12}
[419] order5big_3345: THEOREM (5.0s)  running={'LINEAR': 234, 'THEOREM': 170, 'HARD_NONLINEAR': 3, 'SOLVED_FMB': 12}
[420] order5big_3353: LINEAR (0.0s)  running={'LINEAR': 235, 'THEOREM': 170, 'HARD_NONLINEAR': 3, 'SOLVED_FMB': 12}
[421] order5big_3361: LINEAR (0.0s)  running={'LINEAR': 236, 'THEOREM': 170, 'HARD_NONLINEAR': 3, 'SOLVED_FMB': 12}
[422] order5big_3369: THEOREM (60.2s)  running={'LINEAR': 236, 'THEOREM': 171, 'HARD_NONLINEAR': 3, 'SOLVED_FMB': 12}
[423] order5big_3377: LINEAR (0.0s)  running={'LINEAR': 237, 'THEOREM': 171, 'HARD_NONLINEAR': 3, 'SOLVED_FMB': 12}
[424] order5big_3385: LINEAR (0.0s)  running={'LINEAR': 238, 'THEOREM': 171, 'HARD_NONLINEAR': 3, 'SOLVED_FMB': 12}
[425] order5big_3393: LINEAR (0.0s)  running={'LINEAR': 239, 'THEOREM': 171, 'HARD_NONLINEAR': 3, 'SOLVED_FMB': 12}
[426] order5big_3401: THEOREM (60.2s)  running={'LINEAR': 239, 'THEOREM': 172, 'HARD_NONLINEAR': 3, 'SOLVED_FMB': 12}
[427] order5big_3409: LINEAR (0.0s)  running={'LINEAR': 240, 'THEOREM': 172, 'HARD_NONLINEAR': 3, 'SOLVED_FMB': 12}
[428] order5big_3417: LINEAR (0.0s)  running={'LINEAR': 241, 'THEOREM': 172, 'HARD_NONLINEAR': 3, 'SOLVED_FMB': 12}
[429] order5big_3425: LINEAR (0.0s)  running={'LINEAR': 242, 'THEOREM': 172, 'HARD_NONLINEAR': 3, 'SOLVED_FMB': 12}
[430] order5big_3433: LINEAR (0.0s)  running={'LINEAR': 243, 'THEOREM': 172, 'HARD_NONLINEAR': 3, 'SOLVED_FMB': 12}
[431] order5big_3441: LINEAR (0.0s)  running={'LINEAR': 244, 'THEOREM': 172, 'HARD_NONLINEAR': 3, 'SOLVED_FMB': 12}
[432] order5big_3449: LINEAR (0.0s)  running={'LINEAR': 245, 'THEOREM': 172, 'HARD_NONLINEAR': 3, 'SOLVED_FMB': 12}
[433] order5big_3457: LINEAR (0.0s)  running={'LINEAR': 246, 'THEOREM': 172, 'HARD_NONLINEAR': 3, 'SOLVED_FMB': 12}
[434] order5big_3465: THEOREM (60.2s)  running={'LINEAR': 246, 'THEOREM': 173, 'HARD_NONLINEAR': 3, 'SOLVED_FMB': 12}
[435] order5big_3473: THEOREM (8.2s)  running={'LINEAR': 246, 'THEOREM': 174, 'HARD_NONLINEAR': 3, 'SOLVED_FMB': 12}
[436] order5big_3481: LINEAR (0.0s)  running={'LINEAR': 247, 'THEOREM': 174, 'HARD_NONLINEAR': 3, 'SOLVED_FMB': 12}
[437] order5big_3489: THEOREM (60.2s)  running={'LINEAR': 247, 'THEOREM': 175, 'HARD_NONLINEAR': 3, 'SOLVED_FMB': 12}
[438] order5big_3497: LINEAR (0.0s)  running={'LINEAR': 248, 'THEOREM': 175, 'HARD_NONLINEAR': 3, 'SOLVED_FMB': 12}
[439] order5big_3505: LINEAR (0.0s)  running={'LINEAR': 249, 'THEOREM': 175, 'HARD_NONLINEAR': 3, 'SOLVED_FMB': 12}
[440] order5big_3513: THEOREM (60.1s)  running={'LINEAR': 249, 'THEOREM': 176, 'HARD_NONLINEAR': 3, 'SOLVED_FMB': 12}
[441] order5big_3521: LINEAR (0.0s)  running={'LINEAR': 250, 'THEOREM': 176, 'HARD_NONLINEAR': 3, 'SOLVED_FMB': 12}
[442] order5big_3529: LINEAR (0.0s)  running={'LINEAR': 251, 'THEOREM': 176, 'HARD_NONLINEAR': 3, 'SOLVED_FMB': 12}
[443] order5big_3537: LINEAR (0.0s)  running={'LINEAR': 252, 'THEOREM': 176, 'HARD_NONLINEAR': 3, 'SOLVED_FMB': 12}
[444] order5big_3545: THEOREM (60.1s)  running={'LINEAR': 252, 'THEOREM': 177, 'HARD_NONLINEAR': 3, 'SOLVED_FMB': 12}
[445] order5big_3553: THEOREM (60.8s)  running={'LINEAR': 252, 'THEOREM': 178, 'HARD_NONLINEAR': 3, 'SOLVED_FMB': 12}
[446] order5big_3561: SOLVED_FMB (12.1s)  running={'LINEAR': 252, 'THEOREM': 178, 'HARD_NONLINEAR': 3, 'SOLVED_FMB': 13}
[447] order5big_3569: LINEAR (0.0s)  running={'LINEAR': 253, 'THEOREM': 178, 'HARD_NONLINEAR': 3, 'SOLVED_FMB': 13}
[448] order5big_3577: LINEAR (0.0s)  running={'LINEAR': 254, 'THEOREM': 178, 'HARD_NONLINEAR': 3, 'SOLVED_FMB': 13}
[449] order5big_3585: LINEAR (0.0s)  running={'LINEAR': 255, 'THEOREM': 178, 'HARD_NONLINEAR': 3, 'SOLVED_FMB': 13}
[450] order5big_3593: LINEAR (0.0s)  running={'LINEAR': 256, 'THEOREM': 178, 'HARD_NONLINEAR': 3, 'SOLVED_FMB': 13}
[451] order5big_3601: THEOREM (60.1s)  running={'LINEAR': 256, 'THEOREM': 179, 'HARD_NONLINEAR': 3, 'SOLVED_FMB': 13}
[452] order5big_3609: THEOREM (60.3s)  running={'LINEAR': 256, 'THEOREM': 180, 'HARD_NONLINEAR': 3, 'SOLVED_FMB': 13}
[453] order5big_3617: THEOREM (60.2s)  running={'LINEAR': 256, 'THEOREM': 181, 'HARD_NONLINEAR': 3, 'SOLVED_FMB': 13}
[454] order5big_3625: LINEAR (0.0s)  running={'LINEAR': 257, 'THEOREM': 181, 'HARD_NONLINEAR': 3, 'SOLVED_FMB': 13}
[455] order5big_3633: LINEAR (0.0s)  running={'LINEAR': 258, 'THEOREM': 181, 'HARD_NONLINEAR': 3, 'SOLVED_FMB': 13}
[456] order5big_3641: LINEAR (0.0s)  running={'LINEAR': 259, 'THEOREM': 181, 'HARD_NONLINEAR': 3, 'SOLVED_FMB': 13}
[457] order5big_3649: LINEAR (0.0s)  running={'LINEAR': 260, 'THEOREM': 181, 'HARD_NONLINEAR': 3, 'SOLVED_FMB': 13}
[458] order5big_3657: THEOREM (60.6s)  running={'LINEAR': 260, 'THEOREM': 182, 'HARD_NONLINEAR': 3, 'SOLVED_FMB': 13}
[459] order5big_3665: LINEAR (0.0s)  running={'LINEAR': 261, 'THEOREM': 182, 'HARD_NONLINEAR': 3, 'SOLVED_FMB': 13}
[460] order5big_3673: LINEAR (0.0s)  running={'LINEAR': 262, 'THEOREM': 182, 'HARD_NONLINEAR': 3, 'SOLVED_FMB': 13}
[461] order5big_3681: THEOREM (60.2s)  running={'LINEAR': 262, 'THEOREM': 183, 'HARD_NONLINEAR': 3, 'SOLVED_FMB': 13}
[462] order5big_3689: LINEAR (0.0s)  running={'LINEAR': 263, 'THEOREM': 183, 'HARD_NONLINEAR': 3, 'SOLVED_FMB': 13}
[463] order5big_3697: LINEAR (0.0s)  running={'LINEAR': 264, 'THEOREM': 183, 'HARD_NONLINEAR': 3, 'SOLVED_FMB': 13}
[464] order5big_3705: LINEAR (0.0s)  running={'LINEAR': 265, 'THEOREM': 183, 'HARD_NONLINEAR': 3, 'SOLVED_FMB': 13}
[465] order5big_3713: THEOREM (81.7s)  running={'LINEAR': 265, 'THEOREM': 184, 'HARD_NONLINEAR': 3, 'SOLVED_FMB': 13}
[466] order5big_3721: LINEAR (0.0s)  running={'LINEAR': 266, 'THEOREM': 184, 'HARD_NONLINEAR': 3, 'SOLVED_FMB': 13}
[467] order5big_3729: LINEAR (0.0s)  running={'LINEAR': 267, 'THEOREM': 184, 'HARD_NONLINEAR': 3, 'SOLVED_FMB': 13}
[468] order5big_3737: THEOREM (60.4s)  running={'LINEAR': 267, 'THEOREM': 185, 'HARD_NONLINEAR': 3, 'SOLVED_FMB': 13}
[469] order5big_3745: THEOREM (60.1s)  running={'LINEAR': 267, 'THEOREM': 186, 'HARD_NONLINEAR': 3, 'SOLVED_FMB': 13}
[470] order5big_3753: THEOREM (60.6s)  running={'LINEAR': 267, 'THEOREM': 187, 'HARD_NONLINEAR': 3, 'SOLVED_FMB': 13}
[471] order5big_3761: THEOREM (60.2s)  running={'LINEAR': 267, 'THEOREM': 188, 'HARD_NONLINEAR': 3, 'SOLVED_FMB': 13}
[472] order5big_3769: THEOREM (60.2s)  running={'LINEAR': 267, 'THEOREM': 189, 'HARD_NONLINEAR': 3, 'SOLVED_FMB': 13}
[473] order5big_3777: LINEAR (0.0s)  running={'LINEAR': 268, 'THEOREM': 189, 'HARD_NONLINEAR': 3, 'SOLVED_FMB': 13}
[474] order5big_3785: LINEAR (0.0s)  running={'LINEAR': 269, 'THEOREM': 189, 'HARD_NONLINEAR': 3, 'SOLVED_FMB': 13}
[475] order5big_3793: LINEAR (0.0s)  running={'LINEAR': 270, 'THEOREM': 189, 'HARD_NONLINEAR': 3, 'SOLVED_FMB': 13}
[476] order5big_3801: THEOREM (60.2s)  running={'LINEAR': 270, 'THEOREM': 190, 'HARD_NONLINEAR': 3, 'SOLVED_FMB': 13}
[477] order5big_3809: LINEAR (0.0s)  running={'LINEAR': 271, 'THEOREM': 190, 'HARD_NONLINEAR': 3, 'SOLVED_FMB': 13}
[478] order5big_3817: THEOREM (60.6s)  running={'LINEAR': 271, 'THEOREM': 191, 'HARD_NONLINEAR': 3, 'SOLVED_FMB': 13}
[479] order5big_3825: LINEAR (0.0s)  running={'LINEAR': 272, 'THEOREM': 191, 'HARD_NONLINEAR': 3, 'SOLVED_FMB': 13}
[480] order5big_3833: LINEAR (0.0s)  running={'LINEAR': 273, 'THEOREM': 191, 'HARD_NONLINEAR': 3, 'SOLVED_FMB': 13}
[481] order5big_3841: LINEAR (0.0s)  running={'LINEAR': 274, 'THEOREM': 191, 'HARD_NONLINEAR': 3, 'SOLVED_FMB': 13}
[482] order5big_3849: LINEAR (0.0s)  running={'LINEAR': 275, 'THEOREM': 191, 'HARD_NONLINEAR': 3, 'SOLVED_FMB': 13}
[483] order5big_3857: LINEAR (0.0s)  running={'LINEAR': 276, 'THEOREM': 191, 'HARD_NONLINEAR': 3, 'SOLVED_FMB': 13}
[484] order5big_3865: THEOREM (60.2s)  running={'LINEAR': 276, 'THEOREM': 192, 'HARD_NONLINEAR': 3, 'SOLVED_FMB': 13}
[485] order5big_3873: THEOREM (60.2s)  running={'LINEAR': 276, 'THEOREM': 193, 'HARD_NONLINEAR': 3, 'SOLVED_FMB': 13}
[486] order5big_3881: LINEAR (0.0s)  running={'LINEAR': 277, 'THEOREM': 193, 'HARD_NONLINEAR': 3, 'SOLVED_FMB': 13}
[487] order5big_3889: THEOREM (60.5s)  running={'LINEAR': 277, 'THEOREM': 194, 'HARD_NONLINEAR': 3, 'SOLVED_FMB': 13}
[488] order5big_3897: LINEAR (0.0s)  running={'LINEAR': 278, 'THEOREM': 194, 'HARD_NONLINEAR': 3, 'SOLVED_FMB': 13}
[489] order5big_3905: THEOREM (60.2s)  running={'LINEAR': 278, 'THEOREM': 195, 'HARD_NONLINEAR': 3, 'SOLVED_FMB': 13}
[490] order5big_3913: LINEAR (0.0s)  running={'LINEAR': 279, 'THEOREM': 195, 'HARD_NONLINEAR': 3, 'SOLVED_FMB': 13}
[491] order5big_3921: LINEAR (0.0s)  running={'LINEAR': 280, 'THEOREM': 195, 'HARD_NONLINEAR': 3, 'SOLVED_FMB': 13}
[492] order5big_3929: LINEAR (0.0s)  running={'LINEAR': 281, 'THEOREM': 195, 'HARD_NONLINEAR': 3, 'SOLVED_FMB': 13}
[493] order5big_3937: LINEAR (0.0s)  running={'LINEAR': 282, 'THEOREM': 195, 'HARD_NONLINEAR': 3, 'SOLVED_FMB': 13}
[494] order5big_3945: LINEAR (0.0s)  running={'LINEAR': 283, 'THEOREM': 195, 'HARD_NONLINEAR': 3, 'SOLVED_FMB': 13}
[495] order5big_3953: THEOREM (60.3s)  running={'LINEAR': 283, 'THEOREM': 196, 'HARD_NONLINEAR': 3, 'SOLVED_FMB': 13}
[496] order5big_3961: LINEAR (0.0s)  running={'LINEAR': 284, 'THEOREM': 196, 'HARD_NONLINEAR': 3, 'SOLVED_FMB': 13}
[497] order5big_3969: LINEAR (0.0s)  running={'LINEAR': 285, 'THEOREM': 196, 'HARD_NONLINEAR': 3, 'SOLVED_FMB': 13}
[498] order5big_3977: LINEAR (0.0s)  running={'LINEAR': 286, 'THEOREM': 196, 'HARD_NONLINEAR': 3, 'SOLVED_FMB': 13}
[499] order5big_3985: LINEAR (0.0s)  running={'LINEAR': 287, 'THEOREM': 196, 'HARD_NONLINEAR': 3, 'SOLVED_FMB': 13}
[500] order5big_3993: THEOREM (60.2s)  running={'LINEAR': 287, 'THEOREM': 197, 'HARD_NONLINEAR': 3, 'SOLVED_FMB': 13}
[501] order5big_4001: LINEAR (0.0s)  running={'LINEAR': 288, 'THEOREM': 197, 'HARD_NONLINEAR': 3, 'SOLVED_FMB': 13}
[502] order5big_4009: LINEAR (0.0s)  running={'LINEAR': 289, 'THEOREM': 197, 'HARD_NONLINEAR': 3, 'SOLVED_FMB': 13}
[503] order5big_4017: LINEAR (0.0s)  running={'LINEAR': 290, 'THEOREM': 197, 'HARD_NONLINEAR': 3, 'SOLVED_FMB': 13}
[504] order5big_4025: LINEAR (0.0s)  running={'LINEAR': 291, 'THEOREM': 197, 'HARD_NONLINEAR': 3, 'SOLVED_FMB': 13}
[505] order5big_4033: THEOREM (60.2s)  running={'LINEAR': 291, 'THEOREM': 198, 'HARD_NONLINEAR': 3, 'SOLVED_FMB': 13}
[506] order5big_4041: THEOREM (60.2s)  running={'LINEAR': 291, 'THEOREM': 199, 'HARD_NONLINEAR': 3, 'SOLVED_FMB': 13}
[507] order5big_4049: THEOREM (60.2s)  running={'LINEAR': 291, 'THEOREM': 200, 'HARD_NONLINEAR': 3, 'SOLVED_FMB': 13}
[508] order5big_4057: LINEAR (0.0s)  running={'LINEAR': 292, 'THEOREM': 200, 'HARD_NONLINEAR': 3, 'SOLVED_FMB': 13}
[509] order5big_4065: LINEAR (0.0s)  running={'LINEAR': 293, 'THEOREM': 200, 'HARD_NONLINEAR': 3, 'SOLVED_FMB': 13}
[510] order5big_4073: LINEAR (0.0s)  running={'LINEAR': 294, 'THEOREM': 200, 'HARD_NONLINEAR': 3, 'SOLVED_FMB': 13}
[511] order5big_4081: LINEAR (0.0s)  running={'LINEAR': 295, 'THEOREM': 200, 'HARD_NONLINEAR': 3, 'SOLVED_FMB': 13}
[512] order5big_4089: LINEAR (0.0s)  running={'LINEAR': 296, 'THEOREM': 200, 'HARD_NONLINEAR': 3, 'SOLVED_FMB': 13}
[513] order5big_4097: LINEAR (0.0s)  running={'LINEAR': 297, 'THEOREM': 200, 'HARD_NONLINEAR': 3, 'SOLVED_FMB': 13}
[514] order5big_4105: LINEAR (0.0s)  running={'LINEAR': 298, 'THEOREM': 200, 'HARD_NONLINEAR': 3, 'SOLVED_FMB': 13}
[515] order5big_4113: LINEAR (0.0s)  running={'LINEAR': 299, 'THEOREM': 200, 'HARD_NONLINEAR': 3, 'SOLVED_FMB': 13}
[516] order5big_4121: THEOREM (60.2s)  running={'LINEAR': 299, 'THEOREM': 201, 'HARD_NONLINEAR': 3, 'SOLVED_FMB': 13}
[517] order5big_4129: THEOREM (73.0s)  running={'LINEAR': 299, 'THEOREM': 202, 'HARD_NONLINEAR': 3, 'SOLVED_FMB': 13}
[518] order5big_4137: LINEAR (0.0s)  running={'LINEAR': 300, 'THEOREM': 202, 'HARD_NONLINEAR': 3, 'SOLVED_FMB': 13}
[519] order5big_4145: LINEAR (0.0s)  running={'LINEAR': 301, 'THEOREM': 202, 'HARD_NONLINEAR': 3, 'SOLVED_FMB': 13}
[520] order5big_4153: LINEAR (0.0s)  running={'LINEAR': 302, 'THEOREM': 202, 'HARD_NONLINEAR': 3, 'SOLVED_FMB': 13}
[521] order5big_4161: SOLVED_FMB (1.2s)  running={'LINEAR': 302, 'THEOREM': 202, 'HARD_NONLINEAR': 3, 'SOLVED_FMB': 14}
[522] order5big_4169: THEOREM (60.5s)  running={'LINEAR': 302, 'THEOREM': 203, 'HARD_NONLINEAR': 3, 'SOLVED_FMB': 14}
[523] order5big_4177: THEOREM (60.2s)  running={'LINEAR': 302, 'THEOREM': 204, 'HARD_NONLINEAR': 3, 'SOLVED_FMB': 14}
[524] order5big_4185: THEOREM (60.2s)  running={'LINEAR': 302, 'THEOREM': 205, 'HARD_NONLINEAR': 3, 'SOLVED_FMB': 14}
[525] order5big_4193: LINEAR (0.0s)  running={'LINEAR': 303, 'THEOREM': 205, 'HARD_NONLINEAR': 3, 'SOLVED_FMB': 14}
[526] order5big_4201: THEOREM (76.1s)  running={'LINEAR': 303, 'THEOREM': 206, 'HARD_NONLINEAR': 3, 'SOLVED_FMB': 14}
[527] order5big_4209: LINEAR (0.0s)  running={'LINEAR': 304, 'THEOREM': 206, 'HARD_NONLINEAR': 3, 'SOLVED_FMB': 14}
[528] order5big_4217: LINEAR (0.0s)  running={'LINEAR': 305, 'THEOREM': 206, 'HARD_NONLINEAR': 3, 'SOLVED_FMB': 14}
[529] order5big_4225: LINEAR (0.0s)  running={'LINEAR': 306, 'THEOREM': 206, 'HARD_NONLINEAR': 3, 'SOLVED_FMB': 14}
[530] order5big_4233: THEOREM (60.6s)  running={'LINEAR': 306, 'THEOREM': 207, 'HARD_NONLINEAR': 3, 'SOLVED_FMB': 14}
[531] order5big_4241: LINEAR (0.0s)  running={'LINEAR': 307, 'THEOREM': 207, 'HARD_NONLINEAR': 3, 'SOLVED_FMB': 14}
[532] order5big_4249: SOLVED_FMB (1.3s)  running={'LINEAR': 307, 'THEOREM': 207, 'HARD_NONLINEAR': 3, 'SOLVED_FMB': 15}
[533] order5big_4257: LINEAR (0.0s)  running={'LINEAR': 308, 'THEOREM': 207, 'HARD_NONLINEAR': 3, 'SOLVED_FMB': 15}
[534] order5big_4265: THEOREM (60.7s)  running={'LINEAR': 308, 'THEOREM': 208, 'HARD_NONLINEAR': 3, 'SOLVED_FMB': 15}
[535] order5big_4273: THEOREM (60.2s)  running={'LINEAR': 308, 'THEOREM': 209, 'HARD_NONLINEAR': 3, 'SOLVED_FMB': 15}
[536] order5big_4281: LINEAR (0.0s)  running={'LINEAR': 309, 'THEOREM': 209, 'HARD_NONLINEAR': 3, 'SOLVED_FMB': 15}
[537] order5big_4289: THEOREM (60.3s)  running={'LINEAR': 309, 'THEOREM': 210, 'HARD_NONLINEAR': 3, 'SOLVED_FMB': 15}
[538] order5big_4297: LINEAR (0.0s)  running={'LINEAR': 310, 'THEOREM': 210, 'HARD_NONLINEAR': 3, 'SOLVED_FMB': 15}
[539] order5big_4305: THEOREM (60.3s)  running={'LINEAR': 310, 'THEOREM': 211, 'HARD_NONLINEAR': 3, 'SOLVED_FMB': 15}
[540] order5big_4313: LINEAR (0.0s)  running={'LINEAR': 311, 'THEOREM': 211, 'HARD_NONLINEAR': 3, 'SOLVED_FMB': 15}
[541] order5big_4321: LINEAR (0.0s)  running={'LINEAR': 312, 'THEOREM': 211, 'HARD_NONLINEAR': 3, 'SOLVED_FMB': 15}
[542] order5big_4329: LINEAR (0.0s)  running={'LINEAR': 313, 'THEOREM': 211, 'HARD_NONLINEAR': 3, 'SOLVED_FMB': 15}
[543] order5big_4337: LINEAR (0.0s)  running={'LINEAR': 314, 'THEOREM': 211, 'HARD_NONLINEAR': 3, 'SOLVED_FMB': 15}
[544] order5big_4345: LINEAR (0.0s)  running={'LINEAR': 315, 'THEOREM': 211, 'HARD_NONLINEAR': 3, 'SOLVED_FMB': 15}
[545] order5big_4353: SOLVED_FMB (0.2s)  running={'LINEAR': 315, 'THEOREM': 211, 'HARD_NONLINEAR': 3, 'SOLVED_FMB': 16}
[546] order5big_4361: LINEAR (0.0s)  running={'LINEAR': 316, 'THEOREM': 211, 'HARD_NONLINEAR': 3, 'SOLVED_FMB': 16}
[547] order5big_4369: LINEAR (0.0s)  running={'LINEAR': 317, 'THEOREM': 211, 'HARD_NONLINEAR': 3, 'SOLVED_FMB': 16}
[548] order5big_4377: LINEAR (0.0s)  running={'LINEAR': 318, 'THEOREM': 211, 'HARD_NONLINEAR': 3, 'SOLVED_FMB': 16}
[549] order5big_4385: THEOREM (60.2s)  running={'LINEAR': 318, 'THEOREM': 212, 'HARD_NONLINEAR': 3, 'SOLVED_FMB': 16}
[550] order5big_4393: THEOREM (62.1s)  running={'LINEAR': 318, 'THEOREM': 213, 'HARD_NONLINEAR': 3, 'SOLVED_FMB': 16}
[551] order5big_4401: LINEAR (0.0s)  running={'LINEAR': 319, 'THEOREM': 213, 'HARD_NONLINEAR': 3, 'SOLVED_FMB': 16}
[552] order5big_4409: THEOREM (60.1s)  running={'LINEAR': 319, 'THEOREM': 214, 'HARD_NONLINEAR': 3, 'SOLVED_FMB': 16}
[553] order5big_4417: THEOREM (3.5s)  running={'LINEAR': 319, 'THEOREM': 215, 'HARD_NONLINEAR': 3, 'SOLVED_FMB': 16}
[554] order5big_4425: LINEAR (0.0s)  running={'LINEAR': 320, 'THEOREM': 215, 'HARD_NONLINEAR': 3, 'SOLVED_FMB': 16}
[555] order5big_4433: LINEAR (0.0s)  running={'LINEAR': 321, 'THEOREM': 215, 'HARD_NONLINEAR': 3, 'SOLVED_FMB': 16}
[556] order5big_4441: LINEAR (0.0s)  running={'LINEAR': 322, 'THEOREM': 215, 'HARD_NONLINEAR': 3, 'SOLVED_FMB': 16}
[557] order5big_4449: LINEAR (0.0s)  running={'LINEAR': 323, 'THEOREM': 215, 'HARD_NONLINEAR': 3, 'SOLVED_FMB': 16}
[558] order5big_4457: LINEAR (0.0s)  running={'LINEAR': 324, 'THEOREM': 215, 'HARD_NONLINEAR': 3, 'SOLVED_FMB': 16}
[559] order5big_4465: THEOREM (61.5s)  running={'LINEAR': 324, 'THEOREM': 216, 'HARD_NONLINEAR': 3, 'SOLVED_FMB': 16}
[560] order5big_4473: THEOREM (60.2s)  running={'LINEAR': 324, 'THEOREM': 217, 'HARD_NONLINEAR': 3, 'SOLVED_FMB': 16}
[561] order5big_4481: LINEAR (0.0s)  running={'LINEAR': 325, 'THEOREM': 217, 'HARD_NONLINEAR': 3, 'SOLVED_FMB': 16}
[562] order5big_4489: LINEAR (0.0s)  running={'LINEAR': 326, 'THEOREM': 217, 'HARD_NONLINEAR': 3, 'SOLVED_FMB': 16}
[563] order5big_4497: LINEAR (0.0s)  running={'LINEAR': 327, 'THEOREM': 217, 'HARD_NONLINEAR': 3, 'SOLVED_FMB': 16}
[564] order5big_4505: LINEAR (0.0s)  running={'LINEAR': 328, 'THEOREM': 217, 'HARD_NONLINEAR': 3, 'SOLVED_FMB': 16}
[565] order5big_4513: THEOREM (60.4s)  running={'LINEAR': 328, 'THEOREM': 218, 'HARD_NONLINEAR': 3, 'SOLVED_FMB': 16}
[566] order5big_4521: THEOREM (64.0s)  running={'LINEAR': 328, 'THEOREM': 219, 'HARD_NONLINEAR': 3, 'SOLVED_FMB': 16}
[567] order5big_4529: THEOREM (91.5s)  running={'LINEAR': 328, 'THEOREM': 220, 'HARD_NONLINEAR': 3, 'SOLVED_FMB': 16}
[568] order5big_4537: LINEAR (0.0s)  running={'LINEAR': 329, 'THEOREM': 220, 'HARD_NONLINEAR': 3, 'SOLVED_FMB': 16}
[569] order5big_4545: LINEAR (0.0s)  running={'LINEAR': 330, 'THEOREM': 220, 'HARD_NONLINEAR': 3, 'SOLVED_FMB': 16}
[570] order5big_4553: LINEAR (0.0s)  running={'LINEAR': 331, 'THEOREM': 220, 'HARD_NONLINEAR': 3, 'SOLVED_FMB': 16}
[571] order5big_4561: THEOREM (60.2s)  running={'LINEAR': 331, 'THEOREM': 221, 'HARD_NONLINEAR': 3, 'SOLVED_FMB': 16}
[572] order5big_4569: LINEAR (0.0s)  running={'LINEAR': 332, 'THEOREM': 221, 'HARD_NONLINEAR': 3, 'SOLVED_FMB': 16}
[573] order5big_4577: THEOREM (60.2s)  running={'LINEAR': 332, 'THEOREM': 222, 'HARD_NONLINEAR': 3, 'SOLVED_FMB': 16}
[574] order5big_4585: LINEAR (0.0s)  running={'LINEAR': 333, 'THEOREM': 222, 'HARD_NONLINEAR': 3, 'SOLVED_FMB': 16}
[575] order5big_4593: THEOREM (60.2s)  running={'LINEAR': 333, 'THEOREM': 223, 'HARD_NONLINEAR': 3, 'SOLVED_FMB': 16}
[576] order5big_4601: LINEAR (0.0s)  running={'LINEAR': 334, 'THEOREM': 223, 'HARD_NONLINEAR': 3, 'SOLVED_FMB': 16}
[577] order5big_4609: LINEAR (0.0s)  running={'LINEAR': 335, 'THEOREM': 223, 'HARD_NONLINEAR': 3, 'SOLVED_FMB': 16}
[578] order5big_4617: THEOREM (20.3s)  running={'LINEAR': 335, 'THEOREM': 224, 'HARD_NONLINEAR': 3, 'SOLVED_FMB': 16}
[579] order5big_4625: THEOREM (60.4s)  running={'LINEAR': 335, 'THEOREM': 225, 'HARD_NONLINEAR': 3, 'SOLVED_FMB': 16}
[580] order5big_4633: LINEAR (0.0s)  running={'LINEAR': 336, 'THEOREM': 225, 'HARD_NONLINEAR': 3, 'SOLVED_FMB': 16}
[581] order5big_4641: LINEAR (0.0s)  running={'LINEAR': 337, 'THEOREM': 225, 'HARD_NONLINEAR': 3, 'SOLVED_FMB': 16}
[582] order5big_4649: THEOREM (1.1s)  running={'LINEAR': 337, 'THEOREM': 226, 'HARD_NONLINEAR': 3, 'SOLVED_FMB': 16}
[583] order5big_4657: LINEAR (0.0s)  running={'LINEAR': 338, 'THEOREM': 226, 'HARD_NONLINEAR': 3, 'SOLVED_FMB': 16}
[584] order5big_4665: LINEAR (0.0s)  running={'LINEAR': 339, 'THEOREM': 226, 'HARD_NONLINEAR': 3, 'SOLVED_FMB': 16}
[585] order5big_4673: LINEAR (0.0s)  running={'LINEAR': 340, 'THEOREM': 226, 'HARD_NONLINEAR': 3, 'SOLVED_FMB': 16}
[586] order5big_4681: THEOREM (60.3s)  running={'LINEAR': 340, 'THEOREM': 227, 'HARD_NONLINEAR': 3, 'SOLVED_FMB': 16}
[587] order5big_4689: THEOREM (1.1s)  running={'LINEAR': 340, 'THEOREM': 228, 'HARD_NONLINEAR': 3, 'SOLVED_FMB': 16}
[588] order5big_4697: LINEAR (0.0s)  running={'LINEAR': 341, 'THEOREM': 228, 'HARD_NONLINEAR': 3, 'SOLVED_FMB': 16}
[589] order5big_4705: LINEAR (0.0s)  running={'LINEAR': 342, 'THEOREM': 228, 'HARD_NONLINEAR': 3, 'SOLVED_FMB': 16}
[590] order5big_4713: THEOREM (60.5s)  running={'LINEAR': 342, 'THEOREM': 229, 'HARD_NONLINEAR': 3, 'SOLVED_FMB': 16}
[591] order5big_4721: LINEAR (0.0s)  running={'LINEAR': 343, 'THEOREM': 229, 'HARD_NONLINEAR': 3, 'SOLVED_FMB': 16}
[592] order5big_4729: THEOREM (60.2s)  running={'LINEAR': 343, 'THEOREM': 230, 'HARD_NONLINEAR': 3, 'SOLVED_FMB': 16}
[593] order5big_4737: THEOREM (60.1s)  running={'LINEAR': 343, 'THEOREM': 231, 'HARD_NONLINEAR': 3, 'SOLVED_FMB': 16}
[594] order5big_4745: LINEAR (0.0s)  running={'LINEAR': 344, 'THEOREM': 231, 'HARD_NONLINEAR': 3, 'SOLVED_FMB': 16}
[595] order5big_4753: LINEAR (0.0s)  running={'LINEAR': 345, 'THEOREM': 231, 'HARD_NONLINEAR': 3, 'SOLVED_FMB': 16}
[596] order5big_4761: LINEAR (0.0s)  running={'LINEAR': 346, 'THEOREM': 231, 'HARD_NONLINEAR': 3, 'SOLVED_FMB': 16}
[597] order5big_4769: THEOREM (60.2s)  running={'LINEAR': 346, 'THEOREM': 232, 'HARD_NONLINEAR': 3, 'SOLVED_FMB': 16}
[598] order5big_4777: THEOREM (60.2s)  running={'LINEAR': 346, 'THEOREM': 233, 'HARD_NONLINEAR': 3, 'SOLVED_FMB': 16}
[599] order5big_4785: LINEAR (0.0s)  running={'LINEAR': 347, 'THEOREM': 233, 'HARD_NONLINEAR': 3, 'SOLVED_FMB': 16}
[600] order5big_4793: LINEAR (0.0s)  running={'LINEAR': 348, 'THEOREM': 233, 'HARD_NONLINEAR': 3, 'SOLVED_FMB': 16}
[601] order5big_4801: LINEAR (0.0s)  running={'LINEAR': 349, 'THEOREM': 233, 'HARD_NONLINEAR': 3, 'SOLVED_FMB': 16}
[602] order5big_4809: THEOREM (5.1s)  running={'LINEAR': 349, 'THEOREM': 234, 'HARD_NONLINEAR': 3, 'SOLVED_FMB': 16}
[603] order5big_4817: LINEAR (0.0s)  running={'LINEAR': 350, 'THEOREM': 234, 'HARD_NONLINEAR': 3, 'SOLVED_FMB': 16}
[604] order5big_4825: LINEAR (0.0s)  running={'LINEAR': 351, 'THEOREM': 234, 'HARD_NONLINEAR': 3, 'SOLVED_FMB': 16}
[605] order5big_4833: SOLVED_FMB (12.7s)  running={'LINEAR': 351, 'THEOREM': 234, 'HARD_NONLINEAR': 3, 'SOLVED_FMB': 17}
[606] order5big_4841: THEOREM (0.3s)  running={'LINEAR': 351, 'THEOREM': 235, 'HARD_NONLINEAR': 3, 'SOLVED_FMB': 17}
[607] order5big_4849: LINEAR (0.0s)  running={'LINEAR': 352, 'THEOREM': 235, 'HARD_NONLINEAR': 3, 'SOLVED_FMB': 17}
[608] order5big_4857: THEOREM (60.4s)  running={'LINEAR': 352, 'THEOREM': 236, 'HARD_NONLINEAR': 3, 'SOLVED_FMB': 17}
[609] order5big_4865: THEOREM (1.3s)  running={'LINEAR': 352, 'THEOREM': 237, 'HARD_NONLINEAR': 3, 'SOLVED_FMB': 17}
[610] order5big_4873: THEOREM (60.2s)  running={'LINEAR': 352, 'THEOREM': 238, 'HARD_NONLINEAR': 3, 'SOLVED_FMB': 17}
[611] order5big_4881: SOLVED_FMB (0.1s)  running={'LINEAR': 352, 'THEOREM': 238, 'HARD_NONLINEAR': 3, 'SOLVED_FMB': 18}
[612] order5big_4889: LINEAR (0.0s)  running={'LINEAR': 353, 'THEOREM': 238, 'HARD_NONLINEAR': 3, 'SOLVED_FMB': 18}
[613] order5big_4897: THEOREM (71.7s)  running={'LINEAR': 353, 'THEOREM': 239, 'HARD_NONLINEAR': 3, 'SOLVED_FMB': 18}
[614] order5big_4905: LINEAR (0.0s)  running={'LINEAR': 354, 'THEOREM': 239, 'HARD_NONLINEAR': 3, 'SOLVED_FMB': 18}
[615] order5big_4913: THEOREM (60.2s)  running={'LINEAR': 354, 'THEOREM': 240, 'HARD_NONLINEAR': 3, 'SOLVED_FMB': 18}
[616] order5big_4921: LINEAR (0.0s)  running={'LINEAR': 355, 'THEOREM': 240, 'HARD_NONLINEAR': 3, 'SOLVED_FMB': 18}
[617] order5big_4929: LINEAR (0.0s)  running={'LINEAR': 356, 'THEOREM': 240, 'HARD_NONLINEAR': 3, 'SOLVED_FMB': 18}
[618] order5big_4937: LINEAR (0.0s)  running={'LINEAR': 357, 'THEOREM': 240, 'HARD_NONLINEAR': 3, 'SOLVED_FMB': 18}
[619] order5big_4945: THEOREM (60.2s)  running={'LINEAR': 357, 'THEOREM': 241, 'HARD_NONLINEAR': 3, 'SOLVED_FMB': 18}
[620] order5big_4953: THEOREM (60.3s)  running={'LINEAR': 357, 'THEOREM': 242, 'HARD_NONLINEAR': 3, 'SOLVED_FMB': 18}
[621] order5big_4961: SOLVED_FMB (0.3s)  running={'LINEAR': 357, 'THEOREM': 242, 'HARD_NONLINEAR': 3, 'SOLVED_FMB': 19}
[622] order5big_4969: THEOREM (62.1s)  running={'LINEAR': 357, 'THEOREM': 243, 'HARD_NONLINEAR': 3, 'SOLVED_FMB': 19}
[623] order5big_4977: LINEAR (0.0s)  running={'LINEAR': 358, 'THEOREM': 243, 'HARD_NONLINEAR': 3, 'SOLVED_FMB': 19}
[624] order5big_4985: THEOREM (60.2s)  running={'LINEAR': 358, 'THEOREM': 244, 'HARD_NONLINEAR': 3, 'SOLVED_FMB': 19}
[625] order5big_4993: THEOREM (60.2s)  running={'LINEAR': 358, 'THEOREM': 245, 'HARD_NONLINEAR': 3, 'SOLVED_FMB': 19}
[626] order5big_5001: LINEAR (0.0s)  running={'LINEAR': 359, 'THEOREM': 245, 'HARD_NONLINEAR': 3, 'SOLVED_FMB': 19}
[627] order5big_5009: LINEAR (0.0s)  running={'LINEAR': 360, 'THEOREM': 245, 'HARD_NONLINEAR': 3, 'SOLVED_FMB': 19}
[628] order5big_5017: LINEAR (0.0s)  running={'LINEAR': 361, 'THEOREM': 245, 'HARD_NONLINEAR': 3, 'SOLVED_FMB': 19}
[629] order5big_5025: LINEAR (0.0s)  running={'LINEAR': 362, 'THEOREM': 245, 'HARD_NONLINEAR': 3, 'SOLVED_FMB': 19}
[630] order5big_5033: LINEAR (0.0s)  running={'LINEAR': 363, 'THEOREM': 245, 'HARD_NONLINEAR': 3, 'SOLVED_FMB': 19}
[631] order5big_5041: THEOREM (60.2s)  running={'LINEAR': 363, 'THEOREM': 246, 'HARD_NONLINEAR': 3, 'SOLVED_FMB': 19}
[632] order5big_5049: THEOREM (60.5s)  running={'LINEAR': 363, 'THEOREM': 247, 'HARD_NONLINEAR': 3, 'SOLVED_FMB': 19}
[633] order5big_5057: LINEAR (0.0s)  running={'LINEAR': 364, 'THEOREM': 247, 'HARD_NONLINEAR': 3, 'SOLVED_FMB': 19}
[634] order5big_5065: LINEAR (0.0s)  running={'LINEAR': 365, 'THEOREM': 247, 'HARD_NONLINEAR': 3, 'SOLVED_FMB': 19}
[635] order5big_5073: THEOREM (60.4s)  running={'LINEAR': 365, 'THEOREM': 248, 'HARD_NONLINEAR': 3, 'SOLVED_FMB': 19}
[636] order5big_5081: LINEAR (0.0s)  running={'LINEAR': 366, 'THEOREM': 248, 'HARD_NONLINEAR': 3, 'SOLVED_FMB': 19}
[637] order5big_5089: LINEAR (0.0s)  running={'LINEAR': 367, 'THEOREM': 248, 'HARD_NONLINEAR': 3, 'SOLVED_FMB': 19}
[638] order5big_5097: LINEAR (0.0s)  running={'LINEAR': 368, 'THEOREM': 248, 'HARD_NONLINEAR': 3, 'SOLVED_FMB': 19}
[639] order5big_5105: LINEAR (0.0s)  running={'LINEAR': 369, 'THEOREM': 248, 'HARD_NONLINEAR': 3, 'SOLVED_FMB': 19}
[640] order5big_5113: LINEAR (0.0s)  running={'LINEAR': 370, 'THEOREM': 248, 'HARD_NONLINEAR': 3, 'SOLVED_FMB': 19}
[641] order5big_5121: LINEAR (0.0s)  running={'LINEAR': 371, 'THEOREM': 248, 'HARD_NONLINEAR': 3, 'SOLVED_FMB': 19}
[642] order5big_5129: LINEAR (0.0s)  running={'LINEAR': 372, 'THEOREM': 248, 'HARD_NONLINEAR': 3, 'SOLVED_FMB': 19}
[643] order5big_5137: LINEAR (0.0s)  running={'LINEAR': 373, 'THEOREM': 248, 'HARD_NONLINEAR': 3, 'SOLVED_FMB': 19}
[644] order5big_5145: THEOREM (60.2s)  running={'LINEAR': 373, 'THEOREM': 249, 'HARD_NONLINEAR': 3, 'SOLVED_FMB': 19}
[645] order5big_5153: THEOREM (60.3s)  running={'LINEAR': 373, 'THEOREM': 250, 'HARD_NONLINEAR': 3, 'SOLVED_FMB': 19}
[646] order5big_5161: THEOREM (60.2s)  running={'LINEAR': 373, 'THEOREM': 251, 'HARD_NONLINEAR': 3, 'SOLVED_FMB': 19}
[647] order5big_5169: LINEAR (0.0s)  running={'LINEAR': 374, 'THEOREM': 251, 'HARD_NONLINEAR': 3, 'SOLVED_FMB': 19}
[648] order5big_5177: LINEAR (0.0s)  running={'LINEAR': 375, 'THEOREM': 251, 'HARD_NONLINEAR': 3, 'SOLVED_FMB': 19}
[649] order5big_5185: LINEAR (0.0s)  running={'LINEAR': 376, 'THEOREM': 251, 'HARD_NONLINEAR': 3, 'SOLVED_FMB': 19}
[650] order5big_5193: THEOREM (60.2s)  running={'LINEAR': 376, 'THEOREM': 252, 'HARD_NONLINEAR': 3, 'SOLVED_FMB': 19}
[651] order5big_5201: LINEAR (0.0s)  running={'LINEAR': 377, 'THEOREM': 252, 'HARD_NONLINEAR': 3, 'SOLVED_FMB': 19}
[652] order5big_5209: LINEAR (0.0s)  running={'LINEAR': 378, 'THEOREM': 252, 'HARD_NONLINEAR': 3, 'SOLVED_FMB': 19}
[653] order5big_5217: LINEAR (0.0s)  running={'LINEAR': 379, 'THEOREM': 252, 'HARD_NONLINEAR': 3, 'SOLVED_FMB': 19}
[654] order5big_5225: LINEAR (0.0s)  running={'LINEAR': 380, 'THEOREM': 252, 'HARD_NONLINEAR': 3, 'SOLVED_FMB': 19}
[655] order5big_5233: THEOREM (60.2s)  running={'LINEAR': 380, 'THEOREM': 253, 'HARD_NONLINEAR': 3, 'SOLVED_FMB': 19}
[656] order5big_5241: LINEAR (0.0s)  running={'LINEAR': 381, 'THEOREM': 253, 'HARD_NONLINEAR': 3, 'SOLVED_FMB': 19}
[657] order5big_5249: LINEAR (0.0s)  running={'LINEAR': 382, 'THEOREM': 253, 'HARD_NONLINEAR': 3, 'SOLVED_FMB': 19}
[658] order5big_5257: HARD_NONLINEAR (120.1s)  running={'LINEAR': 382, 'THEOREM': 253, 'HARD_NONLINEAR': 4, 'SOLVED_FMB': 19}
[659] order5big_5265: THEOREM (60.2s)  running={'LINEAR': 382, 'THEOREM': 254, 'HARD_NONLINEAR': 4, 'SOLVED_FMB': 19}
[660] order5big_5273: THEOREM (60.1s)  running={'LINEAR': 382, 'THEOREM': 255, 'HARD_NONLINEAR': 4, 'SOLVED_FMB': 19}
[661] order5big_5281: THEOREM (60.2s)  running={'LINEAR': 382, 'THEOREM': 256, 'HARD_NONLINEAR': 4, 'SOLVED_FMB': 19}
[662] order5big_5289: LINEAR (0.0s)  running={'LINEAR': 383, 'THEOREM': 256, 'HARD_NONLINEAR': 4, 'SOLVED_FMB': 19}
[663] order5big_5297: LINEAR (0.0s)  running={'LINEAR': 384, 'THEOREM': 256, 'HARD_NONLINEAR': 4, 'SOLVED_FMB': 19}
[664] order5big_5305: LINEAR (0.0s)  running={'LINEAR': 385, 'THEOREM': 256, 'HARD_NONLINEAR': 4, 'SOLVED_FMB': 19}
[665] order5big_5313: LINEAR (0.0s)  running={'LINEAR': 386, 'THEOREM': 256, 'HARD_NONLINEAR': 4, 'SOLVED_FMB': 19}
[666] order5big_5321: THEOREM (60.2s)  running={'LINEAR': 386, 'THEOREM': 257, 'HARD_NONLINEAR': 4, 'SOLVED_FMB': 19}
[667] order5big_5329: LINEAR (0.0s)  running={'LINEAR': 387, 'THEOREM': 257, 'HARD_NONLINEAR': 4, 'SOLVED_FMB': 19}
[668] order5big_5337: LINEAR (0.0s)  running={'LINEAR': 388, 'THEOREM': 257, 'HARD_NONLINEAR': 4, 'SOLVED_FMB': 19}
[669] order5big_5345: LINEAR (0.0s)  running={'LINEAR': 389, 'THEOREM': 257, 'HARD_NONLINEAR': 4, 'SOLVED_FMB': 19}
[670] order5big_5353: THEOREM (60.2s)  running={'LINEAR': 389, 'THEOREM': 258, 'HARD_NONLINEAR': 4, 'SOLVED_FMB': 19}
[671] order5big_5361: LINEAR (0.1s)  running={'LINEAR': 390, 'THEOREM': 258, 'HARD_NONLINEAR': 4, 'SOLVED_FMB': 19}
[672] order5big_5369: LINEAR (0.0s)  running={'LINEAR': 391, 'THEOREM': 258, 'HARD_NONLINEAR': 4, 'SOLVED_FMB': 19}
[673] order5big_5377: THEOREM (2.3s)  running={'LINEAR': 391, 'THEOREM': 259, 'HARD_NONLINEAR': 4, 'SOLVED_FMB': 19}
[674] order5big_5385: LINEAR (0.0s)  running={'LINEAR': 392, 'THEOREM': 259, 'HARD_NONLINEAR': 4, 'SOLVED_FMB': 19}
[675] order5big_5393: LINEAR (0.0s)  running={'LINEAR': 393, 'THEOREM': 259, 'HARD_NONLINEAR': 4, 'SOLVED_FMB': 19}
[676] order5big_5401: THEOREM (60.2s)  running={'LINEAR': 393, 'THEOREM': 260, 'HARD_NONLINEAR': 4, 'SOLVED_FMB': 19}
[677] order5big_5409: THEOREM (60.4s)  running={'LINEAR': 393, 'THEOREM': 261, 'HARD_NONLINEAR': 4, 'SOLVED_FMB': 19}
[678] order5big_5417: LINEAR (0.0s)  running={'LINEAR': 394, 'THEOREM': 261, 'HARD_NONLINEAR': 4, 'SOLVED_FMB': 19}
[679] order5big_5425: LINEAR (0.0s)  running={'LINEAR': 395, 'THEOREM': 261, 'HARD_NONLINEAR': 4, 'SOLVED_FMB': 19}
[680] order5big_5433: THEOREM (60.2s)  running={'LINEAR': 395, 'THEOREM': 262, 'HARD_NONLINEAR': 4, 'SOLVED_FMB': 19}
[681] order5big_5441: LINEAR (0.0s)  running={'LINEAR': 396, 'THEOREM': 262, 'HARD_NONLINEAR': 4, 'SOLVED_FMB': 19}
[682] order5big_5449: LINEAR (0.0s)  running={'LINEAR': 397, 'THEOREM': 262, 'HARD_NONLINEAR': 4, 'SOLVED_FMB': 19}
[683] order5big_5457: THEOREM (60.2s)  running={'LINEAR': 397, 'THEOREM': 263, 'HARD_NONLINEAR': 4, 'SOLVED_FMB': 19}
[684] order5big_5465: LINEAR (0.0s)  running={'LINEAR': 398, 'THEOREM': 263, 'HARD_NONLINEAR': 4, 'SOLVED_FMB': 19}
[685] order5big_5473: LINEAR (0.0s)  running={'LINEAR': 399, 'THEOREM': 263, 'HARD_NONLINEAR': 4, 'SOLVED_FMB': 19}
[686] order5big_5481: LINEAR (0.0s)  running={'LINEAR': 400, 'THEOREM': 263, 'HARD_NONLINEAR': 4, 'SOLVED_FMB': 19}
[687] order5big_5489: THEOREM (60.2s)  running={'LINEAR': 400, 'THEOREM': 264, 'HARD_NONLINEAR': 4, 'SOLVED_FMB': 19}
[688] order5big_5497: THEOREM (60.2s)  running={'LINEAR': 400, 'THEOREM': 265, 'HARD_NONLINEAR': 4, 'SOLVED_FMB': 19}
[689] order5big_5505: LINEAR (0.0s)  running={'LINEAR': 401, 'THEOREM': 265, 'HARD_NONLINEAR': 4, 'SOLVED_FMB': 19}
[690] order5big_5513: THEOREM (60.6s)  running={'LINEAR': 401, 'THEOREM': 266, 'HARD_NONLINEAR': 4, 'SOLVED_FMB': 19}
[691] order5big_5521: THEOREM (60.2s)  running={'LINEAR': 401, 'THEOREM': 267, 'HARD_NONLINEAR': 4, 'SOLVED_FMB': 19}
[692] order5big_5529: LINEAR (0.0s)  running={'LINEAR': 402, 'THEOREM': 267, 'HARD_NONLINEAR': 4, 'SOLVED_FMB': 19}
[693] order5big_5537: LINEAR (0.0s)  running={'LINEAR': 403, 'THEOREM': 267, 'HARD_NONLINEAR': 4, 'SOLVED_FMB': 19}
[694] order5big_5545: LINEAR (0.0s)  running={'LINEAR': 404, 'THEOREM': 267, 'HARD_NONLINEAR': 4, 'SOLVED_FMB': 19}
[695] order5big_5553: THEOREM (60.2s)  running={'LINEAR': 404, 'THEOREM': 268, 'HARD_NONLINEAR': 4, 'SOLVED_FMB': 19}
[696] order5big_5561: LINEAR (0.0s)  running={'LINEAR': 405, 'THEOREM': 268, 'HARD_NONLINEAR': 4, 'SOLVED_FMB': 19}
[697] order5big_5569: LINEAR (0.0s)  running={'LINEAR': 406, 'THEOREM': 268, 'HARD_NONLINEAR': 4, 'SOLVED_FMB': 19}
[698] order5big_5577: LINEAR (0.0s)  running={'LINEAR': 407, 'THEOREM': 268, 'HARD_NONLINEAR': 4, 'SOLVED_FMB': 19}
[699] order5big_5585: THEOREM (60.2s)  running={'LINEAR': 407, 'THEOREM': 269, 'HARD_NONLINEAR': 4, 'SOLVED_FMB': 19}
[700] order5big_5593: HARD_NONLINEAR (120.2s)  running={'LINEAR': 407, 'THEOREM': 269, 'HARD_NONLINEAR': 5, 'SOLVED_FMB': 19}
[701] order5big_5601: LINEAR (0.0s)  running={'LINEAR': 408, 'THEOREM': 269, 'HARD_NONLINEAR': 5, 'SOLVED_FMB': 19}
[702] order5big_5609: THEOREM (60.2s)  running={'LINEAR': 408, 'THEOREM': 270, 'HARD_NONLINEAR': 5, 'SOLVED_FMB': 19}
[703] order5big_5617: LINEAR (0.0s)  running={'LINEAR': 409, 'THEOREM': 270, 'HARD_NONLINEAR': 5, 'SOLVED_FMB': 19}
[704] order5big_5625: LINEAR (0.0s)  running={'LINEAR': 410, 'THEOREM': 270, 'HARD_NONLINEAR': 5, 'SOLVED_FMB': 19}
[705] order5big_5633: LINEAR (0.0s)  running={'LINEAR': 411, 'THEOREM': 270, 'HARD_NONLINEAR': 5, 'SOLVED_FMB': 19}
[706] order5big_5641: LINEAR (0.0s)  running={'LINEAR': 412, 'THEOREM': 270, 'HARD_NONLINEAR': 5, 'SOLVED_FMB': 19}
[707] order5big_5649: LINEAR (0.0s)  running={'LINEAR': 413, 'THEOREM': 270, 'HARD_NONLINEAR': 5, 'SOLVED_FMB': 19}
[708] order5big_5657: LINEAR (0.0s)  running={'LINEAR': 414, 'THEOREM': 270, 'HARD_NONLINEAR': 5, 'SOLVED_FMB': 19}
[709] order5big_5665: THEOREM (60.6s)  running={'LINEAR': 414, 'THEOREM': 271, 'HARD_NONLINEAR': 5, 'SOLVED_FMB': 19}
[710] order5big_5673: LINEAR (0.0s)  running={'LINEAR': 415, 'THEOREM': 271, 'HARD_NONLINEAR': 5, 'SOLVED_FMB': 19}
[711] order5big_5681: LINEAR (0.0s)  running={'LINEAR': 416, 'THEOREM': 271, 'HARD_NONLINEAR': 5, 'SOLVED_FMB': 19}
[712] order5big_5689: THEOREM (62.9s)  running={'LINEAR': 416, 'THEOREM': 272, 'HARD_NONLINEAR': 5, 'SOLVED_FMB': 19}
[713] order5big_5697: LINEAR (0.0s)  running={'LINEAR': 417, 'THEOREM': 272, 'HARD_NONLINEAR': 5, 'SOLVED_FMB': 19}
[714] order5big_5705: LINEAR (0.0s)  running={'LINEAR': 418, 'THEOREM': 272, 'HARD_NONLINEAR': 5, 'SOLVED_FMB': 19}
[715] order5big_5713: LINEAR (0.0s)  running={'LINEAR': 419, 'THEOREM': 272, 'HARD_NONLINEAR': 5, 'SOLVED_FMB': 19}
[716] order5big_5721: LINEAR (0.0s)  running={'LINEAR': 420, 'THEOREM': 272, 'HARD_NONLINEAR': 5, 'SOLVED_FMB': 19}
[717] order5big_5729: LINEAR (0.0s)  running={'LINEAR': 421, 'THEOREM': 272, 'HARD_NONLINEAR': 5, 'SOLVED_FMB': 19}
[718] order5big_5737: LINEAR (0.0s)  running={'LINEAR': 422, 'THEOREM': 272, 'HARD_NONLINEAR': 5, 'SOLVED_FMB': 19}
[719] order5big_5745: LINEAR (0.0s)  running={'LINEAR': 423, 'THEOREM': 272, 'HARD_NONLINEAR': 5, 'SOLVED_FMB': 19}
[720] order5big_5753: LINEAR (0.0s)  running={'LINEAR': 424, 'THEOREM': 272, 'HARD_NONLINEAR': 5, 'SOLVED_FMB': 19}
[721] order5big_5761: LINEAR (0.0s)  running={'LINEAR': 425, 'THEOREM': 272, 'HARD_NONLINEAR': 5, 'SOLVED_FMB': 19}
[722] order5big_5769: THEOREM (62.1s)  running={'LINEAR': 425, 'THEOREM': 273, 'HARD_NONLINEAR': 5, 'SOLVED_FMB': 19}
[723] order5big_5777: THEOREM (60.4s)  running={'LINEAR': 425, 'THEOREM': 274, 'HARD_NONLINEAR': 5, 'SOLVED_FMB': 19}
[724] order5big_5785: THEOREM (60.2s)  running={'LINEAR': 425, 'THEOREM': 275, 'HARD_NONLINEAR': 5, 'SOLVED_FMB': 19}
[725] order5big_5793: LINEAR (0.0s)  running={'LINEAR': 426, 'THEOREM': 275, 'HARD_NONLINEAR': 5, 'SOLVED_FMB': 19}
[726] order5big_5801: LINEAR (0.0s)  running={'LINEAR': 427, 'THEOREM': 275, 'HARD_NONLINEAR': 5, 'SOLVED_FMB': 19}
[727] order5big_5809: LINEAR (0.0s)  running={'LINEAR': 428, 'THEOREM': 275, 'HARD_NONLINEAR': 5, 'SOLVED_FMB': 19}
[728] order5big_5817: LINEAR (0.0s)  running={'LINEAR': 429, 'THEOREM': 275, 'HARD_NONLINEAR': 5, 'SOLVED_FMB': 19}
[729] order5big_5825: LINEAR (0.0s)  running={'LINEAR': 430, 'THEOREM': 275, 'HARD_NONLINEAR': 5, 'SOLVED_FMB': 19}
[730] order5big_5833: THEOREM (60.2s)  running={'LINEAR': 430, 'THEOREM': 276, 'HARD_NONLINEAR': 5, 'SOLVED_FMB': 19}
[731] order5big_5841: LINEAR (0.0s)  running={'LINEAR': 431, 'THEOREM': 276, 'HARD_NONLINEAR': 5, 'SOLVED_FMB': 19}
[732] order5big_5849: LINEAR (0.0s)  running={'LINEAR': 432, 'THEOREM': 276, 'HARD_NONLINEAR': 5, 'SOLVED_FMB': 19}
[733] order5big_5857: THEOREM (60.2s)  running={'LINEAR': 432, 'THEOREM': 277, 'HARD_NONLINEAR': 5, 'SOLVED_FMB': 19}
[734] order5big_5865: LINEAR (0.0s)  running={'LINEAR': 433, 'THEOREM': 277, 'HARD_NONLINEAR': 5, 'SOLVED_FMB': 19}
[735] order5big_5873: LINEAR (0.0s)  running={'LINEAR': 434, 'THEOREM': 277, 'HARD_NONLINEAR': 5, 'SOLVED_FMB': 19}
[736] order5big_5881: LINEAR (0.0s)  running={'LINEAR': 435, 'THEOREM': 277, 'HARD_NONLINEAR': 5, 'SOLVED_FMB': 19}
[737] order5big_5889: THEOREM (72.4s)  running={'LINEAR': 435, 'THEOREM': 278, 'HARD_NONLINEAR': 5, 'SOLVED_FMB': 19}
[738] order5big_5897: LINEAR (0.0s)  running={'LINEAR': 436, 'THEOREM': 278, 'HARD_NONLINEAR': 5, 'SOLVED_FMB': 19}
[739] order5big_5905: THEOREM (60.2s)  running={'LINEAR': 436, 'THEOREM': 279, 'HARD_NONLINEAR': 5, 'SOLVED_FMB': 19}
[740] order5big_5913: LINEAR (0.0s)  running={'LINEAR': 437, 'THEOREM': 279, 'HARD_NONLINEAR': 5, 'SOLVED_FMB': 19}
[741] order5big_5921: LINEAR (0.0s)  running={'LINEAR': 438, 'THEOREM': 279, 'HARD_NONLINEAR': 5, 'SOLVED_FMB': 19}
[742] order5big_5929: LINEAR (0.0s)  running={'LINEAR': 439, 'THEOREM': 279, 'HARD_NONLINEAR': 5, 'SOLVED_FMB': 19}
[743] order5big_5937: THEOREM (42.9s)  running={'LINEAR': 439, 'THEOREM': 280, 'HARD_NONLINEAR': 5, 'SOLVED_FMB': 19}
[744] order5big_5945: LINEAR (0.0s)  running={'LINEAR': 440, 'THEOREM': 280, 'HARD_NONLINEAR': 5, 'SOLVED_FMB': 19}
[745] order5big_5953: LINEAR (0.0s)  running={'LINEAR': 441, 'THEOREM': 280, 'HARD_NONLINEAR': 5, 'SOLVED_FMB': 19}
[746] order5big_5961: THEOREM (60.2s)  running={'LINEAR': 441, 'THEOREM': 281, 'HARD_NONLINEAR': 5, 'SOLVED_FMB': 19}
[747] order5big_5969: LINEAR (0.0s)  running={'LINEAR': 442, 'THEOREM': 281, 'HARD_NONLINEAR': 5, 'SOLVED_FMB': 19}
[748] order5big_5977: THEOREM (71.9s)  running={'LINEAR': 442, 'THEOREM': 282, 'HARD_NONLINEAR': 5, 'SOLVED_FMB': 19}
[749] order5big_5985: THEOREM (0.2s)  running={'LINEAR': 442, 'THEOREM': 283, 'HARD_NONLINEAR': 5, 'SOLVED_FMB': 19}
[750] order5big_5993: SOLVED_FMB (1.6s)  running={'LINEAR': 442, 'THEOREM': 283, 'HARD_NONLINEAR': 5, 'SOLVED_FMB': 20}
[751] order5big_6001: THEOREM (60.2s)  running={'LINEAR': 442, 'THEOREM': 284, 'HARD_NONLINEAR': 5, 'SOLVED_FMB': 20}
[752] order5big_6009: THEOREM (60.2s)  running={'LINEAR': 442, 'THEOREM': 285, 'HARD_NONLINEAR': 5, 'SOLVED_FMB': 20}
[753] order5big_6017: LINEAR (0.0s)  running={'LINEAR': 443, 'THEOREM': 285, 'HARD_NONLINEAR': 5, 'SOLVED_FMB': 20}
[754] order5big_6025: LINEAR (0.0s)  running={'LINEAR': 444, 'THEOREM': 285, 'HARD_NONLINEAR': 5, 'SOLVED_FMB': 20}
[755] order5big_6033: LINEAR (0.0s)  running={'LINEAR': 445, 'THEOREM': 285, 'HARD_NONLINEAR': 5, 'SOLVED_FMB': 20}
[756] order5big_6041: LINEAR (0.0s)  running={'LINEAR': 446, 'THEOREM': 285, 'HARD_NONLINEAR': 5, 'SOLVED_FMB': 20}
[757] order5big_6049: LINEAR (0.0s)  running={'LINEAR': 447, 'THEOREM': 285, 'HARD_NONLINEAR': 5, 'SOLVED_FMB': 20}
[758] order5big_6057: LINEAR (0.0s)  running={'LINEAR': 448, 'THEOREM': 285, 'HARD_NONLINEAR': 5, 'SOLVED_FMB': 20}
[759] order5big_6065: LINEAR (0.0s)  running={'LINEAR': 449, 'THEOREM': 285, 'HARD_NONLINEAR': 5, 'SOLVED_FMB': 20}
[760] order5big_6073: THEOREM (61.4s)  running={'LINEAR': 449, 'THEOREM': 286, 'HARD_NONLINEAR': 5, 'SOLVED_FMB': 20}
[761] order5big_6081: LINEAR (0.0s)  running={'LINEAR': 450, 'THEOREM': 286, 'HARD_NONLINEAR': 5, 'SOLVED_FMB': 20}
[762] order5big_6089: THEOREM (60.2s)  running={'LINEAR': 450, 'THEOREM': 287, 'HARD_NONLINEAR': 5, 'SOLVED_FMB': 20}
[763] order5big_6097: THEOREM (60.9s)  running={'LINEAR': 450, 'THEOREM': 288, 'HARD_NONLINEAR': 5, 'SOLVED_FMB': 20}
[764] order5big_6105: THEOREM (72.1s)  running={'LINEAR': 450, 'THEOREM': 289, 'HARD_NONLINEAR': 5, 'SOLVED_FMB': 20}
[765] order5big_6113: LINEAR (0.0s)  running={'LINEAR': 451, 'THEOREM': 289, 'HARD_NONLINEAR': 5, 'SOLVED_FMB': 20}
[766] order5big_6121: LINEAR (0.0s)  running={'LINEAR': 452, 'THEOREM': 289, 'HARD_NONLINEAR': 5, 'SOLVED_FMB': 20}
[767] order5big_6129: LINEAR (0.0s)  running={'LINEAR': 453, 'THEOREM': 289, 'HARD_NONLINEAR': 5, 'SOLVED_FMB': 20}
[768] order5big_6137: LINEAR (0.0s)  running={'LINEAR': 454, 'THEOREM': 289, 'HARD_NONLINEAR': 5, 'SOLVED_FMB': 20}
[769] order5big_6145: HARD_NONLINEAR (120.1s)  running={'LINEAR': 454, 'THEOREM': 289, 'HARD_NONLINEAR': 6, 'SOLVED_FMB': 20}
[770] order5big_6153: THEOREM (60.8s)  running={'LINEAR': 454, 'THEOREM': 290, 'HARD_NONLINEAR': 6, 'SOLVED_FMB': 20}
[771] order5big_6161: LINEAR (0.0s)  running={'LINEAR': 455, 'THEOREM': 290, 'HARD_NONLINEAR': 6, 'SOLVED_FMB': 20}
[772] order5big_6169: THEOREM (60.5s)  running={'LINEAR': 455, 'THEOREM': 291, 'HARD_NONLINEAR': 6, 'SOLVED_FMB': 20}
[773] order5big_6177: THEOREM (203.7s)  running={'LINEAR': 455, 'THEOREM': 292, 'HARD_NONLINEAR': 6, 'SOLVED_FMB': 20}
[774] order5big_6185: THEOREM (60.1s)  running={'LINEAR': 455, 'THEOREM': 293, 'HARD_NONLINEAR': 6, 'SOLVED_FMB': 20}
[775] order5big_6193: THEOREM (61.3s)  running={'LINEAR': 455, 'THEOREM': 294, 'HARD_NONLINEAR': 6, 'SOLVED_FMB': 20}
[776] order5big_6201: LINEAR (0.0s)  running={'LINEAR': 456, 'THEOREM': 294, 'HARD_NONLINEAR': 6, 'SOLVED_FMB': 20}
[777] order5big_6209: LINEAR (0.0s)  running={'LINEAR': 457, 'THEOREM': 294, 'HARD_NONLINEAR': 6, 'SOLVED_FMB': 20}
[778] order5big_6217: LINEAR (0.0s)  running={'LINEAR': 458, 'THEOREM': 294, 'HARD_NONLINEAR': 6, 'SOLVED_FMB': 20}
[779] order5big_6225: LINEAR (0.0s)  running={'LINEAR': 459, 'THEOREM': 294, 'HARD_NONLINEAR': 6, 'SOLVED_FMB': 20}
[780] order5big_6233: LINEAR (0.0s)  running={'LINEAR': 460, 'THEOREM': 294, 'HARD_NONLINEAR': 6, 'SOLVED_FMB': 20}
[781] order5big_6241: LINEAR (0.0s)  running={'LINEAR': 461, 'THEOREM': 294, 'HARD_NONLINEAR': 6, 'SOLVED_FMB': 20}
[782] order5big_6249: LINEAR (0.0s)  running={'LINEAR': 462, 'THEOREM': 294, 'HARD_NONLINEAR': 6, 'SOLVED_FMB': 20}
[783] order5big_6257: LINEAR (0.0s)  running={'LINEAR': 463, 'THEOREM': 294, 'HARD_NONLINEAR': 6, 'SOLVED_FMB': 20}
[784] order5big_6265: THEOREM (60.3s)  running={'LINEAR': 463, 'THEOREM': 295, 'HARD_NONLINEAR': 6, 'SOLVED_FMB': 20}
[785] order5big_6273: LINEAR (0.0s)  running={'LINEAR': 464, 'THEOREM': 295, 'HARD_NONLINEAR': 6, 'SOLVED_FMB': 20}
[786] order5big_6281: THEOREM (60.2s)  running={'LINEAR': 464, 'THEOREM': 296, 'HARD_NONLINEAR': 6, 'SOLVED_FMB': 20}
[787] order5big_6289: THEOREM (60.2s)  running={'LINEAR': 464, 'THEOREM': 297, 'HARD_NONLINEAR': 6, 'SOLVED_FMB': 20}
[788] order5big_6297: LINEAR (0.0s)  running={'LINEAR': 465, 'THEOREM': 297, 'HARD_NONLINEAR': 6, 'SOLVED_FMB': 20}
[789] order5big_6305: LINEAR (0.0s)  running={'LINEAR': 466, 'THEOREM': 297, 'HARD_NONLINEAR': 6, 'SOLVED_FMB': 20}
[790] order5big_6313: SOLVED_FMB (0.2s)  running={'LINEAR': 466, 'THEOREM': 297, 'HARD_NONLINEAR': 6, 'SOLVED_FMB': 21}
[791] order5big_6321: LINEAR (0.0s)  running={'LINEAR': 467, 'THEOREM': 297, 'HARD_NONLINEAR': 6, 'SOLVED_FMB': 21}
[792] order5big_6329: SOLVED_FMB (0.1s)  running={'LINEAR': 467, 'THEOREM': 297, 'HARD_NONLINEAR': 6, 'SOLVED_FMB': 22}
[793] order5big_6337: LINEAR (0.0s)  running={'LINEAR': 468, 'THEOREM': 297, 'HARD_NONLINEAR': 6, 'SOLVED_FMB': 22}
[794] order5big_6345: THEOREM (60.2s)  running={'LINEAR': 468, 'THEOREM': 298, 'HARD_NONLINEAR': 6, 'SOLVED_FMB': 22}
[795] order5big_6353: LINEAR (0.0s)  running={'LINEAR': 469, 'THEOREM': 298, 'HARD_NONLINEAR': 6, 'SOLVED_FMB': 22}
[796] order5big_6361: LINEAR (0.0s)  running={'LINEAR': 470, 'THEOREM': 298, 'HARD_NONLINEAR': 6, 'SOLVED_FMB': 22}
[797] order5big_6369: LINEAR (0.0s)  running={'LINEAR': 471, 'THEOREM': 298, 'HARD_NONLINEAR': 6, 'SOLVED_FMB': 22}
[798] order5big_6377: LINEAR (0.0s)  running={'LINEAR': 472, 'THEOREM': 298, 'HARD_NONLINEAR': 6, 'SOLVED_FMB': 22}
[799] order5big_6385: THEOREM (60.2s)  running={'LINEAR': 472, 'THEOREM': 299, 'HARD_NONLINEAR': 6, 'SOLVED_FMB': 22}
[800] order5big_6393: LINEAR (0.0s)  running={'LINEAR': 473, 'THEOREM': 299, 'HARD_NONLINEAR': 6, 'SOLVED_FMB': 22}
[801] order5big_6401: LINEAR (0.0s)  running={'LINEAR': 474, 'THEOREM': 299, 'HARD_NONLINEAR': 6, 'SOLVED_FMB': 22}
[802] order5big_6409: LINEAR (0.0s)  running={'LINEAR': 475, 'THEOREM': 299, 'HARD_NONLINEAR': 6, 'SOLVED_FMB': 22}
[803] order5big_6417: LINEAR (0.0s)  running={'LINEAR': 476, 'THEOREM': 299, 'HARD_NONLINEAR': 6, 'SOLVED_FMB': 22}
[804] order5big_6425: THEOREM (60.6s)  running={'LINEAR': 476, 'THEOREM': 300, 'HARD_NONLINEAR': 6, 'SOLVED_FMB': 22}
[805] order5big_6433: LINEAR (0.0s)  running={'LINEAR': 477, 'THEOREM': 300, 'HARD_NONLINEAR': 6, 'SOLVED_FMB': 22}
[806] order5big_6441: THEOREM (60.2s)  running={'LINEAR': 477, 'THEOREM': 301, 'HARD_NONLINEAR': 6, 'SOLVED_FMB': 22}
[807] order5big_6449: LINEAR (0.0s)  running={'LINEAR': 478, 'THEOREM': 301, 'HARD_NONLINEAR': 6, 'SOLVED_FMB': 22}
[808] order5big_6457: THEOREM (60.3s)  running={'LINEAR': 478, 'THEOREM': 302, 'HARD_NONLINEAR': 6, 'SOLVED_FMB': 22}
[809] order5big_6465: LINEAR (0.0s)  running={'LINEAR': 479, 'THEOREM': 302, 'HARD_NONLINEAR': 6, 'SOLVED_FMB': 22}
[810] order5big_6473: LINEAR (0.0s)  running={'LINEAR': 480, 'THEOREM': 302, 'HARD_NONLINEAR': 6, 'SOLVED_FMB': 22}
[811] order5big_6481: THEOREM (60.2s)  running={'LINEAR': 480, 'THEOREM': 303, 'HARD_NONLINEAR': 6, 'SOLVED_FMB': 22}
[812] order5big_6489: LINEAR (0.0s)  running={'LINEAR': 481, 'THEOREM': 303, 'HARD_NONLINEAR': 6, 'SOLVED_FMB': 22}
[813] order5big_6497: THEOREM (60.5s)  running={'LINEAR': 481, 'THEOREM': 304, 'HARD_NONLINEAR': 6, 'SOLVED_FMB': 22}
[814] order5big_6505: LINEAR (0.0s)  running={'LINEAR': 482, 'THEOREM': 304, 'HARD_NONLINEAR': 6, 'SOLVED_FMB': 22}
[815] order5big_6513: THEOREM (60.2s)  running={'LINEAR': 482, 'THEOREM': 305, 'HARD_NONLINEAR': 6, 'SOLVED_FMB': 22}
[816] order5big_6521: LINEAR (0.0s)  running={'LINEAR': 483, 'THEOREM': 305, 'HARD_NONLINEAR': 6, 'SOLVED_FMB': 22}
[817] order5big_6529: LINEAR (0.0s)  running={'LINEAR': 484, 'THEOREM': 305, 'HARD_NONLINEAR': 6, 'SOLVED_FMB': 22}
[818] order5big_6537: LINEAR (0.0s)  running={'LINEAR': 485, 'THEOREM': 305, 'HARD_NONLINEAR': 6, 'SOLVED_FMB': 22}
[819] order5big_6545: THEOREM (60.2s)  running={'LINEAR': 485, 'THEOREM': 306, 'HARD_NONLINEAR': 6, 'SOLVED_FMB': 22}
[820] order5big_6553: LINEAR (0.0s)  running={'LINEAR': 486, 'THEOREM': 306, 'HARD_NONLINEAR': 6, 'SOLVED_FMB': 22}
[821] order5big_6561: THEOREM (60.2s)  running={'LINEAR': 486, 'THEOREM': 307, 'HARD_NONLINEAR': 6, 'SOLVED_FMB': 22}
[822] order5big_6569: LINEAR (0.0s)  running={'LINEAR': 487, 'THEOREM': 307, 'HARD_NONLINEAR': 6, 'SOLVED_FMB': 22}
[823] order5big_6577: LINEAR (0.0s)  running={'LINEAR': 488, 'THEOREM': 307, 'HARD_NONLINEAR': 6, 'SOLVED_FMB': 22}
[824] order5big_6585: THEOREM (60.2s)  running={'LINEAR': 488, 'THEOREM': 308, 'HARD_NONLINEAR': 6, 'SOLVED_FMB': 22}
[825] order5big_6593: LINEAR (0.0s)  running={'LINEAR': 489, 'THEOREM': 308, 'HARD_NONLINEAR': 6, 'SOLVED_FMB': 22}
[826] order5big_6601: LINEAR (0.0s)  running={'LINEAR': 490, 'THEOREM': 308, 'HARD_NONLINEAR': 6, 'SOLVED_FMB': 22}
[827] order5big_6609: THEOREM (60.2s)  running={'LINEAR': 490, 'THEOREM': 309, 'HARD_NONLINEAR': 6, 'SOLVED_FMB': 22}
[828] order5big_6617: LINEAR (0.0s)  running={'LINEAR': 491, 'THEOREM': 309, 'HARD_NONLINEAR': 6, 'SOLVED_FMB': 22}
[829] order5big_6625: THEOREM (60.6s)  running={'LINEAR': 491, 'THEOREM': 310, 'HARD_NONLINEAR': 6, 'SOLVED_FMB': 22}
[830] order5big_6633: LINEAR (0.0s)  running={'LINEAR': 492, 'THEOREM': 310, 'HARD_NONLINEAR': 6, 'SOLVED_FMB': 22}
[831] order5big_6641: LINEAR (0.0s)  running={'LINEAR': 493, 'THEOREM': 310, 'HARD_NONLINEAR': 6, 'SOLVED_FMB': 22}
[832] order5big_6649: LINEAR (0.0s)  running={'LINEAR': 494, 'THEOREM': 310, 'HARD_NONLINEAR': 6, 'SOLVED_FMB': 22}
[833] order5big_6657: THEOREM (60.2s)  running={'LINEAR': 494, 'THEOREM': 311, 'HARD_NONLINEAR': 6, 'SOLVED_FMB': 22}
[834] order5big_6665: LINEAR (0.0s)  running={'LINEAR': 495, 'THEOREM': 311, 'HARD_NONLINEAR': 6, 'SOLVED_FMB': 22}
[835] order5big_6673: SOLVED_FMB (15.3s)  running={'LINEAR': 495, 'THEOREM': 311, 'HARD_NONLINEAR': 6, 'SOLVED_FMB': 23}
[836] order5big_6681: LINEAR (0.0s)  running={'LINEAR': 496, 'THEOREM': 311, 'HARD_NONLINEAR': 6, 'SOLVED_FMB': 23}
[837] order5big_6689: LINEAR (0.0s)  running={'LINEAR': 497, 'THEOREM': 311, 'HARD_NONLINEAR': 6, 'SOLVED_FMB': 23}
[838] order5big_6697: THEOREM (62.1s)  running={'LINEAR': 497, 'THEOREM': 312, 'HARD_NONLINEAR': 6, 'SOLVED_FMB': 23}
[839] order5big_6705: LINEAR (0.0s)  running={'LINEAR': 498, 'THEOREM': 312, 'HARD_NONLINEAR': 6, 'SOLVED_FMB': 23}
[840] order5big_6713: LINEAR (0.0s)  running={'LINEAR': 499, 'THEOREM': 312, 'HARD_NONLINEAR': 6, 'SOLVED_FMB': 23}
[841] order5big_6721: LINEAR (0.0s)  running={'LINEAR': 500, 'THEOREM': 312, 'HARD_NONLINEAR': 6, 'SOLVED_FMB': 23}
[842] order5big_6729: LINEAR (0.0s)  running={'LINEAR': 501, 'THEOREM': 312, 'HARD_NONLINEAR': 6, 'SOLVED_FMB': 23}
[843] order5big_6737: LINEAR (0.0s)  running={'LINEAR': 502, 'THEOREM': 312, 'HARD_NONLINEAR': 6, 'SOLVED_FMB': 23}
[844] order5big_6745: SOLVED_FMB (1.0s)  running={'LINEAR': 502, 'THEOREM': 312, 'HARD_NONLINEAR': 6, 'SOLVED_FMB': 24}
[845] order5big_6753: THEOREM (60.2s)  running={'LINEAR': 502, 'THEOREM': 313, 'HARD_NONLINEAR': 6, 'SOLVED_FMB': 24}
[846] order5big_6761: LINEAR (0.0s)  running={'LINEAR': 503, 'THEOREM': 313, 'HARD_NONLINEAR': 6, 'SOLVED_FMB': 24}
[847] order5big_6769: LINEAR (0.0s)  running={'LINEAR': 504, 'THEOREM': 313, 'HARD_NONLINEAR': 6, 'SOLVED_FMB': 24}
[848] order5big_6777: LINEAR (0.0s)  running={'LINEAR': 505, 'THEOREM': 313, 'HARD_NONLINEAR': 6, 'SOLVED_FMB': 24}
[849] order5big_6785: LINEAR (0.0s)  running={'LINEAR': 506, 'THEOREM': 313, 'HARD_NONLINEAR': 6, 'SOLVED_FMB': 24}
[850] order5big_6793: THEOREM (60.2s)  running={'LINEAR': 506, 'THEOREM': 314, 'HARD_NONLINEAR': 6, 'SOLVED_FMB': 24}
[851] order5big_6801: SOLVED_FMB (5.1s)  running={'LINEAR': 506, 'THEOREM': 314, 'HARD_NONLINEAR': 6, 'SOLVED_FMB': 25}
[852] order5big_6809: LINEAR (0.0s)  running={'LINEAR': 507, 'THEOREM': 314, 'HARD_NONLINEAR': 6, 'SOLVED_FMB': 25}
[853] order5big_6817: LINEAR (0.0s)  running={'LINEAR': 508, 'THEOREM': 314, 'HARD_NONLINEAR': 6, 'SOLVED_FMB': 25}
[854] order5big_6825: LINEAR (0.0s)  running={'LINEAR': 509, 'THEOREM': 314, 'HARD_NONLINEAR': 6, 'SOLVED_FMB': 25}
[855] order5big_6833: THEOREM (60.2s)  running={'LINEAR': 509, 'THEOREM': 315, 'HARD_NONLINEAR': 6, 'SOLVED_FMB': 25}
[856] order5big_6841: THEOREM (60.2s)  running={'LINEAR': 509, 'THEOREM': 316, 'HARD_NONLINEAR': 6, 'SOLVED_FMB': 25}
[857] order5big_6849: THEOREM (60.3s)  running={'LINEAR': 509, 'THEOREM': 317, 'HARD_NONLINEAR': 6, 'SOLVED_FMB': 25}
[858] order5big_6857: THEOREM (60.4s)  running={'LINEAR': 509, 'THEOREM': 318, 'HARD_NONLINEAR': 6, 'SOLVED_FMB': 25}
[859] order5big_6865: SOLVED_FMB (0.7s)  running={'LINEAR': 509, 'THEOREM': 318, 'HARD_NONLINEAR': 6, 'SOLVED_FMB': 26}
[860] order5big_6873: LINEAR (0.0s)  running={'LINEAR': 510, 'THEOREM': 318, 'HARD_NONLINEAR': 6, 'SOLVED_FMB': 26}
[861] order5big_6881: THEOREM (60.2s)  running={'LINEAR': 510, 'THEOREM': 319, 'HARD_NONLINEAR': 6, 'SOLVED_FMB': 26}
[862] order5big_6889: LINEAR (0.0s)  running={'LINEAR': 511, 'THEOREM': 319, 'HARD_NONLINEAR': 6, 'SOLVED_FMB': 26}
[863] order5big_6897: SOLVED_FMB (17.5s)  running={'LINEAR': 511, 'THEOREM': 319, 'HARD_NONLINEAR': 6, 'SOLVED_FMB': 27}
[864] order5big_6905: THEOREM (60.2s)  running={'LINEAR': 511, 'THEOREM': 320, 'HARD_NONLINEAR': 6, 'SOLVED_FMB': 27}
[865] order5big_6913: THEOREM (60.1s)  running={'LINEAR': 511, 'THEOREM': 321, 'HARD_NONLINEAR': 6, 'SOLVED_FMB': 27}
[866] order5big_6921: LINEAR (0.0s)  running={'LINEAR': 512, 'THEOREM': 321, 'HARD_NONLINEAR': 6, 'SOLVED_FMB': 27}
[867] order5big_6929: THEOREM (72.9s)  running={'LINEAR': 512, 'THEOREM': 322, 'HARD_NONLINEAR': 6, 'SOLVED_FMB': 27}
[868] order5big_6937: LINEAR (0.0s)  running={'LINEAR': 513, 'THEOREM': 322, 'HARD_NONLINEAR': 6, 'SOLVED_FMB': 27}
[869] order5big_6945: THEOREM (62.1s)  running={'LINEAR': 513, 'THEOREM': 323, 'HARD_NONLINEAR': 6, 'SOLVED_FMB': 27}
[870] order5big_6953: LINEAR (0.0s)  running={'LINEAR': 514, 'THEOREM': 323, 'HARD_NONLINEAR': 6, 'SOLVED_FMB': 27}
[871] order5big_6961: LINEAR (0.0s)  running={'LINEAR': 515, 'THEOREM': 323, 'HARD_NONLINEAR': 6, 'SOLVED_FMB': 27}
[872] order5big_6969: THEOREM (60.7s)  running={'LINEAR': 515, 'THEOREM': 324, 'HARD_NONLINEAR': 6, 'SOLVED_FMB': 27}
[873] order5big_6977: LINEAR (0.0s)  running={'LINEAR': 516, 'THEOREM': 324, 'HARD_NONLINEAR': 6, 'SOLVED_FMB': 27}
[874] order5big_6985: THEOREM (72.9s)  running={'LINEAR': 516, 'THEOREM': 325, 'HARD_NONLINEAR': 6, 'SOLVED_FMB': 27}
[875] order5big_6993: THEOREM (60.2s)  running={'LINEAR': 516, 'THEOREM': 326, 'HARD_NONLINEAR': 6, 'SOLVED_FMB': 27}
[876] order5big_7001: LINEAR (0.0s)  running={'LINEAR': 517, 'THEOREM': 326, 'HARD_NONLINEAR': 6, 'SOLVED_FMB': 27}
[877] order5big_7009: THEOREM (60.2s)  running={'LINEAR': 517, 'THEOREM': 327, 'HARD_NONLINEAR': 6, 'SOLVED_FMB': 27}
[878] order5big_7017: LINEAR (0.0s)  running={'LINEAR': 518, 'THEOREM': 327, 'HARD_NONLINEAR': 6, 'SOLVED_FMB': 27}
[879] order5big_7025: THEOREM (60.2s)  running={'LINEAR': 518, 'THEOREM': 328, 'HARD_NONLINEAR': 6, 'SOLVED_FMB': 27}
[880] order5big_7033: LINEAR (0.0s)  running={'LINEAR': 519, 'THEOREM': 328, 'HARD_NONLINEAR': 6, 'SOLVED_FMB': 27}
[881] order5big_7041: LINEAR (0.0s)  running={'LINEAR': 520, 'THEOREM': 328, 'HARD_NONLINEAR': 6, 'SOLVED_FMB': 27}
[882] order5big_7049: LINEAR (0.0s)  running={'LINEAR': 521, 'THEOREM': 328, 'HARD_NONLINEAR': 6, 'SOLVED_FMB': 27}
[883] order5big_7057: THEOREM (60.2s)  running={'LINEAR': 521, 'THEOREM': 329, 'HARD_NONLINEAR': 6, 'SOLVED_FMB': 27}
[884] order5big_7065: THEOREM (8.1s)  running={'LINEAR': 521, 'THEOREM': 330, 'HARD_NONLINEAR': 6, 'SOLVED_FMB': 27}
[885] order5big_7073: THEOREM (61.3s)  running={'LINEAR': 521, 'THEOREM': 331, 'HARD_NONLINEAR': 6, 'SOLVED_FMB': 27}
[886] order5big_7081: LINEAR (0.0s)  running={'LINEAR': 522, 'THEOREM': 331, 'HARD_NONLINEAR': 6, 'SOLVED_FMB': 27}
[887] order5big_7089: LINEAR (0.0s)  running={'LINEAR': 523, 'THEOREM': 331, 'HARD_NONLINEAR': 6, 'SOLVED_FMB': 27}
[888] order5big_7097: LINEAR (0.0s)  running={'LINEAR': 524, 'THEOREM': 331, 'HARD_NONLINEAR': 6, 'SOLVED_FMB': 27}
[889] order5big_7105: THEOREM (60.6s)  running={'LINEAR': 524, 'THEOREM': 332, 'HARD_NONLINEAR': 6, 'SOLVED_FMB': 27}
[890] order5big_7113: THEOREM (77.3s)  running={'LINEAR': 524, 'THEOREM': 333, 'HARD_NONLINEAR': 6, 'SOLVED_FMB': 27}
[891] order5big_7121: LINEAR (0.0s)  running={'LINEAR': 525, 'THEOREM': 333, 'HARD_NONLINEAR': 6, 'SOLVED_FMB': 27}
[892] order5big_7129: LINEAR (0.0s)  running={'LINEAR': 526, 'THEOREM': 333, 'HARD_NONLINEAR': 6, 'SOLVED_FMB': 27}
[893] order5big_7137: LINEAR (0.0s)  running={'LINEAR': 527, 'THEOREM': 333, 'HARD_NONLINEAR': 6, 'SOLVED_FMB': 27}
[894] order5big_7145: THEOREM (60.5s)  running={'LINEAR': 527, 'THEOREM': 334, 'HARD_NONLINEAR': 6, 'SOLVED_FMB': 27}
[895] order5big_7153: THEOREM (60.4s)  running={'LINEAR': 527, 'THEOREM': 335, 'HARD_NONLINEAR': 6, 'SOLVED_FMB': 27}
[896] order5big_7161: THEOREM (60.2s)  running={'LINEAR': 527, 'THEOREM': 336, 'HARD_NONLINEAR': 6, 'SOLVED_FMB': 27}
[897] order5big_7169: THEOREM (60.4s)  running={'LINEAR': 527, 'THEOREM': 337, 'HARD_NONLINEAR': 6, 'SOLVED_FMB': 27}
[898] order5big_7177: THEOREM (71.9s)  running={'LINEAR': 527, 'THEOREM': 338, 'HARD_NONLINEAR': 6, 'SOLVED_FMB': 27}
[899] order5big_7185: LINEAR (0.0s)  running={'LINEAR': 528, 'THEOREM': 338, 'HARD_NONLINEAR': 6, 'SOLVED_FMB': 27}
[900] order5big_7193: THEOREM (60.4s)  running={'LINEAR': 528, 'THEOREM': 339, 'HARD_NONLINEAR': 6, 'SOLVED_FMB': 27}
[901] order5big_7201: LINEAR (0.0s)  running={'LINEAR': 529, 'THEOREM': 339, 'HARD_NONLINEAR': 6, 'SOLVED_FMB': 27}
[902] order5big_7209: THEOREM (60.1s)  running={'LINEAR': 529, 'THEOREM': 340, 'HARD_NONLINEAR': 6, 'SOLVED_FMB': 27}
[903] order5big_7217: LINEAR (0.0s)  running={'LINEAR': 530, 'THEOREM': 340, 'HARD_NONLINEAR': 6, 'SOLVED_FMB': 27}
[904] order5big_7225: LINEAR (0.0s)  running={'LINEAR': 531, 'THEOREM': 340, 'HARD_NONLINEAR': 6, 'SOLVED_FMB': 27}
[905] order5big_7233: THEOREM (60.2s)  running={'LINEAR': 531, 'THEOREM': 341, 'HARD_NONLINEAR': 6, 'SOLVED_FMB': 27}
[906] order5big_7241: LINEAR (0.0s)  running={'LINEAR': 532, 'THEOREM': 341, 'HARD_NONLINEAR': 6, 'SOLVED_FMB': 27}
[907] order5big_7249: LINEAR (0.0s)  running={'LINEAR': 533, 'THEOREM': 341, 'HARD_NONLINEAR': 6, 'SOLVED_FMB': 27}
[908] order5big_7257: THEOREM (60.9s)  running={'LINEAR': 533, 'THEOREM': 342, 'HARD_NONLINEAR': 6, 'SOLVED_FMB': 27}
[909] order5big_7265: LINEAR (0.0s)  running={'LINEAR': 534, 'THEOREM': 342, 'HARD_NONLINEAR': 6, 'SOLVED_FMB': 27}
[910] order5big_7273: LINEAR (0.0s)  running={'LINEAR': 535, 'THEOREM': 342, 'HARD_NONLINEAR': 6, 'SOLVED_FMB': 27}
[911] order5big_7281: LINEAR (0.0s)  running={'LINEAR': 536, 'THEOREM': 342, 'HARD_NONLINEAR': 6, 'SOLVED_FMB': 27}
[912] order5big_7289: THEOREM (60.6s)  running={'LINEAR': 536, 'THEOREM': 343, 'HARD_NONLINEAR': 6, 'SOLVED_FMB': 27}
[913] order5big_7297: THEOREM (61.3s)  running={'LINEAR': 536, 'THEOREM': 344, 'HARD_NONLINEAR': 6, 'SOLVED_FMB': 27}
[914] order5big_7305: THEOREM (60.2s)  running={'LINEAR': 536, 'THEOREM': 345, 'HARD_NONLINEAR': 6, 'SOLVED_FMB': 27}
[915] order5big_7313: THEOREM (1.1s)  running={'LINEAR': 536, 'THEOREM': 346, 'HARD_NONLINEAR': 6, 'SOLVED_FMB': 27}
[916] order5big_7321: SOLVED_FMB (6.1s)  running={'LINEAR': 536, 'THEOREM': 346, 'HARD_NONLINEAR': 6, 'SOLVED_FMB': 28}
[917] order5big_7329: LINEAR (0.0s)  running={'LINEAR': 537, 'THEOREM': 346, 'HARD_NONLINEAR': 6, 'SOLVED_FMB': 28}
[918] order5big_7337: THEOREM (61.3s)  running={'LINEAR': 537, 'THEOREM': 347, 'HARD_NONLINEAR': 6, 'SOLVED_FMB': 28}
[919] order5big_7345: LINEAR (0.0s)  running={'LINEAR': 538, 'THEOREM': 347, 'HARD_NONLINEAR': 6, 'SOLVED_FMB': 28}
[920] order5big_7353: LINEAR (0.0s)  running={'LINEAR': 539, 'THEOREM': 347, 'HARD_NONLINEAR': 6, 'SOLVED_FMB': 28}
[921] order5big_7361: THEOREM (3.1s)  running={'LINEAR': 539, 'THEOREM': 348, 'HARD_NONLINEAR': 6, 'SOLVED_FMB': 28}
[922] order5big_7369: LINEAR (0.0s)  running={'LINEAR': 540, 'THEOREM': 348, 'HARD_NONLINEAR': 6, 'SOLVED_FMB': 28}
[923] order5big_7377: THEOREM (60.5s)  running={'LINEAR': 540, 'THEOREM': 349, 'HARD_NONLINEAR': 6, 'SOLVED_FMB': 28}
[924] order5big_7385: LINEAR (0.0s)  running={'LINEAR': 541, 'THEOREM': 349, 'HARD_NONLINEAR': 6, 'SOLVED_FMB': 28}
[925] order5big_7393: LINEAR (0.0s)  running={'LINEAR': 542, 'THEOREM': 349, 'HARD_NONLINEAR': 6, 'SOLVED_FMB': 28}
[926] order5big_7401: THEOREM (1.5s)  running={'LINEAR': 542, 'THEOREM': 350, 'HARD_NONLINEAR': 6, 'SOLVED_FMB': 28}
[927] order5big_7409: LINEAR (0.0s)  running={'LINEAR': 543, 'THEOREM': 350, 'HARD_NONLINEAR': 6, 'SOLVED_FMB': 28}
[928] order5big_7417: THEOREM (61.2s)  running={'LINEAR': 543, 'THEOREM': 351, 'HARD_NONLINEAR': 6, 'SOLVED_FMB': 28}
[929] order5big_7425: THEOREM (60.2s)  running={'LINEAR': 543, 'THEOREM': 352, 'HARD_NONLINEAR': 6, 'SOLVED_FMB': 28}
[930] order5big_7433: LINEAR (0.0s)  running={'LINEAR': 544, 'THEOREM': 352, 'HARD_NONLINEAR': 6, 'SOLVED_FMB': 28}
[931] order5big_7441: LINEAR (0.0s)  running={'LINEAR': 545, 'THEOREM': 352, 'HARD_NONLINEAR': 6, 'SOLVED_FMB': 28}
[932] order5big_7449: LINEAR (0.0s)  running={'LINEAR': 546, 'THEOREM': 352, 'HARD_NONLINEAR': 6, 'SOLVED_FMB': 28}
[933] order5big_7457: LINEAR (0.0s)  running={'LINEAR': 547, 'THEOREM': 352, 'HARD_NONLINEAR': 6, 'SOLVED_FMB': 28}
[934] order5big_7465: LINEAR (0.0s)  running={'LINEAR': 548, 'THEOREM': 352, 'HARD_NONLINEAR': 6, 'SOLVED_FMB': 28}
[935] order5big_7473: THEOREM (61.3s)  running={'LINEAR': 548, 'THEOREM': 353, 'HARD_NONLINEAR': 6, 'SOLVED_FMB': 28}
[936] order5big_7481: LINEAR (0.0s)  running={'LINEAR': 549, 'THEOREM': 353, 'HARD_NONLINEAR': 6, 'SOLVED_FMB': 28}
[937] order5big_7489: THEOREM (60.2s)  running={'LINEAR': 549, 'THEOREM': 354, 'HARD_NONLINEAR': 6, 'SOLVED_FMB': 28}
[938] order5big_7497: LINEAR (0.0s)  running={'LINEAR': 550, 'THEOREM': 354, 'HARD_NONLINEAR': 6, 'SOLVED_FMB': 28}
[939] order5big_7505: LINEAR (0.0s)  running={'LINEAR': 551, 'THEOREM': 354, 'HARD_NONLINEAR': 6, 'SOLVED_FMB': 28}
[940] order5big_7513: LINEAR (0.0s)  running={'LINEAR': 552, 'THEOREM': 354, 'HARD_NONLINEAR': 6, 'SOLVED_FMB': 28}
[941] order5big_7521: LINEAR (0.0s)  running={'LINEAR': 553, 'THEOREM': 354, 'HARD_NONLINEAR': 6, 'SOLVED_FMB': 28}
[942] order5big_7529: LINEAR (0.0s)  running={'LINEAR': 554, 'THEOREM': 354, 'HARD_NONLINEAR': 6, 'SOLVED_FMB': 28}
[943] order5big_7537: LINEAR (0.0s)  running={'LINEAR': 555, 'THEOREM': 354, 'HARD_NONLINEAR': 6, 'SOLVED_FMB': 28}
[944] order5big_7545: LINEAR (0.0s)  running={'LINEAR': 556, 'THEOREM': 354, 'HARD_NONLINEAR': 6, 'SOLVED_FMB': 28}
[945] order5big_7553: LINEAR (0.0s)  running={'LINEAR': 557, 'THEOREM': 354, 'HARD_NONLINEAR': 6, 'SOLVED_FMB': 28}
[946] order5big_7561: THEOREM (60.2s)  running={'LINEAR': 557, 'THEOREM': 355, 'HARD_NONLINEAR': 6, 'SOLVED_FMB': 28}
[947] order5big_7569: THEOREM (60.3s)  running={'LINEAR': 557, 'THEOREM': 356, 'HARD_NONLINEAR': 6, 'SOLVED_FMB': 28}
[948] order5big_7577: LINEAR (0.0s)  running={'LINEAR': 558, 'THEOREM': 356, 'HARD_NONLINEAR': 6, 'SOLVED_FMB': 28}
[949] order5big_7585: THEOREM (60.3s)  running={'LINEAR': 558, 'THEOREM': 357, 'HARD_NONLINEAR': 6, 'SOLVED_FMB': 28}
[950] order5big_7593: LINEAR (0.0s)  running={'LINEAR': 559, 'THEOREM': 357, 'HARD_NONLINEAR': 6, 'SOLVED_FMB': 28}
[951] order5big_7601: LINEAR (0.0s)  running={'LINEAR': 560, 'THEOREM': 357, 'HARD_NONLINEAR': 6, 'SOLVED_FMB': 28}
[952] order5big_7609: LINEAR (0.0s)  running={'LINEAR': 561, 'THEOREM': 357, 'HARD_NONLINEAR': 6, 'SOLVED_FMB': 28}
[953] order5big_7617: LINEAR (0.0s)  running={'LINEAR': 562, 'THEOREM': 357, 'HARD_NONLINEAR': 6, 'SOLVED_FMB': 28}
[954] order5big_7625: LINEAR (0.0s)  running={'LINEAR': 563, 'THEOREM': 357, 'HARD_NONLINEAR': 6, 'SOLVED_FMB': 28}
[955] order5big_7633: THEOREM (60.2s)  running={'LINEAR': 563, 'THEOREM': 358, 'HARD_NONLINEAR': 6, 'SOLVED_FMB': 28}
[956] order5big_7641: LINEAR (0.0s)  running={'LINEAR': 564, 'THEOREM': 358, 'HARD_NONLINEAR': 6, 'SOLVED_FMB': 28}
[957] order5big_7649: THEOREM (60.2s)  running={'LINEAR': 564, 'THEOREM': 359, 'HARD_NONLINEAR': 6, 'SOLVED_FMB': 28}
[958] order5big_7657: LINEAR (0.0s)  running={'LINEAR': 565, 'THEOREM': 359, 'HARD_NONLINEAR': 6, 'SOLVED_FMB': 28}
[959] order5big_7665: LINEAR (0.0s)  running={'LINEAR': 566, 'THEOREM': 359, 'HARD_NONLINEAR': 6, 'SOLVED_FMB': 28}
[960] order5big_7673: LINEAR (0.0s)  running={'LINEAR': 567, 'THEOREM': 359, 'HARD_NONLINEAR': 6, 'SOLVED_FMB': 28}
[961] order5big_7681: LINEAR (0.0s)  running={'LINEAR': 568, 'THEOREM': 359, 'HARD_NONLINEAR': 6, 'SOLVED_FMB': 28}
[962] order5big_7689: LINEAR (0.0s)  running={'LINEAR': 569, 'THEOREM': 359, 'HARD_NONLINEAR': 6, 'SOLVED_FMB': 28}
[963] order5big_7697: THEOREM (60.2s)  running={'LINEAR': 569, 'THEOREM': 360, 'HARD_NONLINEAR': 6, 'SOLVED_FMB': 28}
[964] order5big_7705: LINEAR (0.0s)  running={'LINEAR': 570, 'THEOREM': 360, 'HARD_NONLINEAR': 6, 'SOLVED_FMB': 28}
[965] order5big_7713: LINEAR (0.0s)  running={'LINEAR': 571, 'THEOREM': 360, 'HARD_NONLINEAR': 6, 'SOLVED_FMB': 28}
[966] order5big_7721: LINEAR (0.0s)  running={'LINEAR': 572, 'THEOREM': 360, 'HARD_NONLINEAR': 6, 'SOLVED_FMB': 28}
[967] order5big_7729: THEOREM (60.2s)  running={'LINEAR': 572, 'THEOREM': 361, 'HARD_NONLINEAR': 6, 'SOLVED_FMB': 28}
[968] order5big_7737: LINEAR (0.0s)  running={'LINEAR': 573, 'THEOREM': 361, 'HARD_NONLINEAR': 6, 'SOLVED_FMB': 28}
[969] order5big_7745: THEOREM (60.5s)  running={'LINEAR': 573, 'THEOREM': 362, 'HARD_NONLINEAR': 6, 'SOLVED_FMB': 28}
[970] order5big_7753: LINEAR (0.0s)  running={'LINEAR': 574, 'THEOREM': 362, 'HARD_NONLINEAR': 6, 'SOLVED_FMB': 28}
[971] order5big_7761: LINEAR (0.0s)  running={'LINEAR': 575, 'THEOREM': 362, 'HARD_NONLINEAR': 6, 'SOLVED_FMB': 28}
[972] order5big_7769: LINEAR (0.0s)  running={'LINEAR': 576, 'THEOREM': 362, 'HARD_NONLINEAR': 6, 'SOLVED_FMB': 28}
[973] order5big_7777: THEOREM (60.2s)  running={'LINEAR': 576, 'THEOREM': 363, 'HARD_NONLINEAR': 6, 'SOLVED_FMB': 28}
[974] order5big_7785: THEOREM (67.3s)  running={'LINEAR': 576, 'THEOREM': 364, 'HARD_NONLINEAR': 6, 'SOLVED_FMB': 28}
[975] order5big_7793: THEOREM (60.2s)  running={'LINEAR': 576, 'THEOREM': 365, 'HARD_NONLINEAR': 6, 'SOLVED_FMB': 28}
[976] order5big_7801: LINEAR (0.0s)  running={'LINEAR': 577, 'THEOREM': 365, 'HARD_NONLINEAR': 6, 'SOLVED_FMB': 28}
[977] order5big_7809: THEOREM (60.4s)  running={'LINEAR': 577, 'THEOREM': 366, 'HARD_NONLINEAR': 6, 'SOLVED_FMB': 28}
[978] order5big_7817: LINEAR (0.0s)  running={'LINEAR': 578, 'THEOREM': 366, 'HARD_NONLINEAR': 6, 'SOLVED_FMB': 28}
[979] order5big_7825: THEOREM (61.1s)  running={'LINEAR': 578, 'THEOREM': 367, 'HARD_NONLINEAR': 6, 'SOLVED_FMB': 28}
[980] order5big_7833: LINEAR (0.0s)  running={'LINEAR': 579, 'THEOREM': 367, 'HARD_NONLINEAR': 6, 'SOLVED_FMB': 28}
[981] order5big_7841: THEOREM (60.3s)  running={'LINEAR': 579, 'THEOREM': 368, 'HARD_NONLINEAR': 6, 'SOLVED_FMB': 28}
[982] order5big_7849: LINEAR (0.0s)  running={'LINEAR': 580, 'THEOREM': 368, 'HARD_NONLINEAR': 6, 'SOLVED_FMB': 28}
[983] order5big_7857: THEOREM (60.2s)  running={'LINEAR': 580, 'THEOREM': 369, 'HARD_NONLINEAR': 6, 'SOLVED_FMB': 28}
[984] order5big_7865: THEOREM (72.0s)  running={'LINEAR': 580, 'THEOREM': 370, 'HARD_NONLINEAR': 6, 'SOLVED_FMB': 28}
[985] order5big_7873: SOLVED_FMB (12.2s)  running={'LINEAR': 580, 'THEOREM': 370, 'HARD_NONLINEAR': 6, 'SOLVED_FMB': 29}
[986] order5big_7881: LINEAR (0.0s)  running={'LINEAR': 581, 'THEOREM': 370, 'HARD_NONLINEAR': 6, 'SOLVED_FMB': 29}
[987] order5big_7889: LINEAR (0.0s)  running={'LINEAR': 582, 'THEOREM': 370, 'HARD_NONLINEAR': 6, 'SOLVED_FMB': 29}
[988] order5big_7897: LINEAR (0.0s)  running={'LINEAR': 583, 'THEOREM': 370, 'HARD_NONLINEAR': 6, 'SOLVED_FMB': 29}
[989] order5big_7905: LINEAR (0.0s)  running={'LINEAR': 584, 'THEOREM': 370, 'HARD_NONLINEAR': 6, 'SOLVED_FMB': 29}
[990] order5big_7913: LINEAR (0.0s)  running={'LINEAR': 585, 'THEOREM': 370, 'HARD_NONLINEAR': 6, 'SOLVED_FMB': 29}
[991] order5big_7921: LINEAR (0.0s)  running={'LINEAR': 586, 'THEOREM': 370, 'HARD_NONLINEAR': 6, 'SOLVED_FMB': 29}
[992] order5big_7929: LINEAR (0.0s)  running={'LINEAR': 587, 'THEOREM': 370, 'HARD_NONLINEAR': 6, 'SOLVED_FMB': 29}
[993] order5big_7937: THEOREM (60.6s)  running={'LINEAR': 587, 'THEOREM': 371, 'HARD_NONLINEAR': 6, 'SOLVED_FMB': 29}
[994] order5big_7945: LINEAR (0.0s)  running={'LINEAR': 588, 'THEOREM': 371, 'HARD_NONLINEAR': 6, 'SOLVED_FMB': 29}
[995] order5big_7953: LINEAR (0.0s)  running={'LINEAR': 589, 'THEOREM': 371, 'HARD_NONLINEAR': 6, 'SOLVED_FMB': 29}
[996] order5big_7961: LINEAR (0.0s)  running={'LINEAR': 590, 'THEOREM': 371, 'HARD_NONLINEAR': 6, 'SOLVED_FMB': 29}
[997] order5big_7969: LINEAR (0.0s)  running={'LINEAR': 591, 'THEOREM': 371, 'HARD_NONLINEAR': 6, 'SOLVED_FMB': 29}
[998] order5big_7977: SOLVED_FMB (1.5s)  running={'LINEAR': 591, 'THEOREM': 371, 'HARD_NONLINEAR': 6, 'SOLVED_FMB': 30}
[999] order5big_7985: THEOREM (60.2s)  running={'LINEAR': 591, 'THEOREM': 372, 'HARD_NONLINEAR': 6, 'SOLVED_FMB': 30}
[1000] order5big_7993: LINEAR (0.0s)  running={'LINEAR': 592, 'THEOREM': 372, 'HARD_NONLINEAR': 6, 'SOLVED_FMB': 30}
[1001] order5big_8001: THEOREM (60.1s)  running={'LINEAR': 592, 'THEOREM': 373, 'HARD_NONLINEAR': 6, 'SOLVED_FMB': 30}
[1002] order5big_8009: THEOREM (60.2s)  running={'LINEAR': 592, 'THEOREM': 374, 'HARD_NONLINEAR': 6, 'SOLVED_FMB': 30}
[1003] order5big_8017: LINEAR (0.0s)  running={'LINEAR': 593, 'THEOREM': 374, 'HARD_NONLINEAR': 6, 'SOLVED_FMB': 30}
[1004] order5big_8025: THEOREM (60.2s)  running={'LINEAR': 593, 'THEOREM': 375, 'HARD_NONLINEAR': 6, 'SOLVED_FMB': 30}
[1005] order5big_8033: LINEAR (0.0s)  running={'LINEAR': 594, 'THEOREM': 375, 'HARD_NONLINEAR': 6, 'SOLVED_FMB': 30}
[1006] order5big_8041: THEOREM (61.9s)  running={'LINEAR': 594, 'THEOREM': 376, 'HARD_NONLINEAR': 6, 'SOLVED_FMB': 30}
[1007] order5big_8049: THEOREM (60.2s)  running={'LINEAR': 594, 'THEOREM': 377, 'HARD_NONLINEAR': 6, 'SOLVED_FMB': 30}
[1008] order5big_8057: LINEAR (0.0s)  running={'LINEAR': 595, 'THEOREM': 377, 'HARD_NONLINEAR': 6, 'SOLVED_FMB': 30}
[1009] order5big_8065: LINEAR (0.0s)  running={'LINEAR': 596, 'THEOREM': 377, 'HARD_NONLINEAR': 6, 'SOLVED_FMB': 30}
[1010] order5big_8073: LINEAR (0.0s)  running={'LINEAR': 597, 'THEOREM': 377, 'HARD_NONLINEAR': 6, 'SOLVED_FMB': 30}
[1011] order5big_8081: LINEAR (0.0s)  running={'LINEAR': 598, 'THEOREM': 377, 'HARD_NONLINEAR': 6, 'SOLVED_FMB': 30}
[1012] order5big_8089: LINEAR (0.0s)  running={'LINEAR': 599, 'THEOREM': 377, 'HARD_NONLINEAR': 6, 'SOLVED_FMB': 30}
[1013] order5big_8097: LINEAR (0.0s)  running={'LINEAR': 600, 'THEOREM': 377, 'HARD_NONLINEAR': 6, 'SOLVED_FMB': 30}
[1014] order5big_8105: LINEAR (0.0s)  running={'LINEAR': 601, 'THEOREM': 377, 'HARD_NONLINEAR': 6, 'SOLVED_FMB': 30}
[1015] order5big_8113: LINEAR (0.0s)  running={'LINEAR': 602, 'THEOREM': 377, 'HARD_NONLINEAR': 6, 'SOLVED_FMB': 30}
[1016] order5big_8121: LINEAR (0.0s)  running={'LINEAR': 603, 'THEOREM': 377, 'HARD_NONLINEAR': 6, 'SOLVED_FMB': 30}
[1017] order5big_8129: THEOREM (60.2s)  running={'LINEAR': 603, 'THEOREM': 378, 'HARD_NONLINEAR': 6, 'SOLVED_FMB': 30}
[1018] order5big_8137: LINEAR (0.0s)  running={'LINEAR': 604, 'THEOREM': 378, 'HARD_NONLINEAR': 6, 'SOLVED_FMB': 30}
[1019] order5big_8145: THEOREM (60.1s)  running={'LINEAR': 604, 'THEOREM': 379, 'HARD_NONLINEAR': 6, 'SOLVED_FMB': 30}
[1020] order5big_8153: LINEAR (0.0s)  running={'LINEAR': 605, 'THEOREM': 379, 'HARD_NONLINEAR': 6, 'SOLVED_FMB': 30}
[1021] order5big_8161: THEOREM (60.1s)  running={'LINEAR': 605, 'THEOREM': 380, 'HARD_NONLINEAR': 6, 'SOLVED_FMB': 30}
[1022] order5big_8169: THEOREM (60.2s)  running={'LINEAR': 605, 'THEOREM': 381, 'HARD_NONLINEAR': 6, 'SOLVED_FMB': 30}
[1023] order5big_8177: LINEAR (0.0s)  running={'LINEAR': 606, 'THEOREM': 381, 'HARD_NONLINEAR': 6, 'SOLVED_FMB': 30}
[1024] order5big_8185: LINEAR (0.0s)  running={'LINEAR': 607, 'THEOREM': 381, 'HARD_NONLINEAR': 6, 'SOLVED_FMB': 30}
[1025] order5big_8193: LINEAR (0.0s)  running={'LINEAR': 608, 'THEOREM': 381, 'HARD_NONLINEAR': 6, 'SOLVED_FMB': 30}
[1026] order5big_8201: THEOREM (60.7s)  running={'LINEAR': 608, 'THEOREM': 382, 'HARD_NONLINEAR': 6, 'SOLVED_FMB': 30}
[1027] order5big_8209: THEOREM (60.2s)  running={'LINEAR': 608, 'THEOREM': 383, 'HARD_NONLINEAR': 6, 'SOLVED_FMB': 30}
[1028] order5big_8217: LINEAR (0.0s)  running={'LINEAR': 609, 'THEOREM': 383, 'HARD_NONLINEAR': 6, 'SOLVED_FMB': 30}
[1029] order5big_8225: LINEAR (0.0s)  running={'LINEAR': 610, 'THEOREM': 383, 'HARD_NONLINEAR': 6, 'SOLVED_FMB': 30}
[1030] order5big_8233: LINEAR (0.0s)  running={'LINEAR': 611, 'THEOREM': 383, 'HARD_NONLINEAR': 6, 'SOLVED_FMB': 30}
[1031] order5big_8241: LINEAR (0.0s)  running={'LINEAR': 612, 'THEOREM': 383, 'HARD_NONLINEAR': 6, 'SOLVED_FMB': 30}
[1032] order5big_8249: LINEAR (0.0s)  running={'LINEAR': 613, 'THEOREM': 383, 'HARD_NONLINEAR': 6, 'SOLVED_FMB': 30}
[1033] order5big_8257: LINEAR (0.0s)  running={'LINEAR': 614, 'THEOREM': 383, 'HARD_NONLINEAR': 6, 'SOLVED_FMB': 30}
[1034] order5big_8265: THEOREM (63.5s)  running={'LINEAR': 614, 'THEOREM': 384, 'HARD_NONLINEAR': 6, 'SOLVED_FMB': 30}
[1035] order5big_8273: LINEAR (0.0s)  running={'LINEAR': 615, 'THEOREM': 384, 'HARD_NONLINEAR': 6, 'SOLVED_FMB': 30}
[1036] order5big_8281: THEOREM (60.2s)  running={'LINEAR': 615, 'THEOREM': 385, 'HARD_NONLINEAR': 6, 'SOLVED_FMB': 30}
[1037] order5big_8289: LINEAR (0.0s)  running={'LINEAR': 616, 'THEOREM': 385, 'HARD_NONLINEAR': 6, 'SOLVED_FMB': 30}
[1038] order5big_8297: THEOREM (60.2s)  running={'LINEAR': 616, 'THEOREM': 386, 'HARD_NONLINEAR': 6, 'SOLVED_FMB': 30}
[1039] order5big_8305: LINEAR (0.0s)  running={'LINEAR': 617, 'THEOREM': 386, 'HARD_NONLINEAR': 6, 'SOLVED_FMB': 30}
[1040] order5big_8313: LINEAR (0.0s)  running={'LINEAR': 618, 'THEOREM': 386, 'HARD_NONLINEAR': 6, 'SOLVED_FMB': 30}
[1041] order5big_8321: LINEAR (0.0s)  running={'LINEAR': 619, 'THEOREM': 386, 'HARD_NONLINEAR': 6, 'SOLVED_FMB': 30}
[1042] order5big_8329: LINEAR (0.0s)  running={'LINEAR': 620, 'THEOREM': 386, 'HARD_NONLINEAR': 6, 'SOLVED_FMB': 30}
[1043] order5big_8337: LINEAR (0.0s)  running={'LINEAR': 621, 'THEOREM': 386, 'HARD_NONLINEAR': 6, 'SOLVED_FMB': 30}
[1044] order5big_8345: LINEAR (0.0s)  running={'LINEAR': 622, 'THEOREM': 386, 'HARD_NONLINEAR': 6, 'SOLVED_FMB': 30}
[1045] order5big_8353: LINEAR (0.0s)  running={'LINEAR': 623, 'THEOREM': 386, 'HARD_NONLINEAR': 6, 'SOLVED_FMB': 30}
[1046] order5big_8361: THEOREM (65.4s)  running={'LINEAR': 623, 'THEOREM': 387, 'HARD_NONLINEAR': 6, 'SOLVED_FMB': 30}
[1047] order5big_8369: THEOREM (72.9s)  running={'LINEAR': 623, 'THEOREM': 388, 'HARD_NONLINEAR': 6, 'SOLVED_FMB': 30}
[1048] order5big_8377: LINEAR (0.0s)  running={'LINEAR': 624, 'THEOREM': 388, 'HARD_NONLINEAR': 6, 'SOLVED_FMB': 30}
[1049] order5big_8385: THEOREM (60.2s)  running={'LINEAR': 624, 'THEOREM': 389, 'HARD_NONLINEAR': 6, 'SOLVED_FMB': 30}
[1050] order5big_8393: THEOREM (60.2s)  running={'LINEAR': 624, 'THEOREM': 390, 'HARD_NONLINEAR': 6, 'SOLVED_FMB': 30}
[1051] order5big_8401: LINEAR (0.0s)  running={'LINEAR': 625, 'THEOREM': 390, 'HARD_NONLINEAR': 6, 'SOLVED_FMB': 30}
[1052] order5big_8409: THEOREM (60.8s)  running={'LINEAR': 625, 'THEOREM': 391, 'HARD_NONLINEAR': 6, 'SOLVED_FMB': 30}
[1053] order5big_8417: THEOREM (61.1s)  running={'LINEAR': 625, 'THEOREM': 392, 'HARD_NONLINEAR': 6, 'SOLVED_FMB': 30}
[1054] order5big_8425: THEOREM (60.5s)  running={'LINEAR': 625, 'THEOREM': 393, 'HARD_NONLINEAR': 6, 'SOLVED_FMB': 30}
[1055] order5big_8433: SOLVED_FMB (0.1s)  running={'LINEAR': 625, 'THEOREM': 393, 'HARD_NONLINEAR': 6, 'SOLVED_FMB': 31}
[1056] order5big_8441: THEOREM (10.5s)  running={'LINEAR': 625, 'THEOREM': 394, 'HARD_NONLINEAR': 6, 'SOLVED_FMB': 31}
[1057] order5big_8449: LINEAR (0.0s)  running={'LINEAR': 626, 'THEOREM': 394, 'HARD_NONLINEAR': 6, 'SOLVED_FMB': 31}
[1058] order5big_8457: LINEAR (0.0s)  running={'LINEAR': 627, 'THEOREM': 394, 'HARD_NONLINEAR': 6, 'SOLVED_FMB': 31}
[1059] order5big_8465: LINEAR (0.0s)  running={'LINEAR': 628, 'THEOREM': 394, 'HARD_NONLINEAR': 6, 'SOLVED_FMB': 31}
[1060] order5big_8473: LINEAR (0.0s)  running={'LINEAR': 629, 'THEOREM': 394, 'HARD_NONLINEAR': 6, 'SOLVED_FMB': 31}
[1061] order5big_8481: THEOREM (61.3s)  running={'LINEAR': 629, 'THEOREM': 395, 'HARD_NONLINEAR': 6, 'SOLVED_FMB': 31}
[1062] order5big_8489: LINEAR (0.0s)  running={'LINEAR': 630, 'THEOREM': 395, 'HARD_NONLINEAR': 6, 'SOLVED_FMB': 31}
[1063] order5big_8497: LINEAR (0.0s)  running={'LINEAR': 631, 'THEOREM': 395, 'HARD_NONLINEAR': 6, 'SOLVED_FMB': 31}
[1064] order5big_8505: LINEAR (0.0s)  running={'LINEAR': 632, 'THEOREM': 395, 'HARD_NONLINEAR': 6, 'SOLVED_FMB': 31}
[1065] order5big_8513: THEOREM (60.3s)  running={'LINEAR': 632, 'THEOREM': 396, 'HARD_NONLINEAR': 6, 'SOLVED_FMB': 31}
[1066] order5big_8521: THEOREM (60.2s)  running={'LINEAR': 632, 'THEOREM': 397, 'HARD_NONLINEAR': 6, 'SOLVED_FMB': 31}
[1067] order5big_8529: LINEAR (0.0s)  running={'LINEAR': 633, 'THEOREM': 397, 'HARD_NONLINEAR': 6, 'SOLVED_FMB': 31}
[1068] order5big_8537: LINEAR (0.0s)  running={'LINEAR': 634, 'THEOREM': 397, 'HARD_NONLINEAR': 6, 'SOLVED_FMB': 31}
[1069] order5big_8545: THEOREM (60.2s)  running={'LINEAR': 634, 'THEOREM': 398, 'HARD_NONLINEAR': 6, 'SOLVED_FMB': 31}
[1070] order5big_8553: LINEAR (0.0s)  running={'LINEAR': 635, 'THEOREM': 398, 'HARD_NONLINEAR': 6, 'SOLVED_FMB': 31}
[1071] order5big_8561: LINEAR (0.0s)  running={'LINEAR': 636, 'THEOREM': 398, 'HARD_NONLINEAR': 6, 'SOLVED_FMB': 31}
[1072] order5big_8569: THEOREM (60.2s)  running={'LINEAR': 636, 'THEOREM': 399, 'HARD_NONLINEAR': 6, 'SOLVED_FMB': 31}
[1073] order5big_8577: LINEAR (0.0s)  running={'LINEAR': 637, 'THEOREM': 399, 'HARD_NONLINEAR': 6, 'SOLVED_FMB': 31}
[1074] order5big_8585: LINEAR (0.0s)  running={'LINEAR': 638, 'THEOREM': 399, 'HARD_NONLINEAR': 6, 'SOLVED_FMB': 31}
[1075] order5big_8593: LINEAR (0.0s)  running={'LINEAR': 639, 'THEOREM': 399, 'HARD_NONLINEAR': 6, 'SOLVED_FMB': 31}
[1076] order5big_8601: LINEAR (0.0s)  running={'LINEAR': 640, 'THEOREM': 399, 'HARD_NONLINEAR': 6, 'SOLVED_FMB': 31}
[1077] order5big_8609: LINEAR (0.0s)  running={'LINEAR': 641, 'THEOREM': 399, 'HARD_NONLINEAR': 6, 'SOLVED_FMB': 31}
[1078] order5big_8617: LINEAR (0.0s)  running={'LINEAR': 642, 'THEOREM': 399, 'HARD_NONLINEAR': 6, 'SOLVED_FMB': 31}
[1079] order5big_8625: THEOREM (60.5s)  running={'LINEAR': 642, 'THEOREM': 400, 'HARD_NONLINEAR': 6, 'SOLVED_FMB': 31}
[1080] order5big_8633: LINEAR (0.0s)  running={'LINEAR': 643, 'THEOREM': 400, 'HARD_NONLINEAR': 6, 'SOLVED_FMB': 31}
[1081] order5big_8641: LINEAR (0.0s)  running={'LINEAR': 644, 'THEOREM': 400, 'HARD_NONLINEAR': 6, 'SOLVED_FMB': 31}
[1082] order5big_8649: LINEAR (0.0s)  running={'LINEAR': 645, 'THEOREM': 400, 'HARD_NONLINEAR': 6, 'SOLVED_FMB': 31}
[1083] order5big_8657: LINEAR (0.0s)  running={'LINEAR': 646, 'THEOREM': 400, 'HARD_NONLINEAR': 6, 'SOLVED_FMB': 31}
[1084] order5big_8665: LINEAR (0.0s)  running={'LINEAR': 647, 'THEOREM': 400, 'HARD_NONLINEAR': 6, 'SOLVED_FMB': 31}
[1085] order5big_8673: LINEAR (0.0s)  running={'LINEAR': 648, 'THEOREM': 400, 'HARD_NONLINEAR': 6, 'SOLVED_FMB': 31}
[1086] order5big_8681: THEOREM (60.3s)  running={'LINEAR': 648, 'THEOREM': 401, 'HARD_NONLINEAR': 6, 'SOLVED_FMB': 31}
[1087] order5big_8689: LINEAR (0.0s)  running={'LINEAR': 649, 'THEOREM': 401, 'HARD_NONLINEAR': 6, 'SOLVED_FMB': 31}
[1088] order5big_8697: LINEAR (0.0s)  running={'LINEAR': 650, 'THEOREM': 401, 'HARD_NONLINEAR': 6, 'SOLVED_FMB': 31}
[1089] order5big_8705: THEOREM (64.7s)  running={'LINEAR': 650, 'THEOREM': 402, 'HARD_NONLINEAR': 6, 'SOLVED_FMB': 31}
[1090] order5big_8713: LINEAR (0.0s)  running={'LINEAR': 651, 'THEOREM': 402, 'HARD_NONLINEAR': 6, 'SOLVED_FMB': 31}
[1091] order5big_8721: LINEAR (0.0s)  running={'LINEAR': 652, 'THEOREM': 402, 'HARD_NONLINEAR': 6, 'SOLVED_FMB': 31}
[1092] order5big_8729: LINEAR (0.0s)  running={'LINEAR': 653, 'THEOREM': 402, 'HARD_NONLINEAR': 6, 'SOLVED_FMB': 31}
[1093] order5big_8737: THEOREM (61.2s)  running={'LINEAR': 653, 'THEOREM': 403, 'HARD_NONLINEAR': 6, 'SOLVED_FMB': 31}
[1094] order5big_8745: THEOREM (60.2s)  running={'LINEAR': 653, 'THEOREM': 404, 'HARD_NONLINEAR': 6, 'SOLVED_FMB': 31}
[1095] order5big_8753: THEOREM (3.9s)  running={'LINEAR': 653, 'THEOREM': 405, 'HARD_NONLINEAR': 6, 'SOLVED_FMB': 31}
[1096] order5big_8761: LINEAR (0.0s)  running={'LINEAR': 654, 'THEOREM': 405, 'HARD_NONLINEAR': 6, 'SOLVED_FMB': 31}
[1097] order5big_8769: LINEAR (0.0s)  running={'LINEAR': 655, 'THEOREM': 405, 'HARD_NONLINEAR': 6, 'SOLVED_FMB': 31}
[1098] order5big_8777: LINEAR (0.0s)  running={'LINEAR': 656, 'THEOREM': 405, 'HARD_NONLINEAR': 6, 'SOLVED_FMB': 31}
[1099] order5big_8785: LINEAR (0.0s)  running={'LINEAR': 657, 'THEOREM': 405, 'HARD_NONLINEAR': 6, 'SOLVED_FMB': 31}
[1100] order5big_8793: LINEAR (0.0s)  running={'LINEAR': 658, 'THEOREM': 405, 'HARD_NONLINEAR': 6, 'SOLVED_FMB': 31}
[1101] order5big_8801: THEOREM (60.2s)  running={'LINEAR': 658, 'THEOREM': 406, 'HARD_NONLINEAR': 6, 'SOLVED_FMB': 31}
[1102] order5big_8809: THEOREM (60.2s)  running={'LINEAR': 658, 'THEOREM': 407, 'HARD_NONLINEAR': 6, 'SOLVED_FMB': 31}
[1103] order5big_8817: LINEAR (0.0s)  running={'LINEAR': 659, 'THEOREM': 407, 'HARD_NONLINEAR': 6, 'SOLVED_FMB': 31}
[1104] order5big_8825: LINEAR (0.0s)  running={'LINEAR': 660, 'THEOREM': 407, 'HARD_NONLINEAR': 6, 'SOLVED_FMB': 31}
[1105] order5big_8833: LINEAR (0.0s)  running={'LINEAR': 661, 'THEOREM': 407, 'HARD_NONLINEAR': 6, 'SOLVED_FMB': 31}
[1106] order5big_8841: THEOREM (60.2s)  running={'LINEAR': 661, 'THEOREM': 408, 'HARD_NONLINEAR': 6, 'SOLVED_FMB': 31}
[1107] order5big_8849: THEOREM (60.6s)  running={'LINEAR': 661, 'THEOREM': 409, 'HARD_NONLINEAR': 6, 'SOLVED_FMB': 31}
[1108] order5big_8857: LINEAR (0.0s)  running={'LINEAR': 662, 'THEOREM': 409, 'HARD_NONLINEAR': 6, 'SOLVED_FMB': 31}
[1109] order5big_8865: LINEAR (0.0s)  running={'LINEAR': 663, 'THEOREM': 409, 'HARD_NONLINEAR': 6, 'SOLVED_FMB': 31}
[1110] order5big_8873: LINEAR (0.0s)  running={'LINEAR': 664, 'THEOREM': 409, 'HARD_NONLINEAR': 6, 'SOLVED_FMB': 31}
[1111] order5big_8881: LINEAR (0.0s)  running={'LINEAR': 665, 'THEOREM': 409, 'HARD_NONLINEAR': 6, 'SOLVED_FMB': 31}
[1112] order5big_8889: THEOREM (60.2s)  running={'LINEAR': 665, 'THEOREM': 410, 'HARD_NONLINEAR': 6, 'SOLVED_FMB': 31}
[1113] order5big_8897: THEOREM (61.3s)  running={'LINEAR': 665, 'THEOREM': 411, 'HARD_NONLINEAR': 6, 'SOLVED_FMB': 31}
[1114] order5big_8905: LINEAR (0.0s)  running={'LINEAR': 666, 'THEOREM': 411, 'HARD_NONLINEAR': 6, 'SOLVED_FMB': 31}
[1115] order5big_8913: LINEAR (0.0s)  running={'LINEAR': 667, 'THEOREM': 411, 'HARD_NONLINEAR': 6, 'SOLVED_FMB': 31}
[1116] order5big_8921: LINEAR (0.0s)  running={'LINEAR': 668, 'THEOREM': 411, 'HARD_NONLINEAR': 6, 'SOLVED_FMB': 31}
[1117] order5big_8929: THEOREM (60.7s)  running={'LINEAR': 668, 'THEOREM': 412, 'HARD_NONLINEAR': 6, 'SOLVED_FMB': 31}
[1118] order5big_8937: LINEAR (0.0s)  running={'LINEAR': 669, 'THEOREM': 412, 'HARD_NONLINEAR': 6, 'SOLVED_FMB': 31}
[1119] order5big_8945: LINEAR (0.0s)  running={'LINEAR': 670, 'THEOREM': 412, 'HARD_NONLINEAR': 6, 'SOLVED_FMB': 31}
[1120] order5big_8953: LINEAR (0.0s)  running={'LINEAR': 671, 'THEOREM': 412, 'HARD_NONLINEAR': 6, 'SOLVED_FMB': 31}
[1121] order5big_8961: LINEAR (0.0s)  running={'LINEAR': 672, 'THEOREM': 412, 'HARD_NONLINEAR': 6, 'SOLVED_FMB': 31}
[1122] order5big_8969: LINEAR (0.0s)  running={'LINEAR': 673, 'THEOREM': 412, 'HARD_NONLINEAR': 6, 'SOLVED_FMB': 31}
[1123] order5big_8977: LINEAR (0.0s)  running={'LINEAR': 674, 'THEOREM': 412, 'HARD_NONLINEAR': 6, 'SOLVED_FMB': 31}
[1124] order5big_8985: THEOREM (60.2s)  running={'LINEAR': 674, 'THEOREM': 413, 'HARD_NONLINEAR': 6, 'SOLVED_FMB': 31}
[1125] order5big_8993: THEOREM (60.1s)  running={'LINEAR': 674, 'THEOREM': 414, 'HARD_NONLINEAR': 6, 'SOLVED_FMB': 31}
[1126] order5big_9001: THEOREM (60.2s)  running={'LINEAR': 674, 'THEOREM': 415, 'HARD_NONLINEAR': 6, 'SOLVED_FMB': 31}
[1127] order5big_9009: LINEAR (0.0s)  running={'LINEAR': 675, 'THEOREM': 415, 'HARD_NONLINEAR': 6, 'SOLVED_FMB': 31}
[1128] order5big_9017: THEOREM (60.3s)  running={'LINEAR': 675, 'THEOREM': 416, 'HARD_NONLINEAR': 6, 'SOLVED_FMB': 31}
[1129] order5big_9025: LINEAR (0.0s)  running={'LINEAR': 676, 'THEOREM': 416, 'HARD_NONLINEAR': 6, 'SOLVED_FMB': 31}
[1130] order5big_9033: LINEAR (0.0s)  running={'LINEAR': 677, 'THEOREM': 416, 'HARD_NONLINEAR': 6, 'SOLVED_FMB': 31}
[1131] order5big_9041: LINEAR (0.0s)  running={'LINEAR': 678, 'THEOREM': 416, 'HARD_NONLINEAR': 6, 'SOLVED_FMB': 31}
[1132] order5big_9049: THEOREM (60.2s)  running={'LINEAR': 678, 'THEOREM': 417, 'HARD_NONLINEAR': 6, 'SOLVED_FMB': 31}
[1133] order5big_9057: LINEAR (0.0s)  running={'LINEAR': 679, 'THEOREM': 417, 'HARD_NONLINEAR': 6, 'SOLVED_FMB': 31}
[1134] order5big_9065: LINEAR (0.0s)  running={'LINEAR': 680, 'THEOREM': 417, 'HARD_NONLINEAR': 6, 'SOLVED_FMB': 31}
[1135] order5big_9073: THEOREM (60.2s)  running={'LINEAR': 680, 'THEOREM': 418, 'HARD_NONLINEAR': 6, 'SOLVED_FMB': 31}
[1136] order5big_9081: THEOREM (60.4s)  running={'LINEAR': 680, 'THEOREM': 419, 'HARD_NONLINEAR': 6, 'SOLVED_FMB': 31}
[1137] order5big_9089: LINEAR (0.0s)  running={'LINEAR': 681, 'THEOREM': 419, 'HARD_NONLINEAR': 6, 'SOLVED_FMB': 31}
[1138] order5big_9097: THEOREM (60.2s)  running={'LINEAR': 681, 'THEOREM': 420, 'HARD_NONLINEAR': 6, 'SOLVED_FMB': 31}
[1139] order5big_9105: LINEAR (0.0s)  running={'LINEAR': 682, 'THEOREM': 420, 'HARD_NONLINEAR': 6, 'SOLVED_FMB': 31}
[1140] order5big_9113: LINEAR (0.0s)  running={'LINEAR': 683, 'THEOREM': 420, 'HARD_NONLINEAR': 6, 'SOLVED_FMB': 31}
[1141] order5big_9121: LINEAR (0.0s)  running={'LINEAR': 684, 'THEOREM': 420, 'HARD_NONLINEAR': 6, 'SOLVED_FMB': 31}
[1142] order5big_9129: LINEAR (0.0s)  running={'LINEAR': 685, 'THEOREM': 420, 'HARD_NONLINEAR': 6, 'SOLVED_FMB': 31}
[1143] order5big_9137: LINEAR (0.0s)  running={'LINEAR': 686, 'THEOREM': 420, 'HARD_NONLINEAR': 6, 'SOLVED_FMB': 31}
[1144] order5big_9145: LINEAR (0.0s)  running={'LINEAR': 687, 'THEOREM': 420, 'HARD_NONLINEAR': 6, 'SOLVED_FMB': 31}
[1145] order5big_9153: THEOREM (60.2s)  running={'LINEAR': 687, 'THEOREM': 421, 'HARD_NONLINEAR': 6, 'SOLVED_FMB': 31}
[1146] order5big_9161: LINEAR (0.0s)  running={'LINEAR': 688, 'THEOREM': 421, 'HARD_NONLINEAR': 6, 'SOLVED_FMB': 31}
[1147] order5big_9169: LINEAR (0.1s)  running={'LINEAR': 689, 'THEOREM': 421, 'HARD_NONLINEAR': 6, 'SOLVED_FMB': 31}
[1148] order5big_9177: LINEAR (0.0s)  running={'LINEAR': 690, 'THEOREM': 421, 'HARD_NONLINEAR': 6, 'SOLVED_FMB': 31}
[1149] order5big_9185: THEOREM (60.4s)  running={'LINEAR': 690, 'THEOREM': 422, 'HARD_NONLINEAR': 6, 'SOLVED_FMB': 31}
[1150] order5big_9193: LINEAR (0.0s)  running={'LINEAR': 691, 'THEOREM': 422, 'HARD_NONLINEAR': 6, 'SOLVED_FMB': 31}
[1151] order5big_9201: THEOREM (60.2s)  running={'LINEAR': 691, 'THEOREM': 423, 'HARD_NONLINEAR': 6, 'SOLVED_FMB': 31}
[1152] order5big_9209: LINEAR (0.0s)  running={'LINEAR': 692, 'THEOREM': 423, 'HARD_NONLINEAR': 6, 'SOLVED_FMB': 31}
[1153] order5big_9217: THEOREM (62.1s)  running={'LINEAR': 692, 'THEOREM': 424, 'HARD_NONLINEAR': 6, 'SOLVED_FMB': 31}
[1154] order5big_9225: THEOREM (60.6s)  running={'LINEAR': 692, 'THEOREM': 425, 'HARD_NONLINEAR': 6, 'SOLVED_FMB': 31}
[1155] order5big_9233: THEOREM (60.3s)  running={'LINEAR': 692, 'THEOREM': 426, 'HARD_NONLINEAR': 6, 'SOLVED_FMB': 31}
[1156] order5big_9241: THEOREM (60.2s)  running={'LINEAR': 692, 'THEOREM': 427, 'HARD_NONLINEAR': 6, 'SOLVED_FMB': 31}
[1157] order5big_9249: THEOREM (60.7s)  running={'LINEAR': 692, 'THEOREM': 428, 'HARD_NONLINEAR': 6, 'SOLVED_FMB': 31}
[1158] order5big_9257: LINEAR (0.0s)  running={'LINEAR': 693, 'THEOREM': 428, 'HARD_NONLINEAR': 6, 'SOLVED_FMB': 31}
[1159] order5big_9265: THEOREM (64.8s)  running={'LINEAR': 693, 'THEOREM': 429, 'HARD_NONLINEAR': 6, 'SOLVED_FMB': 31}
[1160] order5big_9273: HARD_NONLINEAR (120.1s)  running={'LINEAR': 693, 'THEOREM': 429, 'HARD_NONLINEAR': 7, 'SOLVED_FMB': 31}
[1161] order5big_9281: LINEAR (0.0s)  running={'LINEAR': 694, 'THEOREM': 429, 'HARD_NONLINEAR': 7, 'SOLVED_FMB': 31}
[1162] order5big_9289: THEOREM (60.2s)  running={'LINEAR': 694, 'THEOREM': 430, 'HARD_NONLINEAR': 7, 'SOLVED_FMB': 31}
[1163] order5big_9297: LINEAR (0.0s)  running={'LINEAR': 695, 'THEOREM': 430, 'HARD_NONLINEAR': 7, 'SOLVED_FMB': 31}
[1164] order5big_9305: THEOREM (60.2s)  running={'LINEAR': 695, 'THEOREM': 431, 'HARD_NONLINEAR': 7, 'SOLVED_FMB': 31}
[1165] order5big_9313: LINEAR (0.0s)  running={'LINEAR': 696, 'THEOREM': 431, 'HARD_NONLINEAR': 7, 'SOLVED_FMB': 31}
[1166] order5big_9321: SOLVED_FMB (11.9s)  running={'LINEAR': 696, 'THEOREM': 431, 'HARD_NONLINEAR': 7, 'SOLVED_FMB': 32}
[1167] order5big_9329: LINEAR (0.0s)  running={'LINEAR': 697, 'THEOREM': 431, 'HARD_NONLINEAR': 7, 'SOLVED_FMB': 32}
[1168] order5big_9337: LINEAR (0.0s)  running={'LINEAR': 698, 'THEOREM': 431, 'HARD_NONLINEAR': 7, 'SOLVED_FMB': 32}
[1169] order5big_9345: LINEAR (0.0s)  running={'LINEAR': 699, 'THEOREM': 431, 'HARD_NONLINEAR': 7, 'SOLVED_FMB': 32}
[1170] order5big_9353: SOLVED_FMB (0.1s)  running={'LINEAR': 699, 'THEOREM': 431, 'HARD_NONLINEAR': 7, 'SOLVED_FMB': 33}
[1171] order5big_9361: LINEAR (0.0s)  running={'LINEAR': 700, 'THEOREM': 431, 'HARD_NONLINEAR': 7, 'SOLVED_FMB': 33}
[1172] order5big_9369: LINEAR (0.0s)  running={'LINEAR': 701, 'THEOREM': 431, 'HARD_NONLINEAR': 7, 'SOLVED_FMB': 33}
[1173] order5big_9377: THEOREM (62.1s)  running={'LINEAR': 701, 'THEOREM': 432, 'HARD_NONLINEAR': 7, 'SOLVED_FMB': 33}
[1174] order5big_9385: SOLVED_FMB (0.2s)  running={'LINEAR': 701, 'THEOREM': 432, 'HARD_NONLINEAR': 7, 'SOLVED_FMB': 34}
[1175] order5big_9393: LINEAR (0.0s)  running={'LINEAR': 702, 'THEOREM': 432, 'HARD_NONLINEAR': 7, 'SOLVED_FMB': 34}
[1176] order5big_9401: LINEAR (0.0s)  running={'LINEAR': 703, 'THEOREM': 432, 'HARD_NONLINEAR': 7, 'SOLVED_FMB': 34}
[1177] order5big_9409: LINEAR (0.0s)  running={'LINEAR': 704, 'THEOREM': 432, 'HARD_NONLINEAR': 7, 'SOLVED_FMB': 34}
[1178] order5big_9417: LINEAR (0.0s)  running={'LINEAR': 705, 'THEOREM': 432, 'HARD_NONLINEAR': 7, 'SOLVED_FMB': 34}
[1179] order5big_9425: HARD_NONLINEAR (120.0s)  running={'LINEAR': 705, 'THEOREM': 432, 'HARD_NONLINEAR': 8, 'SOLVED_FMB': 34}
[1180] order5big_9433: LINEAR (0.0s)  running={'LINEAR': 706, 'THEOREM': 432, 'HARD_NONLINEAR': 8, 'SOLVED_FMB': 34}
[1181] order5big_9441: LINEAR (0.0s)  running={'LINEAR': 707, 'THEOREM': 432, 'HARD_NONLINEAR': 8, 'SOLVED_FMB': 34}
[1182] order5big_9449: LINEAR (0.0s)  running={'LINEAR': 708, 'THEOREM': 432, 'HARD_NONLINEAR': 8, 'SOLVED_FMB': 34}
[1183] order5big_9457: LINEAR (0.0s)  running={'LINEAR': 709, 'THEOREM': 432, 'HARD_NONLINEAR': 8, 'SOLVED_FMB': 34}
[1184] order5big_9465: LINEAR (0.0s)  running={'LINEAR': 710, 'THEOREM': 432, 'HARD_NONLINEAR': 8, 'SOLVED_FMB': 34}
[1185] order5big_9473: LINEAR (0.0s)  running={'LINEAR': 711, 'THEOREM': 432, 'HARD_NONLINEAR': 8, 'SOLVED_FMB': 34}
[1186] order5big_9481: LINEAR (0.0s)  running={'LINEAR': 712, 'THEOREM': 432, 'HARD_NONLINEAR': 8, 'SOLVED_FMB': 34}
[1187] order5big_9489: LINEAR (0.0s)  running={'LINEAR': 713, 'THEOREM': 432, 'HARD_NONLINEAR': 8, 'SOLVED_FMB': 34}
[1188] order5big_9497: LINEAR (0.0s)  running={'LINEAR': 714, 'THEOREM': 432, 'HARD_NONLINEAR': 8, 'SOLVED_FMB': 34}
[1189] order5big_9505: LINEAR (0.0s)  running={'LINEAR': 715, 'THEOREM': 432, 'HARD_NONLINEAR': 8, 'SOLVED_FMB': 34}
[1190] order5big_9513: THEOREM (60.2s)  running={'LINEAR': 715, 'THEOREM': 433, 'HARD_NONLINEAR': 8, 'SOLVED_FMB': 34}
[1191] order5big_9521: LINEAR (0.0s)  running={'LINEAR': 716, 'THEOREM': 433, 'HARD_NONLINEAR': 8, 'SOLVED_FMB': 34}
[1192] order5big_9529: THEOREM (60.2s)  running={'LINEAR': 716, 'THEOREM': 434, 'HARD_NONLINEAR': 8, 'SOLVED_FMB': 34}
[1193] order5big_9537: LINEAR (0.0s)  running={'LINEAR': 717, 'THEOREM': 434, 'HARD_NONLINEAR': 8, 'SOLVED_FMB': 34}
[1194] order5big_9545: LINEAR (0.0s)  running={'LINEAR': 718, 'THEOREM': 434, 'HARD_NONLINEAR': 8, 'SOLVED_FMB': 34}
[1195] order5big_9553: THEOREM (60.2s)  running={'LINEAR': 718, 'THEOREM': 435, 'HARD_NONLINEAR': 8, 'SOLVED_FMB': 34}
[1196] order5big_9561: THEOREM (72.1s)  running={'LINEAR': 718, 'THEOREM': 436, 'HARD_NONLINEAR': 8, 'SOLVED_FMB': 34}
[1197] order5big_9569: LINEAR (0.0s)  running={'LINEAR': 719, 'THEOREM': 436, 'HARD_NONLINEAR': 8, 'SOLVED_FMB': 34}
[1198] order5big_9577: THEOREM (60.2s)  running={'LINEAR': 719, 'THEOREM': 437, 'HARD_NONLINEAR': 8, 'SOLVED_FMB': 34}
[1199] order5big_9585: LINEAR (0.0s)  running={'LINEAR': 720, 'THEOREM': 437, 'HARD_NONLINEAR': 8, 'SOLVED_FMB': 34}
[1200] order5big_9593: THEOREM (60.2s)  running={'LINEAR': 720, 'THEOREM': 438, 'HARD_NONLINEAR': 8, 'SOLVED_FMB': 34}
[1201] order5big_9601: LINEAR (0.0s)  running={'LINEAR': 721, 'THEOREM': 438, 'HARD_NONLINEAR': 8, 'SOLVED_FMB': 34}
[1202] order5big_9609: LINEAR (0.0s)  running={'LINEAR': 722, 'THEOREM': 438, 'HARD_NONLINEAR': 8, 'SOLVED_FMB': 34}
[1203] order5big_9617: THEOREM (60.2s)  running={'LINEAR': 722, 'THEOREM': 439, 'HARD_NONLINEAR': 8, 'SOLVED_FMB': 34}
[1204] order5big_9625: THEOREM (60.2s)  running={'LINEAR': 722, 'THEOREM': 440, 'HARD_NONLINEAR': 8, 'SOLVED_FMB': 34}
[1205] order5big_9633: THEOREM (60.3s)  running={'LINEAR': 722, 'THEOREM': 441, 'HARD_NONLINEAR': 8, 'SOLVED_FMB': 34}
[1206] order5big_9641: LINEAR (0.0s)  running={'LINEAR': 723, 'THEOREM': 441, 'HARD_NONLINEAR': 8, 'SOLVED_FMB': 34}
[1207] order5big_9649: LINEAR (0.0s)  running={'LINEAR': 724, 'THEOREM': 441, 'HARD_NONLINEAR': 8, 'SOLVED_FMB': 34}
[1208] order5big_9657: LINEAR (0.0s)  running={'LINEAR': 725, 'THEOREM': 441, 'HARD_NONLINEAR': 8, 'SOLVED_FMB': 34}
[1209] order5big_9665: THEOREM (60.6s)  running={'LINEAR': 725, 'THEOREM': 442, 'HARD_NONLINEAR': 8, 'SOLVED_FMB': 34}
[1210] order5big_9673: SOLVED_FMB (12.7s)  running={'LINEAR': 725, 'THEOREM': 442, 'HARD_NONLINEAR': 8, 'SOLVED_FMB': 35}
[1211] order5big_9681: LINEAR (0.0s)  running={'LINEAR': 726, 'THEOREM': 442, 'HARD_NONLINEAR': 8, 'SOLVED_FMB': 35}
[1212] order5big_9689: LINEAR (0.0s)  running={'LINEAR': 727, 'THEOREM': 442, 'HARD_NONLINEAR': 8, 'SOLVED_FMB': 35}
[1213] order5big_9697: THEOREM (60.6s)  running={'LINEAR': 727, 'THEOREM': 443, 'HARD_NONLINEAR': 8, 'SOLVED_FMB': 35}
[1214] order5big_9705: LINEAR (0.0s)  running={'LINEAR': 728, 'THEOREM': 443, 'HARD_NONLINEAR': 8, 'SOLVED_FMB': 35}
[1215] order5big_9713: THEOREM (60.4s)  running={'LINEAR': 728, 'THEOREM': 444, 'HARD_NONLINEAR': 8, 'SOLVED_FMB': 35}
[1216] order5big_9721: THEOREM (60.2s)  running={'LINEAR': 728, 'THEOREM': 445, 'HARD_NONLINEAR': 8, 'SOLVED_FMB': 35}
[1217] order5big_9729: LINEAR (0.0s)  running={'LINEAR': 729, 'THEOREM': 445, 'HARD_NONLINEAR': 8, 'SOLVED_FMB': 35}
[1218] order5big_9737: LINEAR (0.0s)  running={'LINEAR': 730, 'THEOREM': 445, 'HARD_NONLINEAR': 8, 'SOLVED_FMB': 35}
[1219] order5big_9745: THEOREM (1.0s)  running={'LINEAR': 730, 'THEOREM': 446, 'HARD_NONLINEAR': 8, 'SOLVED_FMB': 35}
[1220] order5big_9753: THEOREM (60.3s)  running={'LINEAR': 730, 'THEOREM': 447, 'HARD_NONLINEAR': 8, 'SOLVED_FMB': 35}
[1221] order5big_9761: LINEAR (0.0s)  running={'LINEAR': 731, 'THEOREM': 447, 'HARD_NONLINEAR': 8, 'SOLVED_FMB': 35}
[1222] order5big_9769: LINEAR (0.0s)  running={'LINEAR': 732, 'THEOREM': 447, 'HARD_NONLINEAR': 8, 'SOLVED_FMB': 35}
[1223] order5big_9777: LINEAR (0.0s)  running={'LINEAR': 733, 'THEOREM': 447, 'HARD_NONLINEAR': 8, 'SOLVED_FMB': 35}
[1224] order5big_9785: THEOREM (60.2s)  running={'LINEAR': 733, 'THEOREM': 448, 'HARD_NONLINEAR': 8, 'SOLVED_FMB': 35}
[1225] order5big_9793: LINEAR (0.0s)  running={'LINEAR': 734, 'THEOREM': 448, 'HARD_NONLINEAR': 8, 'SOLVED_FMB': 35}
[1226] order5big_9801: LINEAR (0.0s)  running={'LINEAR': 735, 'THEOREM': 448, 'HARD_NONLINEAR': 8, 'SOLVED_FMB': 35}
[1227] order5big_9809: LINEAR (0.0s)  running={'LINEAR': 736, 'THEOREM': 448, 'HARD_NONLINEAR': 8, 'SOLVED_FMB': 35}
[1228] order5big_9817: LINEAR (0.0s)  running={'LINEAR': 737, 'THEOREM': 448, 'HARD_NONLINEAR': 8, 'SOLVED_FMB': 35}
[1229] order5big_9825: LINEAR (0.0s)  running={'LINEAR': 738, 'THEOREM': 448, 'HARD_NONLINEAR': 8, 'SOLVED_FMB': 35}
[1230] order5big_9833: LINEAR (0.0s)  running={'LINEAR': 739, 'THEOREM': 448, 'HARD_NONLINEAR': 8, 'SOLVED_FMB': 35}
[1231] order5big_9841: LINEAR (0.0s)  running={'LINEAR': 740, 'THEOREM': 448, 'HARD_NONLINEAR': 8, 'SOLVED_FMB': 35}
[1232] order5big_9849: THEOREM (60.3s)  running={'LINEAR': 740, 'THEOREM': 449, 'HARD_NONLINEAR': 8, 'SOLVED_FMB': 35}
[1233] order5big_9857: LINEAR (0.0s)  running={'LINEAR': 741, 'THEOREM': 449, 'HARD_NONLINEAR': 8, 'SOLVED_FMB': 35}
[1234] order5big_9865: THEOREM (60.2s)  running={'LINEAR': 741, 'THEOREM': 450, 'HARD_NONLINEAR': 8, 'SOLVED_FMB': 35}
[1235] order5big_9873: LINEAR (0.0s)  running={'LINEAR': 742, 'THEOREM': 450, 'HARD_NONLINEAR': 8, 'SOLVED_FMB': 35}
[1236] order5big_9881: LINEAR (0.0s)  running={'LINEAR': 743, 'THEOREM': 450, 'HARD_NONLINEAR': 8, 'SOLVED_FMB': 35}
[1237] order5big_9889: LINEAR (0.0s)  running={'LINEAR': 744, 'THEOREM': 450, 'HARD_NONLINEAR': 8, 'SOLVED_FMB': 35}
[1238] order5big_9897: LINEAR (0.0s)  running={'LINEAR': 745, 'THEOREM': 450, 'HARD_NONLINEAR': 8, 'SOLVED_FMB': 35}
[1239] order5big_9905: LINEAR (0.0s)  running={'LINEAR': 746, 'THEOREM': 450, 'HARD_NONLINEAR': 8, 'SOLVED_FMB': 35}
[1240] order5big_9913: LINEAR (0.0s)  running={'LINEAR': 747, 'THEOREM': 450, 'HARD_NONLINEAR': 8, 'SOLVED_FMB': 35}
[1241] order5big_9921: THEOREM (61.3s)  running={'LINEAR': 747, 'THEOREM': 451, 'HARD_NONLINEAR': 8, 'SOLVED_FMB': 35}
[1242] order5big_9929: LINEAR (0.0s)  running={'LINEAR': 748, 'THEOREM': 451, 'HARD_NONLINEAR': 8, 'SOLVED_FMB': 35}
[1243] order5big_9937: THEOREM (61.2s)  running={'LINEAR': 748, 'THEOREM': 452, 'HARD_NONLINEAR': 8, 'SOLVED_FMB': 35}
[1244] order5big_9945: LINEAR (0.0s)  running={'LINEAR': 749, 'THEOREM': 452, 'HARD_NONLINEAR': 8, 'SOLVED_FMB': 35}
[1245] order5big_9953: LINEAR (0.0s)  running={'LINEAR': 750, 'THEOREM': 452, 'HARD_NONLINEAR': 8, 'SOLVED_FMB': 35}
[1246] order5big_9961: LINEAR (0.0s)  running={'LINEAR': 751, 'THEOREM': 452, 'HARD_NONLINEAR': 8, 'SOLVED_FMB': 35}
[1247] order5big_9969: THEOREM (60.2s)  running={'LINEAR': 751, 'THEOREM': 453, 'HARD_NONLINEAR': 8, 'SOLVED_FMB': 35}
[1248] order5big_9977: THEOREM (60.2s)  running={'LINEAR': 751, 'THEOREM': 454, 'HARD_NONLINEAR': 8, 'SOLVED_FMB': 35}
[1249] order5big_9985: LINEAR (0.0s)  running={'LINEAR': 752, 'THEOREM': 454, 'HARD_NONLINEAR': 8, 'SOLVED_FMB': 35}
[1250] order5big_9993: LINEAR (0.0s)  running={'LINEAR': 753, 'THEOREM': 454, 'HARD_NONLINEAR': 8, 'SOLVED_FMB': 35}
[1251] order5big_10001: THEOREM (60.2s)  running={'LINEAR': 753, 'THEOREM': 455, 'HARD_NONLINEAR': 8, 'SOLVED_FMB': 35}
[1252] order5big_10009: THEOREM (60.5s)  running={'LINEAR': 753, 'THEOREM': 456, 'HARD_NONLINEAR': 8, 'SOLVED_FMB': 35}
[1253] order5big_10017: LINEAR (0.0s)  running={'LINEAR': 754, 'THEOREM': 456, 'HARD_NONLINEAR': 8, 'SOLVED_FMB': 35}
[1254] order5big_10025: LINEAR (0.0s)  running={'LINEAR': 755, 'THEOREM': 456, 'HARD_NONLINEAR': 8, 'SOLVED_FMB': 35}
[1255] order5big_10033: LINEAR (0.0s)  running={'LINEAR': 756, 'THEOREM': 456, 'HARD_NONLINEAR': 8, 'SOLVED_FMB': 35}
[1256] order5big_10041: THEOREM (60.5s)  running={'LINEAR': 756, 'THEOREM': 457, 'HARD_NONLINEAR': 8, 'SOLVED_FMB': 35}
[1257] order5big_10049: LINEAR (0.0s)  running={'LINEAR': 757, 'THEOREM': 457, 'HARD_NONLINEAR': 8, 'SOLVED_FMB': 35}
[1258] order5big_10057: LINEAR (0.0s)  running={'LINEAR': 758, 'THEOREM': 457, 'HARD_NONLINEAR': 8, 'SOLVED_FMB': 35}
[1259] order5big_10065: LINEAR (0.0s)  running={'LINEAR': 759, 'THEOREM': 457, 'HARD_NONLINEAR': 8, 'SOLVED_FMB': 35}
[1260] order5big_10073: SOLVED_FMB (12.7s)  running={'LINEAR': 759, 'THEOREM': 457, 'HARD_NONLINEAR': 8, 'SOLVED_FMB': 36}
[1261] order5big_10081: LINEAR (0.0s)  running={'LINEAR': 760, 'THEOREM': 457, 'HARD_NONLINEAR': 8, 'SOLVED_FMB': 36}
[1262] order5big_10089: LINEAR (0.0s)  running={'LINEAR': 761, 'THEOREM': 457, 'HARD_NONLINEAR': 8, 'SOLVED_FMB': 36}
[1263] order5big_10097: LINEAR (0.0s)  running={'LINEAR': 762, 'THEOREM': 457, 'HARD_NONLINEAR': 8, 'SOLVED_FMB': 36}
[1264] order5big_10105: LINEAR (0.0s)  running={'LINEAR': 763, 'THEOREM': 457, 'HARD_NONLINEAR': 8, 'SOLVED_FMB': 36}
[1265] order5big_10113: LINEAR (0.0s)  running={'LINEAR': 764, 'THEOREM': 457, 'HARD_NONLINEAR': 8, 'SOLVED_FMB': 36}
[1266] order5big_10121: THEOREM (60.3s)  running={'LINEAR': 764, 'THEOREM': 458, 'HARD_NONLINEAR': 8, 'SOLVED_FMB': 36}
[1267] order5big_10129: LINEAR (0.0s)  running={'LINEAR': 765, 'THEOREM': 458, 'HARD_NONLINEAR': 8, 'SOLVED_FMB': 36}
[1268] order5big_10137: THEOREM (60.2s)  running={'LINEAR': 765, 'THEOREM': 459, 'HARD_NONLINEAR': 8, 'SOLVED_FMB': 36}
[1269] order5big_10145: THEOREM (60.3s)  running={'LINEAR': 765, 'THEOREM': 460, 'HARD_NONLINEAR': 8, 'SOLVED_FMB': 36}
[1270] order5big_10153: LINEAR (0.0s)  running={'LINEAR': 766, 'THEOREM': 460, 'HARD_NONLINEAR': 8, 'SOLVED_FMB': 36}
[1271] order5big_10161: LINEAR (0.0s)  running={'LINEAR': 767, 'THEOREM': 460, 'HARD_NONLINEAR': 8, 'SOLVED_FMB': 36}
[1272] order5big_10169: LINEAR (0.0s)  running={'LINEAR': 768, 'THEOREM': 460, 'HARD_NONLINEAR': 8, 'SOLVED_FMB': 36}
[1273] order5big_10177: LINEAR (0.0s)  running={'LINEAR': 769, 'THEOREM': 460, 'HARD_NONLINEAR': 8, 'SOLVED_FMB': 36}
[1274] order5big_10185: LINEAR (0.0s)  running={'LINEAR': 770, 'THEOREM': 460, 'HARD_NONLINEAR': 8, 'SOLVED_FMB': 36}
[1275] order5big_10193: THEOREM (60.2s)  running={'LINEAR': 770, 'THEOREM': 461, 'HARD_NONLINEAR': 8, 'SOLVED_FMB': 36}
[1276] order5big_10201: LINEAR (0.0s)  running={'LINEAR': 771, 'THEOREM': 461, 'HARD_NONLINEAR': 8, 'SOLVED_FMB': 36}
[1277] order5big_10209: THEOREM (60.6s)  running={'LINEAR': 771, 'THEOREM': 462, 'HARD_NONLINEAR': 8, 'SOLVED_FMB': 36}
[1278] order5big_10217: THEOREM (0.2s)  running={'LINEAR': 771, 'THEOREM': 463, 'HARD_NONLINEAR': 8, 'SOLVED_FMB': 36}
[1279] order5big_10225: THEOREM (60.2s)  running={'LINEAR': 771, 'THEOREM': 464, 'HARD_NONLINEAR': 8, 'SOLVED_FMB': 36}
[1280] order5big_10233: LINEAR (0.0s)  running={'LINEAR': 772, 'THEOREM': 464, 'HARD_NONLINEAR': 8, 'SOLVED_FMB': 36}
[1281] order5big_10241: LINEAR (0.0s)  running={'LINEAR': 773, 'THEOREM': 464, 'HARD_NONLINEAR': 8, 'SOLVED_FMB': 36}
[1282] order5big_10249: THEOREM (60.2s)  running={'LINEAR': 773, 'THEOREM': 465, 'HARD_NONLINEAR': 8, 'SOLVED_FMB': 36}
[1283] order5big_10257: LINEAR (0.0s)  running={'LINEAR': 774, 'THEOREM': 465, 'HARD_NONLINEAR': 8, 'SOLVED_FMB': 36}
[1284] order5big_10265: THEOREM (60.4s)  running={'LINEAR': 774, 'THEOREM': 466, 'HARD_NONLINEAR': 8, 'SOLVED_FMB': 36}
[1285] order5big_10273: LINEAR (0.0s)  running={'LINEAR': 775, 'THEOREM': 466, 'HARD_NONLINEAR': 8, 'SOLVED_FMB': 36}
[1286] order5big_10281: THEOREM (60.6s)  running={'LINEAR': 775, 'THEOREM': 467, 'HARD_NONLINEAR': 8, 'SOLVED_FMB': 36}
[1287] order5big_10289: THEOREM (60.5s)  running={'LINEAR': 775, 'THEOREM': 468, 'HARD_NONLINEAR': 8, 'SOLVED_FMB': 36}
[1288] order5big_10297: THEOREM (60.4s)  running={'LINEAR': 775, 'THEOREM': 469, 'HARD_NONLINEAR': 8, 'SOLVED_FMB': 36}
[1289] order5big_10305: LINEAR (0.0s)  running={'LINEAR': 776, 'THEOREM': 469, 'HARD_NONLINEAR': 8, 'SOLVED_FMB': 36}
[1290] order5big_10313: THEOREM (60.2s)  running={'LINEAR': 776, 'THEOREM': 470, 'HARD_NONLINEAR': 8, 'SOLVED_FMB': 36}
[1291] order5big_10321: THEOREM (60.7s)  running={'LINEAR': 776, 'THEOREM': 471, 'HARD_NONLINEAR': 8, 'SOLVED_FMB': 36}
[1292] order5big_10329: THEOREM (5.8s)  running={'LINEAR': 776, 'THEOREM': 472, 'HARD_NONLINEAR': 8, 'SOLVED_FMB': 36}
[1293] order5big_10337: THEOREM (60.2s)  running={'LINEAR': 776, 'THEOREM': 473, 'HARD_NONLINEAR': 8, 'SOLVED_FMB': 36}
[1294] order5big_10345: LINEAR (0.0s)  running={'LINEAR': 777, 'THEOREM': 473, 'HARD_NONLINEAR': 8, 'SOLVED_FMB': 36}
[1295] order5big_10353: LINEAR (0.0s)  running={'LINEAR': 778, 'THEOREM': 473, 'HARD_NONLINEAR': 8, 'SOLVED_FMB': 36}
[1296] order5big_10361: THEOREM (1.5s)  running={'LINEAR': 778, 'THEOREM': 474, 'HARD_NONLINEAR': 8, 'SOLVED_FMB': 36}
[1297] order5big_10369: LINEAR (0.0s)  running={'LINEAR': 779, 'THEOREM': 474, 'HARD_NONLINEAR': 8, 'SOLVED_FMB': 36}
[1298] order5big_10377: LINEAR (0.0s)  running={'LINEAR': 780, 'THEOREM': 474, 'HARD_NONLINEAR': 8, 'SOLVED_FMB': 36}
[1299] order5big_10385: THEOREM (1.9s)  running={'LINEAR': 780, 'THEOREM': 475, 'HARD_NONLINEAR': 8, 'SOLVED_FMB': 36}
[1300] order5big_10393: LINEAR (0.0s)  running={'LINEAR': 781, 'THEOREM': 475, 'HARD_NONLINEAR': 8, 'SOLVED_FMB': 36}
[1301] order5big_10401: THEOREM (60.5s)  running={'LINEAR': 781, 'THEOREM': 476, 'HARD_NONLINEAR': 8, 'SOLVED_FMB': 36}
[1302] order5big_10409: THEOREM (60.2s)  running={'LINEAR': 781, 'THEOREM': 477, 'HARD_NONLINEAR': 8, 'SOLVED_FMB': 36}
[1303] order5big_10417: THEOREM (60.2s)  running={'LINEAR': 781, 'THEOREM': 478, 'HARD_NONLINEAR': 8, 'SOLVED_FMB': 36}
[1304] order5big_10425: THEOREM (62.8s)  running={'LINEAR': 781, 'THEOREM': 479, 'HARD_NONLINEAR': 8, 'SOLVED_FMB': 36}
[1305] order5big_10433: LINEAR (0.0s)  running={'LINEAR': 782, 'THEOREM': 479, 'HARD_NONLINEAR': 8, 'SOLVED_FMB': 36}
[1306] order5big_10441: LINEAR (0.0s)  running={'LINEAR': 783, 'THEOREM': 479, 'HARD_NONLINEAR': 8, 'SOLVED_FMB': 36}
[1307] order5big_10449: LINEAR (0.0s)  running={'LINEAR': 784, 'THEOREM': 479, 'HARD_NONLINEAR': 8, 'SOLVED_FMB': 36}
[1308] order5big_10457: THEOREM (60.2s)  running={'LINEAR': 784, 'THEOREM': 480, 'HARD_NONLINEAR': 8, 'SOLVED_FMB': 36}
[1309] order5big_10465: THEOREM (60.2s)  running={'LINEAR': 784, 'THEOREM': 481, 'HARD_NONLINEAR': 8, 'SOLVED_FMB': 36}
[1310] order5big_10473: THEOREM (60.2s)  running={'LINEAR': 784, 'THEOREM': 482, 'HARD_NONLINEAR': 8, 'SOLVED_FMB': 36}
[1311] order5big_10481: LINEAR (0.0s)  running={'LINEAR': 785, 'THEOREM': 482, 'HARD_NONLINEAR': 8, 'SOLVED_FMB': 36}
[1312] order5big_10489: LINEAR (0.0s)  running={'LINEAR': 786, 'THEOREM': 482, 'HARD_NONLINEAR': 8, 'SOLVED_FMB': 36}
[1313] order5big_10497: LINEAR (0.0s)  running={'LINEAR': 787, 'THEOREM': 482, 'HARD_NONLINEAR': 8, 'SOLVED_FMB': 36}
[1314] order5big_10505: THEOREM (60.2s)  running={'LINEAR': 787, 'THEOREM': 483, 'HARD_NONLINEAR': 8, 'SOLVED_FMB': 36}
[1315] order5big_10513: THEOREM (60.2s)  running={'LINEAR': 787, 'THEOREM': 484, 'HARD_NONLINEAR': 8, 'SOLVED_FMB': 36}
[1316] order5big_10521: LINEAR (0.0s)  running={'LINEAR': 788, 'THEOREM': 484, 'HARD_NONLINEAR': 8, 'SOLVED_FMB': 36}
[1317] order5big_10529: THEOREM (60.1s)  running={'LINEAR': 788, 'THEOREM': 485, 'HARD_NONLINEAR': 8, 'SOLVED_FMB': 36}
[1318] order5big_10537: LINEAR (0.0s)  running={'LINEAR': 789, 'THEOREM': 485, 'HARD_NONLINEAR': 8, 'SOLVED_FMB': 36}
[1319] order5big_10545: LINEAR (0.0s)  running={'LINEAR': 790, 'THEOREM': 485, 'HARD_NONLINEAR': 8, 'SOLVED_FMB': 36}
[1320] order5big_10553: THEOREM (60.2s)  running={'LINEAR': 790, 'THEOREM': 486, 'HARD_NONLINEAR': 8, 'SOLVED_FMB': 36}
[1321] order5big_10561: THEOREM (60.2s)  running={'LINEAR': 790, 'THEOREM': 487, 'HARD_NONLINEAR': 8, 'SOLVED_FMB': 36}
[1322] order5big_10569: LINEAR (0.0s)  running={'LINEAR': 791, 'THEOREM': 487, 'HARD_NONLINEAR': 8, 'SOLVED_FMB': 36}
[1323] order5big_10577: THEOREM (1815.5s)  running={'LINEAR': 791, 'THEOREM': 488, 'HARD_NONLINEAR': 8, 'SOLVED_FMB': 36}
[1324] order5big_10585: LINEAR (0.0s)  running={'LINEAR': 792, 'THEOREM': 488, 'HARD_NONLINEAR': 8, 'SOLVED_FMB': 36}
[1325] order5big_10593: THEOREM (5.2s)  running={'LINEAR': 792, 'THEOREM': 489, 'HARD_NONLINEAR': 8, 'SOLVED_FMB': 36}
[1326] order5big_10601: LINEAR (0.0s)  running={'LINEAR': 793, 'THEOREM': 489, 'HARD_NONLINEAR': 8, 'SOLVED_FMB': 36}
[1327] order5big_10609: THEOREM (60.6s)  running={'LINEAR': 793, 'THEOREM': 490, 'HARD_NONLINEAR': 8, 'SOLVED_FMB': 36}
[1328] order5big_10617: THEOREM (60.2s)  running={'LINEAR': 793, 'THEOREM': 491, 'HARD_NONLINEAR': 8, 'SOLVED_FMB': 36}
[1329] order5big_10625: THEOREM (60.2s)  running={'LINEAR': 793, 'THEOREM': 492, 'HARD_NONLINEAR': 8, 'SOLVED_FMB': 36}
[1330] order5big_10633: THEOREM (0.8s)  running={'LINEAR': 793, 'THEOREM': 493, 'HARD_NONLINEAR': 8, 'SOLVED_FMB': 36}
[1331] order5big_10641: LINEAR (0.0s)  running={'LINEAR': 794, 'THEOREM': 493, 'HARD_NONLINEAR': 8, 'SOLVED_FMB': 36}
[1332] order5big_10649: LINEAR (0.0s)  running={'LINEAR': 795, 'THEOREM': 493, 'HARD_NONLINEAR': 8, 'SOLVED_FMB': 36}
[1333] order5big_10657: THEOREM (60.5s)  running={'LINEAR': 795, 'THEOREM': 494, 'HARD_NONLINEAR': 8, 'SOLVED_FMB': 36}
[1334] order5big_10665: LINEAR (0.0s)  running={'LINEAR': 796, 'THEOREM': 494, 'HARD_NONLINEAR': 8, 'SOLVED_FMB': 36}
[1335] order5big_10673: LINEAR (0.0s)  running={'LINEAR': 797, 'THEOREM': 494, 'HARD_NONLINEAR': 8, 'SOLVED_FMB': 36}
[1336] order5big_10681: LINEAR (0.0s)  running={'LINEAR': 798, 'THEOREM': 494, 'HARD_NONLINEAR': 8, 'SOLVED_FMB': 36}
[1337] order5big_10689: LINEAR (0.0s)  running={'LINEAR': 799, 'THEOREM': 494, 'HARD_NONLINEAR': 8, 'SOLVED_FMB': 36}
[1338] order5big_10697: THEOREM (60.2s)  running={'LINEAR': 799, 'THEOREM': 495, 'HARD_NONLINEAR': 8, 'SOLVED_FMB': 36}
[1339] order5big_10705: LINEAR (0.0s)  running={'LINEAR': 800, 'THEOREM': 495, 'HARD_NONLINEAR': 8, 'SOLVED_FMB': 36}
[1340] order5big_10713: LINEAR (0.0s)  running={'LINEAR': 801, 'THEOREM': 495, 'HARD_NONLINEAR': 8, 'SOLVED_FMB': 36}
[1341] order5big_10721: LINEAR (0.0s)  running={'LINEAR': 802, 'THEOREM': 495, 'HARD_NONLINEAR': 8, 'SOLVED_FMB': 36}
[1342] order5big_10729: THEOREM (60.2s)  running={'LINEAR': 802, 'THEOREM': 496, 'HARD_NONLINEAR': 8, 'SOLVED_FMB': 36}
[1343] order5big_10737: THEOREM (62.1s)  running={'LINEAR': 802, 'THEOREM': 497, 'HARD_NONLINEAR': 8, 'SOLVED_FMB': 36}
[1344] order5big_10745: LINEAR (0.0s)  running={'LINEAR': 803, 'THEOREM': 497, 'HARD_NONLINEAR': 8, 'SOLVED_FMB': 36}
[1345] order5big_10753: THEOREM (60.2s)  running={'LINEAR': 803, 'THEOREM': 498, 'HARD_NONLINEAR': 8, 'SOLVED_FMB': 36}
[1346] order5big_10761: LINEAR (0.0s)  running={'LINEAR': 804, 'THEOREM': 498, 'HARD_NONLINEAR': 8, 'SOLVED_FMB': 36}
[1347] order5big_10769: LINEAR (0.0s)  running={'LINEAR': 805, 'THEOREM': 498, 'HARD_NONLINEAR': 8, 'SOLVED_FMB': 36}
[1348] order5big_10777: THEOREM (60.2s)  running={'LINEAR': 805, 'THEOREM': 499, 'HARD_NONLINEAR': 8, 'SOLVED_FMB': 36}
[1349] order5big_10785: LINEAR (0.0s)  running={'LINEAR': 806, 'THEOREM': 499, 'HARD_NONLINEAR': 8, 'SOLVED_FMB': 36}
[1350] order5big_10793: THEOREM (60.2s)  running={'LINEAR': 806, 'THEOREM': 500, 'HARD_NONLINEAR': 8, 'SOLVED_FMB': 36}
[1351] order5big_10801: LINEAR (0.0s)  running={'LINEAR': 807, 'THEOREM': 500, 'HARD_NONLINEAR': 8, 'SOLVED_FMB': 36}
[1352] order5big_10809: THEOREM (60.6s)  running={'LINEAR': 807, 'THEOREM': 501, 'HARD_NONLINEAR': 8, 'SOLVED_FMB': 36}
[1353] order5big_10817: LINEAR (0.0s)  running={'LINEAR': 808, 'THEOREM': 501, 'HARD_NONLINEAR': 8, 'SOLVED_FMB': 36}
[1354] order5big_10825: LINEAR (0.0s)  running={'LINEAR': 809, 'THEOREM': 501, 'HARD_NONLINEAR': 8, 'SOLVED_FMB': 36}
[1355] order5big_10833: THEOREM (60.4s)  running={'LINEAR': 809, 'THEOREM': 502, 'HARD_NONLINEAR': 8, 'SOLVED_FMB': 36}
[1356] order5big_10841: LINEAR (0.0s)  running={'LINEAR': 810, 'THEOREM': 502, 'HARD_NONLINEAR': 8, 'SOLVED_FMB': 36}
[1357] order5big_10849: LINEAR (0.0s)  running={'LINEAR': 811, 'THEOREM': 502, 'HARD_NONLINEAR': 8, 'SOLVED_FMB': 36}
[1358] order5big_10857: LINEAR (0.0s)  running={'LINEAR': 812, 'THEOREM': 502, 'HARD_NONLINEAR': 8, 'SOLVED_FMB': 36}
[1359] order5big_10865: THEOREM (61.5s)  running={'LINEAR': 812, 'THEOREM': 503, 'HARD_NONLINEAR': 8, 'SOLVED_FMB': 36}
[1360] order5big_10873: LINEAR (0.0s)  running={'LINEAR': 813, 'THEOREM': 503, 'HARD_NONLINEAR': 8, 'SOLVED_FMB': 36}
[1361] order5big_10881: THEOREM (60.6s)  running={'LINEAR': 813, 'THEOREM': 504, 'HARD_NONLINEAR': 8, 'SOLVED_FMB': 36}
[1362] order5big_10889: THEOREM (60.2s)  running={'LINEAR': 813, 'THEOREM': 505, 'HARD_NONLINEAR': 8, 'SOLVED_FMB': 36}
[1363] order5big_10897: LINEAR (0.0s)  running={'LINEAR': 814, 'THEOREM': 505, 'HARD_NONLINEAR': 8, 'SOLVED_FMB': 36}
[1364] order5big_10905: THEOREM (60.5s)  running={'LINEAR': 814, 'THEOREM': 506, 'HARD_NONLINEAR': 8, 'SOLVED_FMB': 36}
[1365] order5big_10913: LINEAR (0.0s)  running={'LINEAR': 815, 'THEOREM': 506, 'HARD_NONLINEAR': 8, 'SOLVED_FMB': 36}
[1366] order5big_10921: THEOREM (60.6s)  running={'LINEAR': 815, 'THEOREM': 507, 'HARD_NONLINEAR': 8, 'SOLVED_FMB': 36}
[1367] order5big_10929: THEOREM (64.7s)  running={'LINEAR': 815, 'THEOREM': 508, 'HARD_NONLINEAR': 8, 'SOLVED_FMB': 36}
[1368] order5big_10937: THEOREM (60.7s)  running={'LINEAR': 815, 'THEOREM': 509, 'HARD_NONLINEAR': 8, 'SOLVED_FMB': 36}
[1369] order5big_10945: LINEAR (0.0s)  running={'LINEAR': 816, 'THEOREM': 509, 'HARD_NONLINEAR': 8, 'SOLVED_FMB': 36}
[1370] order5big_10953: LINEAR (0.0s)  running={'LINEAR': 817, 'THEOREM': 509, 'HARD_NONLINEAR': 8, 'SOLVED_FMB': 36}
[1371] order5big_10961: THEOREM (60.6s)  running={'LINEAR': 817, 'THEOREM': 510, 'HARD_NONLINEAR': 8, 'SOLVED_FMB': 36}
[1372] order5big_10969: THEOREM (60.6s)  running={'LINEAR': 817, 'THEOREM': 511, 'HARD_NONLINEAR': 8, 'SOLVED_FMB': 36}
[1373] order5big_10977: LINEAR (0.0s)  running={'LINEAR': 818, 'THEOREM': 511, 'HARD_NONLINEAR': 8, 'SOLVED_FMB': 36}
[1374] order5big_10985: LINEAR (0.0s)  running={'LINEAR': 819, 'THEOREM': 511, 'HARD_NONLINEAR': 8, 'SOLVED_FMB': 36}
[1375] order5big_10993: LINEAR (0.0s)  running={'LINEAR': 820, 'THEOREM': 511, 'HARD_NONLINEAR': 8, 'SOLVED_FMB': 36}
[1376] order5big_11001: THEOREM (60.2s)  running={'LINEAR': 820, 'THEOREM': 512, 'HARD_NONLINEAR': 8, 'SOLVED_FMB': 36}
[1377] order5big_11009: LINEAR (0.0s)  running={'LINEAR': 821, 'THEOREM': 512, 'HARD_NONLINEAR': 8, 'SOLVED_FMB': 36}
[1378] order5big_11017: LINEAR (0.0s)  running={'LINEAR': 822, 'THEOREM': 512, 'HARD_NONLINEAR': 8, 'SOLVED_FMB': 36}
[1379] order5big_11025: THEOREM (60.2s)  running={'LINEAR': 822, 'THEOREM': 513, 'HARD_NONLINEAR': 8, 'SOLVED_FMB': 36}
[1380] order5big_11033: THEOREM (60.8s)  running={'LINEAR': 822, 'THEOREM': 514, 'HARD_NONLINEAR': 8, 'SOLVED_FMB': 36}
[1381] order5big_11041: LINEAR (0.0s)  running={'LINEAR': 823, 'THEOREM': 514, 'HARD_NONLINEAR': 8, 'SOLVED_FMB': 36}
[1382] order5big_11049: LINEAR (0.0s)  running={'LINEAR': 824, 'THEOREM': 514, 'HARD_NONLINEAR': 8, 'SOLVED_FMB': 36}
[1383] order5big_11057: LINEAR (0.0s)  running={'LINEAR': 825, 'THEOREM': 514, 'HARD_NONLINEAR': 8, 'SOLVED_FMB': 36}
[1384] order5big_11065: LINEAR (0.0s)  running={'LINEAR': 826, 'THEOREM': 514, 'HARD_NONLINEAR': 8, 'SOLVED_FMB': 36}
[1385] order5big_11073: LINEAR (0.0s)  running={'LINEAR': 827, 'THEOREM': 514, 'HARD_NONLINEAR': 8, 'SOLVED_FMB': 36}
[1386] order5big_11081: LINEAR (0.0s)  running={'LINEAR': 828, 'THEOREM': 514, 'HARD_NONLINEAR': 8, 'SOLVED_FMB': 36}
[1387] order5big_11089: THEOREM (60.2s)  running={'LINEAR': 828, 'THEOREM': 515, 'HARD_NONLINEAR': 8, 'SOLVED_FMB': 36}
[1388] order5big_11097: LINEAR (0.0s)  running={'LINEAR': 829, 'THEOREM': 515, 'HARD_NONLINEAR': 8, 'SOLVED_FMB': 36}
[1389] order5big_11105: SOLVED_FMB (11.1s)  running={'LINEAR': 829, 'THEOREM': 515, 'HARD_NONLINEAR': 8, 'SOLVED_FMB': 37}
[1390] order5big_11113: LINEAR (0.0s)  running={'LINEAR': 830, 'THEOREM': 515, 'HARD_NONLINEAR': 8, 'SOLVED_FMB': 37}
[1391] order5big_11121: THEOREM (60.2s)  running={'LINEAR': 830, 'THEOREM': 516, 'HARD_NONLINEAR': 8, 'SOLVED_FMB': 37}
[1392] order5big_11129: THEOREM (62.5s)  running={'LINEAR': 830, 'THEOREM': 517, 'HARD_NONLINEAR': 8, 'SOLVED_FMB': 37}
[1393] order5big_11137: THEOREM (60.2s)  running={'LINEAR': 830, 'THEOREM': 518, 'HARD_NONLINEAR': 8, 'SOLVED_FMB': 37}
[1394] order5big_11145: LINEAR (0.0s)  running={'LINEAR': 831, 'THEOREM': 518, 'HARD_NONLINEAR': 8, 'SOLVED_FMB': 37}
[1395] order5big_11153: THEOREM (60.3s)  running={'LINEAR': 831, 'THEOREM': 519, 'HARD_NONLINEAR': 8, 'SOLVED_FMB': 37}
[1396] order5big_11161: LINEAR (0.0s)  running={'LINEAR': 832, 'THEOREM': 519, 'HARD_NONLINEAR': 8, 'SOLVED_FMB': 37}
[1397] order5big_11169: LINEAR (0.0s)  running={'LINEAR': 833, 'THEOREM': 519, 'HARD_NONLINEAR': 8, 'SOLVED_FMB': 37}
[1398] order5big_11177: THEOREM (60.2s)  running={'LINEAR': 833, 'THEOREM': 520, 'HARD_NONLINEAR': 8, 'SOLVED_FMB': 37}
[1399] order5big_11185: THEOREM (60.2s)  running={'LINEAR': 833, 'THEOREM': 521, 'HARD_NONLINEAR': 8, 'SOLVED_FMB': 37}
[1400] order5big_11193: LINEAR (0.0s)  running={'LINEAR': 834, 'THEOREM': 521, 'HARD_NONLINEAR': 8, 'SOLVED_FMB': 37}
[1401] order5big_11201: LINEAR (0.0s)  running={'LINEAR': 835, 'THEOREM': 521, 'HARD_NONLINEAR': 8, 'SOLVED_FMB': 37}
[1402] order5big_11209: THEOREM (63.5s)  running={'LINEAR': 835, 'THEOREM': 522, 'HARD_NONLINEAR': 8, 'SOLVED_FMB': 37}
[1403] order5big_11217: THEOREM (60.2s)  running={'LINEAR': 835, 'THEOREM': 523, 'HARD_NONLINEAR': 8, 'SOLVED_FMB': 37}
[1404] order5big_11225: THEOREM (60.5s)  running={'LINEAR': 835, 'THEOREM': 524, 'HARD_NONLINEAR': 8, 'SOLVED_FMB': 37}
[1405] order5big_11233: THEOREM (60.2s)  running={'LINEAR': 835, 'THEOREM': 525, 'HARD_NONLINEAR': 8, 'SOLVED_FMB': 37}
[1406] order5big_11241: LINEAR (0.0s)  running={'LINEAR': 836, 'THEOREM': 525, 'HARD_NONLINEAR': 8, 'SOLVED_FMB': 37}
[1407] order5big_11249: LINEAR (0.0s)  running={'LINEAR': 837, 'THEOREM': 525, 'HARD_NONLINEAR': 8, 'SOLVED_FMB': 37}
[1408] order5big_11257: THEOREM (60.2s)  running={'LINEAR': 837, 'THEOREM': 526, 'HARD_NONLINEAR': 8, 'SOLVED_FMB': 37}
[1409] order5big_11265: LINEAR (0.0s)  running={'LINEAR': 838, 'THEOREM': 526, 'HARD_NONLINEAR': 8, 'SOLVED_FMB': 37}
[1410] order5big_11273: LINEAR (0.0s)  running={'LINEAR': 839, 'THEOREM': 526, 'HARD_NONLINEAR': 8, 'SOLVED_FMB': 37}
[1411] order5big_11281: LINEAR (0.0s)  running={'LINEAR': 840, 'THEOREM': 526, 'HARD_NONLINEAR': 8, 'SOLVED_FMB': 37}
[1412] order5big_11289: THEOREM (60.7s)  running={'LINEAR': 840, 'THEOREM': 527, 'HARD_NONLINEAR': 8, 'SOLVED_FMB': 37}
[1413] order5big_11297: LINEAR (0.0s)  running={'LINEAR': 841, 'THEOREM': 527, 'HARD_NONLINEAR': 8, 'SOLVED_FMB': 37}
[1414] order5big_11305: LINEAR (0.0s)  running={'LINEAR': 842, 'THEOREM': 527, 'HARD_NONLINEAR': 8, 'SOLVED_FMB': 37}
[1415] order5big_11313: THEOREM (60.2s)  running={'LINEAR': 842, 'THEOREM': 528, 'HARD_NONLINEAR': 8, 'SOLVED_FMB': 37}
[1416] order5big_11321: SOLVED_FMB (0.4s)  running={'LINEAR': 842, 'THEOREM': 528, 'HARD_NONLINEAR': 8, 'SOLVED_FMB': 38}
[1417] order5big_11329: THEOREM (60.2s)  running={'LINEAR': 842, 'THEOREM': 529, 'HARD_NONLINEAR': 8, 'SOLVED_FMB': 38}
[1418] order5big_11337: LINEAR (0.0s)  running={'LINEAR': 843, 'THEOREM': 529, 'HARD_NONLINEAR': 8, 'SOLVED_FMB': 38}
[1419] order5big_11345: THEOREM (60.2s)  running={'LINEAR': 843, 'THEOREM': 530, 'HARD_NONLINEAR': 8, 'SOLVED_FMB': 38}
[1420] order5big_11353: LINEAR (0.0s)  running={'LINEAR': 844, 'THEOREM': 530, 'HARD_NONLINEAR': 8, 'SOLVED_FMB': 38}
[1421] order5big_11361: THEOREM (60.7s)  running={'LINEAR': 844, 'THEOREM': 531, 'HARD_NONLINEAR': 8, 'SOLVED_FMB': 38}
[1422] order5big_11369: THEOREM (60.2s)  running={'LINEAR': 844, 'THEOREM': 532, 'HARD_NONLINEAR': 8, 'SOLVED_FMB': 38}
[1423] order5big_11377: THEOREM (60.2s)  running={'LINEAR': 844, 'THEOREM': 533, 'HARD_NONLINEAR': 8, 'SOLVED_FMB': 38}
[1424] order5big_11385: LINEAR (0.0s)  running={'LINEAR': 845, 'THEOREM': 533, 'HARD_NONLINEAR': 8, 'SOLVED_FMB': 38}
[1425] order5big_11393: THEOREM (72.9s)  running={'LINEAR': 845, 'THEOREM': 534, 'HARD_NONLINEAR': 8, 'SOLVED_FMB': 38}
[1426] order5big_11401: THEOREM (60.2s)  running={'LINEAR': 845, 'THEOREM': 535, 'HARD_NONLINEAR': 8, 'SOLVED_FMB': 38}
[1427] order5big_11409: LINEAR (0.0s)  running={'LINEAR': 846, 'THEOREM': 535, 'HARD_NONLINEAR': 8, 'SOLVED_FMB': 38}
[1428] order5big_11417: LINEAR (0.0s)  running={'LINEAR': 847, 'THEOREM': 535, 'HARD_NONLINEAR': 8, 'SOLVED_FMB': 38}
[1429] order5big_11425: THEOREM (60.2s)  running={'LINEAR': 847, 'THEOREM': 536, 'HARD_NONLINEAR': 8, 'SOLVED_FMB': 38}
[1430] order5big_11433: LINEAR (0.0s)  running={'LINEAR': 848, 'THEOREM': 536, 'HARD_NONLINEAR': 8, 'SOLVED_FMB': 38}
[1431] order5big_11441: LINEAR (0.0s)  running={'LINEAR': 849, 'THEOREM': 536, 'HARD_NONLINEAR': 8, 'SOLVED_FMB': 38}
[1432] order5big_11449: LINEAR (0.0s)  running={'LINEAR': 850, 'THEOREM': 536, 'HARD_NONLINEAR': 8, 'SOLVED_FMB': 38}
[1433] order5big_11457: THEOREM (60.3s)  running={'LINEAR': 850, 'THEOREM': 537, 'HARD_NONLINEAR': 8, 'SOLVED_FMB': 38}
[1434] order5big_11465: THEOREM (60.2s)  running={'LINEAR': 850, 'THEOREM': 538, 'HARD_NONLINEAR': 8, 'SOLVED_FMB': 38}
[1435] order5big_11473: LINEAR (0.0s)  running={'LINEAR': 851, 'THEOREM': 538, 'HARD_NONLINEAR': 8, 'SOLVED_FMB': 38}
[1436] order5big_11481: LINEAR (0.0s)  running={'LINEAR': 852, 'THEOREM': 538, 'HARD_NONLINEAR': 8, 'SOLVED_FMB': 38}
[1437] order5big_11489: LINEAR (0.0s)  running={'LINEAR': 853, 'THEOREM': 538, 'HARD_NONLINEAR': 8, 'SOLVED_FMB': 38}
[1438] order5big_11497: LINEAR (0.0s)  running={'LINEAR': 854, 'THEOREM': 538, 'HARD_NONLINEAR': 8, 'SOLVED_FMB': 38}
[1439] order5big_11505: LINEAR (0.0s)  running={'LINEAR': 855, 'THEOREM': 538, 'HARD_NONLINEAR': 8, 'SOLVED_FMB': 38}
[1440] order5big_11513: THEOREM (73.2s)  running={'LINEAR': 855, 'THEOREM': 539, 'HARD_NONLINEAR': 8, 'SOLVED_FMB': 38}
[1441] order5big_11521: LINEAR (0.0s)  running={'LINEAR': 856, 'THEOREM': 539, 'HARD_NONLINEAR': 8, 'SOLVED_FMB': 38}
[1442] order5big_11529: LINEAR (0.0s)  running={'LINEAR': 857, 'THEOREM': 539, 'HARD_NONLINEAR': 8, 'SOLVED_FMB': 38}
[1443] order5big_11537: LINEAR (0.0s)  running={'LINEAR': 858, 'THEOREM': 539, 'HARD_NONLINEAR': 8, 'SOLVED_FMB': 38}
[1444] order5big_11545: THEOREM (61.2s)  running={'LINEAR': 858, 'THEOREM': 540, 'HARD_NONLINEAR': 8, 'SOLVED_FMB': 38}
[1445] order5big_11553: LINEAR (0.0s)  running={'LINEAR': 859, 'THEOREM': 540, 'HARD_NONLINEAR': 8, 'SOLVED_FMB': 38}
[1446] order5big_11561: THEOREM (60.6s)  running={'LINEAR': 859, 'THEOREM': 541, 'HARD_NONLINEAR': 8, 'SOLVED_FMB': 38}
[1447] order5big_11569: THEOREM (60.2s)  running={'LINEAR': 859, 'THEOREM': 542, 'HARD_NONLINEAR': 8, 'SOLVED_FMB': 38}
[1448] order5big_11577: SOLVED_FMB (0.4s)  running={'LINEAR': 859, 'THEOREM': 542, 'HARD_NONLINEAR': 8, 'SOLVED_FMB': 39}
[1449] order5big_11585: LINEAR (0.0s)  running={'LINEAR': 860, 'THEOREM': 542, 'HARD_NONLINEAR': 8, 'SOLVED_FMB': 39}
[1450] order5big_11593: THEOREM (60.2s)  running={'LINEAR': 860, 'THEOREM': 543, 'HARD_NONLINEAR': 8, 'SOLVED_FMB': 39}
[1451] order5big_11601: LINEAR (0.0s)  running={'LINEAR': 861, 'THEOREM': 543, 'HARD_NONLINEAR': 8, 'SOLVED_FMB': 39}
[1452] order5big_11609: LINEAR (0.0s)  running={'LINEAR': 862, 'THEOREM': 543, 'HARD_NONLINEAR': 8, 'SOLVED_FMB': 39}
[1453] order5big_11617: LINEAR (0.0s)  running={'LINEAR': 863, 'THEOREM': 543, 'HARD_NONLINEAR': 8, 'SOLVED_FMB': 39}
[1454] order5big_11625: LINEAR (0.0s)  running={'LINEAR': 864, 'THEOREM': 543, 'HARD_NONLINEAR': 8, 'SOLVED_FMB': 39}
[1455] order5big_11633: LINEAR (0.0s)  running={'LINEAR': 865, 'THEOREM': 543, 'HARD_NONLINEAR': 8, 'SOLVED_FMB': 39}
[1456] order5big_11641: LINEAR (0.0s)  running={'LINEAR': 866, 'THEOREM': 543, 'HARD_NONLINEAR': 8, 'SOLVED_FMB': 39}
[1457] order5big_11649: LINEAR (0.0s)  running={'LINEAR': 867, 'THEOREM': 543, 'HARD_NONLINEAR': 8, 'SOLVED_FMB': 39}
[1458] order5big_11657: THEOREM (60.2s)  running={'LINEAR': 867, 'THEOREM': 544, 'HARD_NONLINEAR': 8, 'SOLVED_FMB': 39}
[1459] order5big_11665: THEOREM (60.2s)  running={'LINEAR': 867, 'THEOREM': 545, 'HARD_NONLINEAR': 8, 'SOLVED_FMB': 39}
[1460] order5big_11673: THEOREM (72.7s)  running={'LINEAR': 867, 'THEOREM': 546, 'HARD_NONLINEAR': 8, 'SOLVED_FMB': 39}
[1461] order5big_11681: LINEAR (0.0s)  running={'LINEAR': 868, 'THEOREM': 546, 'HARD_NONLINEAR': 8, 'SOLVED_FMB': 39}
[1462] order5big_11689: LINEAR (0.0s)  running={'LINEAR': 869, 'THEOREM': 546, 'HARD_NONLINEAR': 8, 'SOLVED_FMB': 39}
[1463] order5big_11697: LINEAR (0.0s)  running={'LINEAR': 870, 'THEOREM': 546, 'HARD_NONLINEAR': 8, 'SOLVED_FMB': 39}
[1464] order5big_11705: THEOREM (60.2s)  running={'LINEAR': 870, 'THEOREM': 547, 'HARD_NONLINEAR': 8, 'SOLVED_FMB': 39}
[1465] order5big_11713: THEOREM (61.2s)  running={'LINEAR': 870, 'THEOREM': 548, 'HARD_NONLINEAR': 8, 'SOLVED_FMB': 39}
[1466] order5big_11721: THEOREM (60.7s)  running={'LINEAR': 870, 'THEOREM': 549, 'HARD_NONLINEAR': 8, 'SOLVED_FMB': 39}
[1467] order5big_11729: LINEAR (0.0s)  running={'LINEAR': 871, 'THEOREM': 549, 'HARD_NONLINEAR': 8, 'SOLVED_FMB': 39}
[1468] order5big_11737: LINEAR (0.0s)  running={'LINEAR': 872, 'THEOREM': 549, 'HARD_NONLINEAR': 8, 'SOLVED_FMB': 39}
[1469] order5big_11745: LINEAR (0.0s)  running={'LINEAR': 873, 'THEOREM': 549, 'HARD_NONLINEAR': 8, 'SOLVED_FMB': 39}
[1470] order5big_11753: LINEAR (0.0s)  running={'LINEAR': 874, 'THEOREM': 549, 'HARD_NONLINEAR': 8, 'SOLVED_FMB': 39}
[1471] order5big_11761: LINEAR (0.0s)  running={'LINEAR': 875, 'THEOREM': 549, 'HARD_NONLINEAR': 8, 'SOLVED_FMB': 39}
[1472] order5big_11769: LINEAR (0.0s)  running={'LINEAR': 876, 'THEOREM': 549, 'HARD_NONLINEAR': 8, 'SOLVED_FMB': 39}
[1473] order5big_11777: THEOREM (60.2s)  running={'LINEAR': 876, 'THEOREM': 550, 'HARD_NONLINEAR': 8, 'SOLVED_FMB': 39}
[1474] order5big_11785: LINEAR (0.0s)  running={'LINEAR': 877, 'THEOREM': 550, 'HARD_NONLINEAR': 8, 'SOLVED_FMB': 39}
[1475] order5big_11793: THEOREM (60.2s)  running={'LINEAR': 877, 'THEOREM': 551, 'HARD_NONLINEAR': 8, 'SOLVED_FMB': 39}
[1476] order5big_11801: LINEAR (0.0s)  running={'LINEAR': 878, 'THEOREM': 551, 'HARD_NONLINEAR': 8, 'SOLVED_FMB': 39}
[1477] order5big_11809: THEOREM (60.2s)  running={'LINEAR': 878, 'THEOREM': 552, 'HARD_NONLINEAR': 8, 'SOLVED_FMB': 39}
[1478] order5big_11817: LINEAR (0.0s)  running={'LINEAR': 879, 'THEOREM': 552, 'HARD_NONLINEAR': 8, 'SOLVED_FMB': 39}
[1479] order5big_11825: LINEAR (0.0s)  running={'LINEAR': 880, 'THEOREM': 552, 'HARD_NONLINEAR': 8, 'SOLVED_FMB': 39}
[1480] order5big_11833: LINEAR (0.0s)  running={'LINEAR': 881, 'THEOREM': 552, 'HARD_NONLINEAR': 8, 'SOLVED_FMB': 39}
[1481] order5big_11841: THEOREM (63.7s)  running={'LINEAR': 881, 'THEOREM': 553, 'HARD_NONLINEAR': 8, 'SOLVED_FMB': 39}
[1482] order5big_11849: THEOREM (60.5s)  running={'LINEAR': 881, 'THEOREM': 554, 'HARD_NONLINEAR': 8, 'SOLVED_FMB': 39}
[1483] order5big_11857: THEOREM (60.5s)  running={'LINEAR': 881, 'THEOREM': 555, 'HARD_NONLINEAR': 8, 'SOLVED_FMB': 39}
[1484] order5big_11865: LINEAR (0.0s)  running={'LINEAR': 882, 'THEOREM': 555, 'HARD_NONLINEAR': 8, 'SOLVED_FMB': 39}
[1485] order5big_11873: LINEAR (0.0s)  running={'LINEAR': 883, 'THEOREM': 555, 'HARD_NONLINEAR': 8, 'SOLVED_FMB': 39}
[1486] order5big_11881: LINEAR (0.0s)  running={'LINEAR': 884, 'THEOREM': 555, 'HARD_NONLINEAR': 8, 'SOLVED_FMB': 39}
[1487] order5big_11889: THEOREM (4.6s)  running={'LINEAR': 884, 'THEOREM': 556, 'HARD_NONLINEAR': 8, 'SOLVED_FMB': 39}
[1488] order5big_11897: LINEAR (0.0s)  running={'LINEAR': 885, 'THEOREM': 556, 'HARD_NONLINEAR': 8, 'SOLVED_FMB': 39}
[1489] order5big_11905: THEOREM (60.2s)  running={'LINEAR': 885, 'THEOREM': 557, 'HARD_NONLINEAR': 8, 'SOLVED_FMB': 39}
[1490] order5big_11913: THEOREM (62.8s)  running={'LINEAR': 885, 'THEOREM': 558, 'HARD_NONLINEAR': 8, 'SOLVED_FMB': 39}
[1491] order5big_11921: THEOREM (60.5s)  running={'LINEAR': 885, 'THEOREM': 559, 'HARD_NONLINEAR': 8, 'SOLVED_FMB': 39}
[1492] order5big_11929: LINEAR (0.0s)  running={'LINEAR': 886, 'THEOREM': 559, 'HARD_NONLINEAR': 8, 'SOLVED_FMB': 39}
[1493] order5big_11937: THEOREM (60.5s)  running={'LINEAR': 886, 'THEOREM': 560, 'HARD_NONLINEAR': 8, 'SOLVED_FMB': 39}
[1494] order5big_11945: LINEAR (0.0s)  running={'LINEAR': 887, 'THEOREM': 560, 'HARD_NONLINEAR': 8, 'SOLVED_FMB': 39}
[1495] order5big_11953: THEOREM (60.2s)  running={'LINEAR': 887, 'THEOREM': 561, 'HARD_NONLINEAR': 8, 'SOLVED_FMB': 39}
[1496] order5big_11961: LINEAR (0.0s)  running={'LINEAR': 888, 'THEOREM': 561, 'HARD_NONLINEAR': 8, 'SOLVED_FMB': 39}
[1497] order5big_11969: THEOREM (60.2s)  running={'LINEAR': 888, 'THEOREM': 562, 'HARD_NONLINEAR': 8, 'SOLVED_FMB': 39}
[1498] order5big_11977: THEOREM (60.2s)  running={'LINEAR': 888, 'THEOREM': 563, 'HARD_NONLINEAR': 8, 'SOLVED_FMB': 39}
[1499] order5big_11985: LINEAR (0.0s)  running={'LINEAR': 889, 'THEOREM': 563, 'HARD_NONLINEAR': 8, 'SOLVED_FMB': 39}
[1500] order5big_11993: LINEAR (0.0s)  running={'LINEAR': 890, 'THEOREM': 563, 'HARD_NONLINEAR': 8, 'SOLVED_FMB': 39}
[1501] order5big_12001: LINEAR (0.0s)  running={'LINEAR': 891, 'THEOREM': 563, 'HARD_NONLINEAR': 8, 'SOLVED_FMB': 39}
[1502] order5big_12009: THEOREM (60.8s)  running={'LINEAR': 891, 'THEOREM': 564, 'HARD_NONLINEAR': 8, 'SOLVED_FMB': 39}
[1503] order5big_12017: LINEAR (0.0s)  running={'LINEAR': 892, 'THEOREM': 564, 'HARD_NONLINEAR': 8, 'SOLVED_FMB': 39}
[1504] order5big_12025: THEOREM (60.2s)  running={'LINEAR': 892, 'THEOREM': 565, 'HARD_NONLINEAR': 8, 'SOLVED_FMB': 39}
[1505] order5big_12033: LINEAR (0.0s)  running={'LINEAR': 893, 'THEOREM': 565, 'HARD_NONLINEAR': 8, 'SOLVED_FMB': 39}
[1506] order5big_12041: LINEAR (0.0s)  running={'LINEAR': 894, 'THEOREM': 565, 'HARD_NONLINEAR': 8, 'SOLVED_FMB': 39}
[1507] order5big_12049: LINEAR (0.0s)  running={'LINEAR': 895, 'THEOREM': 565, 'HARD_NONLINEAR': 8, 'SOLVED_FMB': 39}
[1508] order5big_12057: LINEAR (0.0s)  running={'LINEAR': 896, 'THEOREM': 565, 'HARD_NONLINEAR': 8, 'SOLVED_FMB': 39}
[1509] order5big_12065: LINEAR (0.0s)  running={'LINEAR': 897, 'THEOREM': 565, 'HARD_NONLINEAR': 8, 'SOLVED_FMB': 39}
[1510] order5big_12073: LINEAR (0.0s)  running={'LINEAR': 898, 'THEOREM': 565, 'HARD_NONLINEAR': 8, 'SOLVED_FMB': 39}
[1511] order5big_12081: LINEAR (0.0s)  running={'LINEAR': 899, 'THEOREM': 565, 'HARD_NONLINEAR': 8, 'SOLVED_FMB': 39}
[1512] order5big_12089: THEOREM (60.2s)  running={'LINEAR': 899, 'THEOREM': 566, 'HARD_NONLINEAR': 8, 'SOLVED_FMB': 39}
[1513] order5big_12097: THEOREM (60.2s)  running={'LINEAR': 899, 'THEOREM': 567, 'HARD_NONLINEAR': 8, 'SOLVED_FMB': 39}
[1514] order5big_12105: THEOREM (60.2s)  running={'LINEAR': 899, 'THEOREM': 568, 'HARD_NONLINEAR': 8, 'SOLVED_FMB': 39}
[1515] order5big_12113: LINEAR (0.0s)  running={'LINEAR': 900, 'THEOREM': 568, 'HARD_NONLINEAR': 8, 'SOLVED_FMB': 39}
[1516] order5big_12121: LINEAR (0.0s)  running={'LINEAR': 901, 'THEOREM': 568, 'HARD_NONLINEAR': 8, 'SOLVED_FMB': 39}
[1517] order5big_12129: THEOREM (61.1s)  running={'LINEAR': 901, 'THEOREM': 569, 'HARD_NONLINEAR': 8, 'SOLVED_FMB': 39}
[1518] order5big_12137: LINEAR (0.0s)  running={'LINEAR': 902, 'THEOREM': 569, 'HARD_NONLINEAR': 8, 'SOLVED_FMB': 39}
[1519] order5big_12145: LINEAR (0.0s)  running={'LINEAR': 903, 'THEOREM': 569, 'HARD_NONLINEAR': 8, 'SOLVED_FMB': 39}
[1520] order5big_12153: LINEAR (0.0s)  running={'LINEAR': 904, 'THEOREM': 569, 'HARD_NONLINEAR': 8, 'SOLVED_FMB': 39}
[1521] order5big_12161: HARD_NONLINEAR (120.0s)  running={'LINEAR': 904, 'THEOREM': 569, 'HARD_NONLINEAR': 9, 'SOLVED_FMB': 39}
[1522] order5big_12169: THEOREM (60.2s)  running={'LINEAR': 904, 'THEOREM': 570, 'HARD_NONLINEAR': 9, 'SOLVED_FMB': 39}
[1523] order5big_12177: LINEAR (0.0s)  running={'LINEAR': 905, 'THEOREM': 570, 'HARD_NONLINEAR': 9, 'SOLVED_FMB': 39}
[1524] order5big_12185: THEOREM (0.3s)  running={'LINEAR': 905, 'THEOREM': 571, 'HARD_NONLINEAR': 9, 'SOLVED_FMB': 39}
[1525] order5big_12193: LINEAR (0.0s)  running={'LINEAR': 906, 'THEOREM': 571, 'HARD_NONLINEAR': 9, 'SOLVED_FMB': 39}
[1526] order5big_12201: THEOREM (60.2s)  running={'LINEAR': 906, 'THEOREM': 572, 'HARD_NONLINEAR': 9, 'SOLVED_FMB': 39}
[1527] order5big_12209: LINEAR (0.0s)  running={'LINEAR': 907, 'THEOREM': 572, 'HARD_NONLINEAR': 9, 'SOLVED_FMB': 39}
[1528] order5big_12217: LINEAR (0.0s)  running={'LINEAR': 908, 'THEOREM': 572, 'HARD_NONLINEAR': 9, 'SOLVED_FMB': 39}
[1529] order5big_12225: LINEAR (0.0s)  running={'LINEAR': 909, 'THEOREM': 572, 'HARD_NONLINEAR': 9, 'SOLVED_FMB': 39}
[1530] order5big_12233: THEOREM (60.2s)  running={'LINEAR': 909, 'THEOREM': 573, 'HARD_NONLINEAR': 9, 'SOLVED_FMB': 39}
[1531] order5big_12241: LINEAR (0.0s)  running={'LINEAR': 910, 'THEOREM': 573, 'HARD_NONLINEAR': 9, 'SOLVED_FMB': 39}
[1532] order5big_12249: LINEAR (0.0s)  running={'LINEAR': 911, 'THEOREM': 573, 'HARD_NONLINEAR': 9, 'SOLVED_FMB': 39}
[1533] order5big_12257: LINEAR (0.0s)  running={'LINEAR': 912, 'THEOREM': 573, 'HARD_NONLINEAR': 9, 'SOLVED_FMB': 39}
[1534] order5big_12265: LINEAR (0.0s)  running={'LINEAR': 913, 'THEOREM': 573, 'HARD_NONLINEAR': 9, 'SOLVED_FMB': 39}
[1535] order5big_12273: THEOREM (61.5s)  running={'LINEAR': 913, 'THEOREM': 574, 'HARD_NONLINEAR': 9, 'SOLVED_FMB': 39}
[1536] order5big_12281: LINEAR (0.0s)  running={'LINEAR': 914, 'THEOREM': 574, 'HARD_NONLINEAR': 9, 'SOLVED_FMB': 39}
[1537] order5big_12289: LINEAR (0.0s)  running={'LINEAR': 915, 'THEOREM': 574, 'HARD_NONLINEAR': 9, 'SOLVED_FMB': 39}
[1538] order5big_12297: LINEAR (0.0s)  running={'LINEAR': 916, 'THEOREM': 574, 'HARD_NONLINEAR': 9, 'SOLVED_FMB': 39}
[1539] order5big_12305: LINEAR (0.0s)  running={'LINEAR': 917, 'THEOREM': 574, 'HARD_NONLINEAR': 9, 'SOLVED_FMB': 39}
[1540] order5big_12313: LINEAR (0.0s)  running={'LINEAR': 918, 'THEOREM': 574, 'HARD_NONLINEAR': 9, 'SOLVED_FMB': 39}
[1541] order5big_12321: LINEAR (0.0s)  running={'LINEAR': 919, 'THEOREM': 574, 'HARD_NONLINEAR': 9, 'SOLVED_FMB': 39}
[1542] order5big_12329: THEOREM (60.2s)  running={'LINEAR': 919, 'THEOREM': 575, 'HARD_NONLINEAR': 9, 'SOLVED_FMB': 39}
[1543] order5big_12337: THEOREM (60.3s)  running={'LINEAR': 919, 'THEOREM': 576, 'HARD_NONLINEAR': 9, 'SOLVED_FMB': 39}
[1544] order5big_12345: LINEAR (0.0s)  running={'LINEAR': 920, 'THEOREM': 576, 'HARD_NONLINEAR': 9, 'SOLVED_FMB': 39}
[1545] order5big_12353: LINEAR (0.0s)  running={'LINEAR': 921, 'THEOREM': 576, 'HARD_NONLINEAR': 9, 'SOLVED_FMB': 39}
[1546] order5big_12361: LINEAR (0.0s)  running={'LINEAR': 922, 'THEOREM': 576, 'HARD_NONLINEAR': 9, 'SOLVED_FMB': 39}
[1547] order5big_12369: THEOREM (60.2s)  running={'LINEAR': 922, 'THEOREM': 577, 'HARD_NONLINEAR': 9, 'SOLVED_FMB': 39}
[1548] order5big_12377: THEOREM (60.3s)  running={'LINEAR': 922, 'THEOREM': 578, 'HARD_NONLINEAR': 9, 'SOLVED_FMB': 39}
