% law: x = ((((y ◇ y) ◇ (x ◇ z)) ◇ (y ◇ x)) ◇ z)
% config: vampire/triv/casc+lpo @ 30s

% Running in auto input_syntax mode. Trying TPTP
% Detected formulas, will run a generic FOF schedule.
% lrs+1011_32_to=lpo:sil=2000:tgt=full:alpa=true:random_seed=624689055:st=5:i=107:sd=1:ss=included:er=filter_300 on p for (300ds/107Mi)
% Instruction limit reached! 
% ------------------------------
% Version: Vampire 5.0.1 (Release build, commit 1b13eaf on 2026-01-18 12:14:50 +0000)
% Linked with Z3 4.14.0.0 3c47fd96cf5645d0c42b2c819d9e9a84380aa721 NOTFOUND
% CaDiCaL version: 2.1.3
% Termination reason: Instruction limit
% Termination phase: Saturation
% Time elapsed: 0.025 s
% Peak memory usage: 14 MB
% Instructions burned: 152 (million)
% lrs+10_2:3_to=lpo:sil=16000:sp=arity:random_seed=1506004382:i=114:bd=all:ss=axioms:sgt=4_299 on p for (299ds/114Mi)
% Instruction limit reached! 
% ------------------------------
% Version: Vampire 5.0.1 (Release build, commit 1b13eaf on 2026-01-18 12:14:50 +0000)
% Linked with Z3 4.14.0.0 3c47fd96cf5645d0c42b2c819d9e9a84380aa721 NOTFOUND
% CaDiCaL version: 2.1.3
% Termination reason: Instruction limit
% Termination phase: Saturation
% Time elapsed: 0.018 s
% Peak memory usage: 13 MB
% Instructions burned: 120 (million)
% WARNING Broken Constraint: if kbo_weight_scheme(arity) has been set then term_ordering(lpo) is equal to kbo or term_ordering(lpo) is equal to auto_kbo
% ott+1011_2_to=lpo:sil=4000:lsd=20:rnwc=on:rp=on:sac=on:newcnf=on:random_seed=889046127:i=132:kws=arity:er=filter_299 on p for (299ds/132Mi)
% Instruction limit reached! 
% ------------------------------
% Version: Vampire 5.0.1 (Release build, commit 1b13eaf on 2026-01-18 12:14:50 +0000)
% Linked with Z3 4.14.0.0 3c47fd96cf5645d0c42b2c819d9e9a84380aa721 NOTFOUND
% CaDiCaL version: 2.1.3
% Termination reason: Instruction limit
% Termination phase: Saturation
% Time elapsed: 0.021 s
% Peak memory usage: 14 MB
% Instructions burned: 132 (million)
% WARNING Broken Constraint: if kbo_max_zero(on) has been set then term_ordering(lpo) is equal to kbo or term_ordering(lpo) is equal to auto_kbo
% dis+1011_1_slsqr=8,1:to=lpo:sil=2000:spb=units:fd=off:kmz=on:flr=on:sac=on:slsq=on:random_seed=2651154634:st=2:i=121:sd=30:aac=none:ep=RS:ss=axioms:sgt=10_299 on p for (299ds/121Mi)
% Refutation not found, incomplete strategy
% ------------------------------
% Version: Vampire 5.0.1 (Release build, commit 1b13eaf on 2026-01-18 12:14:50 +0000)
% Linked with Z3 4.14.0.0 3c47fd96cf5645d0c42b2c819d9e9a84380aa721 NOTFOUND
% CaDiCaL version: 2.1.3
% Termination reason: Refutation not found, incomplete strategy
% Time elapsed: 0.0000 s
% Peak memory usage: 11 MB
% ------------------------------
% ------------------------------
% Aborted by signal SIGSEGV on /tmp/tmpfsgvv_03/p.p
% ------------------------------
% Version: Vampire 5.0.1 (Release build, commit 1b13eaf on 2026-01-18 12:14:50 +0000)
% Linked with Z3 4.14.0.0 3c47fd96cf5645d0c42b2c819d9e9a84380aa721 NOTFOUND
% CaDiCaL version: 2.1.3
% Termination reason: Refutation not found, incomplete strategy
% Time elapsed: 0.0000 s
% Peak memory usage: 11 MB
% lrs+10_1_to=lpo:sil=2000:sos=on:random_seed=3282852790:i=135:sd=2:gtg=position:ss=axioms_299 on p for (299ds/135Mi)
% Refutation not found, incomplete strategy
% ------------------------------
% Version: Vampire 5.0.1 (Release build, commit 1b13eaf on 2026-01-18 12:14:50 +0000)
% Linked with Z3 4.14.0.0 3c47fd96cf5645d0c42b2c819d9e9a84380aa721 NOTFOUND
% CaDiCaL version: 2.1.3
% Termination reason: Refutation not found, incomplete strategy
% Time elapsed: 0.0000 s
% Peak memory usage: 11 MB
% ------------------------------
% ------------------------------
% lrs+1011_1_to=lpo:sil=16000:random_seed=340473912:i=269:sd=10:ss=axioms:sgt=16_299 on p for (299ds/269Mi)
% Instruction limit reached! 
% ------------------------------
% Version: Vampire 5.0.1 (Release build, commit 1b13eaf on 2026-01-18 12:14:50 +0000)
% Linked with Z3 4.14.0.0 3c47fd96cf5645d0c42b2c819d9e9a84380aa721 NOTFOUND
% CaDiCaL version: 2.1.3
% Termination reason: Instruction limit
% Termination phase: Saturation
% Time elapsed: 0.042 s
% Peak memory usage: 16 MB
% Instructions burned: 269 (million)
% dis+1010_4_to=lpo:sil=2000:sos=on:sac=on:random_seed=161175915:i=140:sd=1:ss=axioms_298 on p for (298ds/140Mi)
% Refutation not found, incomplete strategy
% ------------------------------
% Version: Vampire 5.0.1 (Release build, commit 1b13eaf on 2026-01-18 12:14:50 +0000)
% Linked with Z3 4.14.0.0 3c47fd96cf5645d0c42b2c819d9e9a84380aa721 NOTFOUND
% CaDiCaL version: 2.1.3
% Termination reason: Refutation not found, incomplete strategy
% Time elapsed: 0.0000 s
% Peak memory usage: 11 MB
% ------------------------------
% ------------------------------
% ott+11_4:1_slsqr=8,1:to=kbo:sil=4000:spb=goal:bsr=on:slsq=on:random_seed=2587424797:s2pl=on:st=3:s2a=on:i=124:gtgl=4:sd=1:kws=inv_arity:ep=RST:gtg=position:ss=axioms:fsd=on_298 on p for (298ds/124Mi)
% Aborted by signal SIGSEGV on /tmp/tmpfsgvv_03/p.p
% ------------------------------
% Version: Vampire 5.0.1 (Release build, commit 1b13eaf on 2026-01-18 12:14:50 +0000)
% Linked with Z3 4.14.0.0 3c47fd96cf5645d0c42b2c819d9e9a84380aa721 NOTFOUND
% CaDiCaL version: 2.1.3
% Termination reason: Unknown
% Termination phase: Saturation
% Time elapsed: 0.001 s
% Peak memory usage: 8 MB
% Instructions burned: 1 (million)
% ott+1010_1_to=lpo:sil=32000:fde=none:sos=on:spb=goal_then_units:urr=on:random_seed=2991177440:st=2.5:cts=off:i=297:sd=4:ins=10:gsp=on:ss=axioms_298 on p for (298ds/297Mi)
% Refutation not found, incomplete strategy
% ------------------------------
% Version: Vampire 5.0.1 (Release build, commit 1b13eaf on 2026-01-18 12:14:50 +0000)
% Linked with Z3 4.14.0.0 3c47fd96cf5645d0c42b2c819d9e9a84380aa721 NOTFOUND
% CaDiCaL version: 2.1.3
% Termination reason: Refutation not found, incomplete strategy
% Time elapsed: 0.0000 s
% Peak memory usage: 11 MB
% ------------------------------
% ------------------------------
% lrs-1002_1_to=lpo:sil=2000:random_seed=2170366917:i=641:sd=20:ss=axioms:sgt=8_298 on p for (298ds/641Mi)
% Instruction limit reached! 
% ------------------------------
% Version: Vampire 5.0.1 (Release build, commit 1b13eaf on 2026-01-18 12:14:50 +0000)
% Linked with Z3 4.14.0.0 3c47fd96cf5645d0c42b2c819d9e9a84380aa721 NOTFOUND
% CaDiCaL version: 2.1.3
% Termination reason: Instruction limit
% Termination phase: Saturation
% Time elapsed: 0.103 s
% Peak memory usage: 23 MB
% Instructions burned: 641 (million)
% lrs+1011_1_to=lpo:sil=4000:plsq=on:plsqr=32,1:sp=occurrence:sos=all:erd=off:random_seed=2528845019:st=5:i=160:sup=off:ss=included_297 on p for (297ds/160Mi)
% Refutation not found, incomplete strategy
% ------------------------------
% Version: Vampire 5.0.1 (Release build, commit 1b13eaf on 2026-01-18 12:14:50 +0000)
% Linked with Z3 4.14.0.0 3c47fd96cf5645d0c42b2c819d9e9a84380aa721 NOTFOUND
% CaDiCaL version: 2.1.3
% Termination reason: Refutation not found, incomplete strategy
% Time elapsed: 0.0000 s
% Peak memory usage: 11 MB
% ------------------------------
% ------------------------------
% WARNING Broken Constraint: if kbo_weight_scheme(inv_frequency) has been set then term_ordering(lpo) is equal to kbo or term_ordering(lpo) is equal to auto_kbo
% lrs+10_16:1_to=lpo:sil=2000:sp=reverse_frequency:lcm=predicate:bsr=unit_only:random_seed=158244531:avsq=on:i=433:kws=inv_frequency:bs=unit_only:gtg=exists_sym_297 on p for (297ds/433Mi)
% Instruction limit reached! 
% ------------------------------
% Version: Vampire 5.0.1 (Release build, commit 1b13eaf on 2026-01-18 12:14:50 +0000)
% Linked with Z3 4.14.0.0 3c47fd96cf5645d0c42b2c819d9e9a84380aa721 NOTFOUND
% CaDiCaL version: 2.1.3
% Termination reason: Instruction limit
% Termination phase: Saturation
% Time elapsed: 0.064 s
% Peak memory usage: 18 MB
% Instructions burned: 435 (million)
% lrs+1011_32_sfv=off:to=lpo:sil=128000:sos=all:newcnf=on:random_seed=3314934327:cond=fast:i=114:nm=2:fsr=off:gtg=all:ss=axioms_296 on p for (296ds/114Mi)
% Instruction limit reached! 
% ------------------------------
% Version: Vampire 5.0.1 (Release build, commit 1b13eaf on 2026-01-18 12:14:50 +0000)
% Linked with Z3 4.14.0.0 3c47fd96cf5645d0c42b2c819d9e9a84380aa721 NOTFOUND
% CaDiCaL version: 2.1.3
% Termination reason: Instruction limit
% Termination phase: Saturation
% Time elapsed: 0.020 s
% Peak memory usage: 13 MB
% Instructions burned: 121 (million)
% lrs+10_64_to=lpo:sil=16000:sos=on:urr=on:br=off:random_seed=1180157104:st=2.2:i=120:sd=1:nm=2:gtg=all:ss=axioms_296 on p for (296ds/120Mi)
% Instruction limit reached! 
% ------------------------------
% Version: Vampire 5.0.1 (Release build, commit 1b13eaf on 2026-01-18 12:14:50 +0000)
% Linked with Z3 4.14.0.0 3c47fd96cf5645d0c42b2c819d9e9a84380aa721 NOTFOUND
% CaDiCaL version: 2.1.3
% Termination reason: Instruction limit
% Termination phase: Saturation
% Time elapsed: 0.020 s
% Peak memory usage: 13 MB
% Instructions burned: 123 (million)
% lrs+21_1_slsqr=16,1:to=lpo:sil=4000:fs=off:acc=on:alpa=true:slsq=on:random_seed=3389264175:i=126:sd=3:aac=none:doe=on:fsr=off:sup=off:ss=included:er=filter:sgt=10_296 on p for (296ds/126Mi)
% Refutation not found, incomplete strategy
% ------------------------------
% Version: Vampire 5.0.1 (Release build, commit 1b13eaf on 2026-01-18 12:14:50 +0000)
% Linked with Z3 4.14.0.0 3c47fd96cf5645d0c42b2c819d9e9a84380aa721 NOTFOUND
% CaDiCaL version: 2.1.3
% Termination reason: Refutation not found, incomplete strategy
% Time elapsed: 0.0000 s
% Peak memory usage: 11 MB
% ------------------------------
% ------------------------------
% dis-1011_1_to=lpo:sil=64000:sp=occurrence:nwc=2:sac=on:random_seed=2543724227:i=161:gtgl=2:gtg=exists_sym_296 on p for (296ds/161Mi)
% Instruction limit reached! 
% ------------------------------
% Version: Vampire 5.0.1 (Release build, commit 1b13eaf on 2026-01-18 12:14:50 +0000)
% Linked with Z3 4.14.0.0 3c47fd96cf5645d0c42b2c819d9e9a84380aa721 NOTFOUND
% CaDiCaL version: 2.1.3
% Termination reason: Instruction limit
% Termination phase: Saturation
% Time elapsed: 0.024 s
% Peak memory usage: 12 MB
% Instructions burned: 165 (million)
% lrs+11_1024_to=lpo:sil=2000:drc=off:gs=on:flr=on:random_seed=427426106:s2a=on:i=137:sd=2:fgj=on:av=off:ss=axioms:sgt=4_295 on p for (295ds/137Mi)
% Instruction limit reached! 
% ------------------------------
% Version: Vampire 5.0.1 (Release build, commit 1b13eaf on 2026-01-18 12:14:50 +0000)
% Linked with Z3 4.14.0.0 3c47fd96cf5645d0c42b2c819d9e9a84380aa721 NOTFOUND
% CaDiCaL version: 2.1.3
% Termination reason: Instruction limit
% Termination phase: Saturation
% Time elapsed: 0.022 s
% Peak memory usage: 14 MB
% Instructions burned: 143 (million)
% WARNING Broken Constraint: if kbo_weight_scheme(arity) has been set then term_ordering(lpo) is equal to kbo or term_ordering(lpo) is equal to auto_kbo
% dis-1010_1_anc=none:to=lpo:sil=2000:sims=off:etr=on:sos=on:spb=units:nwc=2:random_seed=479985546:i=698:sd=2:kws=arity:aac=none:ss=axioms:sgt=10_295 on p for (295ds/698Mi)
% Refutation not found, incomplete strategy
% ------------------------------
% Version: Vampire 5.0.1 (Release build, commit 1b13eaf on 2026-01-18 12:14:50 +0000)
% Linked with Z3 4.14.0.0 3c47fd96cf5645d0c42b2c819d9e9a84380aa721 NOTFOUND
% CaDiCaL version: 2.1.3
% Termination reason: Refutation not found, incomplete strategy
% Time elapsed: 0.0000 s
% Peak memory usage: 11 MB
% ------------------------------
% ------------------------------
% dis+10_1_to=lpo:sil=32000:s2agt=32:random_seed=3200739445:st=3:s2a=on:i=183:sd=1:gtg=position:ss=axioms_295 on p for (295ds/183Mi)
% Instruction limit reached! 
% ------------------------------
% Version: Vampire 5.0.1 (Release build, commit 1b13eaf on 2026-01-18 12:14:50 +0000)
% Linked with Z3 4.14.0.0 3c47fd96cf5645d0c42b2c819d9e9a84380aa721 NOTFOUND
% CaDiCaL version: 2.1.3
% Termination reason: Instruction limit
% Termination phase: Saturation
% Time elapsed: 0.027 s
% Peak memory usage: 12 MB
% Instructions burned: 189 (million)
% dis+1010_2_to=lpo:sil=8000:plsq=on:plsqr=1,2:fd=off:random_seed=3258210953:st=1.5:s2a=on:i=119:sd=2:sup=off:ss=axioms_295 on p for (295ds/119Mi)
% Refutation not found, incomplete strategy
% ------------------------------
% Version: Vampire 5.0.1 (Release build, commit 1b13eaf on 2026-01-18 12:14:50 +0000)
% Linked with Z3 4.14.0.0 3c47fd96cf5645d0c42b2c819d9e9a84380aa721 NOTFOUND
% CaDiCaL version: 2.1.3
% Termination reason: Refutation not found, incomplete strategy
% Time elapsed: 0.0000 s
% Peak memory usage: 11 MB
% ------------------------------
% ------------------------------
% dis+1010_3_to=lpo:sil=2000:tgt=full:plsq=on:drc=off:fde=unused:sp=arity:acc=on:nwc=20:flr=on:sac=on:avsqc=2:random_seed=2879717609:s2pl=on:st=3:avsq=on:i=285:s2at=5:avsqr=52993,1048576:sd=10:gtg=exists_sym:ss=axioms_295 on p for (295ds/285Mi)
% Instruction limit reached! 
% ------------------------------
% Version: Vampire 5.0.1 (Release build, commit 1b13eaf on 2026-01-18 12:14:50 +0000)
% Linked with Z3 4.14.0.0 3c47fd96cf5645d0c42b2c819d9e9a84380aa721 NOTFOUND
% CaDiCaL version: 2.1.3
% Termination reason: Instruction limit
% Termination phase: Saturation
% Time elapsed: 0.042 s
% Peak memory usage: 14 MB
% Instructions burned: 289 (million)
% lrs+1011_1_to=lpo:sil=32000:sp=arity:spb=goal:urr=on:bsr=on:fd=preordered:nwc=0.968:br=off:newcnf=on:random_seed=3711734689:s2a=on:i=130:s2at=11:bd=preordered:nm=20:ins=10:gtg=position:gsp=on_294 on p for (294ds/130Mi)
% Instruction limit reached! 
% ------------------------------
% Version: Vampire 5.0.1 (Release build, commit 1b13eaf on 2026-01-18 12:14:50 +0000)
% Linked with Z3 4.14.0.0 3c47fd96cf5645d0c42b2c819d9e9a84380aa721 NOTFOUND
% CaDiCaL version: 2.1.3
% Termination reason: Instruction limit
% Termination phase: Saturation
% Time elapsed: 0.020 s
% Peak memory usage: 13 MB
% Instructions burned: 130 (million)
% lrs+11_128_to=lpo:sil=2000:spb=units:lcm=predicate:nwc=20:slsqc=4:slsq=on:random_seed=2396368972:cts=off:i=178:slsql=off:nm=2:av=off:fsr=off_294 on p for (294ds/178Mi)
% Instruction limit reached! 
% ------------------------------
% Version: Vampire 5.0.1 (Release build, commit 1b13eaf on 2026-01-18 12:14:50 +0000)
% Linked with Z3 4.14.0.0 3c47fd96cf5645d0c42b2c819d9e9a84380aa721 NOTFOUND
% CaDiCaL version: 2.1.3
% Termination reason: Instruction limit
% Termination phase: Saturation
% Time elapsed: 0.030 s
% Peak memory usage: 14 MB
% Instructions burned: 181 (million)
% lrs-10_3:2_anc=all:to=lpo:sil=8000:plsq=on:plsqc=1:plsqr=1,1:erd=off:urr=on:rp=on:br=off:sac=on:avsqc=3:random_seed=3594307513:avsq=on:s2a=on:i=270:s2at=2:nicw=on:ss=axioms_294 on p for (294ds/270Mi)
% Refutation not found, incomplete strategy
% ------------------------------
% Version: Vampire 5.0.1 (Release build, commit 1b13eaf on 2026-01-18 12:14:50 +0000)
% Linked with Z3 4.14.0.0 3c47fd96cf5645d0c42b2c819d9e9a84380aa721 NOTFOUND
% CaDiCaL version: 2.1.3
% Termination reason: Refutation not found, incomplete strategy
% Time elapsed: 0.0000 s
% Peak memory usage: 12 MB
% ------------------------------
% ------------------------------
% WARNING Broken Constraint: if kbo_weight_scheme(precedence) has been set then term_ordering(lpo) is equal to kbo or term_ordering(lpo) is equal to auto_kbo
% dis-1011_1_to=lpo:sil=16000:tgt=full:prc=on:bsd=on:avsql=on:sp=unary_first:spb=intro:acc=on:fd=preordered:avsqc=1:random_seed=1518615808:st=4:avsq=on:i=960:avsqr=1,16:kws=precedence:bd=all:ins=10:ss=axioms_294 on p for (294ds/960Mi)
% Instruction limit reached! 
% ------------------------------
% Version: Vampire 5.0.1 (Release build, commit 1b13eaf on 2026-01-18 12:14:50 +0000)
% Linked with Z3 4.14.0.0 3c47fd96cf5645d0c42b2c819d9e9a84380aa721 NOTFOUND
% CaDiCaL version: 2.1.3
% Termination reason: Instruction limit
% Termination phase: Saturation
% Time elapsed: 0.141 s
% Peak memory usage: 22 MB
% Instructions burned: 966 (million)
% lrs+4_1_sfv=off:to=lpo:sil=16000:sos=all:random_seed=4232064300:i=183:av=off_292 on p for (292ds/183Mi)
% Refutation not found, incomplete strategy
% ------------------------------
% Version: Vampire 5.0.1 (Release build, commit 1b13eaf on 2026-01-18 12:14:50 +0000)
% Linked with Z3 4.14.0.0 3c47fd96cf5645d0c42b2c819d9e9a84380aa721 NOTFOUND
% CaDiCaL version: 2.1.3
% Termination reason: Refutation not found, incomplete strategy
% Time elapsed: 0.0000 s
% Peak memory usage: 9 MB
% ------------------------------
% ------------------------------
% lrs+11_8_slsqr=4,1:to=lpo:sil=2000:erd=off:spb=goal:lsd=50:s2agt=8:slsqc=3:slsq=on:random_seed=3970622285:s2pl=on:i=137:sd=2:ep=R:nm=6:av=off:ss=axioms:sgt=8_292 on p for (292ds/137Mi)
% Refutation not found, incomplete strategy
% ------------------------------
% Version: Vampire 5.0.1 (Release build, commit 1b13eaf on 2026-01-18 12:14:50 +0000)
% Linked with Z3 4.14.0.0 3c47fd96cf5645d0c42b2c819d9e9a84380aa721 NOTFOUND
% CaDiCaL version: 2.1.3
% Termination reason: Refutation not found, incomplete strategy
% Time elapsed: 0.0000 s
% Peak memory usage: 8 MB
% ------------------------------
% ------------------------------
% WARNING Broken Constraint: if kbo_weight_scheme(arity_squared) has been set then term_ordering(lpo) is equal to kbo or term_ordering(lpo) is equal to auto_kbo
% lrs+1010_14_to=lpo:sil=4000:tgt=full:plsq=on:plsqc=3:plsqr=1,64:erd=off:spb=goal_then_units:plsql=on:slsqc=3:slsq=on:random_seed=1780612478:i=274:s2at=3:sd=1:kws=arity_squared:gtg=exists_all:ss=axioms:fsd=on:sgt=16_292 on p for (292ds/274Mi)
% Instruction limit reached! 
% ------------------------------
% Version: Vampire 5.0.1 (Release build, commit 1b13eaf on 2026-01-18 12:14:50 +0000)
% Linked with Z3 4.14.0.0 3c47fd96cf5645d0c42b2c819d9e9a84380aa721 NOTFOUND
% CaDiCaL version: 2.1.3
% Termination reason: Instruction limit
% Termination phase: Saturation
% Time elapsed: 0.045 s
% Peak memory usage: 14 MB
% Instructions burned: 275 (million)
% lrs+34_16:1_anc=all_dependent:to=lpo:sil=2000:sp=unary_first:sos=on:urr=full:fd=off:sac=on:random_seed=775069117:i=259:aac=none:bd=preordered:ss=axioms_292 on p for (292ds/259Mi)
% Refutation not found, incomplete strategy
% ------------------------------
% Version: Vampire 5.0.1 (Release build, commit 1b13eaf on 2026-01-18 12:14:50 +0000)
% Linked with Z3 4.14.0.0 3c47fd96cf5645d0c42b2c819d9e9a84380aa721 NOTFOUND
% CaDiCaL version: 2.1.3
% Termination reason: Refutation not found, incomplete strategy
% Time elapsed: 0.0000 s
% Peak memory usage: 11 MB
% ------------------------------
% ------------------------------
% ott+10_1_to=lpo:sil=8000:drc=ordering:urr=on:br=off:random_seed=1923161465:s2a=on:cond=on:i=1197:gtg=position:ss=axioms:sgt=8_292 on p for (292ds/1197Mi)
% Instruction limit reached! 
% ------------------------------
% Version: Vampire 5.0.1 (Release build, commit 1b13eaf on 2026-01-18 12:14:50 +0000)
% Linked with Z3 4.14.0.0 3c47fd96cf5645d0c42b2c819d9e9a84380aa721 NOTFOUND
% CaDiCaL version: 2.1.3
% Termination reason: Instruction limit
% Termination phase: Saturation
% Time elapsed: 0.179 s
% Peak memory usage: 34 MB
% Instructions burned: 1198 (million)
% lrs+22_32_to=lpo:sil=4000:plsq=on:rp=on:newcnf=on:random_seed=139834310:st=2.5:s2a=on:i=132:sd=5:ss=included_290 on p for (290ds/132Mi)
% Instruction limit reached! 
% ------------------------------
% Version: Vampire 5.0.1 (Release build, commit 1b13eaf on 2026-01-18 12:14:50 +0000)
% Linked with Z3 4.14.0.0 3c47fd96cf5645d0c42b2c819d9e9a84380aa721 NOTFOUND
% CaDiCaL version: 2.1.3
% Termination reason: Instruction limit
% Termination phase: Saturation
% Time elapsed: 0.023 s
% Peak memory usage: 13 MB
% Instructions burned: 136 (million)
% dis-1011_1_anc=none:to=lpo:sil=4000:plsq=on:prc=on:plsqc=3:plsqr=2804223,1048576:fdtod=off:sp=reverse_frequency:sos=on:lsd=20:nwc=1:flr=on:random_seed=4073006304:st=3:cond=fast:prac=on:i=179:gtgl=2:bs=unit_only:ep=RS:nm=10:ins=25:amm=off:gtg=all:ss=included_290 on p for (290ds/179Mi)
% Refutation not found, incomplete strategy
% ------------------------------
% Version: Vampire 5.0.1 (Release build, commit 1b13eaf on 2026-01-18 12:14:50 +0000)
% Linked with Z3 4.14.0.0 3c47fd96cf5645d0c42b2c819d9e9a84380aa721 NOTFOUND
% CaDiCaL version: 2.1.3
% Termination reason: Refutation not found, incomplete strategy
% Time elapsed: 0.0000 s
% Peak memory usage: 11 MB
% ------------------------------
% ------------------------------
% lrs+1002_16:1_to=lpo:sil=2000:sos=on:acc=on:urr=full:fd=off:newcnf=on:random_seed=3216798007:i=1517:sd=1:sup=off:ss=included_289 on p for (289ds/1517Mi)
% Refutation not found, incomplete strategy
% ------------------------------
% Version: Vampire 5.0.1 (Release build, commit 1b13eaf on 2026-01-18 12:14:50 +0000)
% Linked with Z3 4.14.0.0 3c47fd96cf5645d0c42b2c819d9e9a84380aa721 NOTFOUND
% CaDiCaL version: 2.1.3
% Termination reason: Refutation not found, incomplete strategy
% Time elapsed: 0.0000 s
% Peak memory usage: 11 MB
% ------------------------------
% ------------------------------
% ott+11_1_slsqr=12,1:to=lpo:sil=4000:erd=off:spb=goal:urr=on:br=off:slsq=on:random_seed=449537665:cts=off:i=159:slsql=off:nm=6:gsp=on_289 on p for (289ds/159Mi)
% Instruction limit reached! 
% ------------------------------
% Version: Vampire 5.0.1 (Release build, commit 1b13eaf on 2026-01-18 12:14:50 +0000)
% Linked with Z3 4.14.0.0 3c47fd96cf5645d0c42b2c819d9e9a84380aa721 NOTFOUND
% CaDiCaL version: 2.1.3
% Termination reason: Instruction limit
% Termination phase: Saturation
% Time elapsed: 0.026 s
% Peak memory usage: 14 MB
% Instructions burned: 162 (million)
% lrs-1011_1_to=lpo:sil=2000:random_seed=1115438815:st=5:avsq=on:i=175:avsqr=1,16:ep=R:ss=included_289 on p for (289ds/175Mi)
% Refutation not found, incomplete strategy
% ------------------------------
% Version: Vampire 5.0.1 (Release build, commit 1b13eaf on 2026-01-18 12:14:50 +0000)
% Linked with Z3 4.14.0.0 3c47fd96cf5645d0c42b2c819d9e9a84380aa721 NOTFOUND
% CaDiCaL version: 2.1.3
% Termination reason: Refutation not found, incomplete strategy
% Time elapsed: 0.0000 s
% Peak memory usage: 11 MB
% ------------------------------
% ------------------------------
% WARNING Broken Constraint: if kbo_weight_scheme(frequency) has been set then term_ordering(lpo) is equal to kbo or term_ordering(lpo) is equal to auto_kbo
% lrs-1010_8_to=lpo:sil=4000:tgt=ground:drc=off:br=off:slsq=on:random_seed=1772418566:i=176:kws=frequency:ss=axioms_289 on p for (289ds/176Mi)
% Refutation not found, incomplete strategy
% ------------------------------
% Version: Vampire 5.0.1 (Release build, commit 1b13eaf on 2026-01-18 12:14:50 +0000)
% Linked with Z3 4.14.0.0 3c47fd96cf5645d0c42b2c819d9e9a84380aa721 NOTFOUND
% CaDiCaL version: 2.1.3
% Termination reason: Refutation not found, incomplete strategy
% Time elapsed: 0.0000 s
% Peak memory usage: 11 MB
% ------------------------------
% ------------------------------
% lrs+1011_3:1_to=lpo:sil=2000:plsq=on:plsqc=1:plsqr=64,1:sp=reverse_frequency:sos=on:fd=preordered:rp=on:random_seed=1692443251:i=574:aac=none:bd=all:ins=1_289 on p for (289ds/574Mi)
% Refutation not found, incomplete strategy
% ------------------------------
% Version: Vampire 5.0.1 (Release build, commit 1b13eaf on 2026-01-18 12:14:50 +0000)
% Linked with Z3 4.14.0.0 3c47fd96cf5645d0c42b2c819d9e9a84380aa721 NOTFOUND
% CaDiCaL version: 2.1.3
% Termination reason: Refutation not found, incomplete strategy
% Time elapsed: 0.0000 s
% Peak memory usage: 11 MB
% ------------------------------
% ------------------------------
% dis+1010_7_anc=all_dependent:to=lpo:sil=64000:plsq=on:plsqr=8,1:sp=occurrence:sos=on:urr=ec_only:bsr=on:alpa=true:flr=on:slsq=on:random_seed=721330507:avsq=on:cond=on:i=116:gtgl=5:avsqr=1,32:aac=none:amm=off:gtg=all:rawr=on_289 on p for (289ds/116Mi)
% Instruction limit reached! 
% ------------------------------
% Version: Vampire 5.0.1 (Release build, commit 1b13eaf on 2026-01-18 12:14:50 +0000)
% Linked with Z3 4.14.0.0 3c47fd96cf5645d0c42b2c819d9e9a84380aa721 NOTFOUND
% CaDiCaL version: 2.1.3
% Termination reason: Instruction limit
% Termination phase: Saturation
% Time elapsed: 0.019 s
% Peak memory usage: 12 MB
% Instructions burned: 118 (million)
% lrs+10_1_to=lpo:sil=4000:plsq=on:s2agt=16:slsqc=1:slsq=on:random_seed=3538249184:st=5:s2a=on:i=879:sd=3:av=off:gtg=exists_top:ss=axioms_289 on p for (289ds/879Mi)
% Instruction limit reached! 
% ------------------------------
% Version: Vampire 5.0.1 (Release build, commit 1b13eaf on 2026-01-18 12:14:50 +0000)
% Linked with Z3 4.14.0.0 3c47fd96cf5645d0c42b2c819d9e9a84380aa721 NOTFOUND
% CaDiCaL version: 2.1.3
% Termination reason: Instruction limit
% Termination phase: Saturation
% Time elapsed: 0.138 s
% Peak memory usage: 28 MB
% Instructions burned: 880 (million)
% dis+10_3:10_to=lpo:sil=32000:flr=on:sac=on:random_seed=76981135:i=382:ep=RST_287 on p for (287ds/382Mi)
% Instruction limit reached! 
% ------------------------------
% Version: Vampire 5.0.1 (Release build, commit 1b13eaf on 2026-01-18 12:14:50 +0000)
% Linked with Z3 4.14.0.0 3c47fd96cf5645d0c42b2c819d9e9a84380aa721 NOTFOUND
% CaDiCaL version: 2.1.3
% Termination reason: Instruction limit
% Termination phase: Saturation
% Time elapsed: 0.064 s
% Peak memory usage: 23 MB
% Instructions burned: 384 (million)
% WARNING Broken Constraint: if kbo_weight_scheme(precedence) has been set then term_ordering(lpo) is equal to kbo or term_ordering(lpo) is equal to auto_kbo
% lrs+1011_8:1_to=lpo:sil=4000:plsq=on:plsqc=3:plsqr=32,1:sp=reverse_arity:erd=off:lcm=reverse:acc=on:flr=on:slsq=on:random_seed=3530646201:s2a=on:i=178:kws=precedence:ep=RS:nm=32_287 on p for (287ds/178Mi)
% Refutation not found, incomplete strategy
% ------------------------------
% Version: Vampire 5.0.1 (Release build, commit 1b13eaf on 2026-01-18 12:14:50 +0000)
% Linked with Z3 4.14.0.0 3c47fd96cf5645d0c42b2c819d9e9a84380aa721 NOTFOUND
% CaDiCaL version: 2.1.3
% Termination reason: Refutation not found, incomplete strategy
% Time elapsed: 0.0000 s
% Peak memory usage: 12 MB
% ------------------------------
% ------------------------------
% Aborted by signal SIGSEGV on /tmp/tmpfsgvv_03/p.p
% ------------------------------
% Version: Vampire 5.0.1 (Release build, commit 1b13eaf on 2026-01-18 12:14:50 +0000)
% Linked with Z3 4.14.0.0 3c47fd96cf5645d0c42b2c819d9e9a84380aa721 NOTFOUND
% CaDiCaL version: 2.1.3
% Termination reason: Refutation not found, incomplete strategy
% Time elapsed: 0.001 s
% Peak memory usage: 12 MB
% dis-1004_1024_slsqr=1,4:to=lpo:sil=128000:tgt=ground:irw=on:erd=off:spb=goal:bsr=on:rnwc=on:nwc=0.5:slsq=on:random_seed=3558104011:st=1.5:i=120:doe=on:bs=unit_only:ins=7:av=off:ss=axioms_287 on p for (287ds/120Mi)
% Refutation not found, incomplete strategy
% ------------------------------
% Version: Vampire 5.0.1 (Release build, commit 1b13eaf on 2026-01-18 12:14:50 +0000)
% Linked with Z3 4.14.0.0 3c47fd96cf5645d0c42b2c819d9e9a84380aa721 NOTFOUND
% CaDiCaL version: 2.1.3
% Termination reason: Refutation not found, incomplete strategy
% Time elapsed: 0.0000 s
% Peak memory usage: 8 MB
% ------------------------------
% ------------------------------
% WARNING Broken Constraint: if kbo_max_zero(on) has been set then term_ordering(lpo) is equal to kbo or term_ordering(lpo) is equal to auto_kbo
% lrs-1011_12_anc=all:to=lpo:sil=16000:plsq=on:fde=none:plsqc=2:plsqr=1,32:sp=unary_frequency:fs=off:spb=goal:bsr=unit_only:plsql=on:gs=on:nwc=2:kmz=on:sac=on:slsq=on:random_seed=1859577226:st=5:avsq=on:i=141:sd=1:fsr=off:gtg=exists_sym:ss=axioms:fsd=on_287 on p for (287ds/141Mi)
% Instruction limit reached! 
% ------------------------------
% Version: Vampire 5.0.1 (Release build, commit 1b13eaf on 2026-01-18 12:14:50 +0000)
% Linked with Z3 4.14.0.0 3c47fd96cf5645d0c42b2c819d9e9a84380aa721 NOTFOUND
% CaDiCaL version: 2.1.3
% Termination reason: Instruction limit
% Termination phase: Saturation
% Time elapsed: 0.025 s
% Peak memory usage: 14 MB
% Instructions burned: 145 (million)
% lrs-1010_128_to=lpo:sil=4000:rp=on:nwc=0.6:alpa=false:random_seed=3360508886:i=625:aac=none:nm=2:gsp=on_286 on p for (286ds/625Mi)
% Instruction limit reached! 
% ------------------------------
% Version: Vampire 5.0.1 (Release build, commit 1b13eaf on 2026-01-18 12:14:50 +0000)
% Linked with Z3 4.14.0.0 3c47fd96cf5645d0c42b2c819d9e9a84380aa721 NOTFOUND
% CaDiCaL version: 2.1.3
% Termination reason: Instruction limit
% Termination phase: Saturation
% Time elapsed: 0.106 s
% Peak memory usage: 20 MB
% Instructions burned: 627 (million)
% dis+1010_1024_to=lpo:sil=4000:tgt=ground:sp=reverse_frequency:random_seed=3304637485:i=292:nm=16:av=off:ss=axioms_285 on p for (285ds/292Mi)
% Refutation not found, incomplete strategy
% ------------------------------
% Version: Vampire 5.0.1 (Release build, commit 1b13eaf on 2026-01-18 12:14:50 +0000)
% Linked with Z3 4.14.0.0 3c47fd96cf5645d0c42b2c819d9e9a84380aa721 NOTFOUND
% CaDiCaL version: 2.1.3
% Termination reason: Refutation not found, incomplete strategy
% Time elapsed: 0.0000 s
% Peak memory usage: 9 MB
% ------------------------------
% ------------------------------
% lrs-1010_4_to=lpo:sil=4000:fde=unused:sp=reverse_frequency:sos=on:erd=off:fs=off:fd=off:sac=on:random_seed=21042238:i=324:aac=none:fsr=off_285 on p for (285ds/324Mi)
% Refutation not found, incomplete strategy
% ------------------------------
% Version: Vampire 5.0.1 (Release build, commit 1b13eaf on 2026-01-18 12:14:50 +0000)
% Linked with Z3 4.14.0.0 3c47fd96cf5645d0c42b2c819d9e9a84380aa721 NOTFOUND
% CaDiCaL version: 2.1.3
% Termination reason: Refutation not found, incomplete strategy
% Time elapsed: 0.0000 s
% Peak memory usage: 11 MB
% ------------------------------
% ------------------------------
% dis+1011_32_anc=all:to=lpo:sil=16000:drc=off:sp=reverse_frequency:fs=off:fd=preordered:sac=on:random_seed=2072176266:avsq=on:i=168:add=on:nicw=on:bd=preordered:fsr=off_285 on p for (285ds/168Mi)
% Instruction limit reached! 
% ------------------------------
% Version: Vampire 5.0.1 (Release build, commit 1b13eaf on 2026-01-18 12:14:50 +0000)
% Linked with Z3 4.14.0.0 3c47fd96cf5645d0c42b2c819d9e9a84380aa721 NOTFOUND
% CaDiCaL version: 2.1.3
% Termination reason: Instruction limit
% Termination phase: Saturation
% Time elapsed: 0.026 s
% Peak memory usage: 13 MB
% Instructions burned: 169 (million)
% dis-1011_10_to=lpo:sil=2000:tgt=ground:plsq=on:lsd=10:nwc=5:s2agt=64:random_seed=2124349715:s2a=on:i=123:av=off:ss=axioms:sgt=20_285 on p for (285ds/123Mi)
% Instruction limit reached! 
% ------------------------------
% Version: Vampire 5.0.1 (Release build, commit 1b13eaf on 2026-01-18 12:14:50 +0000)
% Linked with Z3 4.14.0.0 3c47fd96cf5645d0c42b2c819d9e9a84380aa721 NOTFOUND
% CaDiCaL version: 2.1.3
% Termination reason: Instruction limit
% Termination phase: Saturation
% Time elapsed: 0.020 s
% Peak memory usage: 12 MB
% Instructions burned: 124 (million)
% dis-1011_1_to=lpo:sil=2000:plsq=on:drc=off:fde=none:bsd=on:plsqr=1,2:sp=weighted_frequency:lma=off:bce=on:rp=on:nwc=20:random_seed=3785877343:st=10:i=123:doe=on:bs=unit_only:av=off:ss=included:er=filter:sgt=88_285 on p for (285ds/123Mi)
% Instruction limit reached! 
% ------------------------------
% Version: Vampire 5.0.1 (Release build, commit 1b13eaf on 2026-01-18 12:14:50 +0000)
% Linked with Z3 4.14.0.0 3c47fd96cf5645d0c42b2c819d9e9a84380aa721 NOTFOUND
% CaDiCaL version: 2.1.3
% Termination reason: Instruction limit
% Termination phase: Saturation
% Time elapsed: 0.021 s
% Peak memory usage: 12 MB
% Instructions burned: 129 (million)
% WARNING Broken Constraint: if kbo_weight_scheme(arity_squared) has been set then term_ordering(lpo) is equal to kbo or term_ordering(lpo) is equal to auto_kbo
% dis+11_4_to=lpo:sil=4000:prc=on:fd=preordered:random_seed=413680358:i=1091:kws=arity_squared:av=off_284 on p for (284ds/1091Mi)
% Instruction limit reached! 
% ------------------------------
% Version: Vampire 5.0.1 (Release build, commit 1b13eaf on 2026-01-18 12:14:50 +0000)
% Linked with Z3 4.14.0.0 3c47fd96cf5645d0c42b2c819d9e9a84380aa721 NOTFOUND
% CaDiCaL version: 2.1.3
% Termination reason: Instruction limit
% Termination phase: Saturation
% Time elapsed: 0.172 s
% Peak memory usage: 23 MB
% Instructions burned: 1096 (million)
% lrs+1002_1_to=lpo:sil=2000:sos=on:random_seed=76906620:i=1674:sd=3:ss=axioms:sgt=16_283 on p for (283ds/1674Mi)
% Refutation not found, incomplete strategy
% ------------------------------
% Version: Vampire 5.0.1 (Release build, commit 1b13eaf on 2026-01-18 12:14:50 +0000)
% Linked with Z3 4.14.0.0 3c47fd96cf5645d0c42b2c819d9e9a84380aa721 NOTFOUND
% CaDiCaL version: 2.1.3
% Termination reason: Refutation not found, incomplete strategy
% Time elapsed: 0.0000 s
% Peak memory usage: 11 MB
% ------------------------------
% ------------------------------
% dis+10_1_to=lpo:sil=4000:lcm=reverse:urr=ec_only:gs=on:br=off:random_seed=1560591427:cts=off:i=340:nm=0:av=off:fsr=off_283 on p for (283ds/340Mi)
% Instruction limit reached! 
% ------------------------------
% Version: Vampire 5.0.1 (Release build, commit 1b13eaf on 2026-01-18 12:14:50 +0000)
% Linked with Z3 4.14.0.0 3c47fd96cf5645d0c42b2c819d9e9a84380aa721 NOTFOUND
% CaDiCaL version: 2.1.3
% Termination reason: Instruction limit
% Termination phase: Saturation
% Time elapsed: 0.049 s
% Peak memory usage: 14 MB
% Instructions burned: 345 (million)
% lrs+1002_5:4_to=lpo:sil=4000:plsq=on:sims=off:plsqr=256,1:sp=const_frequency:sos=on:fs=off:acc=on:fd=off:s2agt=32:random_seed=2409477538:s2a=on:i=124:aac=none:fsr=off_282 on p for (282ds/124Mi)
% Refutation not found, incomplete strategy
% ------------------------------
% Version: Vampire 5.0.1 (Release build, commit 1b13eaf on 2026-01-18 12:14:50 +0000)
% Linked with Z3 4.14.0.0 3c47fd96cf5645d0c42b2c819d9e9a84380aa721 NOTFOUND
% CaDiCaL version: 2.1.3
% Termination reason: Refutation not found, incomplete strategy
% Time elapsed: 0.0000 s
% Peak memory usage: 11 MB
% ------------------------------
% ------------------------------
% lrs-1004_1024_to=lpo:sil=2000:tgt=ground:sos=on:newcnf=on:random_seed=3878396044:i=125:sd=1:aac=none:fsr=off:gtg=position:ss=axioms_282 on p for (282ds/125Mi)
% Refutation not found, incomplete strategy
% ------------------------------
% Version: Vampire 5.0.1 (Release build, commit 1b13eaf on 2026-01-18 12:14:50 +0000)
% Linked with Z3 4.14.0.0 3c47fd96cf5645d0c42b2c819d9e9a84380aa721 NOTFOUND
% CaDiCaL version: 2.1.3
% Termination reason: Refutation not found, incomplete strategy
% Time elapsed: 0.0000 s
% Peak memory usage: 11 MB
% ------------------------------
% ------------------------------
% lrs+11_1_to=lpo:sil=2000:random_seed=2706264193:i=328:sd=2:ep=RS:nm=0:av=off:ss=included_282 on p for (282ds/328Mi)
% Refutation not found, incomplete strategy
% ------------------------------
% Version: Vampire 5.0.1 (Release build, commit 1b13eaf on 2026-01-18 12:14:50 +0000)
% Linked with Z3 4.14.0.0 3c47fd96cf5645d0c42b2c819d9e9a84380aa721 NOTFOUND
% CaDiCaL version: 2.1.3
% Termination reason: Refutation not found, incomplete strategy
% Time elapsed: 0.0000 s
% Peak memory usage: 9 MB
% ------------------------------
% ------------------------------
% lrs+1010_1_to=lpo:sil=4000:fde=unused:sos=on:urr=ec_only:sac=on:random_seed=1582714073:i=2032:gtgl=3:sd=2:gtg=exists_all:ss=axioms_282 on p for (282ds/2032Mi)
% Instruction limit reached! 
% ------------------------------
% Version: Vampire 5.0.1 (Release build, commit 1b13eaf on 2026-01-18 12:14:50 +0000)
% Linked with Z3 4.14.0.0 3c47fd96cf5645d0c42b2c819d9e9a84380aa721 NOTFOUND
% CaDiCaL version: 2.1.3
% Termination reason: Instruction limit
% Termination phase: Saturation
% Time elapsed: 0.317 s
% Peak memory usage: 54 MB
% Instructions burned: 2038 (million)
% dis-1010_2:3_sfv=off:to=lpo:sil=2000:fde=unused:sp=reverse_frequency:flr=on:random_seed=518506372:st=9:i=237:av=off:ss=axioms_279 on p for (279ds/237Mi)
% Instruction limit reached! 
% ------------------------------
% Version: Vampire 5.0.1 (Release build, commit 1b13eaf on 2026-01-18 12:14:50 +0000)
% Linked with Z3 4.14.0.0 3c47fd96cf5645d0c42b2c819d9e9a84380aa721 NOTFOUND
% CaDiCaL version: 2.1.3
% Termination reason: Instruction limit
% Termination phase: Saturation
% Time elapsed: 0.037 s
% Peak memory usage: 12 MB
% Instructions burned: 243 (million)
% dis+10_1_to=lpo:sil=4000:plsq=on:plsqc=1:plsqr=32,1:random_seed=417174266:st=2:i=185:sd=1:bd=all:sup=off:ss=axioms_278 on p for (278ds/185Mi)
% Refutation not found, incomplete strategy
% ------------------------------
% Version: Vampire 5.0.1 (Release build, commit 1b13eaf on 2026-01-18 12:14:50 +0000)
% Linked with Z3 4.14.0.0 3c47fd96cf5645d0c42b2c819d9e9a84380aa721 NOTFOUND
% CaDiCaL version: 2.1.3
% Termination reason: Refutation not found, incomplete strategy
% Time elapsed: 0.0000 s
% Peak memory usage: 11 MB
% ------------------------------
% ------------------------------
% dis-1011_128_to=lpo:sil=16000:urr=on:bce=on:fd=off:random_seed=871148902:i=187:av=off:fsr=off_278 on p for (278ds/187Mi)
% Instruction limit reached! 
% ------------------------------
% Version: Vampire 5.0.1 (Release build, commit 1b13eaf on 2026-01-18 12:14:50 +0000)
% Linked with Z3 4.14.0.0 3c47fd96cf5645d0c42b2c819d9e9a84380aa721 NOTFOUND
% CaDiCaL version: 2.1.3
% Termination reason: Instruction limit
% Termination phase: Saturation
% Time elapsed: 0.032 s
% Peak memory usage: 12 MB
% Instructions burned: 191 (million)
% WARNING Broken Constraint: if kbo_weight_scheme(inv_precedence) has been set then term_ordering(lpo) is equal to kbo or term_ordering(lpo) is equal to auto_kbo
% dis+1011_93_to=lpo:sil=16000:tgt=ground:spb=goal_then_units:lsd=100:nwc=1.2:lftc=20:random_seed=700035587:i=1283:kws=inv_precedence:bs=on:av=off_278 on p for (278ds/1283Mi)
% Instruction limit reached! 
% ------------------------------
% Version: Vampire 5.0.1 (Release build, commit 1b13eaf on 2026-01-18 12:14:50 +0000)
% Linked with Z3 4.14.0.0 3c47fd96cf5645d0c42b2c819d9e9a84380aa721 NOTFOUND
% CaDiCaL version: 2.1.3
% Termination reason: Instruction limit
% Termination phase: Saturation
% Time elapsed: 0.197 s
% Peak memory usage: 17 MB
% Instructions burned: 1284 (million)
% dis+1010_16_to=lpo:sil=4000:fde=none:sos=on:spb=non_intro:random_seed=1191043024:st=1.8:i=311:sd=1:aac=none:gtg=exists_top:ss=axioms_276 on p for (276ds/311Mi)
% Refutation not found, incomplete strategy
% ------------------------------
% Version: Vampire 5.0.1 (Release build, commit 1b13eaf on 2026-01-18 12:14:50 +0000)
% Linked with Z3 4.14.0.0 3c47fd96cf5645d0c42b2c819d9e9a84380aa721 NOTFOUND
% CaDiCaL version: 2.1.3
% Termination reason: Refutation not found, incomplete strategy
% Time elapsed: 0.0000 s
% Peak memory usage: 11 MB
% ------------------------------
% ------------------------------
% dis+10_1_sfv=off:to=lpo:sil=4000:plsq=on:fde=none:plsqc=1:avsql=on:plsqr=10,1:sos=all:lma=off:acc=on:avsqc=3:random_seed=4153133053:avsq=on:i=161:aac=none_276 on p for (276ds/161Mi)
% Refutation not found, incomplete strategy
% ------------------------------
% Version: Vampire 5.0.1 (Release build, commit 1b13eaf on 2026-01-18 12:14:50 +0000)
% Linked with Z3 4.14.0.0 3c47fd96cf5645d0c42b2c819d9e9a84380aa721 NOTFOUND
% CaDiCaL version: 2.1.3
% Termination reason: Refutation not found, incomplete strategy
% Time elapsed: 0.0000 s
% Peak memory usage: 12 MB
% ------------------------------
% ------------------------------
% WARNING Broken Constraint: if kbo_weight_scheme(frequency) has been set then term_ordering(lpo) is equal to kbo or term_ordering(lpo) is equal to auto_kbo
% lrs+11_1024_to=lpo:sil=4000:plsq=on:plsqc=1:plsqr=64,1:fs=off:lsd=100:alpa=true:random_seed=1945974013:i=192:kws=frequency:nm=7:fsr=off_276 on p for (276ds/192Mi)
% Instruction limit reached! 
% ------------------------------
% Version: Vampire 5.0.1 (Release build, commit 1b13eaf on 2026-01-18 12:14:50 +0000)
% Linked with Z3 4.14.0.0 3c47fd96cf5645d0c42b2c819d9e9a84380aa721 NOTFOUND
% CaDiCaL version: 2.1.3
% Termination reason: Instruction limit
% Termination phase: Saturation
% Time elapsed: 0.026 s
% Peak memory usage: 12 MB
% Instructions burned: 197 (million)
% dis-1010_4096_to=lpo:sil=64000:sp=occurrence:erd=off:newcnf=on:random_seed=3458253709:st=-1:i=2238:gtgl=4:sd=1:av=off:gtg=exists_sym:ss=included_275 on p for (275ds/2238Mi)
% Instruction limit reached! 
% ------------------------------
% Version: Vampire 5.0.1 (Release build, commit 1b13eaf on 2026-01-18 12:14:50 +0000)
% Linked with Z3 4.14.0.0 3c47fd96cf5645d0c42b2c819d9e9a84380aa721 NOTFOUND
% CaDiCaL version: 2.1.3
% Termination reason: Instruction limit
% Termination phase: Saturation
% Time elapsed: 0.336 s
% Peak memory usage: 22 MB
% Instructions burned: 2244 (million)
% dis+10_4_sfv=off:to=lpo:sil=4000:random_seed=115751164:s2pl=no:i=224:sd=1:nm=16:ss=axioms:er=filter:sgt=4_272 on p for (272ds/224Mi)
% Instruction limit reached! 
% ------------------------------
% Version: Vampire 5.0.1 (Release build, commit 1b13eaf on 2026-01-18 12:14:50 +0000)
% Linked with Z3 4.14.0.0 3c47fd96cf5645d0c42b2c819d9e9a84380aa721 NOTFOUND
% CaDiCaL version: 2.1.3
% Termination reason: Instruction limit
% Termination phase: Saturation
% Time elapsed: 0.035 s
% Peak memory usage: 12 MB
% Instructions burned: 227 (million)
% lrs+1011_8:1_to=lpo:sil=2000:plsq=on:plsqc=1:plsqr=10,1:sos=on:lsd=1:urr=on:bsr=unit_only:rp=on:alpa=false:updr=off:sac=on:newcnf=on:slsq=on:random_seed=3220141079:cts=off:avsq=on:s2a=on:i=292:avsqr=1,16:sd=3:slsql=off:bd=preordered:nm=4:gsp=on:sup=off:ss=included:sgt=8:rawr=on_272 on p for (272ds/292Mi)
% Refutation not found, incomplete strategy
% ------------------------------
% Version: Vampire 5.0.1 (Release build, commit 1b13eaf on 2026-01-18 12:14:50 +0000)
% Linked with Z3 4.14.0.0 3c47fd96cf5645d0c42b2c819d9e9a84380aa721 NOTFOUND
% CaDiCaL version: 2.1.3
% Termination reason: Refutation not found, incomplete strategy
% Time elapsed: 0.0000 s
% Peak memory usage: 11 MB
% ------------------------------
% ------------------------------
% lrs+2_64_to=lpo:sil=4000:sas=cadical:sos=on:spb=goal:sac=on:random_seed=3275705547:st=1.5:i=165:aac=none:ss=included_272 on p for (272ds/165Mi)
% Refutation not found, incomplete strategy
% ------------------------------
% Version: Vampire 5.0.1 (Release build, commit 1b13eaf on 2026-01-18 12:14:50 +0000)
% Linked with Z3 4.14.0.0 3c47fd96cf5645d0c42b2c819d9e9a84380aa721 NOTFOUND
% CaDiCaL version: 2.1.3
% Termination reason: Refutation not found, incomplete strategy
% Time elapsed: 0.0000 s
% Peak memory usage: 12 MB
% ------------------------------
% ------------------------------
% dis+1011_12:1_to=lpo:sil=32000:plsq=on:plsqc=2:plsqr=32,1:sos=on:fs=off:lsd=20:bsr=unit_only:fd=off:random_seed=3046559806:s2a=on:i=167:nm=16:fsr=off:amm=off_272 on p for (272ds/167Mi)
% Refutation not found, incomplete strategy
% ------------------------------
% Version: Vampire 5.0.1 (Release build, commit 1b13eaf on 2026-01-18 12:14:50 +0000)
% Linked with Z3 4.14.0.0 3c47fd96cf5645d0c42b2c819d9e9a84380aa721 NOTFOUND
% CaDiCaL version: 2.1.3
% Termination reason: Refutation not found, incomplete strategy
% Time elapsed: 0.0000 s
% Peak memory usage: 11 MB
% ------------------------------
% ------------------------------
% lrs+1010_2:1_to=lpo:sil=16000:spb=goal:slsq=on:random_seed=294522424:i=170:ins=10:av=off:fsd=on_271 on p for (271ds/170Mi)
% Instruction limit reached! 
% ------------------------------
% Version: Vampire 5.0.1 (Release build, commit 1b13eaf on 2026-01-18 12:14:50 +0000)
% Linked with Z3 4.14.0.0 3c47fd96cf5645d0c42b2c819d9e9a84380aa721 NOTFOUND
% CaDiCaL version: 2.1.3
% Termination reason: Instruction limit
% Termination phase: Saturation
% Time elapsed: 0.027 s
% Peak memory usage: 14 MB
% Instructions burned: 174 (million)
% WARNING Broken Constraint: if kbo_weight_scheme(inv_arity) has been set then term_ordering(lpo) is equal to kbo or term_ordering(lpo) is equal to auto_kbo
% ott+1002_10_sfv=off:to=lpo:sil=4000:tgt=full:nwc=1:newcnf=on:random_seed=361280494:i=178:kws=inv_arity:bd=preordered:fsd=on_271 on p for (271ds/178Mi)
% Instruction limit reached! 
% ------------------------------
% Version: Vampire 5.0.1 (Release build, commit 1b13eaf on 2026-01-18 12:14:50 +0000)
% Linked with Z3 4.14.0.0 3c47fd96cf5645d0c42b2c819d9e9a84380aa721 NOTFOUND
% CaDiCaL version: 2.1.3
% Termination reason: Instruction limit
% Termination phase: Saturation
% Time elapsed: 0.028 s
% Peak memory usage: 13 MB
% Instructions burned: 180 (million)
% lrs+1004_1_to=lpo:sil=2000:sp=occurrence:sos=all:erd=off:random_seed=552019608:i=218:aac=none:ep=RS_271 on p for (271ds/218Mi)
% Refutation not found, incomplete strategy
% ------------------------------
% Version: Vampire 5.0.1 (Release build, commit 1b13eaf on 2026-01-18 12:14:50 +0000)
% Linked with Z3 4.14.0.0 3c47fd96cf5645d0c42b2c819d9e9a84380aa721 NOTFOUND
% CaDiCaL version: 2.1.3
% Termination reason: Refutation not found, incomplete strategy
% Time elapsed: 0.001 s
% Peak memory usage: 11 MB
% ------------------------------
% ------------------------------
% lrs-1011_1_to=lpo:sil=2000:sos=on:random_seed=65660220:i=2073:sd=1:ss=axioms:sgt=64_271 on p for (271ds/2073Mi)
% Refutation not found, incomplete strategy
% ------------------------------
% Version: Vampire 5.0.1 (Release build, commit 1b13eaf on 2026-01-18 12:14:50 +0000)
% Linked with Z3 4.14.0.0 3c47fd96cf5645d0c42b2c819d9e9a84380aa721 NOTFOUND
% CaDiCaL version: 2.1.3
% Termination reason: Refutation not found, incomplete strategy
% Time elapsed: 0.0000 s
% Peak memory usage: 11 MB
% ------------------------------
% ------------------------------
% dis+1011_1_to=lpo:sil=4000:plsq=on:plsqc=2:plsqr=64,1:sos=on:lsd=1:alpa=false:random_seed=3248221897:avsq=on:i=140:avsqr=1,16:aac=none:ep=RS:nm=4:gsp=on_271 on p for (271ds/140Mi)
% Refutation not found, incomplete strategy
% ------------------------------
% Version: Vampire 5.0.1 (Release build, commit 1b13eaf on 2026-01-18 12:14:50 +0000)
% Linked with Z3 4.14.0.0 3c47fd96cf5645d0c42b2c819d9e9a84380aa721 NOTFOUND
% CaDiCaL version: 2.1.3
% Termination reason: Refutation not found, incomplete strategy
% Time elapsed: 0.0000 s
% Peak memory usage: 11 MB
% ------------------------------
% ------------------------------
% lrs+11_1_sfv=off:to=lpo:sil=2000:plsq=on:plsqc=1:bsd=on:plsqr=128,1:sos=all:newcnf=on:random_seed=44109541:s2pl=on:i=142:sd=1:ss=axioms:fsd=on:sgt=32_271 on p for (271ds/142Mi)
% Refutation not found, incomplete strategy
% ------------------------------
% Version: Vampire 5.0.1 (Release build, commit 1b13eaf on 2026-01-18 12:14:50 +0000)
% Linked with Z3 4.14.0.0 3c47fd96cf5645d0c42b2c819d9e9a84380aa721 NOTFOUND
% CaDiCaL version: 2.1.3
% Termination reason: Refutation not found, incomplete strategy
% Time elapsed: 0.0000 s
% Peak memory usage: 11 MB
% ------------------------------
% ------------------------------
% dis-1010_1_to=lpo:sil=4000:random_seed=2143819789:i=184:sd=1:ep=RS:nm=2:av=off:ss=axioms_271 on p for (271ds/184Mi)
% Refutation not found, incomplete strategy
% ------------------------------
% Version: Vampire 5.0.1 (Release build, commit 1b13eaf on 2026-01-18 12:14:50 +0000)
% Linked with Z3 4.14.0.0 3c47fd96cf5645d0c42b2c819d9e9a84380aa721 NOTFOUND
% CaDiCaL version: 2.1.3
% Termination reason: Refutation not found, incomplete strategy
% Time elapsed: 0.0000 s
% Peak memory usage: 9 MB
% ------------------------------
% ------------------------------
% lrs+3_11:1_to=lpo:sil=4000:plsq=on:erd=off:urr=on:br=off:random_seed=4123902080:s2a=on:i=142:s2at=7:sd=1:ep=RS:ss=axioms:sgt=16_271 on p for (271ds/142Mi)
% Refutation not found, incomplete strategy
% ------------------------------
% Version: Vampire 5.0.1 (Release build, commit 1b13eaf on 2026-01-18 12:14:50 +0000)
% Linked with Z3 4.14.0.0 3c47fd96cf5645d0c42b2c819d9e9a84380aa721 NOTFOUND
% CaDiCaL version: 2.1.3
% Termination reason: Refutation not found, incomplete strategy
% Time elapsed: 0.0000 s
% Peak memory usage: 11 MB
% ------------------------------
% ------------------------------
% lrs-1010_1_to=lpo:sil=4000:fde=none:sos=on:erd=off:random_seed=1623383419:cts=off:i=278:sd=1:av=off:ss=included_271 on p for (271ds/278Mi)
% Refutation not found, incomplete strategy
% ------------------------------
% Version: Vampire 5.0.1 (Release build, commit 1b13eaf on 2026-01-18 12:14:50 +0000)
% Linked with Z3 4.14.0.0 3c47fd96cf5645d0c42b2c819d9e9a84380aa721 NOTFOUND
% CaDiCaL version: 2.1.3
% Termination reason: Refutation not found, incomplete strategy
% Time elapsed: 0.0000 s
% Peak memory usage: 9 MB
% ------------------------------
% ------------------------------
% ott-1010_32:1_to=lpo:sil=2000:sp=arity:sos=all:s2agt=16:random_seed=2454182518:st=2:s2a=on:cond=fast:i=194:av=off:gsp=on:ss=axioms_271 on p for (271ds/194Mi)
% Refutation not found, incomplete strategy
% ------------------------------
% Version: Vampire 5.0.1 (Release build, commit 1b13eaf on 2026-01-18 12:14:50 +0000)
% Linked with Z3 4.14.0.0 3c47fd96cf5645d0c42b2c819d9e9a84380aa721 NOTFOUND
% CaDiCaL version: 2.1.3
% Termination reason: Refutation not found, incomplete strategy
% Time elapsed: 0.0000 s
% Peak memory usage: 9 MB
% ------------------------------
% ------------------------------
% dis+10_1_sfv=off:slsqr=1,2:to=lpo:sil=2000:tgt=full:urr=on:br=off:flr=on:slsq=on:random_seed=2618814003:st=2:i=292:sd=2:slsql=off:nm=0:ins=20:gsp=on:ss=axioms:fsd=on_271 on p for (271ds/292Mi)
% Instruction limit reached! 
% ------------------------------
% Version: Vampire 5.0.1 (Release build, commit 1b13eaf on 2026-01-18 12:14:50 +0000)
% Linked with Z3 4.14.0.0 3c47fd96cf5645d0c42b2c819d9e9a84380aa721 NOTFOUND
% CaDiCaL version: 2.1.3
% Termination reason: Instruction limit
% Termination phase: Saturation
% Time elapsed: 0.044 s
% Peak memory usage: 13 MB
% Instructions burned: 293 (million)
% lrs+10_1_to=lpo:sil=4000:plsq=on:plsqc=1:plsqr=64,1:etr=on:sp=const_min:sos=on:spb=goal_then_units:br=off:sac=on:random_seed=3235122154:i=196:nm=0_270 on p for (270ds/196Mi)
% Refutation not found, incomplete strategy
% ------------------------------
% Version: Vampire 5.0.1 (Release build, commit 1b13eaf on 2026-01-18 12:14:50 +0000)
% Linked with Z3 4.14.0.0 3c47fd96cf5645d0c42b2c819d9e9a84380aa721 NOTFOUND
% CaDiCaL version: 2.1.3
% Termination reason: Refutation not found, incomplete strategy
% Time elapsed: 0.0000 s
% Peak memory usage: 11 MB
% ------------------------------
% ------------------------------
% lrs+1010_6:1_to=lpo:sil=32000:plsq=on:plsqr=128,1:sos=on:urr=on:plsql=on:flr=on:newcnf=on:lwlo=on:random_seed=1642424004:lrd=on:s2pl=on:i=148:ep=RS_270 on p for (270ds/148Mi)
% Refutation not found, incomplete strategy
% ------------------------------
% Version: Vampire 5.0.1 (Release build, commit 1b13eaf on 2026-01-18 12:14:50 +0000)
% Linked with Z3 4.14.0.0 3c47fd96cf5645d0c42b2c819d9e9a84380aa721 NOTFOUND
% CaDiCaL version: 2.1.3
% Termination reason: Refutation not found, incomplete strategy
% Time elapsed: 0.0000 s
% Peak memory usage: 11 MB
% ------------------------------
% ------------------------------
% dis+10_1_slsqr=4,1:to=lpo:sil=8000:urr=ec_only:br=off:slsqc=2:slsq=on:random_seed=3738525524:s2a=on:i=148:s2at=2:ins=1:gtg=position:fsd=on_270 on p for (270ds/148Mi)
% Instruction limit reached! 
% ------------------------------
% Version: Vampire 5.0.1 (Release build, commit 1b13eaf on 2026-01-18 12:14:50 +0000)
% Linked with Z3 4.14.0.0 3c47fd96cf5645d0c42b2c819d9e9a84380aa721 NOTFOUND
% CaDiCaL version: 2.1.3
% Termination reason: Instruction limit
% Termination phase: Saturation
% Time elapsed: 0.022 s
% Peak memory usage: 12 MB
% Instructions burned: 150 (million)
% lrs+10_1_to=lpo:sil=16000:irw=on:sos=all:spb=goal:acc=on:urr=on:br=off:newcnf=on:random_seed=2202417017:s2a=on:i=148:bd=preordered:nm=6:ins=10_270 on p for (270ds/148Mi)
% Refutation not found, incomplete strategy
% ------------------------------
% Version: Vampire 5.0.1 (Release build, commit 1b13eaf on 2026-01-18 12:14:50 +0000)
% Linked with Z3 4.14.0.0 3c47fd96cf5645d0c42b2c819d9e9a84380aa721 NOTFOUND
% CaDiCaL version: 2.1.3
% Termination reason: Refutation not found, incomplete strategy
% Time elapsed: 0.0000 s
% Peak memory usage: 12 MB
% ------------------------------
% ------------------------------
% lrs+1011_32_to=lpo:sil=2000:bce=on:nwc=5:alpa=false:slsq=on:random_seed=3789286777:cts=off:i=543:aac=none:fsr=off:amm=off:rawr=on_270 on p for (270ds/543Mi)
% Instruction limit reached! 
% ------------------------------
% Version: Vampire 5.0.1 (Release build, commit 1b13eaf on 2026-01-18 12:14:50 +0000)
% Linked with Z3 4.14.0.0 3c47fd96cf5645d0c42b2c819d9e9a84380aa721 NOTFOUND
% CaDiCaL version: 2.1.3
% Termination reason: Instruction limit
% Termination phase: Saturation
% Time elapsed: 0.087 s
% Peak memory usage: 19 MB
% Instructions burned: 550 (million)
% dis-1011_128_to=lpo:sil=4000:tgt=full:sas=cadical:bce=on:fd=off:rp=on:slsqc=2:sac=on:slsq=on:random_seed=365505149:i=153:s2at=3:ins=1_269 on p for (269ds/153Mi)
% Instruction limit reached! 
% ------------------------------
% Version: Vampire 5.0.1 (Release build, commit 1b13eaf on 2026-01-18 12:14:50 +0000)
% Linked with Z3 4.14.0.0 3c47fd96cf5645d0c42b2c819d9e9a84380aa721 NOTFOUND
% CaDiCaL version: 2.1.3
% Termination reason: Instruction limit
% Termination phase: Saturation
% Time elapsed: 0.027 s
% Peak memory usage: 13 MB
% Instructions burned: 158 (million)
% dis-1002_3:2_to=lpo:sil=16000:plsq=on:plsqc=1:plsqr=3,1:plsql=on:newcnf=on:random_seed=201142943:s2a=on:i=632:av=off:gtg=position_268 on p for (268ds/632Mi)
% Instruction limit reached! 
% ------------------------------
% Version: Vampire 5.0.1 (Release build, commit 1b13eaf on 2026-01-18 12:14:50 +0000)
% Linked with Z3 4.14.0.0 3c47fd96cf5645d0c42b2c819d9e9a84380aa721 NOTFOUND
% CaDiCaL version: 2.1.3
% Termination reason: Instruction limit
% Termination phase: Saturation
% Time elapsed: 0.091 s
% Peak memory usage: 15 MB
% Instructions burned: 633 (million)
% ott+10_14_to=lpo:sil=8000:tgt=full:prc=on:random_seed=2530178466:i=2501:fsr=off_268 on p for (268ds/2501Mi)
% Instruction limit reached! 
% ------------------------------
% Version: Vampire 5.0.1 (Release build, commit 1b13eaf on 2026-01-18 12:14:50 +0000)
% Linked with Z3 4.14.0.0 3c47fd96cf5645d0c42b2c819d9e9a84380aa721 NOTFOUND
% CaDiCaL version: 2.1.3
% Termination reason: Instruction limit
% Termination phase: Saturation
% Time elapsed: 0.424 s
% Peak memory usage: 57 MB
% Instructions burned: 2504 (million)
% dis+1011_1024_slsqr=1,128:to=lpo:sil=8000:gs=on:br=off:slsqc=1:slsq=on:random_seed=1561358466:i=367:s2at=5:sd=3:slsql=off:ss=axioms:sgt=10_263 on p for (263ds/367Mi)
% Instruction limit reached! 
% ------------------------------
% Version: Vampire 5.0.1 (Release build, commit 1b13eaf on 2026-01-18 12:14:50 +0000)
% Linked with Z3 4.14.0.0 3c47fd96cf5645d0c42b2c819d9e9a84380aa721 NOTFOUND
% CaDiCaL version: 2.1.3
% Termination reason: Instruction limit
% Termination phase: Saturation
% Time elapsed: 0.054 s
% Peak memory usage: 14 MB
% Instructions burned: 374 (million)
% lrs+10_8_to=lpo:sil=4000:plsq=on:plsqc=1:urr=on:br=off:flr=on:newcnf=on:random_seed=2299941579:st=4:i=207:sd=1:fsr=off:gsp=on:ss=axioms_263 on p for (263ds/207Mi)
% Instruction limit reached! 
% ------------------------------
% Version: Vampire 5.0.1 (Release build, commit 1b13eaf on 2026-01-18 12:14:50 +0000)
% Linked with Z3 4.14.0.0 3c47fd96cf5645d0c42b2c819d9e9a84380aa721 NOTFOUND
% CaDiCaL version: 2.1.3
% Termination reason: Instruction limit
% Termination phase: Saturation
% Time elapsed: 0.035 s
% Peak memory usage: 15 MB
% Instructions burned: 209 (million)
% lrs-1010_1_to=lpo:sil=4000:sos=on:random_seed=2419333143:i=3739:sd=2:ins=10:ss=axioms_262 on p for (262ds/3739Mi)
% Refutation not found, incomplete strategy
% ------------------------------
% Version: Vampire 5.0.1 (Release build, commit 1b13eaf on 2026-01-18 12:14:50 +0000)
% Linked with Z3 4.14.0.0 3c47fd96cf5645d0c42b2c819d9e9a84380aa721 NOTFOUND
% CaDiCaL version: 2.1.3
% Termination reason: Refutation not found, incomplete strategy
% Time elapsed: 0.0000 s
% Peak memory usage: 11 MB
% ------------------------------
% ------------------------------
% dis-1011_1_to=lpo:sil=4000:plsq=on:plsqr=32,1:sos=on:erd=off:lsd=5:fd=off:random_seed=351870436:i=157:nm=16:av=off_262 on p for (262ds/157Mi)
% Refutation not found, incomplete strategy
% ------------------------------
% Version: Vampire 5.0.1 (Release build, commit 1b13eaf on 2026-01-18 12:14:50 +0000)
% Linked with Z3 4.14.0.0 3c47fd96cf5645d0c42b2c819d9e9a84380aa721 NOTFOUND
% CaDiCaL version: 2.1.3
% Termination reason: Refutation not found, incomplete strategy
% Time elapsed: 0.0000 s
% Peak memory usage: 9 MB
% ------------------------------
% ------------------------------
% lrs+10_1_to=lpo:sil=4000:sp=occurrence:urr=on:br=off:random_seed=622429040:st=1.2:s2a=on:i=1800:s2at=2:sd=3:ss=included:sgt=20_262 on p for (262ds/1800Mi)
% Instruction limit reached! 
% ------------------------------
% Version: Vampire 5.0.1 (Release build, commit 1b13eaf on 2026-01-18 12:14:50 +0000)
% Linked with Z3 4.14.0.0 3c47fd96cf5645d0c42b2c819d9e9a84380aa721 NOTFOUND
% CaDiCaL version: 2.1.3
% Termination reason: Instruction limit
% Termination phase: Saturation
% Time elapsed: 0.270 s
% Peak memory usage: 46 MB
% Instructions burned: 1805 (million)
% lrs+1010_4_to=lpo:sil=2000:plsq=on:prc=on:plsqr=18,1:sp=occurrence:fd=off:sac=on:random_seed=3161356200:s2a=on:i=163:nm=7:rawr=on_259 on p for (259ds/163Mi)
% Instruction limit reached! 
% ------------------------------
% Version: Vampire 5.0.1 (Release build, commit 1b13eaf on 2026-01-18 12:14:50 +0000)
% Linked with Z3 4.14.0.0 3c47fd96cf5645d0c42b2c819d9e9a84380aa721 NOTFOUND
% CaDiCaL version: 2.1.3
% Termination reason: Instruction limit
% Termination phase: Saturation
% Time elapsed: 0.030 s
% Peak memory usage: 15 MB
% Instructions burned: 165 (million)
% lrs-1011_4:1_anc=all_dependent:slsqr=5,4:to=kbo:sil=16000:tgt=ground:fde=none:sas=cadical:erd=off:fd=preordered:nwc=3:s2agt=16:alpa=true:flr=on:sac=on:lftc=80:slsq=on:avsqc=2:random_seed=2990650163:avsq=on:s2a=on:i=163:avsqr=7,8:ep=RST:fdi=8_259 on p for (259ds/163Mi)
% Aborted by signal SIGSEGV on /tmp/tmpfsgvv_03/p.p
% ------------------------------
% Version: Vampire 5.0.1 (Release build, commit 1b13eaf on 2026-01-18 12:14:50 +0000)
% Linked with Z3 4.14.0.0 3c47fd96cf5645d0c42b2c819d9e9a84380aa721 NOTFOUND
% CaDiCaL version: 2.1.3
% Termination reason: Unknown
% Termination phase: Saturation
% Time elapsed: 0.001 s
% Peak memory usage: 12 MB
% dis-1011_2:1_to=lpo:sil=8000:plsq=on:plsqr=1,8:sos=on:erd=off:gs=on:random_seed=329958805:st=10:i=164:sd=1:aac=none:bd=all:nm=3:ss=included:rawr=on_259 on p for (259ds/164Mi)
% Refutation not found, incomplete strategy
% ------------------------------
% Version: Vampire 5.0.1 (Release build, commit 1b13eaf on 2026-01-18 12:14:50 +0000)
% Linked with Z3 4.14.0.0 3c47fd96cf5645d0c42b2c819d9e9a84380aa721 NOTFOUND
% CaDiCaL version: 2.1.3
% Termination reason: Refutation not found, incomplete strategy
% Time elapsed: 0.0000 s
% Peak memory usage: 12 MB
% ------------------------------
% ------------------------------
% lrs+10_2:5_slsqr=2,1:to=lpo:sil=2000:plsq=on:plsqc=1:sas=cadical:plsqr=64,1:sp=const_min:acc=on:bce=on:plsql=on:alpa=random:flr=on:sac=on:slsq=on:random_seed=3082644939:s2a=on:i=230:s2at=2:slsql=off:fsr=off:gsp=on:ss=included:sgt=32:rawr=on_259 on p for (259ds/230Mi)
% Instruction limit reached! 
% ------------------------------
% Version: Vampire 5.0.1 (Release build, commit 1b13eaf on 2026-01-18 12:14:50 +0000)
% Linked with Z3 4.14.0.0 3c47fd96cf5645d0c42b2c819d9e9a84380aa721 NOTFOUND
% CaDiCaL version: 2.1.3
% Termination reason: Instruction limit
% Termination phase: Saturation
% Time elapsed: 0.039 s
% Peak memory usage: 16 MB
% Instructions burned: 236 (million)
% dis+1010_16_anc=all_dependent:to=lpo:sil=8000:sp=arity:fd=off:sac=on:random_seed=2363180417:st=5:i=165:sd=2:aac=none:ins=10:fsr=off:ss=axioms:fsd=on_258 on p for (258ds/165Mi)
% Instruction limit reached! 
% ------------------------------
% Version: Vampire 5.0.1 (Release build, commit 1b13eaf on 2026-01-18 12:14:50 +0000)
% Linked with Z3 4.14.0.0 3c47fd96cf5645d0c42b2c819d9e9a84380aa721 NOTFOUND
% CaDiCaL version: 2.1.3
% Termination reason: Instruction limit
% Termination phase: Saturation
% Time elapsed: 0.028 s
% Peak memory usage: 12 MB
% Instructions burned: 166 (million)
% lrs-2_64_to=lpo:sil=4000:sos=on:lcm=predicate:random_seed=197023879:st=3:i=361:sd=5:av=off:ss=included_258 on p for (258ds/361Mi)
% Refutation not found, incomplete strategy
% ------------------------------
% Version: Vampire 5.0.1 (Release build, commit 1b13eaf on 2026-01-18 12:14:50 +0000)
% Linked with Z3 4.14.0.0 3c47fd96cf5645d0c42b2c819d9e9a84380aa721 NOTFOUND
% CaDiCaL version: 2.1.3
% Termination reason: Refutation not found, incomplete strategy
% Time elapsed: 0.0000 s
% Peak memory usage: 9 MB
% ------------------------------
% ------------------------------
% dis-1011_8_to=lpo:sil=4000:fde=none:nwc=2:random_seed=2135456671:st=5:s2a=on:i=231:s2at=2:sd=6:ep=RS:ins=1:ss=axioms_258 on p for (258ds/231Mi)
% Refutation not found, incomplete strategy
% ------------------------------
% Version: Vampire 5.0.1 (Release build, commit 1b13eaf on 2026-01-18 12:14:50 +0000)
% Linked with Z3 4.14.0.0 3c47fd96cf5645d0c42b2c819d9e9a84380aa721 NOTFOUND
% CaDiCaL version: 2.1.3
% Termination reason: Refutation not found, incomplete strategy
% Time elapsed: 0.0000 s
% Peak memory usage: 11 MB
% ------------------------------
% ------------------------------
% Aborted by signal SIGSEGV on /tmp/tmpfsgvv_03/p.p
% ------------------------------
% Version: Vampire 5.0.1 (Release build, commit 1b13eaf on 2026-01-18 12:14:50 +0000)
% Linked with Z3 4.14.0.0 3c47fd96cf5645d0c42b2c819d9e9a84380aa721 NOTFOUND
% CaDiCaL version: 2.1.3
% Termination reason: Refutation not found, incomplete strategy
% Time elapsed: 0.0000 s
% Peak memory usage: 11 MB
% lrs-1010_8:1_anc=none:slsqr=4,1:to=lpo:sil=4000:tgt=ground:plsq=on:plsqc=1:plsqr=32,1:nwc=3:slsqc=1:slsq=on:avsqc=1:random_seed=3402118670:avsq=on:i=169:doe=on:nicw=on:nm=16:ss=axioms_258 on p for (258ds/169Mi)
% Refutation not found, incomplete strategy
% ------------------------------
% Version: Vampire 5.0.1 (Release build, commit 1b13eaf on 2026-01-18 12:14:50 +0000)
% Linked with Z3 4.14.0.0 3c47fd96cf5645d0c42b2c819d9e9a84380aa721 NOTFOUND
% CaDiCaL version: 2.1.3
% Termination reason: Refutation not found, incomplete strategy
% Time elapsed: 0.0000 s
% Peak memory usage: 11 MB
% ------------------------------
% ------------------------------
% lrs+11_32_anc=all:to=lpo:sil=4000:sos=all:erd=off:urr=on:sac=on:random_seed=3365973043:s2a=on:i=169:nicw=on:gtg=position:gsp=on:ss=axioms:sgt=8_258 on p for (258ds/169Mi)
% Refutation not found, incomplete strategy
% ------------------------------
% Version: Vampire 5.0.1 (Release build, commit 1b13eaf on 2026-01-18 12:14:50 +0000)
% Linked with Z3 4.14.0.0 3c47fd96cf5645d0c42b2c819d9e9a84380aa721 NOTFOUND
% CaDiCaL version: 2.1.3
% Termination reason: Refutation not found, incomplete strategy
% Time elapsed: 0.0000 s
% Peak memory usage: 12 MB
% ------------------------------
% ------------------------------
% ott+1011_16_to=lpo:sil=2000:lsd=100:newcnf=on:random_seed=1518449343:st=3:s2a=on:i=169:sd=1:av=off:fsr=off:ss=axioms_258 on p for (258ds/169Mi)
% Instruction limit reached! 
% ------------------------------
% Version: Vampire 5.0.1 (Release build, commit 1b13eaf on 2026-01-18 12:14:50 +0000)
% Linked with Z3 4.14.0.0 3c47fd96cf5645d0c42b2c819d9e9a84380aa721 NOTFOUND
% CaDiCaL version: 2.1.3
% Termination reason: Instruction limit
% Termination phase: Saturation
% Time elapsed: 0.029 s
% Peak memory usage: 14 MB
% Instructions burned: 173 (million)
% lrs+1002_1_to=lpo:sil=128000:sos=on:random_seed=733031763:st=1.5:i=170:sd=2:nm=2:gtg=all:ss=axioms:fsd=on_258 on p for (258ds/170Mi)
% Instruction limit reached! 
% ------------------------------
% Version: Vampire 5.0.1 (Release build, commit 1b13eaf on 2026-01-18 12:14:50 +0000)
% Linked with Z3 4.14.0.0 3c47fd96cf5645d0c42b2c819d9e9a84380aa721 NOTFOUND
% CaDiCaL version: 2.1.3
% Termination reason: Instruction limit
% Termination phase: Saturation
% Time elapsed: 0.028 s
% Peak memory usage: 14 MB
% Instructions burned: 173 (million)
% dis+4_4_to=lpo:sil=16000:plsq=on:plsqr=1,32:sp=unary_frequency:lcm=predicate:fd=off:rp=on:random_seed=2783397836:i=170:bd=preordered:nm=2:av=off:sup=off_257 on p for (257ds/170Mi)
% Refutation not found, incomplete strategy
% ------------------------------
% Version: Vampire 5.0.1 (Release build, commit 1b13eaf on 2026-01-18 12:14:50 +0000)
% Linked with Z3 4.14.0.0 3c47fd96cf5645d0c42b2c819d9e9a84380aa721 NOTFOUND
% CaDiCaL version: 2.1.3
% Termination reason: Refutation not found, incomplete strategy
% Time elapsed: 0.0000 s
% Peak memory usage: 9 MB
% ------------------------------
% ------------------------------
% dis-1011_5:1_to=lpo:sil=4000:lsd=50:random_seed=4054798003:s2a=on:i=171:s2at=1.2:ep=R:gtg=position_257 on p for (257ds/171Mi)
% Refutation not found, incomplete strategy
% ------------------------------
% Version: Vampire 5.0.1 (Release build, commit 1b13eaf on 2026-01-18 12:14:50 +0000)
% Linked with Z3 4.14.0.0 3c47fd96cf5645d0c42b2c819d9e9a84380aa721 NOTFOUND
% CaDiCaL version: 2.1.3
% Termination reason: Refutation not found, incomplete strategy
% Time elapsed: 0.0000 s
% Peak memory usage: 11 MB
% ------------------------------
% ------------------------------
% lrs+10_1_to=lpo:sil=4000:plsq=on:plsqr=32,1:sos=on:fs=off:acc=on:urr=ec_only:gs=on:sac=on:random_seed=1536969554:i=530:nm=0:fsr=off_257 on p for (257ds/530Mi)
% Refutation not found, incomplete strategy
% ------------------------------
% Version: Vampire 5.0.1 (Release build, commit 1b13eaf on 2026-01-18 12:14:50 +0000)
% Linked with Z3 4.14.0.0 3c47fd96cf5645d0c42b2c819d9e9a84380aa721 NOTFOUND
% CaDiCaL version: 2.1.3
% Termination reason: Refutation not found, incomplete strategy
% Time elapsed: 0.0000 s
% Peak memory usage: 12 MB
% ------------------------------
% ------------------------------
% lrs+1002_1_to=lpo:sil=8000:sos=on:erd=off:sac=on:random_seed=515752977:st=6:i=1370:sd=4:aac=none:sup=off:ss=axioms:sgt=16_257 on p for (257ds/1370Mi)
% Refutation not found, incomplete strategy
% ------------------------------
% Version: Vampire 5.0.1 (Release build, commit 1b13eaf on 2026-01-18 12:14:50 +0000)
% Linked with Z3 4.14.0.0 3c47fd96cf5645d0c42b2c819d9e9a84380aa721 NOTFOUND
% CaDiCaL version: 2.1.3
% Termination reason: Refutation not found, incomplete strategy
% Time elapsed: 0.0000 s
% Peak memory usage: 11 MB
% ------------------------------
% ------------------------------
% WARNING Broken Constraint: if kbo_weight_scheme(arity_squared) has been set then term_ordering(lpo) is equal to kbo or term_ordering(lpo) is equal to auto_kbo
% dis+1011_64_to=lpo:sil=128000:bsd=on:sp=arity:sos=on:lsd=50:fd=off:random_seed=1181478328:i=252:gtgl=4:kws=arity_squared:nm=16:av=off:gtg=exists_sym:gsp=on:fsd=on_257 on p for (257ds/252Mi)
% Instruction limit reached! 
% ------------------------------
% Version: Vampire 5.0.1 (Release build, commit 1b13eaf on 2026-01-18 12:14:50 +0000)
% Linked with Z3 4.14.0.0 3c47fd96cf5645d0c42b2c819d9e9a84380aa721 NOTFOUND
% CaDiCaL version: 2.1.3
% Termination reason: Instruction limit
% Termination phase: Saturation
% Time elapsed: 0.041 s
% Peak memory usage: 13 MB
% Instructions burned: 259 (million)
% WARNING Broken Constraint: if kbo_weight_scheme(precedence) has been set then term_ordering(lpo) is equal to kbo or term_ordering(lpo) is equal to auto_kbo
% dis+1010_3:1_to=lpo:sil=2000:tgt=full:prc=on:drc=off:fde=none:bsd=on:sp=unary_first:gs=on:br=off:random_seed=3165556388:i=178:kws=precedence:av=off:fsd=on_257 on p for (257ds/178Mi)
% Instruction limit reached! 
% ------------------------------
% Version: Vampire 5.0.1 (Release build, commit 1b13eaf on 2026-01-18 12:14:50 +0000)
% Linked with Z3 4.14.0.0 3c47fd96cf5645d0c42b2c819d9e9a84380aa721 NOTFOUND
% CaDiCaL version: 2.1.3
% Termination reason: Instruction limit
% Termination phase: Saturation
% Time elapsed: 0.025 s
% Peak memory usage: 14 MB
% Instructions burned: 179 (million)
% dis+10_8:1_to=lpo:sil=4000:sp=arity:sos=on:acc=on:fd=off:random_seed=2783127220:s2a=on:i=927:sd=2:ss=axioms_256 on p for (256ds/927Mi)
% Refutation not found, incomplete strategy
% ------------------------------
% Version: Vampire 5.0.1 (Release build, commit 1b13eaf on 2026-01-18 12:14:50 +0000)
% Linked with Z3 4.14.0.0 3c47fd96cf5645d0c42b2c819d9e9a84380aa721 NOTFOUND
% CaDiCaL version: 2.1.3
% Termination reason: Refutation not found, incomplete strategy
% Time elapsed: 0.0000 s
% Peak memory usage: 11 MB
% ------------------------------
% ------------------------------
% lrs+10_1_to=lpo:sil=4000:sos=on:spb=goal:lcm=predicate:urr=on:s2agt=8:sac=on:slsq=on:random_seed=3222478451:st=3.3:s2a=on:i=269:sd=2:doe=on:nm=2:gtg=position:sup=off:ss=axioms_256 on p for (256ds/269Mi)
% Refutation not found, incomplete strategy
% ------------------------------
% Version: Vampire 5.0.1 (Release build, commit 1b13eaf on 2026-01-18 12:14:50 +0000)
% Linked with Z3 4.14.0.0 3c47fd96cf5645d0c42b2c819d9e9a84380aa721 NOTFOUND
% CaDiCaL version: 2.1.3
% Termination reason: Refutation not found, incomplete strategy
% Time elapsed: 0.0000 s
% Peak memory usage: 11 MB
% ------------------------------
% ------------------------------
% WARNING Broken Constraint: if kbo_weight_scheme(arity_squared) has been set then term_ordering(lpo) is equal to kbo or term_ordering(lpo) is equal to auto_kbo
% lrs+21_32:1_to=lpo:sil=16000:bsd=on:sos=on:spb=goal_then_units:lcm=predicate:flr=on:random_seed=3270071067:s2a=on:i=185:s2at=3.5:kws=arity_squared_256 on p for (256ds/185Mi)
% Refutation not found, incomplete strategy
% ------------------------------
% Version: Vampire 5.0.1 (Release build, commit 1b13eaf on 2026-01-18 12:14:50 +0000)
% Linked with Z3 4.14.0.0 3c47fd96cf5645d0c42b2c819d9e9a84380aa721 NOTFOUND
% CaDiCaL version: 2.1.3
% Termination reason: Refutation not found, incomplete strategy
% Time elapsed: 0.0000 s
% Peak memory usage: 11 MB
% ------------------------------
% ------------------------------
% lrs+1010_64_to=lpo:sil=2000:sos=on:erd=off:bce=on:bsr=on:nwc=1:flr=on:newcnf=on:random_seed=2054462851:i=277:av=off:fdi=64_256 on p for (256ds/277Mi)
% Refutation not found, incomplete strategy
% ------------------------------
% Version: Vampire 5.0.1 (Release build, commit 1b13eaf on 2026-01-18 12:14:50 +0000)
% Linked with Z3 4.14.0.0 3c47fd96cf5645d0c42b2c819d9e9a84380aa721 NOTFOUND
% CaDiCaL version: 2.1.3
% Termination reason: Refutation not found, incomplete strategy
% Time elapsed: 0.0000 s
% Peak memory usage: 9 MB
% ------------------------------
% ------------------------------
% lrs-1011_64_to=lpo:sil=4000:fd=preordered:br=off:random_seed=513411493:i=456:sd=2:av=off:ss=axioms:sgt=32_256 on p for (256ds/456Mi)
% Instruction limit reached! 
% ------------------------------
% Version: Vampire 5.0.1 (Release build, commit 1b13eaf on 2026-01-18 12:14:50 +0000)
% Linked with Z3 4.14.0.0 3c47fd96cf5645d0c42b2c819d9e9a84380aa721 NOTFOUND
% CaDiCaL version: 2.1.3
% Termination reason: Instruction limit
% Termination phase: Saturation
% Time elapsed: 0.075 s
% Peak memory usage: 18 MB
% Instructions burned: 457 (million)
% lrs+10_32_to=lpo:sil=2000:sp=occurrence:sos=all:urr=on:br=off:random_seed=96433942:st=3:i=635:sd=5:sup=off:ss=included_255 on p for (255ds/635Mi)
% Refutation not found, incomplete strategy
% ------------------------------
% Version: Vampire 5.0.1 (Release build, commit 1b13eaf on 2026-01-18 12:14:50 +0000)
% Linked with Z3 4.14.0.0 3c47fd96cf5645d0c42b2c819d9e9a84380aa721 NOTFOUND
% CaDiCaL version: 2.1.3
% Termination reason: Refutation not found, incomplete strategy
% Time elapsed: 0.0000 s
% Peak memory usage: 11 MB
% ------------------------------
% ------------------------------
% lrs+1011_23:4_slsqr=8,1:to=lpo:sil=32000:plsq=on:fde=none:plsqc=4:plsqr=64,1:spb=goal_then_units:acc=on:urr=on:plsql=on:gs=on:slsqc=4:alpa=true:slsq=on:random_seed=3439799554:cond=on:i=190:add=on:aac=none:doe=on:slsql=off:bd=preordered:nm=2:sup=off:ss=axioms_255 on p for (255ds/190Mi)
% Refutation not found, incomplete strategy
% ------------------------------
% Version: Vampire 5.0.1 (Release build, commit 1b13eaf on 2026-01-18 12:14:50 +0000)
% Linked with Z3 4.14.0.0 3c47fd96cf5645d0c42b2c819d9e9a84380aa721 NOTFOUND
% CaDiCaL version: 2.1.3
% Termination reason: Refutation not found, incomplete strategy
% Time elapsed: 0.0000 s
% Peak memory usage: 12 MB
% ------------------------------
% ------------------------------
% dis+1010_32:1_to=lpo:sil=2000:bsd=on:fd=off:slsq=on:random_seed=1346577942:cts=off:i=1282:sd=1:av=off:gtg=position:ss=axioms_255 on p for (255ds/1282Mi)
% Refutation not found, incomplete strategy
% ------------------------------
% Version: Vampire 5.0.1 (Release build, commit 1b13eaf on 2026-01-18 12:14:50 +0000)
% Linked with Z3 4.14.0.0 3c47fd96cf5645d0c42b2c819d9e9a84380aa721 NOTFOUND
% CaDiCaL version: 2.1.3
% Termination reason: Refutation not found, incomplete strategy
% Time elapsed: 0.0000 s
% Peak memory usage: 8 MB
% ------------------------------
% ------------------------------
% lrs+1011_16_anc=all_dependent:to=lpo:sil=4000:plsq=on:fde=none:plsqc=1:sas=cadical:plsqr=64,1:sos=on:spb=non_intro:plsql=on:fd=off:alpa=random:sac=on:random_seed=1592876289:avsq=on:i=191:avsqr=1,16:nm=16:ins=1:rawr=on_255 on p for (255ds/191Mi)
% Refutation not found, incomplete strategy
% ------------------------------
% Version: Vampire 5.0.1 (Release build, commit 1b13eaf on 2026-01-18 12:14:50 +0000)
% Linked with Z3 4.14.0.0 3c47fd96cf5645d0c42b2c819d9e9a84380aa721 NOTFOUND
% CaDiCaL version: 2.1.3
% Termination reason: Refutation not found, incomplete strategy
% Time elapsed: 0.0000 s
% Peak memory usage: 12 MB
% ------------------------------
% ------------------------------
% WARNING Broken Constraint: if kbo_max_zero(on) has been set then term_ordering(lpo) is equal to kbo or term_ordering(lpo) is equal to auto_kbo
% WARNING Broken Constraint: if kbo_weight_scheme(precedence) has been set then term_ordering(lpo) is equal to kbo or term_ordering(lpo) is equal to auto_kbo
% lrs+11_1_anc=all_dependent:to=lpo:sil=2000:plsq=on:fde=unused:plsqr=32,1:spb=intro:bsr=unit_only:gs=on:kmz=on:newcnf=on:random_seed=198273107:st=1.2:i=564:gtgl=3:sd=3:kws=precedence:gtg=exists_top:fdi=4:ss=axioms:sgt=10_255 on p for (255ds/564Mi)
% Instruction limit reached! 
% ------------------------------
% Version: Vampire 5.0.1 (Release build, commit 1b13eaf on 2026-01-18 12:14:50 +0000)
% Linked with Z3 4.14.0.0 3c47fd96cf5645d0c42b2c819d9e9a84380aa721 NOTFOUND
% CaDiCaL version: 2.1.3
% Termination reason: Instruction limit
% Termination phase: Saturation
% Time elapsed: 0.092 s
% Peak memory usage: 20 MB
% Instructions burned: 568 (million)
% dis-1011_25:7_to=lpo:sil=4000:sas=cadical:avsql=on:lsd=50:acc=on:bsr=unit_only:nwc=4:newcnf=on:avsqc=2:random_seed=1743250303:avsq=on:s2a=on:i=193:s2at=-1:avsqr=2,3:aac=none:ep=RSTC:rawr=on_254 on p for (254ds/193Mi)
% Aborted by signal SIGSEGV on /tmp/tmpfsgvv_03/p.p
% ------------------------------
% Version: Vampire 5.0.1 (Release build, commit 1b13eaf on 2026-01-18 12:14:50 +0000)
% Linked with Z3 4.14.0.0 3c47fd96cf5645d0c42b2c819d9e9a84380aa721 NOTFOUND
% CaDiCaL version: 2.1.3
% Termination reason: Unknown
% Termination phase: Saturation
% Time elapsed: 0.003 s
% Peak memory usage: 12 MB
% Instructions burned: 14 (million)
% dis+1003_12_to=lpo:sil=4000:plsq=on:plsqr=32,1:sp=weighted_frequency:sos=all:erd=off:lma=off:spb=intro:lcm=predicate:acc=on:urr=full:slsqc=2:updr=off:newcnf=on:slsq=on:random_seed=3687918260:i=195:ins=10:fsr=off:fdi=4:gsp=on_254 on p for (254ds/195Mi)
% Refutation not found, incomplete strategy
% ------------------------------
% Version: Vampire 5.0.1 (Release build, commit 1b13eaf on 2026-01-18 12:14:50 +0000)
% Linked with Z3 4.14.0.0 3c47fd96cf5645d0c42b2c819d9e9a84380aa721 NOTFOUND
% CaDiCaL version: 2.1.3
% Termination reason: Refutation not found, incomplete strategy
% Time elapsed: 0.0000 s
% Peak memory usage: 12 MB
% ------------------------------
% ------------------------------
% lrs+1010_4_to=lpo:sil=4000:drc=off:sp=weighted_frequency:spb=goal_then_units:nwc=5:lftc=50:random_seed=2050208545:s2a=on:i=302:fgj=on:bd=all_254 on p for (254ds/302Mi)
% Instruction limit reached! 
% ------------------------------
% Version: Vampire 5.0.1 (Release build, commit 1b13eaf on 2026-01-18 12:14:50 +0000)
% Linked with Z3 4.14.0.0 3c47fd96cf5645d0c42b2c819d9e9a84380aa721 NOTFOUND
% CaDiCaL version: 2.1.3
% Termination reason: Instruction limit
% Termination phase: Saturation
% Time elapsed: 0.047 s
% Peak memory usage: 15 MB
% Instructions burned: 308 (million)
% lrs+1011_1_sfv=off:to=lpo:sil=4000:sp=arity:sos=all:spb=goal:urr=ec_only:br=off:random_seed=2973430692:i=2020:sd=1:ss=included_254 on p for (254ds/2020Mi)
% Refutation not found, incomplete strategy
% ------------------------------
% Version: Vampire 5.0.1 (Release build, commit 1b13eaf on 2026-01-18 12:14:50 +0000)
% Linked with Z3 4.14.0.0 3c47fd96cf5645d0c42b2c819d9e9a84380aa721 NOTFOUND
% CaDiCaL version: 2.1.3
% Termination reason: Refutation not found, incomplete strategy
% Time elapsed: 0.0000 s
% Peak memory usage: 11 MB
% ------------------------------
% ------------------------------
% dis+1011_32_slsqr=1,4:to=lpo:sil=4000:erd=off:s2agt=8:slsqc=3:slsq=on:random_seed=4107398575:i=912:sd=4:nicw=on:ep=RS:ss=axioms:sgt=32_254 on p for (254ds/912Mi)
% Refutation not found, incomplete strategy
% ------------------------------
% Version: Vampire 5.0.1 (Release build, commit 1b13eaf on 2026-01-18 12:14:50 +0000)
% Linked with Z3 4.14.0.0 3c47fd96cf5645d0c42b2c819d9e9a84380aa721 NOTFOUND
% CaDiCaL version: 2.1.3
% Termination reason: Refutation not found, incomplete strategy
% Time elapsed: 0.0000 s
% Peak memory usage: 11 MB
% ------------------------------
% ------------------------------
% Aborted by signal SIGSEGV on /tmp/tmpfsgvv_03/p.p
% ------------------------------
% Version: Vampire 5.0.1 (Release build, commit 1b13eaf on 2026-01-18 12:14:50 +0000)
% Linked with Z3 4.14.0.0 3c47fd96cf5645d0c42b2c819d9e9a84380aa721 NOTFOUND
% CaDiCaL version: 2.1.3
% Termination reason: Refutation not found, incomplete strategy
% Time elapsed: 0.0000 s
% Peak memory usage: 11 MB
% lrs-11_23:64_sfv=off:to=lpo:sil=4000:tgt=ground:sp=const_min:sos=all:spb=goal:lcm=predicate:urr=on:fd=preordered:nwc=1:flr=on:lftc=40:random_seed=2121581348:st=1.38385:i=303:add=off:aac=none:ss=axioms_254 on p for (254ds/303Mi)
% Refutation not found, incomplete strategy
% ------------------------------
% Version: Vampire 5.0.1 (Release build, commit 1b13eaf on 2026-01-18 12:14:50 +0000)
% Linked with Z3 4.14.0.0 3c47fd96cf5645d0c42b2c819d9e9a84380aa721 NOTFOUND
% CaDiCaL version: 2.1.3
% Termination reason: Refutation not found, incomplete strategy
% Time elapsed: 0.0000 s
% Peak memory usage: 11 MB
% ------------------------------
% ------------------------------
% dis+1011_3:1_to=lpo:sil=8000:prc=on:drc=off:fde=unused:sp=reverse_arity:spb=non_intro:random_seed=1898829950:i=817:ins=20:av=off_254 on p for (254ds/817Mi)
% Instruction limit reached! 
% ------------------------------
% Version: Vampire 5.0.1 (Release build, commit 1b13eaf on 2026-01-18 12:14:50 +0000)
% Linked with Z3 4.14.0.0 3c47fd96cf5645d0c42b2c819d9e9a84380aa721 NOTFOUND
% CaDiCaL version: 2.1.3
% Termination reason: Instruction limit
% Termination phase: Saturation
% Time elapsed: 0.141 s
% Peak memory usage: 16 MB
% Instructions burned: 819 (million)
% dis+1_32:1_to=lpo:sil=128000:sp=occurrence:acc=on:s2agt=30:random_seed=1865692031:s2pl=no:s2a=on:i=1164:sd=2:nicw=on:fsr=off:ss=included_252 on p for (252ds/1164Mi)
% Instruction limit reached! 
% ------------------------------
% Version: Vampire 5.0.1 (Release build, commit 1b13eaf on 2026-01-18 12:14:50 +0000)
% Linked with Z3 4.14.0.0 3c47fd96cf5645d0c42b2c819d9e9a84380aa721 NOTFOUND
% CaDiCaL version: 2.1.3
% Termination reason: Instruction limit
% Termination phase: Saturation
% Time elapsed: 0.162 s
% Peak memory usage: 16 MB
% Instructions burned: 1167 (million)
% lrs-1011_1_to=lpo:sil=2000:sos=all:spb=goal_then_units:random_seed=611645517:i=208_251 on p for (251ds/208Mi)
% Refutation not found, incomplete strategy
% ------------------------------
% Version: Vampire 5.0.1 (Release build, commit 1b13eaf on 2026-01-18 12:14:50 +0000)
% Linked with Z3 4.14.0.0 3c47fd96cf5645d0c42b2c819d9e9a84380aa721 NOTFOUND
% CaDiCaL version: 2.1.3
% Termination reason: Refutation not found, incomplete strategy
% Time elapsed: 0.0000 s
% Peak memory usage: 11 MB
% ------------------------------
% ------------------------------
% lrs+1011_1_to=lpo:sil=32000:sp=occurrence:sos=all:random_seed=2299888819:st=2.3:i=7185:sd=14:ss=axioms:sgt=16_250 on p for (250ds/7185Mi)
% Refutation not found, incomplete strategy
% ------------------------------
% Version: Vampire 5.0.1 (Release build, commit 1b13eaf on 2026-01-18 12:14:50 +0000)
% Linked with Z3 4.14.0.0 3c47fd96cf5645d0c42b2c819d9e9a84380aa721 NOTFOUND
% CaDiCaL version: 2.1.3
% Termination reason: Refutation not found, incomplete strategy
% Time elapsed: 0.0000 s
% Peak memory usage: 11 MB
% ------------------------------
% ------------------------------
% dis+1002_2_to=lpo:sil=8000:sos=on:random_seed=2931313630:i=322:sd=2:ep=R:nm=4:gtg=position:ss=axioms:sgt=4_250 on p for (250ds/322Mi)
% Refutation not found, incomplete strategy
% ------------------------------
% Version: Vampire 5.0.1 (Release build, commit 1b13eaf on 2026-01-18 12:14:50 +0000)
% Linked with Z3 4.14.0.0 3c47fd96cf5645d0c42b2c819d9e9a84380aa721 NOTFOUND
% CaDiCaL version: 2.1.3
% Termination reason: Refutation not found, incomplete strategy
% Time elapsed: 0.0000 s
% Peak memory usage: 11 MB
% ------------------------------
% ------------------------------
% WARNING Broken Constraint: if kbo_weight_scheme(inv_arity_squared) has been set then term_ordering(lpo) is equal to kbo or term_ordering(lpo) is equal to auto_kbo
% lrs-1010_1_to=lpo:sil=2000:plsq=on:plsqr=50755291,524288:urr=on:rp=on:s2agt=40:br=off:random_seed=1236733104:s2a=on:i=329:add=off:sd=1:kws=inv_arity_squared:gsp=on:ss=axioms:sgt=8_250 on p for (250ds/329Mi)
% Instruction limit reached! 
% ------------------------------
% Version: Vampire 5.0.1 (Release build, commit 1b13eaf on 2026-01-18 12:14:50 +0000)
% Linked with Z3 4.14.0.0 3c47fd96cf5645d0c42b2c819d9e9a84380aa721 NOTFOUND
% CaDiCaL version: 2.1.3
% Termination reason: Instruction limit
% Termination phase: Saturation
% Time elapsed: 0.053 s
% Peak memory usage: 17 MB
% Instructions burned: 331 (million)
% lrs-1011_1_to=lpo:sil=2000:erd=off:random_seed=85949773:i=215:ep=RS:nm=2_250 on p for (250ds/215Mi)
% Refutation not found, incomplete strategy
% ------------------------------
% Version: Vampire 5.0.1 (Release build, commit 1b13eaf on 2026-01-18 12:14:50 +0000)
% Linked with Z3 4.14.0.0 3c47fd96cf5645d0c42b2c819d9e9a84380aa721 NOTFOUND
% CaDiCaL version: 2.1.3
% Termination reason: Refutation not found, incomplete strategy
% Time elapsed: 0.0000 s
% Peak memory usage: 11 MB
% ------------------------------
% ------------------------------
% Aborted by signal SIGSEGV on /tmp/tmpfsgvv_03/p.p
% ------------------------------
% Version: Vampire 5.0.1 (Release build, commit 1b13eaf on 2026-01-18 12:14:50 +0000)
% Linked with Z3 4.14.0.0 3c47fd96cf5645d0c42b2c819d9e9a84380aa721 NOTFOUND
% CaDiCaL version: 2.1.3
% Termination reason: Refutation not found, incomplete strategy
% Time elapsed: 0.0000 s
% Peak memory usage: 11 MB
% dis+1011_20_to=lpo:sil=4000:bsd=on:newcnf=on:slsq=on:random_seed=736934716:i=215:sd=1:slsql=off:ss=axioms:fsd=on_250 on p for (250ds/215Mi)
% Refutation not found, incomplete strategy
% ------------------------------
% Version: Vampire 5.0.1 (Release build, commit 1b13eaf on 2026-01-18 12:14:50 +0000)
% Linked with Z3 4.14.0.0 3c47fd96cf5645d0c42b2c819d9e9a84380aa721 NOTFOUND
% CaDiCaL version: 2.1.3
% Termination reason: Refutation not found, incomplete strategy
% Time elapsed: 0.0000 s
% Peak memory usage: 11 MB
% ------------------------------
% ------------------------------
% lrs+1011_1_to=lpo:sil=256000:plsq=on:newcnf=on:random_seed=1570378749:st=2:i=216:sd=3:ep=R:av=off:ss=included:sgt=16_250 on p for (250ds/216Mi)
% Refutation not found, incomplete strategy
% ------------------------------
% Version: Vampire 5.0.1 (Release build, commit 1b13eaf on 2026-01-18 12:14:50 +0000)
% Linked with Z3 4.14.0.0 3c47fd96cf5645d0c42b2c819d9e9a84380aa721 NOTFOUND
% CaDiCaL version: 2.1.3
% Termination reason: Refutation not found, incomplete strategy
% Time elapsed: 0.0000 s
% Peak memory usage: 9 MB
% ------------------------------
% ------------------------------
% lrs-1002_50_to=lpo:sil=2000:sas=cadical:sos=on:spb=non_intro:random_seed=235522404:i=223:doe=on:bd=all:fsr=off:fsd=on:fsdmm=1_250 on p for (250ds/223Mi)
% Refutation not found, incomplete strategy
% ------------------------------
% Version: Vampire 5.0.1 (Release build, commit 1b13eaf on 2026-01-18 12:14:50 +0000)
% Linked with Z3 4.14.0.0 3c47fd96cf5645d0c42b2c819d9e9a84380aa721 NOTFOUND
% CaDiCaL version: 2.1.3
% Termination reason: Refutation not found, incomplete strategy
% Time elapsed: 0.0000 s
% Peak memory usage: 12 MB
% ------------------------------
% ------------------------------
% lrs+1010_1_to=lpo:sil=16000:plsq=on:fde=none:plsqr=32,1:sos=on:erd=off:random_seed=140108561:cts=off:i=227:av=off_250 on p for (250ds/227Mi)
% Refutation not found, incomplete strategy
% ------------------------------
% Version: Vampire 5.0.1 (Release build, commit 1b13eaf on 2026-01-18 12:14:50 +0000)
% Linked with Z3 4.14.0.0 3c47fd96cf5645d0c42b2c819d9e9a84380aa721 NOTFOUND
% CaDiCaL version: 2.1.3
% Termination reason: Refutation not found, incomplete strategy
% Time elapsed: 0.0000 s
% Peak memory usage: 9 MB
% ------------------------------
% ------------------------------
% lrs+1002_1_to=lpo:sil=4000:sp=occurrence:sos=on:erd=off:random_seed=4212572805:i=1636:sd=2:ep=RS:av=off:ss=axioms_250 on p for (250ds/1636Mi)
% Refutation not found, incomplete strategy
% ------------------------------
% Version: Vampire 5.0.1 (Release build, commit 1b13eaf on 2026-01-18 12:14:50 +0000)
% Linked with Z3 4.14.0.0 3c47fd96cf5645d0c42b2c819d9e9a84380aa721 NOTFOUND
% CaDiCaL version: 2.1.3
% Termination reason: Refutation not found, incomplete strategy
% Time elapsed: 0.0000 s
% Peak memory usage: 9 MB
% ------------------------------
% ------------------------------
% dis-30_1_to=lpo:sil=16000:random_seed=3259368207:st=3:i=6010:ep=RST:av=off:ss=included_250 on p for (250ds/6010Mi)
% Instruction limit reached! 
% ------------------------------
% Version: Vampire 5.0.1 (Release build, commit 1b13eaf on 2026-01-18 12:14:50 +0000)
% Linked with Z3 4.14.0.0 3c47fd96cf5645d0c42b2c819d9e9a84380aa721 NOTFOUND
% CaDiCaL version: 2.1.3
% Termination reason: Instruction limit
% Termination phase: Saturation
% Time elapsed: 0.773 s
% Peak memory usage: 15 MB
% Instructions burned: 6012 (million)
% WARNING Broken Constraint: if kbo_weight_scheme(precedence) has been set then term_ordering(lpo) is equal to kbo or term_ordering(lpo) is equal to auto_kbo
% lrs+2_1_to=lpo:sil=2000:random_seed=1233209118:i=1044:kws=precedence:fsr=off_242 on p for (242ds/1044Mi)
% Instruction limit reached! 
% ------------------------------
% Version: Vampire 5.0.1 (Release build, commit 1b13eaf on 2026-01-18 12:14:50 +0000)
% Linked with Z3 4.14.0.0 3c47fd96cf5645d0c42b2c819d9e9a84380aa721 NOTFOUND
% CaDiCaL version: 2.1.3
% Termination reason: Instruction limit
% Termination phase: Saturation
% Time elapsed: 0.163 s
% Peak memory usage: 31 MB
% Instructions burned: 1047 (million)
% lrs+0_32:1_to=lpo:sil=64000:tgt=ground:irw=on:prc=on:sp=reverse_frequency:bce=on:bsr=on:random_seed=3522008752:i=372:sd=1:erml=2:bs=unit_only:bd=all:av=off:gtg=exists_sym:ss=axioms:er=filter_240 on p for (240ds/372Mi)
% Instruction limit reached! 
% ------------------------------
% Version: Vampire 5.0.1 (Release build, commit 1b13eaf on 2026-01-18 12:14:50 +0000)
% Linked with Z3 4.14.0.0 3c47fd96cf5645d0c42b2c819d9e9a84380aa721 NOTFOUND
% CaDiCaL version: 2.1.3
% Termination reason: Instruction limit
% Termination phase: Saturation
% Time elapsed: 0.058 s
% Peak memory usage: 16 MB
% Instructions burned: 375 (million)
% lrs+1010_32_to=lpo:sil=4000:plsq=on:bsr=unit_only:nwc=3:newcnf=on:random_seed=1652344364:cts=off:i=516:gtgl=5:nm=16:av=off:gtg=exists_sym_240 on p for (240ds/516Mi)
% Instruction limit reached! 
% ------------------------------
% Version: Vampire 5.0.1 (Release build, commit 1b13eaf on 2026-01-18 12:14:50 +0000)
% Linked with Z3 4.14.0.0 3c47fd96cf5645d0c42b2c819d9e9a84380aa721 NOTFOUND
% CaDiCaL version: 2.1.3
% Termination reason: Instruction limit
% Termination phase: Saturation
% Time elapsed: 0.086 s
% Peak memory usage: 19 MB
% Instructions burned: 522 (million)
% lrs-1010_3:2_to=lpo:sil=4000:irw=on:plsq=on:plsqc=4:fd=preordered:updr=off:lwlo=on:random_seed=4268453892:lrd=on:i=2469:bd=preordered_239 on p for (239ds/2469Mi)
% Instruction limit reached! 
% ------------------------------
% Version: Vampire 5.0.1 (Release build, commit 1b13eaf on 2026-01-18 12:14:50 +0000)
% Linked with Z3 4.14.0.0 3c47fd96cf5645d0c42b2c819d9e9a84380aa721 NOTFOUND
% CaDiCaL version: 2.1.3
% Termination reason: Instruction limit
% Termination phase: Saturation
% Time elapsed: 0.388 s
% Peak memory usage: 35 MB
% Instructions burned: 2471 (million)
% dis+1011_128_to=lpo:sil=4000:tgt=full:sos=on:spb=goal:lsd=100:bsr=on:br=off:random_seed=4034720967:i=242:sd=1:gtg=position:ss=axioms:sgt=64_235 on p for (235ds/242Mi)
% Refutation not found, incomplete strategy
% ------------------------------
% Version: Vampire 5.0.1 (Release build, commit 1b13eaf on 2026-01-18 12:14:50 +0000)
% Linked with Z3 4.14.0.0 3c47fd96cf5645d0c42b2c819d9e9a84380aa721 NOTFOUND
% CaDiCaL version: 2.1.3
% Termination reason: Refutation not found, incomplete strategy
% Time elapsed: 0.0000 s
% Peak memory usage: 11 MB
% ------------------------------
% ------------------------------
% lrs-1011_12_to=lpo:sil=8000:prc=on:drc=off:sp=reverse_frequency:erd=off:lsd=1:urr=on:bce=on:rp=on:nwc=0.6:newcnf=on:avsqc=1:random_seed=4221919658:avsq=on:s2a=on:i=242:bd=preordered:nm=2:fsd=on_235 on p for (235ds/242Mi)
% Instruction limit reached! 
% ------------------------------
% Version: Vampire 5.0.1 (Release build, commit 1b13eaf on 2026-01-18 12:14:50 +0000)
% Linked with Z3 4.14.0.0 3c47fd96cf5645d0c42b2c819d9e9a84380aa721 NOTFOUND
% CaDiCaL version: 2.1.3
% Termination reason: Instruction limit
% Termination phase: Saturation
% Time elapsed: 0.030 s
% Peak memory usage: 15 MB
% Instructions burned: 243 (million)
% dis+1010_6_to=lpo:sil=16000:tgt=full:sp=unary_first:nwc=2:random_seed=65783617:s2a=on:i=2051:sd=1:nm=4:gsp=on:ss=included_234 on p for (234ds/2051Mi)
% Instruction limit reached! 
% ------------------------------
% Version: Vampire 5.0.1 (Release build, commit 1b13eaf on 2026-01-18 12:14:50 +0000)
% Linked with Z3 4.14.0.0 3c47fd96cf5645d0c42b2c819d9e9a84380aa721 NOTFOUND
% CaDiCaL version: 2.1.3
% Termination reason: Instruction limit
% Termination phase: Saturation
% Time elapsed: 0.294 s
% Peak memory usage: 21 MB
% Instructions burned: 2053 (million)
% lrs-1011_1_to=lpo:sil=2000:plsq=on:plsqr=128,1:flr=on:random_seed=1608834519:i=253:gtgl=2:sd=1:gtg=exists_all:ss=axioms_231 on p for (231ds/253Mi)
% Instruction limit reached! 
% ------------------------------
% Version: Vampire 5.0.1 (Release build, commit 1b13eaf on 2026-01-18 12:14:50 +0000)
% Linked with Z3 4.14.0.0 3c47fd96cf5645d0c42b2c819d9e9a84380aa721 NOTFOUND
% CaDiCaL version: 2.1.3
% Termination reason: Instruction limit
% Termination phase: Saturation
% Time elapsed: 0.041 s
% Peak memory usage: 16 MB
% Instructions burned: 255 (million)
% lrs+10_1_slsqr=8,1:to=lpo:sil=16000:plsq=on:plsqr=32,1:sp=unary_first:erd=off:spb=units:lcm=reverse:urr=on:slsqc=1:flr=on:slsq=on:random_seed=2593206847:i=256:s2at=9:bd=preordered:av=off:fsr=off:fdi=8_231 on p for (231ds/256Mi)
% Instruction limit reached! 
% ------------------------------
% Version: Vampire 5.0.1 (Release build, commit 1b13eaf on 2026-01-18 12:14:50 +0000)
% Linked with Z3 4.14.0.0 3c47fd96cf5645d0c42b2c819d9e9a84380aa721 NOTFOUND
% CaDiCaL version: 2.1.3
% Termination reason: Instruction limit
% Termination phase: Saturation
% Time elapsed: 0.039 s
% Peak memory usage: 15 MB
% Instructions burned: 259 (million)
% dis+11_1_to=lpo:sil=32000:tgt=full:plsq=on:fde=unused:plsqc=1:plsqr=128,1:sos=on:erd=off:plsql=on:newcnf=on:random_seed=2892452047:s2pl=on:cts=off:i=259:bs=on:av=off:fsr=off:ss=axioms:fsd=on:sgt=32:rawr=on_230 on p for (230ds/259Mi)
% Refutation not found, incomplete strategy
% ------------------------------
% Version: Vampire 5.0.1 (Release build, commit 1b13eaf on 2026-01-18 12:14:50 +0000)
% Linked with Z3 4.14.0.0 3c47fd96cf5645d0c42b2c819d9e9a84380aa721 NOTFOUND
% CaDiCaL version: 2.1.3
% Termination reason: Refutation not found, incomplete strategy
% Time elapsed: 0.0000 s
% Peak memory usage: 9 MB
% ------------------------------
% ------------------------------
% lrs-1010_16:1_to=lpo:sil=8000:sp=occurrence:sos=on:acc=on:random_seed=3197824107:i=1549:sd=1:nm=12:fsr=off:ss=included_230 on p for (230ds/1549Mi)
% Refutation not found, incomplete strategy
% ------------------------------
% Version: Vampire 5.0.1 (Release build, commit 1b13eaf on 2026-01-18 12:14:50 +0000)
% Linked with Z3 4.14.0.0 3c47fd96cf5645d0c42b2c819d9e9a84380aa721 NOTFOUND
% CaDiCaL version: 2.1.3
% Termination reason: Refutation not found, incomplete strategy
% Time elapsed: 0.0000 s
% Peak memory usage: 11 MB
% ------------------------------
% ------------------------------
% lrs+33_2003:644_to=lpo:sil=4000:sp=reverse_frequency:lcm=predicate:urr=on:s2agt=10:random_seed=4217657812:s2a=on:i=751:bd=preordered:ins=1:fdi=8:gsp=on_230 on p for (230ds/751Mi)
% Instruction limit reached! 
% ------------------------------
% Version: Vampire 5.0.1 (Release build, commit 1b13eaf on 2026-01-18 12:14:50 +0000)
% Linked with Z3 4.14.0.0 3c47fd96cf5645d0c42b2c819d9e9a84380aa721 NOTFOUND
% CaDiCaL version: 2.1.3
% Termination reason: Instruction limit
% Termination phase: Saturation
% Time elapsed: 0.119 s
% Peak memory usage: 20 MB
% Instructions burned: 753 (million)
% lrs+10_1_to=lpo:sil=16000:sp=occurrence:urr=on:br=off:random_seed=1180122892:st=5:s2a=on:i=758:s2at=2:sd=2:nm=2:gtg=exists_top:sup=off:ss=axioms_229 on p for (229ds/758Mi)
% Refutation not found, incomplete strategy
% ------------------------------
% Version: Vampire 5.0.1 (Release build, commit 1b13eaf on 2026-01-18 12:14:50 +0000)
% Linked with Z3 4.14.0.0 3c47fd96cf5645d0c42b2c819d9e9a84380aa721 NOTFOUND
% CaDiCaL version: 2.1.3
% Termination reason: Refutation not found, incomplete strategy
% Time elapsed: 0.0000 s
% Peak memory usage: 11 MB
% ------------------------------
% ------------------------------
% lrs+1010_64_to=lpo:sil=2000:fde=none:sp=const_max:sos=on:urr=ec_only:bsr=unit_only:fd=off:rp=on:br=off:alpa=true:sac=on:random_seed=2082009199:avsq=on:i=596:avsqr=8,1:ins=2:fdi=1024:rawr=on_229 on p for (229ds/596Mi)
% Refutation not found, incomplete strategy
% ------------------------------
% Version: Vampire 5.0.1 (Release build, commit 1b13eaf on 2026-01-18 12:14:50 +0000)
% Linked with Z3 4.14.0.0 3c47fd96cf5645d0c42b2c819d9e9a84380aa721 NOTFOUND
% CaDiCaL version: 2.1.3
% Termination reason: Refutation not found, incomplete strategy
% Time elapsed: 0.0000 s
% Peak memory usage: 11 MB
% ------------------------------
% ------------------------------
% ott+1011_2:7_to=lpo:sil=2000:tgt=full:plsq=on:fde=none:plsqc=5:sims=off:sp=unary_first:spb=non_intro:lsd=10:plsql=on:nwc=20:s2agt=128:random_seed=3288138616:s2a=on:i=1443:s2at=3:bd=preordered:av=off:gtg=exists_top:fdi=8_229 on p for (229ds/1443Mi)
% Instruction limit reached! 
% ------------------------------
% Version: Vampire 5.0.1 (Release build, commit 1b13eaf on 2026-01-18 12:14:50 +0000)
% Linked with Z3 4.14.0.0 3c47fd96cf5645d0c42b2c819d9e9a84380aa721 NOTFOUND
% CaDiCaL version: 2.1.3
% Termination reason: Instruction limit
% Termination phase: Saturation
% Time elapsed: 0.229 s
% Peak memory usage: 26 MB
% Instructions burned: 1444 (million)
% lrs-1011_4_to=lpo:sil=2000:sp=arity:flr=on:random_seed=3685013952:st=3:i=268:bd=preordered:ss=axioms_227 on p for (227ds/268Mi)
% Instruction limit reached! 
% ------------------------------
% Version: Vampire 5.0.1 (Release build, commit 1b13eaf on 2026-01-18 12:14:50 +0000)
% Linked with Z3 4.14.0.0 3c47fd96cf5645d0c42b2c819d9e9a84380aa721 NOTFOUND
% CaDiCaL version: 2.1.3
% Termination reason: Instruction limit
% Termination phase: Saturation
% Time elapsed: 0.040 s
% Peak memory usage: 14 MB
% Instructions burned: 269 (million)
% lrs+1011_4_sfv=off:to=lpo:sil=2000:fde=none:sp=const_frequency:sos=all:br=off:random_seed=1987494437:st=4:i=269:sd=3:doe=on:ins=10:av=off:ss=axioms_226 on p for (226ds/269Mi)
% Refutation not found, incomplete strategy
% ------------------------------
% Version: Vampire 5.0.1 (Release build, commit 1b13eaf on 2026-01-18 12:14:50 +0000)
% Linked with Z3 4.14.0.0 3c47fd96cf5645d0c42b2c819d9e9a84380aa721 NOTFOUND
% CaDiCaL version: 2.1.3
% Termination reason: Refutation not found, incomplete strategy
% Time elapsed: 0.0000 s
% Peak memory usage: 9 MB
% ------------------------------
% ------------------------------
% dis+1011_10_to=lpo:sil=4000:sp=const_min:erd=off:spb=non_intro:bsr=unit_only:rp=on:flr=on:newcnf=on:random_seed=951983211:cts=off:s2a=on:i=269:s2at=5:bd=preordered:av=off:fsr=off:rawr=on_226 on p for (226ds/269Mi)
% Instruction limit reached! 
% ------------------------------
% Version: Vampire 5.0.1 (Release build, commit 1b13eaf on 2026-01-18 12:14:50 +0000)
% Linked with Z3 4.14.0.0 3c47fd96cf5645d0c42b2c819d9e9a84380aa721 NOTFOUND
% CaDiCaL version: 2.1.3
% Termination reason: Instruction limit
% Termination phase: Saturation
% Time elapsed: 0.042 s
% Peak memory usage: 13 MB
% Instructions burned: 273 (million)
% lrs+10_3_to=lpo:sil=8000:tgt=ground:fde=none:sp=reverse_arity:lcm=predicate:random_seed=14756506:i=3317:sd=1:av=off:ss=axioms:sgt=50_226 on p for (226ds/3317Mi)
% Instruction limit reached! 
% ------------------------------
% Version: Vampire 5.0.1 (Release build, commit 1b13eaf on 2026-01-18 12:14:50 +0000)
% Linked with Z3 4.14.0.0 3c47fd96cf5645d0c42b2c819d9e9a84380aa721 NOTFOUND
% CaDiCaL version: 2.1.3
% Termination reason: Instruction limit
% Termination phase: Saturation
% Time elapsed: 0.530 s
% Peak memory usage: 72 MB
% Instructions burned: 3322 (million)
% WARNING Broken Constraint: if kbo_max_zero(on) has been set then term_ordering(lpo) is equal to kbo or term_ordering(lpo) is equal to auto_kbo
% WARNING Broken Constraint: if kbo_weight_scheme(precedence) has been set then term_ordering(lpo) is equal to kbo or term_ordering(lpo) is equal to auto_kbo
% ott+11_3_sfv=off:to=lpo:sil=2000:tgt=full:sp=reverse_frequency:spb=goal_then_units:urr=on:nwc=5:s2agt=100:br=off:kmz=on:updr=off:slsq=on:random_seed=4110322777:s2a=on:i=286:kws=precedence:bd=preordered:ins=20:av=off_220 on p for (220ds/286Mi)
% Instruction limit reached! 
% ------------------------------
% Version: Vampire 5.0.1 (Release build, commit 1b13eaf on 2026-01-18 12:14:50 +0000)
% Linked with Z3 4.14.0.0 3c47fd96cf5645d0c42b2c819d9e9a84380aa721 NOTFOUND
% CaDiCaL version: 2.1.3
% Termination reason: Instruction limit
% Termination phase: Saturation
% Time elapsed: 0.043 s
% Peak memory usage: 15 MB
% Instructions burned: 292 (million)
% lrs+1010_1_to=lpo:sil=4000:plsq=on:plsqr=64,1:sos=on:spb=goal:alpa=true:random_seed=583148277:st=2:i=1238:sd=2:fsr=off:ss=axioms:fsd=on_220 on p for (220ds/1238Mi)
% Refutation not found, incomplete strategy
% ------------------------------
% Version: Vampire 5.0.1 (Release build, commit 1b13eaf on 2026-01-18 12:14:50 +0000)
% Linked with Z3 4.14.0.0 3c47fd96cf5645d0c42b2c819d9e9a84380aa721 NOTFOUND
% CaDiCaL version: 2.1.3
% Termination reason: Refutation not found, incomplete strategy
% Time elapsed: 0.0000 s
% Peak memory usage: 11 MB
% ------------------------------
% ------------------------------
% lrs+1002_8:1_to=lpo:sil=4000:urr=on:br=off:random_seed=3858127651:st=3:s2a=on:i=291:s2at=2:sd=1:doe=on:av=off:ss=axioms_220 on p for (220ds/291Mi)
% Instruction limit reached! 
% ------------------------------
% Version: Vampire 5.0.1 (Release build, commit 1b13eaf on 2026-01-18 12:14:50 +0000)
% Linked with Z3 4.14.0.0 3c47fd96cf5645d0c42b2c819d9e9a84380aa721 NOTFOUND
% CaDiCaL version: 2.1.3
% Termination reason: Instruction limit
% Termination phase: Saturation
% Time elapsed: 0.044 s
% Peak memory usage: 17 MB
% Instructions burned: 297 (million)
% lrs+10_1_sfv=off:to=lpo:sil=2000:sos=all:lma=off:random_seed=1156628503:st=1.5:i=291:gtgl=2:sd=2:av=off:gtg=exists_sym:ss=axioms_219 on p for (219ds/291Mi)
% Instruction limit reached! 
% ------------------------------
% Version: Vampire 5.0.1 (Release build, commit 1b13eaf on 2026-01-18 12:14:50 +0000)
% Linked with Z3 4.14.0.0 3c47fd96cf5645d0c42b2c819d9e9a84380aa721 NOTFOUND
% CaDiCaL version: 2.1.3
% Termination reason: Instruction limit
% Termination phase: Saturation
% Time elapsed: 0.047 s
% Peak memory usage: 17 MB
% Instructions burned: 294 (million)
% dis-1011_5:1_anc=all_dependent:to=lpo:sil=4000:erd=off:lsd=60:alpa=true:sac=on:random_seed=1342615166:avsq=on:i=300:ep=R:gsp=on_219 on p for (219ds/300Mi)
% Refutation not found, incomplete strategy
% ------------------------------
% Version: Vampire 5.0.1 (Release build, commit 1b13eaf on 2026-01-18 12:14:50 +0000)
% Linked with Z3 4.14.0.0 3c47fd96cf5645d0c42b2c819d9e9a84380aa721 NOTFOUND
% CaDiCaL version: 2.1.3
% Termination reason: Refutation not found, incomplete strategy
% Time elapsed: 0.0000 s
% Peak memory usage: 11 MB
% ------------------------------
% ------------------------------
% lrs-1011_8:1_to=lpo:sil=8000:sp=unary_first:bsr=on:fd=off:random_seed=75908630:i=305_219 on p for (219ds/305Mi)
% Instruction limit reached! 
% ------------------------------
% Version: Vampire 5.0.1 (Release build, commit 1b13eaf on 2026-01-18 12:14:50 +0000)
% Linked with Z3 4.14.0.0 3c47fd96cf5645d0c42b2c819d9e9a84380aa721 NOTFOUND
% CaDiCaL version: 2.1.3
% Termination reason: Instruction limit
% Termination phase: Saturation
% Time elapsed: 0.047 s
% Peak memory usage: 18 MB
% Instructions burned: 308 (million)
% lrs+1011_3:1_to=lpo:sil=2000:plsq=on:plsqc=1:plsqr=32,1:sos=all:bsr=unit_only:s2agt=8:random_seed=3182138920:s2a=on:i=511:bd=all:nm=4:av=off:ss=axioms:sgt=8_218 on p for (218ds/511Mi)
% Refutation not found, incomplete strategy
% ------------------------------
% Version: Vampire 5.0.1 (Release build, commit 1b13eaf on 2026-01-18 12:14:50 +0000)
% Linked with Z3 4.14.0.0 3c47fd96cf5645d0c42b2c819d9e9a84380aa721 NOTFOUND
% CaDiCaL version: 2.1.3
% Termination reason: Refutation not found, incomplete strategy
% Time elapsed: 0.0000 s
% Peak memory usage: 9 MB
% ------------------------------
% ------------------------------
% dis-1010_16:1_to=lpo:sil=16000:fde=unused:fd=off:newcnf=on:slsq=on:random_seed=2261338396:s2a=on:i=1555:nm=2:gtg=position:ss=axioms_218 on p for (218ds/1555Mi)
% Refutation not found, incomplete strategy
% ------------------------------
% Version: Vampire 5.0.1 (Release build, commit 1b13eaf on 2026-01-18 12:14:50 +0000)
% Linked with Z3 4.14.0.0 3c47fd96cf5645d0c42b2c819d9e9a84380aa721 NOTFOUND
% CaDiCaL version: 2.1.3
% Termination reason: Refutation not found, incomplete strategy
% Time elapsed: 0.0000 s
% Peak memory usage: 11 MB
% ------------------------------
% ------------------------------
% lrs-1010_20_to=lpo:sil=4000:prc=on:drc=ordering:fde=unused:sp=const_min:sos=all:spb=goal:urr=ec_only:nwc=8:br=off:lftc=40:random_seed=2346854079:s2a=on:i=744:aac=none:doe=on:bd=preordered:amm=off:fdi=8_218 on p for (218ds/744Mi)
% Refutation not found, incomplete strategy
% ------------------------------
% Version: Vampire 5.0.1 (Release build, commit 1b13eaf on 2026-01-18 12:14:50 +0000)
% Linked with Z3 4.14.0.0 3c47fd96cf5645d0c42b2c819d9e9a84380aa721 NOTFOUND
% CaDiCaL version: 2.1.3
% Termination reason: Refutation not found, incomplete strategy
% Time elapsed: 0.0000 s
% Peak memory usage: 11 MB
% ------------------------------
% ------------------------------
% lrs+10_7_to=lpo:sil=64000:tgt=ground:drc=off:fde=none:sp=const_frequency:slsqc=4:slsq=on:random_seed=1426553635:i=10680:bd=all:gtg=exists_sym_218 on p for (218ds/10680Mi)
% Instruction limit reached! 
% ------------------------------
% Version: Vampire 5.0.1 (Release build, commit 1b13eaf on 2026-01-18 12:14:50 +0000)
% Linked with Z3 4.14.0.0 3c47fd96cf5645d0c42b2c819d9e9a84380aa721 NOTFOUND
% CaDiCaL version: 2.1.3
% Termination reason: Instruction limit
% Termination phase: Saturation
% Time elapsed: 1.788 s
% Peak memory usage: 68 MB
% Instructions burned: 10684 (million)
% dis-1002_7_anc=all_dependent:to=kbo:sil=16000:drc=off:etr=on:sos=on:nwc=1:kmz=on:newcnf=on:random_seed=597468695:i=317:kws=frequency:doe=on:bs=unit_only:nm=0:ins=10:amm=off:gtg=exists_sym_200 on p for (200ds/317Mi)
% Instruction limit reached! 
% ------------------------------
% Version: Vampire 5.0.1 (Release build, commit 1b13eaf on 2026-01-18 12:14:50 +0000)
% Linked with Z3 4.14.0.0 3c47fd96cf5645d0c42b2c819d9e9a84380aa721 NOTFOUND
% CaDiCaL version: 2.1.3
% Termination reason: Instruction limit
% Termination phase: Saturation
% Time elapsed: 0.048 s
% Peak memory usage: 13 MB
% Instructions burned: 324 (million)
% dis+1010_3_to=lpo:sil=4000:sp=const_frequency:sos=on:rnwc=on:nwc=3:flr=on:random_seed=1757139872:i=317:add=off:doe=on:nicw=on_200 on p for (200ds/317Mi)
% Refutation not found, incomplete strategy
% ------------------------------
% Version: Vampire 5.0.1 (Release build, commit 1b13eaf on 2026-01-18 12:14:50 +0000)
% Linked with Z3 4.14.0.0 3c47fd96cf5645d0c42b2c819d9e9a84380aa721 NOTFOUND
% CaDiCaL version: 2.1.3
% Termination reason: Refutation not found, incomplete strategy
% Time elapsed: 0.0000 s
% Peak memory usage: 11 MB
% ------------------------------
% ------------------------------
% dis+1002_2_to=lpo:sil=4000:nwc=1:slsqc=2:flr=on:newcnf=on:slsq=on:random_seed=2195465200:s2a=on:i=2524:s2at=1.5:sd=5:ep=R:ss=axioms:sgt=16_200 on p for (200ds/2524Mi)
% Refutation not found, incomplete strategy
% ------------------------------
% Version: Vampire 5.0.1 (Release build, commit 1b13eaf on 2026-01-18 12:14:50 +0000)
% Linked with Z3 4.14.0.0 3c47fd96cf5645d0c42b2c819d9e9a84380aa721 NOTFOUND
% CaDiCaL version: 2.1.3
% Termination reason: Refutation not found, incomplete strategy
% Time elapsed: 0.0000 s
% Peak memory usage: 11 MB
% ------------------------------
% ------------------------------
% lrs+1002_1_to=lpo:sil=4000:sims=off:sos=on:bsr=on:fd=off:slsqc=1:slsq=on:random_seed=2901840983:i=544:s2at=2:gtg=all_200 on p for (200ds/544Mi)
% Instruction limit reached! 
% ------------------------------
% Version: Vampire 5.0.1 (Release build, commit 1b13eaf on 2026-01-18 12:14:50 +0000)
% Linked with Z3 4.14.0.0 3c47fd96cf5645d0c42b2c819d9e9a84380aa721 NOTFOUND
% CaDiCaL version: 2.1.3
% Termination reason: Instruction limit
% Termination phase: Saturation
% Time elapsed: 0.087 s
% Peak memory usage: 23 MB
% Instructions burned: 544 (million)
% lrs+1002_32_to=lpo:sil=2000:sp=occurrence:sos=on:erd=off:random_seed=182574059:st=3:cts=off:i=548:sd=5:ss=included_199 on p for (199ds/548Mi)
% Refutation not found, incomplete strategy
% ------------------------------
% Version: Vampire 5.0.1 (Release build, commit 1b13eaf on 2026-01-18 12:14:50 +0000)
% Linked with Z3 4.14.0.0 3c47fd96cf5645d0c42b2c819d9e9a84380aa721 NOTFOUND
% CaDiCaL version: 2.1.3
% Termination reason: Refutation not found, incomplete strategy
% Time elapsed: 0.001 s
% Peak memory usage: 11 MB
% ------------------------------
% ------------------------------
% lrs+1_1_to=lpo:sil=8000:plsq=on:sos=on:lcm=reverse:random_seed=2255133148:s2a=on:i=6200:s2at=2:sd=1:ss=included_199 on p for (199ds/6200Mi)
% Refutation not found, incomplete strategy
% ------------------------------
% Version: Vampire 5.0.1 (Release build, commit 1b13eaf on 2026-01-18 12:14:50 +0000)
% Linked with Z3 4.14.0.0 3c47fd96cf5645d0c42b2c819d9e9a84380aa721 NOTFOUND
% CaDiCaL version: 2.1.3
% Termination reason: Refutation not found, incomplete strategy
% Time elapsed: 0.001 s
% Peak memory usage: 11 MB
% ------------------------------
% ------------------------------
% lrs-1011_16:1_to=lpo:sil=8000:fde=none:sp=occurrence:urr=on:s2agt=64:newcnf=on:random_seed=1635190843:s2a=on:i=567:sd=2:av=off:ss=axioms_199 on p for (199ds/567Mi)
% Refutation not found, incomplete strategy
% ------------------------------
% Version: Vampire 5.0.1 (Release build, commit 1b13eaf on 2026-01-18 12:14:50 +0000)
% Linked with Z3 4.14.0.0 3c47fd96cf5645d0c42b2c819d9e9a84380aa721 NOTFOUND
% CaDiCaL version: 2.1.3
% Termination reason: Refutation not found, incomplete strategy
% Time elapsed: 0.0000 s
% Peak memory usage: 9 MB
% ------------------------------
% ------------------------------
% lrs+10_1024_to=lpo:sil=4000:sp=occurrence:sos=all:urr=on:rnwc=on:nwc=0.5:br=off:random_seed=3119307744:st=4:i=335:sd=4:ep=RST:ss=included_198 on p for (198ds/335Mi)
% Instruction limit reached! 
% ------------------------------
% Version: Vampire 5.0.1 (Release build, commit 1b13eaf on 2026-01-18 12:14:50 +0000)
% Linked with Z3 4.14.0.0 3c47fd96cf5645d0c42b2c819d9e9a84380aa721 NOTFOUND
% CaDiCaL version: 2.1.3
% Termination reason: Instruction limit
% Termination phase: Saturation
% Time elapsed: 0.042 s
% Peak memory usage: 14 MB
% Instructions burned: 343 (million)
% lrs-1010_1_to=lpo:sil=4000:fde=none:sp=unary_frequency:sos=on:spb=units:random_seed=3130073625:st=2:cts=off:i=2004:sd=2:ins=10:av=off:ss=included_198 on p for (198ds/2004Mi)
% Refutation not found, incomplete strategy
% ------------------------------
% Version: Vampire 5.0.1 (Release build, commit 1b13eaf on 2026-01-18 12:14:50 +0000)
% Linked with Z3 4.14.0.0 3c47fd96cf5645d0c42b2c819d9e9a84380aa721 NOTFOUND
% CaDiCaL version: 2.1.3
% Termination reason: Refutation not found, incomplete strategy
% Time elapsed: 0.0000 s
% Peak memory usage: 9 MB
% ------------------------------
% ------------------------------
% lrs+1002_128_anc=all:to=lpo:sil=16000:drc=ordering:sp=reverse_frequency:fd=off:sac=on:random_seed=2396403525:lrd=on:i=338:fgj=on:bd=all:ins=7_198 on p for (198ds/338Mi)
% Instruction limit reached! 
% ------------------------------
% Version: Vampire 5.0.1 (Release build, commit 1b13eaf on 2026-01-18 12:14:50 +0000)
% Linked with Z3 4.14.0.0 3c47fd96cf5645d0c42b2c819d9e9a84380aa721 NOTFOUND
% CaDiCaL version: 2.1.3
% Termination reason: Instruction limit
% Termination phase: Saturation
% Time elapsed: 0.052 s
% Peak memory usage: 16 MB
% Instructions burned: 339 (million)
% dis+1011_4_to=lpo:sil=4000:fde=unused:bsr=on:nwc=5:slsqc=1:slsq=on:random_seed=4064374247:i=819:s2at=-1:slsql=off:ep=R:ins=1:av=off:gsp=on_197 on p for (197ds/819Mi)
% Refutation not found, incomplete strategy
% ------------------------------
% Version: Vampire 5.0.1 (Release build, commit 1b13eaf on 2026-01-18 12:14:50 +0000)
% Linked with Z3 4.14.0.0 3c47fd96cf5645d0c42b2c819d9e9a84380aa721 NOTFOUND
% CaDiCaL version: 2.1.3
% Termination reason: Refutation not found, incomplete strategy
% Time elapsed: 0.0000 s
% Peak memory usage: 9 MB
% ------------------------------
% ------------------------------
% dis+10_16:1_to=lpo:sil=4000:urr=on:bce=on:rnwc=on:br=off:slsq=on:random_seed=2567905220:st=1.78:s2a=on:i=608:s2at=7.4:sd=11:av=off:ss=included_197 on p for (197ds/608Mi)
% Instruction limit reached! 
% ------------------------------
% Version: Vampire 5.0.1 (Release build, commit 1b13eaf on 2026-01-18 12:14:50 +0000)
% Linked with Z3 4.14.0.0 3c47fd96cf5645d0c42b2c819d9e9a84380aa721 NOTFOUND
% CaDiCaL version: 2.1.3
% Termination reason: Instruction limit
% Termination phase: Saturation
% Time elapsed: 0.083 s
% Peak memory usage: 14 MB
% Instructions burned: 616 (million)
% WARNING Broken Constraint: if kbo_weight_scheme(inv_arity_squared) has been set then term_ordering(lpo) is equal to kbo or term_ordering(lpo) is equal to auto_kbo
% dis+1002_24_anc=all_dependent:slsqr=4,3:to=lpo:sil=2000:tgt=ground:sims=off:sas=cadical:spb=non_intro:acc=on:bsr=on:gs=on:slsqc=1:alpa=random:flr=on:sac=on:slsq=on:random_seed=132760442:st=1.2:cts=off:s2a=on:i=363:add=on:kws=inv_arity_squared:nm=16:ins=1:ss=axioms:rawr=on_196 on p for (196ds/363Mi)
% Refutation not found, incomplete strategy
% ------------------------------
% Version: Vampire 5.0.1 (Release build, commit 1b13eaf on 2026-01-18 12:14:50 +0000)
% Linked with Z3 4.14.0.0 3c47fd96cf5645d0c42b2c819d9e9a84380aa721 NOTFOUND
% CaDiCaL version: 2.1.3
% Termination reason: Refutation not found, incomplete strategy
% Time elapsed: 0.001 s
% Peak memory usage: 13 MB
% ------------------------------
% ------------------------------
% lrs+10_10_to=lpo:sil=4000:tgt=full:prc=on:drc=off:sp=const_min:sos=on:urr=on:rnwc=on:br=off:random_seed=570960490:i=646:av=off:proc=on_196 on p for (196ds/646Mi)
% Refutation not found, incomplete strategy
% ------------------------------
% Version: Vampire 5.0.1 (Release build, commit 1b13eaf on 2026-01-18 12:14:50 +0000)
% Linked with Z3 4.14.0.0 3c47fd96cf5645d0c42b2c819d9e9a84380aa721 NOTFOUND
% CaDiCaL version: 2.1.3
% Termination reason: Refutation not found, incomplete strategy
% Time elapsed: 0.0000 s
% Peak memory usage: 9 MB
% ------------------------------
% ------------------------------
% ott+1002_24_to=lpo:sil=2000:sp=occurrence:urr=on:bce=on:s2agt=32:br=off:slsqc=1:slsq=on:random_seed=2775021782:st=2.7:s2a=on:i=382:s2at=1.1:sd=3:nm=0:ins=25:av=off:ss=axioms:sgt=15_196 on p for (196ds/382Mi)
% Instruction limit reached! 
% ------------------------------
% Version: Vampire 5.0.1 (Release build, commit 1b13eaf on 2026-01-18 12:14:50 +0000)
% Linked with Z3 4.14.0.0 3c47fd96cf5645d0c42b2c819d9e9a84380aa721 NOTFOUND
% CaDiCaL version: 2.1.3
% Termination reason: Instruction limit
% Termination phase: Saturation
% Time elapsed: 0.064 s
% Peak memory usage: 17 MB
% Instructions burned: 385 (million)
% dis+1011_2:3_anc=all_dependent:to=lpo:sil=2000:plsq=on:plsqc=2:sas=cadical:plsqr=44827,1048576:sos=on:erd=off:bsr=unit_only:plsql=on:sac=on:avsqc=1:random_seed=1725556060:avsq=on:i=666:avsqr=1,16:bs=unit_only:bd=all_196 on p for (196ds/666Mi)
% Refutation not found, incomplete strategy
% ------------------------------
% Version: Vampire 5.0.1 (Release build, commit 1b13eaf on 2026-01-18 12:14:50 +0000)
% Linked with Z3 4.14.0.0 3c47fd96cf5645d0c42b2c819d9e9a84380aa721 NOTFOUND
% CaDiCaL version: 2.1.3
% Termination reason: Refutation not found, incomplete strategy
% Time elapsed: 0.0000 s
% Peak memory usage: 12 MB
% ------------------------------
% ------------------------------
% lrs-1010_1_to=lpo:sil=2000:sp=occurrence:random_seed=673826493:st=2:i=953:sd=3:ss=axioms:sgt=10_196 on p for (196ds/953Mi)
% Instruction limit reached! 
% ------------------------------
% Version: Vampire 5.0.1 (Release build, commit 1b13eaf on 2026-01-18 12:14:50 +0000)
% Linked with Z3 4.14.0.0 3c47fd96cf5645d0c42b2c819d9e9a84380aa721 NOTFOUND
% CaDiCaL version: 2.1.3
% Termination reason: Instruction limit
% Termination phase: Saturation
% Time elapsed: 0.145 s
% Peak memory usage: 30 MB
% Instructions burned: 956 (million)
% lrs+1002_1_to=lpo:sil=8000:sp=occurrence:sos=on:random_seed=2705315349:st=4:cts=off:i=708:sd=2:ep=R:ss=axioms_194 on p for (194ds/708Mi)
% Refutation not found, incomplete strategy
% ------------------------------
% Version: Vampire 5.0.1 (Release build, commit 1b13eaf on 2026-01-18 12:14:50 +0000)
% Linked with Z3 4.14.0.0 3c47fd96cf5645d0c42b2c819d9e9a84380aa721 NOTFOUND
% CaDiCaL version: 2.1.3
% Termination reason: Refutation not found, incomplete strategy
% Time elapsed: 0.0000 s
% Peak memory usage: 11 MB
% ------------------------------
% ------------------------------
% WARNING Broken Constraint: if kbo_max_zero(on) has been set then term_ordering(lpo) is equal to kbo or term_ordering(lpo) is equal to auto_kbo
% WARNING Broken Constraint: if kbo_weight_scheme(inv_arity) has been set then term_ordering(lpo) is equal to kbo or term_ordering(lpo) is equal to auto_kbo
% dis-1011_8_to=lpo:sil=4000:plsq=on:prc=on:fde=unused:plsqr=64,1:sp=reverse_frequency:erd=off:spb=goal_then_units:bsr=unit_only:s2agt=60:kmz=on:flr=on:random_seed=693270943:s2a=on:i=413:kws=inv_arity:doe=on:bs=on:bd=preordered:nm=32:av=off:fsr=off:fsd=on_194 on p for (194ds/413Mi)
% Instruction limit reached! 
% ------------------------------
% Version: Vampire 5.0.1 (Release build, commit 1b13eaf on 2026-01-18 12:14:50 +0000)
% Linked with Z3 4.14.0.0 3c47fd96cf5645d0c42b2c819d9e9a84380aa721 NOTFOUND
% CaDiCaL version: 2.1.3
% Termination reason: Instruction limit
% Termination phase: Saturation
% Time elapsed: 0.063 s
% Peak memory usage: 16 MB
% Instructions burned: 418 (million)
% lrs+10_5:1_to=lpo:sil=2000:plsq=on:plsqc=1:plsqr=64,1:sp=reverse_frequency:urr=on:fd=preordered:nwc=1:br=off:flr=on:random_seed=2412703322:s2a=on:i=429:s2at=5:nm=2:ins=1:sup=off_193 on p for (193ds/429Mi)
% Refutation not found, incomplete strategy
% ------------------------------
% Version: Vampire 5.0.1 (Release build, commit 1b13eaf on 2026-01-18 12:14:50 +0000)
% Linked with Z3 4.14.0.0 3c47fd96cf5645d0c42b2c819d9e9a84380aa721 NOTFOUND
% CaDiCaL version: 2.1.3
% Termination reason: Refutation not found, incomplete strategy
% Time elapsed: 0.0000 s
% Peak memory usage: 11 MB
% ------------------------------
% ------------------------------
% dis+10_4096_to=lpo:sil=2000:drc=ordering:urr=ec_only:fd=preordered:nwc=5:br=off:random_seed=1098072906:i=432:gtgl=4:fgj=on:gtg=exists_all:ss=axioms_193 on p for (193ds/432Mi)
% Instruction limit reached! 
% ------------------------------
% Version: Vampire 5.0.1 (Release build, commit 1b13eaf on 2026-01-18 12:14:50 +0000)
% Linked with Z3 4.14.0.0 3c47fd96cf5645d0c42b2c819d9e9a84380aa721 NOTFOUND
% CaDiCaL version: 2.1.3
% Termination reason: Instruction limit
% Termination phase: Saturation
% Time elapsed: 0.063 s
% Peak memory usage: 14 MB
% Instructions burned: 437 (million)
% lrs+1010_2_to=lpo:sil=4000:tgt=full:sp=reverse_frequency:spb=goal_then_units:acc=on:fd=preordered:sac=on:random_seed=192385425:i=3109:gtgl=2:gtg=exists_sym_193 on p for (193ds/3109Mi)
% Instruction limit reached! 
% ------------------------------
% Version: Vampire 5.0.1 (Release build, commit 1b13eaf on 2026-01-18 12:14:50 +0000)
% Linked with Z3 4.14.0.0 3c47fd96cf5645d0c42b2c819d9e9a84380aa721 NOTFOUND
% CaDiCaL version: 2.1.3
% Termination reason: Instruction limit
% Termination phase: Saturation
% Time elapsed: 0.548 s
% Peak memory usage: 52 MB
% Instructions burned: 3109 (million)
% dis+1011_32:1_slsqr=1,16:to=lpo:sil=4000:lcm=reverse:urr=on:slsqc=4:flr=on:slsq=on:random_seed=1483208220:st=4:i=438:s2at=2:sd=3:slsql=off:ep=RST:fdi=2:ss=axioms_187 on p for (187ds/438Mi)
% Aborted by signal SIGSEGV on /tmp/tmpfsgvv_03/p.p
% ------------------------------
% Version: Vampire 5.0.1 (Release build, commit 1b13eaf on 2026-01-18 12:14:50 +0000)
% Linked with Z3 4.14.0.0 3c47fd96cf5645d0c42b2c819d9e9a84380aa721 NOTFOUND
% CaDiCaL version: 2.1.3
% Termination reason: Unknown
% Termination phase: Saturation
% Time elapsed: 0.0000 s
% Peak memory usage: 9 MB
% lrs+10_64_to=lpo:sil=16000:plsq=on:sp=occurrence:sos=on:urr=full:random_seed=1257662213:st=3.6:i=1466:sd=5:nm=4:ss=included_187 on p for (187ds/1466Mi)
% Refutation not found, incomplete strategy
% ------------------------------
% Version: Vampire 5.0.1 (Release build, commit 1b13eaf on 2026-01-18 12:14:50 +0000)
% Linked with Z3 4.14.0.0 3c47fd96cf5645d0c42b2c819d9e9a84380aa721 NOTFOUND
% CaDiCaL version: 2.1.3
% Termination reason: Refutation not found, incomplete strategy
% Time elapsed: 0.0000 s
% Peak memory usage: 11 MB
% ------------------------------
% ------------------------------
% lrs+1010_2_to=lpo:sil=16000:plsq=on:plsqc=1:erd=off:urr=ec_only:nwc=1:random_seed=4110640140:i=445:fgj=on:ep=RS:av=off:sup=off_187 on p for (187ds/445Mi)
% Refutation not found, incomplete strategy
% ------------------------------
% Version: Vampire 5.0.1 (Release build, commit 1b13eaf on 2026-01-18 12:14:50 +0000)
% Linked with Z3 4.14.0.0 3c47fd96cf5645d0c42b2c819d9e9a84380aa721 NOTFOUND
% CaDiCaL version: 2.1.3
% Termination reason: Refutation not found, incomplete strategy
% Time elapsed: 0.0000 s
% Peak memory usage: 9 MB
% ------------------------------
% ------------------------------
% WARNING Broken Constraint: if kbo_weight_scheme(frequency) has been set then term_ordering(lpo) is equal to kbo or term_ordering(lpo) is equal to auto_kbo
% lrs+1011_4_to=lpo:sil=128000:tgt=ground:acc=on:rp=on:s2agt=23:slsqc=1:alpa=false:flr=on:sac=on:newcnf=on:slsq=on:random_seed=889804585:cts=off:s2a=on:i=448:add=off:kws=frequency:aac=none:slsql=off:nicw=on:bs=on:bd=preordered:fsr=off:fsd=on_187 on p for (187ds/448Mi)
% Instruction limit reached! 
% ------------------------------
% Version: Vampire 5.0.1 (Release build, commit 1b13eaf on 2026-01-18 12:14:50 +0000)
% Linked with Z3 4.14.0.0 3c47fd96cf5645d0c42b2c819d9e9a84380aa721 NOTFOUND
% CaDiCaL version: 2.1.3
% Termination reason: Instruction limit
% Termination phase: Saturation
% Time elapsed: 0.069 s
% Peak memory usage: 16 MB
% Instructions burned: 451 (million)
% lrs-1010_1_to=lpo:sil=4000:sp=occurrence:sos=on:random_seed=4014012504:i=3603:ss=axioms_186 on p for (186ds/3603Mi)
% Refutation not found, incomplete strategy
% ------------------------------
% Version: Vampire 5.0.1 (Release build, commit 1b13eaf on 2026-01-18 12:14:50 +0000)
% Linked with Z3 4.14.0.0 3c47fd96cf5645d0c42b2c819d9e9a84380aa721 NOTFOUND
% CaDiCaL version: 2.1.3
% Termination reason: Refutation not found, incomplete strategy
% Time elapsed: 0.0000 s
% Peak memory usage: 11 MB
% ------------------------------
% ------------------------------
% WARNING Broken Constraint: if kbo_weight_scheme(inv_frequency) has been set then term_ordering(lpo) is equal to kbo or term_ordering(lpo) is equal to auto_kbo
% ott+10_1_to=lpo:sil=8000:fde=none:sp=occurrence:sos=all:urr=on:br=off:random_seed=798074896:i=4064:sd=2:kws=inv_frequency:bd=all:gsp=on:sup=off:ss=axioms_186 on p for (186ds/4064Mi)
% Refutation not found, incomplete strategy
% ------------------------------
% Version: Vampire 5.0.1 (Release build, commit 1b13eaf on 2026-01-18 12:14:50 +0000)
% Linked with Z3 4.14.0.0 3c47fd96cf5645d0c42b2c819d9e9a84380aa721 NOTFOUND
% CaDiCaL version: 2.1.3
% Termination reason: Refutation not found, incomplete strategy
% Time elapsed: 0.0000 s
% Peak memory usage: 11 MB
% ------------------------------
% ------------------------------
% lrs+1010_32_to=lpo:sil=2000:fde=none:sas=cadical:sp=occurrence:sos=on:urr=ec_only:br=off:random_seed=888627205:avsq=on:i=464:avsqr=1,16:bd=preordered:gtg=exists_top_186 on p for (186ds/464Mi)
% Refutation not found, incomplete strategy
% ------------------------------
% Version: Vampire 5.0.1 (Release build, commit 1b13eaf on 2026-01-18 12:14:50 +0000)
% Linked with Z3 4.14.0.0 3c47fd96cf5645d0c42b2c819d9e9a84380aa721 NOTFOUND
% CaDiCaL version: 2.1.3
% Termination reason: Refutation not found, incomplete strategy
% Time elapsed: 0.0000 s
% Peak memory usage: 12 MB
% ------------------------------
% ------------------------------
% dis+35_1024_to=lpo:sil=32000:sos=on:spb=goal:updr=off:random_seed=1603253095:s2pl=on:i=828:nm=4:av=off_186 on p for (186ds/828Mi)
% Refutation not found, incomplete strategy
% ------------------------------
% Version: Vampire 5.0.1 (Release build, commit 1b13eaf on 2026-01-18 12:14:50 +0000)
% Linked with Z3 4.14.0.0 3c47fd96cf5645d0c42b2c819d9e9a84380aa721 NOTFOUND
% CaDiCaL version: 2.1.3
% Termination reason: Refutation not found, incomplete strategy
% Time elapsed: 0.0000 s
% Peak memory usage: 9 MB
% ------------------------------
% ------------------------------
% dis-1011_1024_to=lpo:sil=2000:rp=on:nwc=1:random_seed=3477885649:st=5:i=466:sd=3:av=off:gtg=exists_top:fdi=32:sup=off:ss=axioms:fsd=on_186 on p for (186ds/466Mi)
% Refutation not found, incomplete strategy
% ------------------------------
% Version: Vampire 5.0.1 (Release build, commit 1b13eaf on 2026-01-18 12:14:50 +0000)
% Linked with Z3 4.14.0.0 3c47fd96cf5645d0c42b2c819d9e9a84380aa721 NOTFOUND
% CaDiCaL version: 2.1.3
% Termination reason: Refutation not found, incomplete strategy
% Time elapsed: 0.0000 s
% Peak memory usage: 9 MB
% ------------------------------
% ------------------------------
% lrs-1010_5:4_to=lpo:sil=2000:sp=const_frequency:sos=on:random_seed=1172503325:st=2:cond=fast:i=1578:ss=included:sgt=10_186 on p for (186ds/1578Mi)
% Refutation not found, incomplete strategy
% ------------------------------
% Version: Vampire 5.0.1 (Release build, commit 1b13eaf on 2026-01-18 12:14:50 +0000)
% Linked with Z3 4.14.0.0 3c47fd96cf5645d0c42b2c819d9e9a84380aa721 NOTFOUND
% CaDiCaL version: 2.1.3
% Termination reason: Refutation not found, incomplete strategy
% Time elapsed: 0.0000 s
% Peak memory usage: 11 MB
% ------------------------------
% ------------------------------
% lrs-1011_1_to=lpo:sil=16000:sos=on:lsd=10:newcnf=on:random_seed=2454662969:i=852:sd=1:sup=off:ss=axioms_186 on p for (186ds/852Mi)
% Refutation not found, incomplete strategy
% ------------------------------
% Version: Vampire 5.0.1 (Release build, commit 1b13eaf on 2026-01-18 12:14:50 +0000)
% Linked with Z3 4.14.0.0 3c47fd96cf5645d0c42b2c819d9e9a84380aa721 NOTFOUND
% CaDiCaL version: 2.1.3
% Termination reason: Refutation not found, incomplete strategy
% Time elapsed: 0.0000 s
% Peak memory usage: 11 MB
% ------------------------------
% ------------------------------
% lrs+1010_1_to=lpo:sil=4000:fde=none:sp=arity:sos=on:erd=off:fs=off:random_seed=2028222052:st=1.5:i=488:sd=2:fsr=off:ss=axioms_186 on p for (186ds/488Mi)
% Refutation not found, incomplete strategy
% ------------------------------
% Version: Vampire 5.0.1 (Release build, commit 1b13eaf on 2026-01-18 12:14:50 +0000)
% Linked with Z3 4.14.0.0 3c47fd96cf5645d0c42b2c819d9e9a84380aa721 NOTFOUND
% CaDiCaL version: 2.1.3
% Termination reason: Refutation not found, incomplete strategy
% Time elapsed: 0.0000 s
% Peak memory usage: 11 MB
% ------------------------------
% ------------------------------
% WARNING Broken Constraint: if kbo_weight_scheme(precedence) has been set then term_ordering(lpo) is equal to kbo or term_ordering(lpo) is equal to auto_kbo
% lrs+10_16_anc=all:to=lpo:sil=128000:tgt=full:drc=off:spb=goal:nwc=1:random_seed=3610685601:i=6037:kws=precedence:bd=preordered_186 on p for (186ds/6037Mi)
% Instruction limit reached! 
% ------------------------------
% Version: Vampire 5.0.1 (Release build, commit 1b13eaf on 2026-01-18 12:14:50 +0000)
% Linked with Z3 4.14.0.0 3c47fd96cf5645d0c42b2c819d9e9a84380aa721 NOTFOUND
% CaDiCaL version: 2.1.3
% Termination reason: Instruction limit
% Termination phase: Saturation
% Time elapsed: 0.926 s
% Peak memory usage: 63 MB
% Instructions burned: 6041 (million)
% dis+1010_2_to=lpo:sil=4000:spb=units:rp=on:s2agt=10:slsqc=1:flr=on:slsq=on:random_seed=1769995088:s2pl=no:s2a=on:i=2942:s2at=6:sd=3:ep=R:nm=4:ss=axioms:sgt=40_177 on p for (177ds/2942Mi)
% Refutation not found, incomplete strategy
% ------------------------------
% Version: Vampire 5.0.1 (Release build, commit 1b13eaf on 2026-01-18 12:14:50 +0000)
% Linked with Z3 4.14.0.0 3c47fd96cf5645d0c42b2c819d9e9a84380aa721 NOTFOUND
% CaDiCaL version: 2.1.3
% Termination reason: Refutation not found, incomplete strategy
% Time elapsed: 0.0000 s
% Peak memory usage: 11 MB
% ------------------------------
% ------------------------------
% lrs-1011_128_to=lpo:sil=4000:sos=on:erd=off:lsd=10:rnwc=on:fd=off:nwc=3:random_seed=3046021657:cts=off:i=511:av=off:fsr=off_177 on p for (177ds/511Mi)
% Refutation not found, incomplete strategy
% ------------------------------
% Version: Vampire 5.0.1 (Release build, commit 1b13eaf on 2026-01-18 12:14:50 +0000)
% Linked with Z3 4.14.0.0 3c47fd96cf5645d0c42b2c819d9e9a84380aa721 NOTFOUND
% CaDiCaL version: 2.1.3
% Termination reason: Refutation not found, incomplete strategy
% Time elapsed: 0.0000 s
% Peak memory usage: 9 MB
% ------------------------------
% ------------------------------
% WARNING Broken Constraint: if kbo_weight_scheme(inv_frequency) has been set then term_ordering(lpo) is equal to kbo or term_ordering(lpo) is equal to auto_kbo
% dis-1011_81:16_to=lpo:sil=16000:tgt=full:plsq=on:bsd=on:plsqr=32,1:acc=on:bce=on:random_seed=1275442846:i=3459:kws=inv_frequency:nicw=on:gsp=on:fsd=on_177 on p for (177ds/3459Mi)
% Instruction limit reached! 
% ------------------------------
% Version: Vampire 5.0.1 (Release build, commit 1b13eaf on 2026-01-18 12:14:50 +0000)
% Linked with Z3 4.14.0.0 3c47fd96cf5645d0c42b2c819d9e9a84380aa721 NOTFOUND
% CaDiCaL version: 2.1.3
% Termination reason: Instruction limit
% Termination phase: Saturation
% Time elapsed: 0.475 s
% Peak memory usage: 29 MB
% Instructions burned: 3465 (million)
% lrs+10_64:1_sfv=off:to=lpo:sil=4000:fde=none:sos=all:spb=non_intro:urr=on:random_seed=911689561:i=948:aac=none:doe=on:bd=preordered:ins=4:ss=included_172 on p for (172ds/948Mi)
% Refutation not found, incomplete strategy
% ------------------------------
% Version: Vampire 5.0.1 (Release build, commit 1b13eaf on 2026-01-18 12:14:50 +0000)
% Linked with Z3 4.14.0.0 3c47fd96cf5645d0c42b2c819d9e9a84380aa721 NOTFOUND
% CaDiCaL version: 2.1.3
% Termination reason: Refutation not found, incomplete strategy
% Time elapsed: 0.001 s
% Peak memory usage: 11 MB
% ------------------------------
% ------------------------------
% lrs+21_6_anc=none:to=lpo:sil=16000:fde=none:avsql=on:sos=on:sac=on:random_seed=786885339:avsq=on:i=526:add=off:ep=RSTC_172 on p for (172ds/526Mi)
% Refutation not found, incomplete strategy
% ------------------------------
% Version: Vampire 5.0.1 (Release build, commit 1b13eaf on 2026-01-18 12:14:50 +0000)
% Linked with Z3 4.14.0.0 3c47fd96cf5645d0c42b2c819d9e9a84380aa721 NOTFOUND
% CaDiCaL version: 2.1.3
% Termination reason: Refutation not found, incomplete strategy
% Time elapsed: 0.0000 s
% Peak memory usage: 11 MB
% ------------------------------
% ------------------------------
% lrs+21_1_to=lpo:sil=16000:sp=arity:sos=on:lcm=predicate:urr=on:random_seed=2066094717:avsq=on:i=1389:avsqr=1,32:sd=2:ep=RS:ss=axioms_172 on p for (172ds/1389Mi)
% Refutation not found, incomplete strategy
% ------------------------------
% Version: Vampire 5.0.1 (Release build, commit 1b13eaf on 2026-01-18 12:14:50 +0000)
% Linked with Z3 4.14.0.0 3c47fd96cf5645d0c42b2c819d9e9a84380aa721 NOTFOUND
% CaDiCaL version: 2.1.3
% Termination reason: Refutation not found, incomplete strategy
% Time elapsed: 0.0000 s
% Peak memory usage: 11 MB
% ------------------------------
% ------------------------------
% WARNING Broken Constraint: if kbo_max_zero(on) has been set then term_ordering(lpo) is equal to kbo or term_ordering(lpo) is equal to auto_kbo
% lrs+11_3:1_anc=all_dependent:slsqr=11,2:to=lpo:sil=32000:fde=none:etr=on:erd=off:lma=off:lsd=100:urr=on:slsqc=1:kmz=on:flr=on:slsq=on:avsqc=5:random_seed=172239507:st=1.326:avsq=on:i=538:s2at=2.3:gtgl=5:avsqr=46,3:bd=preordered:ins=10:gtg=exists_top:sup=off:ss=axioms:sgt=20_172 on p for (172ds/538Mi)
% Refutation not found, incomplete strategy
% ------------------------------
% Version: Vampire 5.0.1 (Release build, commit 1b13eaf on 2026-01-18 12:14:50 +0000)
% Linked with Z3 4.14.0.0 3c47fd96cf5645d0c42b2c819d9e9a84380aa721 NOTFOUND
% CaDiCaL version: 2.1.3
% Termination reason: Refutation not found, incomplete strategy
% Time elapsed: 0.0000 s
% Peak memory usage: 11 MB
% ------------------------------
% ------------------------------
% dis+1011_1_to=lpo:sil=2000:tgt=full:prc=on:drc=off:random_seed=1784681883:i=988:av=off:fsr=off_172 on p for (172ds/988Mi)
% Instruction limit reached! 
% ------------------------------
% Version: Vampire 5.0.1 (Release build, commit 1b13eaf on 2026-01-18 12:14:50 +0000)
% Linked with Z3 4.14.0.0 3c47fd96cf5645d0c42b2c819d9e9a84380aa721 NOTFOUND
% CaDiCaL version: 2.1.3
% Termination reason: Instruction limit
% Termination phase: Saturation
% Time elapsed: 0.134 s
% Peak memory usage: 16 MB
% Instructions burned: 992 (million)
% WARNING Broken Constraint: if kbo_weight_scheme(inv_frequency) has been set then term_ordering(lpo) is equal to kbo or term_ordering(lpo) is equal to auto_kbo
% dis-1010_2:3_to=lpo:sil=16000:prc=on:bsd=on:acc=on:bce=on:gs=on:nwc=5:s2agt=8:newcnf=on:random_seed=3751655855:avsq=on:s2a=on:i=552:avsqr=8,1:kws=inv_frequency:doe=on:nm=16:fsd=on_170 on p for (170ds/552Mi)
% Instruction limit reached! 
% ------------------------------
% Version: Vampire 5.0.1 (Release build, commit 1b13eaf on 2026-01-18 12:14:50 +0000)
% Linked with Z3 4.14.0.0 3c47fd96cf5645d0c42b2c819d9e9a84380aa721 NOTFOUND
% CaDiCaL version: 2.1.3
% Termination reason: Instruction limit
% Termination phase: Saturation
% Time elapsed: 0.078 s
% Peak memory usage: 18 MB
% Instructions burned: 552 (million)
% dis+3_1_to=lpo:sil=4000:plsq=on:plsqc=1:plsqr=64,1:sac=on:random_seed=3279845058:i=1469:nm=5:amm=off_169 on p for (169ds/1469Mi)
% Instruction limit reached! 
% ------------------------------
% Version: Vampire 5.0.1 (Release build, commit 1b13eaf on 2026-01-18 12:14:50 +0000)
% Linked with Z3 4.14.0.0 3c47fd96cf5645d0c42b2c819d9e9a84380aa721 NOTFOUND
% CaDiCaL version: 2.1.3
% Termination reason: Instruction limit
% Termination phase: Saturation
% Time elapsed: 0.202 s
% Peak memory usage: 19 MB
% Instructions burned: 1472 (million)
% dis+10_1024_to=lpo:sil=8000:prc=on:drc=off:sp=arity:random_seed=2852357979:i=7157:bd=preordered_167 on p for (167ds/7157Mi)
% Instruction limit reached! 
% ------------------------------
% Version: Vampire 5.0.1 (Release build, commit 1b13eaf on 2026-01-18 12:14:50 +0000)
% Linked with Z3 4.14.0.0 3c47fd96cf5645d0c42b2c819d9e9a84380aa721 NOTFOUND
% CaDiCaL version: 2.1.3
% Termination reason: Instruction limit
% Termination phase: Saturation
% Time elapsed: 1.144 s
% Peak memory usage: 70 MB
% Instructions burned: 7168 (million)
% lrs+1011_3:1_to=lpo:sil=4000:sp=occurrence:random_seed=2215401487:i=4424:sd=1:ep=R:ss=axioms:sgt=64_156 on p for (156ds/4424Mi)
% Refutation not found, incomplete strategy
% ------------------------------
% Version: Vampire 5.0.1 (Release build, commit 1b13eaf on 2026-01-18 12:14:50 +0000)
% Linked with Z3 4.14.0.0 3c47fd96cf5645d0c42b2c819d9e9a84380aa721 NOTFOUND
% CaDiCaL version: 2.1.3
% Termination reason: Refutation not found, incomplete strategy
% Time elapsed: 0.0000 s
% Peak memory usage: 11 MB
% ------------------------------
% ------------------------------
% WARNING Broken Constraint: if kbo_weight_scheme(inv_frequency) has been set then term_ordering(lpo) is equal to kbo or term_ordering(lpo) is equal to auto_kbo
% lrs+10_1_to=lpo:sil=4000:erd=off:random_seed=958715484:i=1077:sd=3:kws=inv_frequency:bd=preordered:ss=axioms:sgt=16_156 on p for (156ds/1077Mi)
% Instruction limit reached! 
% ------------------------------
% Version: Vampire 5.0.1 (Release build, commit 1b13eaf on 2026-01-18 12:14:50 +0000)
% Linked with Z3 4.14.0.0 3c47fd96cf5645d0c42b2c819d9e9a84380aa721 NOTFOUND
% CaDiCaL version: 2.1.3
% Termination reason: Instruction limit
% Termination phase: Saturation
% Time elapsed: 0.159 s
% Peak memory usage: 22 MB
% Instructions burned: 1080 (million)
% WARNING Broken Constraint: if kbo_weight_scheme(precedence) has been set then term_ordering(lpo) is equal to kbo or term_ordering(lpo) is equal to auto_kbo
% lrs+21_1_to=lpo:sil=4000:fde=none:sos=on:lcm=predicate:random_seed=3394656188:i=3573:kws=precedence:ss=included:sgt=14_154 on p for (154ds/3573Mi)
% Refutation not found, incomplete strategy
% ------------------------------
% Version: Vampire 5.0.1 (Release build, commit 1b13eaf on 2026-01-18 12:14:50 +0000)
% Linked with Z3 4.14.0.0 3c47fd96cf5645d0c42b2c819d9e9a84380aa721 NOTFOUND
% CaDiCaL version: 2.1.3
% Termination reason: Refutation not found, incomplete strategy
% Time elapsed: 0.0000 s
% Peak memory usage: 11 MB
% ------------------------------
% ------------------------------
% lrs+1011_1_to=kbo:sil=4000:drc=ordering:sas=cadical:lma=off:spb=non_intro:lcm=reverse:foolp=on:rp=on:nwc=20:flr=on:slsq=on:random_seed=2582474740:avsq=on:s2a=on:i=1625:add=on:ep=R:ins=5_154 on p for (154ds/1625Mi)
% Refutation not found, incomplete strategy
% ------------------------------
% Version: Vampire 5.0.1 (Release build, commit 1b13eaf on 2026-01-18 12:14:50 +0000)
% Linked with Z3 4.14.0.0 3c47fd96cf5645d0c42b2c819d9e9a84380aa721 NOTFOUND
% CaDiCaL version: 2.1.3
% Termination reason: Refutation not found, incomplete strategy
% Time elapsed: 0.0000 s
% Peak memory usage: 12 MB
% ------------------------------
% ------------------------------
% lrs-35_1_slsqr=1,64:to=lpo:sil=128000:bsr=unit_only:nwc=0.5:slsq=on:random_seed=2794654333:i=1120:bd=preordered:av=off:fdi=32_154 on p for (154ds/1120Mi)
% Instruction limit reached! 
% ------------------------------
% Version: Vampire 5.0.1 (Release build, commit 1b13eaf on 2026-01-18 12:14:50 +0000)
% Linked with Z3 4.14.0.0 3c47fd96cf5645d0c42b2c819d9e9a84380aa721 NOTFOUND
% CaDiCaL version: 2.1.3
% Termination reason: Instruction limit
% Termination phase: Saturation
% Time elapsed: 0.178 s
% Peak memory usage: 23 MB
% Instructions burned: 1127 (million)
% WARNING Broken Constraint: if kbo_weight_scheme(inv_arity_squared) has been set then term_ordering(lpo) is equal to kbo or term_ordering(lpo) is equal to auto_kbo
% dis+1002_2048_to=lpo:sil=4000:sp=arity:sos=on:spb=goal_then_units:flr=on:avsqc=1:random_seed=334028035:avsq=on:i=1637:add=on:sd=2:kws=inv_arity_squared:ss=axioms_152 on p for (152ds/1637Mi)
% Refutation not found, incomplete strategy
% ------------------------------
% Version: Vampire 5.0.1 (Release build, commit 1b13eaf on 2026-01-18 12:14:50 +0000)
% Linked with Z3 4.14.0.0 3c47fd96cf5645d0c42b2c819d9e9a84380aa721 NOTFOUND
% CaDiCaL version: 2.1.3
% Termination reason: Refutation not found, incomplete strategy
% Time elapsed: 0.0000 s
% Peak memory usage: 11 MB
% ------------------------------
% ------------------------------
% lrs+31_1024_to=lpo:sil=128000:drc=ordering:sp=unary_frequency:bsr=unit_only:random_seed=2704844631:cond=fast:i=652:fgj=on:bd=preordered_152 on p for (152ds/652Mi)
% Instruction limit reached! 
% ------------------------------
% Version: Vampire 5.0.1 (Release build, commit 1b13eaf on 2026-01-18 12:14:50 +0000)
% Linked with Z3 4.14.0.0 3c47fd96cf5645d0c42b2c819d9e9a84380aa721 NOTFOUND
% CaDiCaL version: 2.1.3
% Termination reason: Instruction limit
% Termination phase: Saturation
% Time elapsed: 0.102 s
% Peak memory usage: 19 MB
% Instructions burned: 658 (million)
% lrs+10_4_to=lpo:sil=16000:spb=goal_then_units:nwc=2:random_seed=973166164:s2pl=no:st=1.8:i=660:gtgl=3:sd=6:av=off:gtg=all:ss=included:sgt=2_151 on p for (151ds/660Mi)
% Instruction limit reached! 
% ------------------------------
% Version: Vampire 5.0.1 (Release build, commit 1b13eaf on 2026-01-18 12:14:50 +0000)
% Linked with Z3 4.14.0.0 3c47fd96cf5645d0c42b2c819d9e9a84380aa721 NOTFOUND
% CaDiCaL version: 2.1.3
% Termination reason: Instruction limit
% Termination phase: Saturation
% Time elapsed: 0.108 s
% Peak memory usage: 22 MB
% Instructions burned: 664 (million)
% lrs+1010_1_to=lpo:sil=8000:fde=none:sos=on:random_seed=2737940264:i=1786:sd=2:ss=axioms_150 on p for (150ds/1786Mi)
% Refutation not found, incomplete strategy
% ------------------------------
% Version: Vampire 5.0.1 (Release build, commit 1b13eaf on 2026-01-18 12:14:50 +0000)
% Linked with Z3 4.14.0.0 3c47fd96cf5645d0c42b2c819d9e9a84380aa721 NOTFOUND
% CaDiCaL version: 2.1.3
% Termination reason: Refutation not found, incomplete strategy
% Time elapsed: 0.0000 s
% Peak memory usage: 11 MB
% ------------------------------
% ------------------------------
% WARNING Broken Constraint: if kbo_weight_scheme(inv_frequency) has been set then term_ordering(lpo) is equal to kbo or term_ordering(lpo) is equal to auto_kbo
% lrs-1011_3_to=lpo:sil=8000:fde=unused:sp=occurrence:urr=on:nwc=1:random_seed=2171541866:s2a=on:i=2383:sd=1:kws=inv_frequency:nm=0:ss=included_150 on p for (150ds/2383Mi)
% Instruction limit reached! 
% ------------------------------
% Version: Vampire 5.0.1 (Release build, commit 1b13eaf on 2026-01-18 12:14:50 +0000)
% Linked with Z3 4.14.0.0 3c47fd96cf5645d0c42b2c819d9e9a84380aa721 NOTFOUND
% CaDiCaL version: 2.1.3
% Termination reason: Instruction limit
% Termination phase: Saturation
% Time elapsed: 0.374 s
% Peak memory usage: 52 MB
% Instructions burned: 2383 (million)
% dis+1002_1_to=lpo:sil=8000:sp=occurrence:fd=off:sac=on:random_seed=1381917423:s2a=on:i=1267:s2at=5:sd=2:nm=3:ss=included_146 on p for (146ds/1267Mi)
% Instruction limit reached! 
% ------------------------------
% Version: Vampire 5.0.1 (Release build, commit 1b13eaf on 2026-01-18 12:14:50 +0000)
% Linked with Z3 4.14.0.0 3c47fd96cf5645d0c42b2c819d9e9a84380aa721 NOTFOUND
% CaDiCaL version: 2.1.3
% Termination reason: Instruction limit
% Termination phase: Saturation
% Time elapsed: 0.192 s
% Peak memory usage: 20 MB
% Instructions burned: 1273 (million)
% WARNING Broken Constraint: if kbo_weight_scheme(inv_arity) has been set then term_ordering(lpo) is equal to kbo or term_ordering(lpo) is equal to auto_kbo
% dis+2_8_anc=none:to=lpo:sil=32000:plsq=on:prc=on:drc=off:bsd=on:plsqr=7,8:sp=const_min:sos=all:lma=off:lcm=reverse:updr=off:slsq=on:random_seed=1426073305:avsq=on:cond=fast:i=689:avsqr=11,4:kws=inv_arity:fgj=on:bs=unit_only:bd=all:rawr=on_144 on p for (144ds/689Mi)
% Refutation not found, incomplete strategy
% ------------------------------
% Version: Vampire 5.0.1 (Release build, commit 1b13eaf on 2026-01-18 12:14:50 +0000)
% Linked with Z3 4.14.0.0 3c47fd96cf5645d0c42b2c819d9e9a84380aa721 NOTFOUND
% CaDiCaL version: 2.1.3
% Termination reason: Refutation not found, incomplete strategy
% Time elapsed: 0.001 s
% Peak memory usage: 11 MB
% ------------------------------
% ------------------------------
% WARNING Broken Constraint: if kbo_weight_scheme(inv_frequency) has been set then term_ordering(lpo) is equal to kbo or term_ordering(lpo) is equal to auto_kbo
% ott+1010_1_to=lpo:sil=4000:sos=on:acc=on:urr=on:bsr=on:rnwc=on:fd=preordered:slsqc=1:slsq=on:random_seed=2251119752:i=691:kws=inv_frequency:aac=none:bd=all:ins=5:fsr=off_144 on p for (144ds/691Mi)
% Refutation not found, incomplete strategy
% ------------------------------
% Version: Vampire 5.0.1 (Release build, commit 1b13eaf on 2026-01-18 12:14:50 +0000)
% Linked with Z3 4.14.0.0 3c47fd96cf5645d0c42b2c819d9e9a84380aa721 NOTFOUND
% CaDiCaL version: 2.1.3
% Termination reason: Refutation not found, incomplete strategy
% Time elapsed: 0.0000 s
% Peak memory usage: 12 MB
% ------------------------------
% ------------------------------
% WARNING Broken Constraint: if kbo_weight_scheme(frequency) has been set then term_ordering(lpo) is equal to kbo or term_ordering(lpo) is equal to auto_kbo
% lrs+34_4096_to=lpo:sil=8000:tgt=ground:prc=on:drc=off:sp=reverse_frequency:sos=on:fd=preordered:random_seed=3876903219:s2pl=no:s2a=on:i=1287:kws=frequency:fsr=off_144 on p for (144ds/1287Mi)
% Refutation not found, incomplete strategy
% ------------------------------
% Version: Vampire 5.0.1 (Release build, commit 1b13eaf on 2026-01-18 12:14:50 +0000)
% Linked with Z3 4.14.0.0 3c47fd96cf5645d0c42b2c819d9e9a84380aa721 NOTFOUND
% CaDiCaL version: 2.1.3
% Termination reason: Refutation not found, incomplete strategy
% Time elapsed: 0.0000 s
% Peak memory usage: 11 MB
% ------------------------------
% ------------------------------
% lrs+10_1_to=lpo:sil=16000:tgt=ground:sims=off:erd=off:urr=ec_only:rnwc=on:lftc=10:lwlo=on:random_seed=1278305389:lrd=on:st=2:s2a=on:i=1903:s2at=3:doe=on:fgj=on:gtg=exists_top:ss=included_144 on p for (144ds/1903Mi)
% Instruction limit reached! 
% ------------------------------
% Version: Vampire 5.0.1 (Release build, commit 1b13eaf on 2026-01-18 12:14:50 +0000)
% Linked with Z3 4.14.0.0 3c47fd96cf5645d0c42b2c819d9e9a84380aa721 NOTFOUND
% CaDiCaL version: 2.1.3
% Termination reason: Instruction limit
% Termination phase: Saturation
% Time elapsed: 0.285 s
% Peak memory usage: 48 MB
% Instructions burned: 1905 (million)
% lrs-1002_7_anc=none:sfv=off:to=lpo:sil=128000:tgt=ground:prc=on:drc=off:fde=unused:etr=on:spb=non_intro:bce=on:bsr=unit_only:flr=on:updr=off:random_seed=3529359883:prac=on:i=710:doe=on:nicw=on:bd=preordered:fsr=off:gsp=on:proc=on:rawr=on_141 on p for (141ds/710Mi)
% Instruction limit reached! 
% ------------------------------
% Version: Vampire 5.0.1 (Release build, commit 1b13eaf on 2026-01-18 12:14:50 +0000)
% Linked with Z3 4.14.0.0 3c47fd96cf5645d0c42b2c819d9e9a84380aa721 NOTFOUND
% CaDiCaL version: 2.1.3
% Termination reason: Instruction limit
% Termination phase: Saturation
% Time elapsed: 0.079 s
% Peak memory usage: 22 MB
% Instructions burned: 715 (million)
% lrs+1011_256_to=kbo:sil=2000:tgt=ground:irw=on:drc=off:fde=none:lma=off:rnwc=on:fd=preordered:br=off:slsqc=1:slsq=on:random_seed=1981972536:st=1.2:i=714:s2at=3:sd=10:kws=inv_arity:fgj=on:nicw=on:amm=off:ss=included_140 on p for (140ds/714Mi)
% Instruction limit reached! 
% ------------------------------
% Version: Vampire 5.0.1 (Release build, commit 1b13eaf on 2026-01-18 12:14:50 +0000)
% Linked with Z3 4.14.0.0 3c47fd96cf5645d0c42b2c819d9e9a84380aa721 NOTFOUND
% CaDiCaL version: 2.1.3
% Termination reason: Instruction limit
% Termination phase: Saturation
% Time elapsed: 0.115 s
% Peak memory usage: 22 MB
% Instructions burned: 717 (million)
% lrs+10_4:1_to=lpo:sil=4000:erd=off:urr=on:s2agt=8:br=off:random_seed=1978890421:s2a=on:i=1975:bd=all_139 on p for (139ds/1975Mi)
% Instruction limit reached! 
% ------------------------------
% Version: Vampire 5.0.1 (Release build, commit 1b13eaf on 2026-01-18 12:14:50 +0000)
% Linked with Z3 4.14.0.0 3c47fd96cf5645d0c42b2c819d9e9a84380aa721 NOTFOUND
% CaDiCaL version: 2.1.3
% Termination reason: Instruction limit
% Termination phase: Saturation
% Time elapsed: 0.300 s
% Peak memory usage: 34 MB
% Instructions burned: 1980 (million)
% ott-1010_8_to=lpo:sil=4000:fde=none:sp=arity:spb=goal_then_units:nwc=3:s2agt=16:flr=on:slsq=on:random_seed=2036429602:s2a=on:i=4528:bd=all_136 on p for (136ds/4528Mi)
% Instruction limit reached! 
% ------------------------------
% Version: Vampire 5.0.1 (Release build, commit 1b13eaf on 2026-01-18 12:14:50 +0000)
% Linked with Z3 4.14.0.0 3c47fd96cf5645d0c42b2c819d9e9a84380aa721 NOTFOUND
% CaDiCaL version: 2.1.3
% Termination reason: Instruction limit
% Termination phase: Saturation
% Time elapsed: 0.707 s
% Peak memory usage: 47 MB
% Instructions burned: 4533 (million)
% lrs+1002_1_to=lpo:sil=4000:sp=unary_first:sos=on:spb=units:random_seed=262033164:i=2020:sd=2:nm=6:av=off:ss=axioms_129 on p for (129ds/2020Mi)
% Refutation not found, incomplete strategy
% ------------------------------
% Version: Vampire 5.0.1 (Release build, commit 1b13eaf on 2026-01-18 12:14:50 +0000)
% Linked with Z3 4.14.0.0 3c47fd96cf5645d0c42b2c819d9e9a84380aa721 NOTFOUND
% CaDiCaL version: 2.1.3
% Termination reason: Refutation not found, incomplete strategy
% Time elapsed: 0.0000 s
% Peak memory usage: 9 MB
% ------------------------------
% ------------------------------
% dis+1002_1_to=kbo:sil=256000:plsq=on:sp=weighted_frequency:sos=on:erd=off:spb=units:acc=on:urr=ec_only:plsql=on:nwc=20:random_seed=2967659622:avsq=on:i=753:gtgl=2:avsqr=12,1:nicw=on:ep=RST:gtg=exists_sym:ss=axioms:sgt=8_129 on p for (129ds/753Mi)
% Instruction limit reached! 
% ------------------------------
% Version: Vampire 5.0.1 (Release build, commit 1b13eaf on 2026-01-18 12:14:50 +0000)
% Linked with Z3 4.14.0.0 3c47fd96cf5645d0c42b2c819d9e9a84380aa721 NOTFOUND
% CaDiCaL version: 2.1.3
% Termination reason: Instruction limit
% Termination phase: Saturation
% Time elapsed: 0.100 s
% Peak memory usage: 12 MB
% Instructions burned: 754 (million)
% lrs+10_128_to=lpo:sil=4000:sp=occurrence:sos=all:urr=full:br=off:random_seed=2710735464:st=4.8:s2a=on:i=1412:sd=4:sup=off:ss=included_128 on p for (128ds/1412Mi)
% Refutation not found, incomplete strategy
% ------------------------------
% Version: Vampire 5.0.1 (Release build, commit 1b13eaf on 2026-01-18 12:14:50 +0000)
% Linked with Z3 4.14.0.0 3c47fd96cf5645d0c42b2c819d9e9a84380aa721 NOTFOUND
% CaDiCaL version: 2.1.3
% Termination reason: Refutation not found, incomplete strategy
% Time elapsed: 0.0000 s
% Peak memory usage: 11 MB
% ------------------------------
% ------------------------------
% lrs+10_1_to=lpo:sil=128000:sp=occurrence:random_seed=666197619:st=3:i=37942:sd=4:ss=included:sgt=16_128 on p for (128ds/37942Mi)
% Instruction limit reached! 
% ------------------------------
% Version: Vampire 5.0.1 (Release build, commit 1b13eaf on 2026-01-18 12:14:50 +0000)
% Linked with Z3 4.14.0.0 3c47fd96cf5645d0c42b2c819d9e9a84380aa721 NOTFOUND
% CaDiCaL version: 2.1.3
% Termination reason: Instruction limit
% Termination phase: Saturation
% Time elapsed: 6.015 s
% Peak memory usage: 125 MB
% Instructions burned: 37944 (million)
% lrs+11_1_to=lpo:sil=2000:tgt=full:plsq=on:sp=reverse_frequency:sos=all:erd=off:plsql=on:nwc=3:random_seed=3182386735:s2pl=on:i=1495:s2at=5:bd=preordered:av=off_67 on p for (67ds/1495Mi)
% Refutation not found, incomplete strategy
% ------------------------------
% Version: Vampire 5.0.1 (Release build, commit 1b13eaf on 2026-01-18 12:14:50 +0000)
% Linked with Z3 4.14.0.0 3c47fd96cf5645d0c42b2c819d9e9a84380aa721 NOTFOUND
% CaDiCaL version: 2.1.3
% Termination reason: Refutation not found, incomplete strategy
% Time elapsed: 0.0000 s
% Peak memory usage: 8 MB
% ------------------------------
% ------------------------------
% lrs+1002_16_anc=all_dependent:to=lpo:sil=16000:sas=cadical:sos=on:rp=on:s2agt=10:sac=on:random_seed=3702532825:st=5:s2a=on:i=798:sd=5:bs=unit_only:ep=RS:ss=included_67 on p for (67ds/798Mi)
% Refutation not found, incomplete strategy
% ------------------------------
% Version: Vampire 5.0.1 (Release build, commit 1b13eaf on 2026-01-18 12:14:50 +0000)
% Linked with Z3 4.14.0.0 3c47fd96cf5645d0c42b2c819d9e9a84380aa721 NOTFOUND
% CaDiCaL version: 2.1.3
% Termination reason: Refutation not found, incomplete strategy
% Time elapsed: 0.0000 s
% Peak memory usage: 9 MB
% ------------------------------
% ------------------------------
% lrs+1002_512_to=lpo:sil=4000:plsq=on:plsqc=2:plsqr=64,1:rp=on:gs=on:random_seed=1551541478:i=861:aac=none:nm=2:gsp=on_67 on p for (67ds/861Mi)
% Instruction limit reached! 
% ------------------------------
% Version: Vampire 5.0.1 (Release build, commit 1b13eaf on 2026-01-18 12:14:50 +0000)
% Linked with Z3 4.14.0.0 3c47fd96cf5645d0c42b2c819d9e9a84380aa721 NOTFOUND
% CaDiCaL version: 2.1.3
% Termination reason: Instruction limit
% Termination phase: Saturation
% Time elapsed: 0.129 s
% Peak memory usage: 24 MB
% Instructions burned: 864 (million)
% dis-1010_2_sfv=off:to=lpo:sil=4000:plsq=on:plsqc=1:plsqr=64,1:erd=off:newcnf=on:random_seed=1466202498:cond=fast:i=1675:doe=on:av=off_66 on p for (66ds/1675Mi)
% Instruction limit reached! 
% ------------------------------
% Version: Vampire 5.0.1 (Release build, commit 1b13eaf on 2026-01-18 12:14:50 +0000)
% Linked with Z3 4.14.0.0 3c47fd96cf5645d0c42b2c819d9e9a84380aa721 NOTFOUND
% CaDiCaL version: 2.1.3
% Termination reason: Instruction limit
% Termination phase: Saturation
% Time elapsed: 0.243 s
% Peak memory usage: 20 MB
% Instructions burned: 1678 (million)
% lrs+1011_2_to=lpo:sil=16000:prc=on:drc=off:sp=const_frequency:nwc=1:random_seed=1400755190:i=897:sd=3:doe=on:bd=preordered:nm=4:ins=2:av=off:gtg=exists_all:ss=axioms:sgt=27_63 on p for (63ds/897Mi)
% Instruction limit reached! 
% ------------------------------
% Version: Vampire 5.0.1 (Release build, commit 1b13eaf on 2026-01-18 12:14:50 +0000)
% Linked with Z3 4.14.0.0 3c47fd96cf5645d0c42b2c819d9e9a84380aa721 NOTFOUND
% CaDiCaL version: 2.1.3
% Termination reason: Instruction limit
% Termination phase: Saturation
% Time elapsed: 0.100 s
% Peak memory usage: 25 MB
% Instructions burned: 898 (million)
% lrs-1010_1_to=lpo:sil=8000:sos=on:random_seed=359045579:st=2:i=3392:sd=2:ss=axioms_62 on p for (62ds/3392Mi)
% Refutation not found, incomplete strategy
% ------------------------------
% Version: Vampire 5.0.1 (Release build, commit 1b13eaf on 2026-01-18 12:14:50 +0000)
% Linked with Z3 4.14.0.0 3c47fd96cf5645d0c42b2c819d9e9a84380aa721 NOTFOUND
% CaDiCaL version: 2.1.3
% Termination reason: Refutation not found, incomplete strategy
% Time elapsed: 0.0000 s
% Peak memory usage: 11 MB
% ------------------------------
% ------------------------------
% lrs-1011_4_to=lpo:sil=4000:sos=all:lsd=10:random_seed=3427177229:s2a=on:i=2612:s2at=5:ep=RS:av=off:ss=included:sgt=10_62 on p for (62ds/2612Mi)
% Refutation not found, incomplete strategy
% ------------------------------
% Version: Vampire 5.0.1 (Release build, commit 1b13eaf on 2026-01-18 12:14:50 +0000)
% Linked with Z3 4.14.0.0 3c47fd96cf5645d0c42b2c819d9e9a84380aa721 NOTFOUND
% CaDiCaL version: 2.1.3
% Termination reason: Refutation not found, incomplete strategy
% Time elapsed: 0.0000 s
% Peak memory usage: 9 MB
% ------------------------------
% ------------------------------
% dis+1011_8_to=lpo:sil=4000:lsd=50:nwc=2:random_seed=2739270298:cond=fast:i=948:gtgl=2:ep=RS:av=off:gtg=exists_all_62 on p for (62ds/948Mi)
% Refutation not found, incomplete strategy
% ------------------------------
% Version: Vampire 5.0.1 (Release build, commit 1b13eaf on 2026-01-18 12:14:50 +0000)
% Linked with Z3 4.14.0.0 3c47fd96cf5645d0c42b2c819d9e9a84380aa721 NOTFOUND
% CaDiCaL version: 2.1.3
% Termination reason: Refutation not found, incomplete strategy
% Time elapsed: 0.0000 s
% Peak memory usage: 9 MB
% ------------------------------
% ------------------------------
% lrs+1011_6:5_sfv=off:to=lpo:sil=32000:tgt=ground:sos=all:erd=off:urr=on:rnwc=on:gs=on:flr=on:random_seed=413776494:s2a=on:i=951:s2at=2:sd=2:av=off:fsr=off:ss=axioms_62 on p for (62ds/951Mi)
% Refutation not found, incomplete strategy
% ------------------------------
% Version: Vampire 5.0.1 (Release build, commit 1b13eaf on 2026-01-18 12:14:50 +0000)
% Linked with Z3 4.14.0.0 3c47fd96cf5645d0c42b2c819d9e9a84380aa721 NOTFOUND
% CaDiCaL version: 2.1.3
% Termination reason: Refutation not found, incomplete strategy
% Time elapsed: 0.0000 s
% Peak memory usage: 12 MB
% ------------------------------
% ------------------------------
% lrs+11_1_to=lpo:sil=8000:flr=on:random_seed=1861125799:i=982:sd=2:sup=off:ss=axioms:sgt=8_62 on p for (62ds/982Mi)
% Refutation not found, incomplete strategy
% ------------------------------
% Version: Vampire 5.0.1 (Release build, commit 1b13eaf on 2026-01-18 12:14:50 +0000)
% Linked with Z3 4.14.0.0 3c47fd96cf5645d0c42b2c819d9e9a84380aa721 NOTFOUND
% CaDiCaL version: 2.1.3
% Termination reason: Refutation not found, incomplete strategy
% Time elapsed: 0.0000 s
% Peak memory usage: 11 MB
% ------------------------------
% ------------------------------
% lrs+10_1_to=lpo:sil=8000:sp=occurrence:sos=on:fs=off:random_seed=3478646936:st=1.2:i=2778:sd=2:ep=R:fsr=off:ss=included_62 on p for (62ds/2778Mi)
% Refutation not found, incomplete strategy
% ------------------------------
% Version: Vampire 5.0.1 (Release build, commit 1b13eaf on 2026-01-18 12:14:50 +0000)
% Linked with Z3 4.14.0.0 3c47fd96cf5645d0c42b2c819d9e9a84380aa721 NOTFOUND
% CaDiCaL version: 2.1.3
% Termination reason: Refutation not found, incomplete strategy
% Time elapsed: 0.0000 s
% Peak memory usage: 11 MB
% ------------------------------
% ------------------------------
% lrs-1002_32_to=lpo:sil=4000:sp=occurrence:nwc=1:random_seed=2867051536:st=3.4:i=1009:sd=4:ep=RST:ss=axioms:sgt=8_62 on p for (62ds/1009Mi)
% Instruction limit reached! 
% ------------------------------
% Version: Vampire 5.0.1 (Release build, commit 1b13eaf on 2026-01-18 12:14:50 +0000)
% Linked with Z3 4.14.0.0 3c47fd96cf5645d0c42b2c819d9e9a84380aa721 NOTFOUND
% CaDiCaL version: 2.1.3
% Termination reason: Instruction limit
% Termination phase: Saturation
% Time elapsed: 0.123 s
% Peak memory usage: 12 MB
% Instructions burned: 1012 (million)
% dis+10_2:13_anc=all_dependent:sfv=off:to=lpo:sil=2000:sos=on:rnwc=on:sac=on:random_seed=2754330227:st=2:avsq=on:s2a=on:i=1019:sd=2:aac=none:doe=on:nicw=on:bs=unit_only:nm=2:amm=off:ss=axioms_61 on p for (61ds/1019Mi)
% Refutation not found, incomplete strategy
% ------------------------------
% Version: Vampire 5.0.1 (Release build, commit 1b13eaf on 2026-01-18 12:14:50 +0000)
% Linked with Z3 4.14.0.0 3c47fd96cf5645d0c42b2c819d9e9a84380aa721 NOTFOUND
% CaDiCaL version: 2.1.3
% Termination reason: Refutation not found, incomplete strategy
% Time elapsed: 0.0000 s
% Peak memory usage: 11 MB
% ------------------------------
% ------------------------------
% dis+1010_2_slsqr=3,53:to=lpo:sil=8000:tgt=full:plsq=on:plsqc=1:sims=off:sas=cadical:plsqr=5241031,262144:sp=arity:sos=on:spb=units:bsr=unit_only:rp=on:nwc=1:slsqc=1:newcnf=on:slsq=on:random_seed=2785654843:i=1040:s2at=5:doe=on:bs=on_61 on p for (61ds/1040Mi)
% Refutation not found, incomplete strategy
% ------------------------------
% Version: Vampire 5.0.1 (Release build, commit 1b13eaf on 2026-01-18 12:14:50 +0000)
% Linked with Z3 4.14.0.0 3c47fd96cf5645d0c42b2c819d9e9a84380aa721 NOTFOUND
% CaDiCaL version: 2.1.3
% Termination reason: Refutation not found, incomplete strategy
% Time elapsed: 0.0000 s
% Peak memory usage: 12 MB
% ------------------------------
% ------------------------------
% ott+1011_1024_to=lpo:sil=8000:prc=on:sos=on:fd=off:br=off:random_seed=1246788148:cts=off:i=1043:gtgl=4:sd=1:gtg=exists_sym:ss=axioms_61 on p for (61ds/1043Mi)
% Instruction limit reached! 
% ------------------------------
% Version: Vampire 5.0.1 (Release build, commit 1b13eaf on 2026-01-18 12:14:50 +0000)
% Linked with Z3 4.14.0.0 3c47fd96cf5645d0c42b2c819d9e9a84380aa721 NOTFOUND
% CaDiCaL version: 2.1.3
% Termination reason: Instruction limit
% Termination phase: Saturation
% Time elapsed: 0.173 s
% Peak memory usage: 28 MB
% Instructions burned: 1047 (million)
% WARNING Broken Constraint: if kbo_weight_scheme(inv_precedence) has been set then term_ordering(lpo) is equal to kbo or term_ordering(lpo) is equal to auto_kbo
% lrs+1011_1_to=lpo:sil=32000:fde=unused:sp=unary_frequency:spb=goal_then_units:lsd=100:sac=on:random_seed=3133329424:i=1045:kws=inv_precedence:bd=all:nm=2:fsr=off_59 on p for (59ds/1045Mi)
% Instruction limit reached! 
% ------------------------------
% Version: Vampire 5.0.1 (Release build, commit 1b13eaf on 2026-01-18 12:14:50 +0000)
% Linked with Z3 4.14.0.0 3c47fd96cf5645d0c42b2c819d9e9a84380aa721 NOTFOUND
% CaDiCaL version: 2.1.3
% Termination reason: Instruction limit
% Termination phase: Saturation
% Time elapsed: 0.156 s
% Peak memory usage: 22 MB
% Instructions burned: 1046 (million)
% WARNING Broken Constraint: if kbo_weight_scheme(inv_frequency) has been set then term_ordering(lpo) is equal to kbo or term_ordering(lpo) is equal to auto_kbo
% dis+1002_8_sfv=off:to=lpo:sil=16000:tgt=full:plsq=on:sos=on:erd=off:spb=goal_then_units:gs=on:nwc=9:random_seed=3379926646:cond=on:i=12085:sd=2:kws=inv_frequency:bd=preordered:nm=20:gtg=position:gsp=on:ss=included_57 on p for (57ds/12085Mi)
% Refutation not found, incomplete strategy
% ------------------------------
% Version: Vampire 5.0.1 (Release build, commit 1b13eaf on 2026-01-18 12:14:50 +0000)
% Linked with Z3 4.14.0.0 3c47fd96cf5645d0c42b2c819d9e9a84380aa721 NOTFOUND
% CaDiCaL version: 2.1.3
% Termination reason: Refutation not found, incomplete strategy
% Time elapsed: 0.0000 s
% Peak memory usage: 12 MB
% ------------------------------
% ------------------------------
% dis+1010_2_to=lpo:sil=8000:fde=none:sp=const_frequency:bce=on:sac=on:random_seed=2618135908:s2a=on:cond=on:i=1111:s2at=1.5:fsr=off_57 on p for (57ds/1111Mi)
% Instruction limit reached! 
% ------------------------------
% Version: Vampire 5.0.1 (Release build, commit 1b13eaf on 2026-01-18 12:14:50 +0000)
% Linked with Z3 4.14.0.0 3c47fd96cf5645d0c42b2c819d9e9a84380aa721 NOTFOUND
% CaDiCaL version: 2.1.3
% Termination reason: Instruction limit
% Termination phase: Saturation
% Time elapsed: 0.160 s
% Peak memory usage: 17 MB
% Instructions burned: 1118 (million)
% dis+10_1_to=lpo:sil=8000:plsq=on:sp=occurrence:acc=on:urr=on:s2agt=16:br=off:random_seed=852685034:s2a=on:i=2126:sd=3:nm=16:ss=axioms_56 on p for (56ds/2126Mi)
% Refutation not found, incomplete strategy
% ------------------------------
% Version: Vampire 5.0.1 (Release build, commit 1b13eaf on 2026-01-18 12:14:50 +0000)
% Linked with Z3 4.14.0.0 3c47fd96cf5645d0c42b2c819d9e9a84380aa721 NOTFOUND
% CaDiCaL version: 2.1.3
% Termination reason: Refutation not found, incomplete strategy
% Time elapsed: 0.0000 s
% Peak memory usage: 12 MB
% ------------------------------
% ------------------------------
% lrs-1011_1_to=lpo:sil=32000:plsq=on:fde=none:plsqr=2,1:gs=on:slsqc=3:slsq=on:random_seed=1090897929:s2a=on:i=1118:gtgl=2:slsql=off:ep=R:av=off:fsr=off:gtg=exists_sym:gsp=on_56 on p for (56ds/1118Mi)
% Refutation not found, incomplete strategy
% ------------------------------
% Version: Vampire 5.0.1 (Release build, commit 1b13eaf on 2026-01-18 12:14:50 +0000)
% Linked with Z3 4.14.0.0 3c47fd96cf5645d0c42b2c819d9e9a84380aa721 NOTFOUND
% CaDiCaL version: 2.1.3
% Termination reason: Refutation not found, incomplete strategy
% Time elapsed: 0.0000 s
% Peak memory usage: 12 MB
% ------------------------------
% ------------------------------
% lrs+1002_1_to=lpo:sil=32000:fde=unused:bsd=on:random_seed=1534207304:s2a=on:i=1125:s2at=5:bs=unit_only:bsdmm=1:av=off:gtg=exists_all:fsd=on_56 on p for (56ds/1125Mi)
% Instruction limit reached! 
% ------------------------------
% Version: Vampire 5.0.1 (Release build, commit 1b13eaf on 2026-01-18 12:14:50 +0000)
% Linked with Z3 4.14.0.0 3c47fd96cf5645d0c42b2c819d9e9a84380aa721 NOTFOUND
% CaDiCaL version: 2.1.3
% Termination reason: Instruction limit
% Termination phase: Saturation
% Time elapsed: 0.176 s
% Peak memory usage: 24 MB
% Instructions burned: 1127 (million)
% lrs-1010_1_to=lpo:sil=2000:sp=occurrence:sos=on:urr=ec_only:random_seed=2339566893:st=2:i=1131:sd=2:aac=none:ss=axioms:sgt=40_54 on p for (54ds/1131Mi)
% Refutation not found, incomplete strategy
% ------------------------------
% Version: Vampire 5.0.1 (Release build, commit 1b13eaf on 2026-01-18 12:14:50 +0000)
% Linked with Z3 4.14.0.0 3c47fd96cf5645d0c42b2c819d9e9a84380aa721 NOTFOUND
% CaDiCaL version: 2.1.3
% Termination reason: Refutation not found, incomplete strategy
% Time elapsed: 0.0000 s
% Peak memory usage: 11 MB
% ------------------------------
% ------------------------------
% dis+1011_1_slsqr=4,1:to=lpo:sil=4000:fde=none:erd=off:newcnf=on:slsq=on:random_seed=1494647882:cond=fast:i=3294:bs=unit_only:ep=RST:nm=2:ins=1:av=off:rawr=on_54 on p for (54ds/3294Mi)
% Aborted by signal SIGSEGV on /tmp/tmpfsgvv_03/p.p
% ------------------------------
% Version: Vampire 5.0.1 (Release build, commit 1b13eaf on 2026-01-18 12:14:50 +0000)
% Linked with Z3 4.14.0.0 3c47fd96cf5645d0c42b2c819d9e9a84380aa721 NOTFOUND
% CaDiCaL version: 2.1.3
% Termination reason: Unknown
% Termination phase: Saturation
% Time elapsed: 0.0000 s
% Peak memory usage: 9 MB
% lrs-21_8:1_to=lpo:sil=8000:sos=on:lcm=predicate:acc=on:fd=off:random_seed=1302154019:i=1213:sd=1:fsr=off:amm=off:gsp=on:ss=included_54 on p for (54ds/1213Mi)
% Refutation not found, incomplete strategy
% ------------------------------
% Version: Vampire 5.0.1 (Release build, commit 1b13eaf on 2026-01-18 12:14:50 +0000)
% Linked with Z3 4.14.0.0 3c47fd96cf5645d0c42b2c819d9e9a84380aa721 NOTFOUND
% CaDiCaL version: 2.1.3
% Termination reason: Refutation not found, incomplete strategy
% Time elapsed: 0.0000 s
% Peak memory usage: 11 MB
% ------------------------------
% ------------------------------
% lrs+10_4096_to=lpo:sil=16000:sos=on:acc=on:urr=on:s2agt=16:sac=on:random_seed=367867443:s2a=on:i=1231:sd=3:nicw=on:ep=RS:ss=axioms:sgt=16_54 on p for (54ds/1231Mi)
% Refutation not found, incomplete strategy
% ------------------------------
% Version: Vampire 5.0.1 (Release build, commit 1b13eaf on 2026-01-18 12:14:50 +0000)
% Linked with Z3 4.14.0.0 3c47fd96cf5645d0c42b2c819d9e9a84380aa721 NOTFOUND
% CaDiCaL version: 2.1.3
% Termination reason: Refutation not found, incomplete strategy
% Time elapsed: 0.0000 s
% Peak memory usage: 11 MB
% ------------------------------
% ------------------------------
% lrs+10_28_to=lpo:sil=64000:tgt=full:drc=off:fde=none:spb=goal:acc=on:nwc=1:random_seed=3100183702:i=35242:fgj=on:nicw=on:bd=all:fsr=off:ss=axioms:sgt=8_54 on p for (54ds/35242Mi)
% Solution written to "/tmp/vampire-proof-3876801"
% Refutation found. Thanks to Tanya!
% SZS status Theorem for p
% SZS output start Proof for p
fof(f1,axiom,(
  ! [X0,X1,X2] : X0 = f(f(f(f(X1,X1),f(X0,X2)),f(X1,X0)),X2)),
  file('/tmp/tmpfsgvv_03/p.p',unknown)).
fof(f2,conjecture,(
  ! [X0,X1] : X0 = X1),
  file('/tmp/tmpfsgvv_03/p.p',unknown)).
fof(f3,negated_conjecture,(
  ~! [X0,X1] : X0 = X1),
  inference(negated_conjecture,[status(cth)],[f2])).
fof(f4,plain,(
  ? [X0,X1] : X0 != X1),
  inference(ennf_transformation,[],[f3])).
fof(f5,plain,(
  ? [X0,X1] : X0 != X1 => sK0 != sK1),
  introduced(definition,[],[skolem_symbol_introduction])).
fof(f6,plain,(
  sK0 != sK1),
  inference(skolemisation,[status(esa),new_symbols(skolem,[sK0,sK1])],[f4,f5])).
fof(f7,plain,(
  sK0 != sK1),
  inference(cnf_transformation,[],[f6])).
fof(f8,plain,(
  ( ! [X2,X0,X1] : (f(f(f(f(X1,X1),f(X0,X2)),f(X1,X0)),X2) = X0) )),
  inference(cnf_transformation,[],[f1])).
fof(f10,definition,(
  spl2_1 <=> sK0 = sK1),
  introduced(definition,[new_symbols(naming,[spl2_1])],[avatar_definition])).
fof(f12,plain,(
  sK0 != sK1 | spl2_1),
  inference(avatar_component_clause,[],[f10])).
fof(f13,plain,(
  ~spl2_1),
  inference(avatar_split_clause,[],[f7,f10])).
fof(f14,plain,(
  ( ! [X2,X3,X0,X1] : (f(f(f(X2,X2),f(X0,X3)),f(X2,X0)) = f(f(f(f(X1,X1),X0),f(X1,f(f(f(X2,X2),f(X0,X3)),f(X2,X0)))),X3)) )),
  inference(superposition,[],[f8,f8])).
fof(f15,plain,(
  ( ! [X2,X3,X0,X1] : (f(f(f(f(f(f(f(X1,X1),f(X0,X2)),f(X1,X0)),f(f(f(X1,X1),f(X0,X2)),f(X1,X0))),f(X2,X3)),X0),X3) = X2) )),
  inference(superposition,[],[f8,f8])).
fof(f23,plain,(
  ( ! [X0,X1] : (f(f(f(f(X0,X0),f(f(X1,X1),f(f(X1,X1),X1))),f(X0,f(X1,X1))),f(f(f(X0,X0),f(f(X1,X1),f(f(X1,X1),X1))),f(X0,f(X1,X1)))) = X1) )),
  inference(superposition,[],[f8,f14])).
fof(f48,plain,(
  ( ! [X0,X1] : (f(f(f(X1,X1),f(f(X0,X0),f(f(X0,X0),X0))),f(X1,f(X0,X0))) = f(f(f(X0,f(X0,X0)),X0),f(f(X0,X0),X0))) )),
  inference(superposition,[],[f14,f23])).
fof(f52,plain,(
  ( ! [X2,X3,X0,X1] : (f(f(f(X0,f(X2,X3)),f(f(f(f(X1,X1),f(f(X0,X0),f(f(X0,X0),X0))),f(X1,f(X0,X0))),X2)),X3) = X2) )),
  inference(superposition,[],[f8,f23])).
fof(f125,plain,(
  ( ! [X2,X0,X1] : (f(f(f(X0,f(X1,X2)),f(f(f(f(X0,f(X0,X0)),X0),f(f(X0,X0),X0)),X1)),X2) = X1) )),
  inference(superposition,[],[f52,f48])).
fof(f126,plain,(
  ( ! [X0] : (f(f(f(f(X0,f(X0,X0)),X0),f(f(X0,X0),X0)),f(f(f(X0,f(X0,X0)),X0),f(f(X0,X0),X0))) = X0) )),
  inference(superposition,[],[f23,f48])).
fof(f185,plain,(
  ( ! [X2,X3,X0,X1] : (f(f(f(X2,X2),f(X0,X3)),f(X2,X0)) = f(f(f(X1,X0),f(f(f(f(X1,f(X1,X1)),X1),f(f(X1,X1),X1)),f(f(f(X2,X2),f(X0,X3)),f(X2,X0)))),X3)) )),
  inference(superposition,[],[f125,f8])).
fof(f240,plain,(
  ( ! [X0,X1] : (f(f(f(X1,f(X1,X1)),X1),f(f(X1,X1),X1)) = f(f(X0,f(f(X1,X1),f(f(X1,X1),X1))),f(f(f(f(X0,f(X0,X0)),X0),f(f(X0,X0),X0)),f(X1,X1)))) )),
  inference(superposition,[],[f48,f126])).
fof(f245,plain,(
  ( ! [X2,X0,X1] : (f(f(f(f(f(f(X0,f(X0,X0)),X0),f(f(X0,X0),X0)),f(X1,X2)),f(f(f(f(f(f(f(X0,f(X0,X0)),X0),f(f(X0,X0),X0)),X0),f(f(f(X0,f(X0,X0)),X0),f(f(X0,X0),X0))),f(X0,f(f(f(X0,f(X0,X0)),X0),f(f(X0,X0),X0)))),X1)),X2) = X1) )),
  inference(superposition,[],[f125,f126])).
fof(f248,plain,(
  ( ! [X0,X1] : (f(f(f(X0,f(X0,X0)),X0),f(f(X0,X0),X0)) = f(f(f(X0,f(f(f(f(X0,f(X0,X0)),X0),f(f(X0,X0),X0)),X1)),X0),X1)) )),
  inference(superposition,[],[f8,f126])).
fof(f250,plain,(
  ( ! [X2,X0,X1] : (f(f(X0,f(f(f(f(X0,f(X0,X0)),X0),f(f(X0,X0),X0)),X1)),X0) = f(f(f(f(X2,X2),f(f(f(X0,f(X0,X0)),X0),f(f(X0,X0),X0))),f(X2,f(f(X0,f(f(f(f(X0,f(X0,X0)),X0),f(f(X0,X0),X0)),X1)),X0))),X1)) )),
  inference(superposition,[],[f14,f126])).
fof(f252,plain,(
  ( ! [X2,X0,X1] : (f(f(f(f(f(f(X0,f(f(f(f(X0,f(X0,X0)),X0),f(f(X0,X0),X0)),X1)),X0),f(f(X0,f(f(f(f(X0,f(X0,X0)),X0),f(f(X0,X0),X0)),X1)),X0)),f(X1,X2)),f(f(f(X0,f(X0,X0)),X0),f(f(X0,X0),X0))),X2) = X1) )),
  inference(superposition,[],[f15,f126])).
fof(f259,plain,(
  ( ! [X0] : (f(f(f(X0,f(X0,X0)),X0),f(f(X0,X0),X0)) = f(f(f(X0,X0),X0),f(f(f(X0,f(X0,X0)),X0),f(f(X0,X0),X0)))) )),
  inference(superposition,[],[f248,f126])).
fof(f279,plain,(
  ( ! [X0,X1] : (f(f(f(X0,X0),f(f(X1,X1),f(f(X1,X1),X1))),f(X0,f(X1,X1))) = f(f(f(X1,X1),X1),f(f(f(X0,X0),f(f(X1,X1),f(f(X1,X1),X1))),f(X0,f(X1,X1))))) )),
  inference(superposition,[],[f259,f48])).
fof(f283,plain,(
  ( ! [X0,X1] : (f(f(X0,X0),X0) = f(f(f(f(X1,X1),f(f(f(X0,f(X0,X0)),X0),f(f(X0,X0),X0))),f(X1,f(f(X0,X0),X0))),f(f(f(X0,f(X0,X0)),X0),f(f(X0,X0),X0)))) )),
  inference(superposition,[],[f8,f259])).
fof(f289,plain,(
  ( ! [X2,X0,X1] : (f(f(X0,X0),X0) = f(f(f(f(f(f(f(X1,X1),f(X2,f(f(X0,X0),X0))),f(X1,X2)),f(f(f(X1,X1),f(X2,f(f(X0,X0),X0))),f(X1,X2))),f(f(f(X0,f(X0,X0)),X0),f(f(X0,X0),X0))),X2),f(f(f(X0,f(X0,X0)),X0),f(f(X0,X0),X0)))) )),
  inference(superposition,[],[f15,f259])).
fof(f863,plain,(
  ( ! [X2,X0,X1] : (f(X2,f(f(X0,X0),f(f(X0,X0),X0))) = f(f(f(f(X1,X1),f(f(f(X0,f(X0,X0)),X0),f(f(X0,X0),X0))),f(X1,f(X2,f(f(X0,X0),f(f(X0,X0),X0))))),f(f(f(f(X2,f(X2,X2)),X2),f(f(X2,X2),X2)),f(X0,X0)))) )),
  inference(superposition,[],[f8,f240])).
fof(f4444,plain,(
  ( ! [X0] : (f(X0,X0) = f(f(f(f(f(X0,X0),f(X0,X0)),f(f(f(X0,f(X0,X0)),X0),f(f(X0,X0),X0))),f(f(X0,X0),f(f(X0,X0),X0))),f(f(f(f(X0,X0),f(X0,X0)),f(f(f(X0,f(X0,X0)),X0),f(f(X0,X0),X0))),f(f(X0,X0),f(f(X0,X0),X0))))) )),
  inference(superposition,[],[f125,f863])).
fof(f5559,plain,(
  ( ! [X2,X0,X1] : (f(f(f(f(X0,X0),f(X1,X2)),f(f(f(f(f(X0,X0),f(X0,X0)),f(f(f(X0,f(X0,X0)),X0),f(f(X0,X0),X0))),f(f(X0,X0),f(f(X0,X0),X0))),X1)),X2) = X1) )),
  inference(superposition,[],[f8,f4444])).
fof(f5657,plain,(
  ( ! [X0,X1] : (f(f(f(X0,f(X0,X0)),X0),f(f(X0,X0),X0)) = f(f(f(f(X0,X0),f(f(f(f(X0,f(X0,X0)),X0),f(f(X0,X0),X0)),X1)),f(f(X0,X0),X0)),X1)) )),
  inference(superposition,[],[f5559,f283])).
fof(f5664,plain,(
  ( ! [X0] : (f(f(f(X0,f(X0,X0)),X0),f(f(X0,X0),X0)) = f(f(f(f(X0,X0),X0),f(f(X0,X0),X0)),f(f(f(X0,f(X0,X0)),X0),f(f(X0,X0),X0)))) )),
  inference(superposition,[],[f5657,f126])).
fof(f5665,plain,(
  ( ! [X0,X1] : (f(f(f(X1,f(X1,X1)),X1),f(f(X1,X1),X1)) = f(f(f(f(X0,X0),f(X1,f(f(X1,X1),X1))),f(X0,X1)),f(f(f(X0,X0),f(X1,f(f(X1,X1),X1))),f(X0,X1)))) )),
  inference(superposition,[],[f5657,f185])).
fof(f5692,plain,(
  ( ! [X0,X1] : (f(f(X0,f(f(f(f(X0,f(X0,X0)),X0),f(f(X0,X0),X0)),X1)),X0) = f(f(f(f(f(X0,f(X0,X0)),X0),f(f(X0,X0),X0)),f(f(f(X0,X0),X0),f(f(X0,f(f(f(f(X0,f(X0,X0)),X0),f(f(X0,X0),X0)),X1)),X0))),X1)) )),
  inference(superposition,[],[f250,f5664])).
fof(f5703,plain,(
  ( ! [X0,X1] : (f(f(f(X0,X0),X0),f(f(X0,X0),X0)) = f(f(f(f(X1,X1),f(f(f(X0,f(X0,X0)),X0),f(f(X0,X0),X0))),f(X1,f(f(f(X0,X0),X0),f(f(X0,X0),X0)))),f(f(f(X0,f(X0,X0)),X0),f(f(X0,X0),X0)))) )),
  inference(superposition,[],[f8,f5664])).
fof(f5726,plain,(
  ( ! [X0] : (f(f(X0,X0),X0) = f(f(f(f(f(f(X0,f(X0,X0)),X0),f(f(X0,X0),X0)),f(f(f(X0,f(X0,X0)),X0),f(f(X0,X0),X0))),X0),f(f(f(X0,f(X0,X0)),X0),f(f(X0,X0),X0)))) )),
  inference(superposition,[],[f289,f5665])).
fof(f5728,plain,(
  ( ! [X2,X0] : (f(f(X0,X0),X0) = f(f(f(f(f(f(X0,f(X0,X0)),X0),f(f(X0,X0),X0)),f(f(f(X0,X0),X0),X2)),X0),X2)) )),
  inference(superposition,[],[f15,f5665])).
fof(f5827,plain,(
  ( ! [X0] : (f(f(X0,X0),X0) = f(f(X0,X0),f(f(f(X0,f(X0,X0)),X0),f(f(X0,X0),X0)))) )),
  inference(forward_demodulation,[],[f5726,f126])).
fof(f5833,plain,(
  ( ! [X0,X1] : (f(f(X1,X1),X1) = f(f(X1,X1),f(f(f(X0,X0),f(f(X1,X1),f(f(X1,X1),X1))),f(X0,f(X1,X1))))) )),
  inference(superposition,[],[f5827,f48])).
fof(f5838,plain,(
  ( ! [X0] : (f(f(X0,X0),X0) = f(f(f(f(X0,X0),X0),f(X0,f(f(X0,X0),X0))),f(f(f(X0,f(X0,X0)),X0),f(f(X0,X0),X0)))) )),
  inference(superposition,[],[f283,f5827])).
fof(f7602,plain,(
  ( ! [X0] : (f(f(f(X0,X0),X0),f(f(X0,X0),X0)) = f(f(f(f(X0,X0),X0),f(X0,f(f(f(X0,X0),X0),f(f(X0,X0),X0)))),f(f(f(X0,f(X0,X0)),X0),f(f(X0,X0),X0)))) )),
  inference(superposition,[],[f5703,f5827])).
fof(f8508,plain,(
  ( ! [X0] : (f(f(X0,X0),X0) = f(f(f(X0,f(f(f(f(X0,f(X0,X0)),X0),f(f(X0,X0),X0)),X0)),X0),f(f(X0,f(f(f(f(X0,f(X0,X0)),X0),f(f(X0,X0),X0)),X0)),X0))) )),
  inference(superposition,[],[f5728,f5692])).
fof(f8510,plain,(
  ( ! [X0,X1] : (f(f(f(f(f(X0,X0),X0),f(X0,X1)),f(f(f(X0,f(X0,X0)),X0),f(f(X0,X0),X0))),X1) = X0) )),
  inference(superposition,[],[f252,f8508])).
fof(f8585,plain,(
  ( ! [X0] : (f(f(f(X0,X0),X0),f(f(X0,X0),X0)) = X0) )),
  inference(superposition,[],[f8510,f5838])).
fof(f8586,plain,(
  ( ! [X0] : (f(f(f(f(X0,X0),X0),f(f(X0,X0),X0)),f(f(f(X0,X0),X0),f(f(X0,X0),X0))) = X0) )),
  inference(superposition,[],[f8510,f7602])).
fof(f8779,plain,(
  ( ! [X0] : (f(X0,X0) = X0) )),
  inference(backward_demodulation,[],[f8586,f8585])).
fof(f10715,plain,(
  ( ! [X2,X0,X1] : (f(f(f(f(f(f(X0,X0),X0),f(X0,X0)),f(X1,X2)),f(f(f(f(f(f(f(X0,X0),X0),f(X0,X0)),X0),f(f(f(X0,X0),X0),f(X0,X0))),f(X0,f(f(f(X0,X0),X0),f(X0,X0)))),X1)),X2) = X1) )),
  inference(backward_demodulation,[],[f245,f8779])).
fof(f10731,plain,(
  ( ! [X0,X1] : (f(f(f(X0,X0),f(X1,f(X1,X1))),f(X0,X1)) = f(f(X1,X1),f(f(f(X0,X0),f(X1,f(X1,X1))),f(X0,X1)))) )),
  inference(backward_demodulation,[],[f279,f8779])).
fof(f11512,plain,(
  ( ! [X0,X1] : (f(X1,X1) = f(X1,f(f(f(X0,X0),f(X1,f(X1,X1))),f(X0,X1)))) )),
  inference(backward_demodulation,[],[f5833,f8779])).
fof(f12622,plain,(
  ( ! [X0,X1] : (f(X1,f(f(f(X0,X0),f(X1,X1)),f(X0,X1))) = X1) )),
  inference(forward_demodulation,[],[f11512,f8779])).
fof(f13403,plain,(
  ( ! [X0,X1] : (f(f(f(X0,X0),f(X1,X1)),f(X0,X1)) = f(X1,f(f(f(X0,X0),f(X1,X1)),f(X0,X1)))) )),
  inference(forward_demodulation,[],[f10731,f8779])).
fof(f13419,plain,(
  ( ! [X2,X0,X1] : (f(f(f(f(f(X0,X0),X0),f(X1,X2)),f(f(f(f(f(f(X0,X0),X0),X0),f(f(X0,X0),X0)),f(X0,f(f(X0,X0),X0))),X1)),X2) = X1) )),
  inference(forward_demodulation,[],[f10715,f8779])).
fof(f15994,plain,(
  ( ! [X0,X1] : (f(X1,f(f(f(X0,X0),X1),f(X0,X1))) = X1) )),
  inference(forward_demodulation,[],[f12622,f8779])).
fof(f16775,plain,(
  ( ! [X0,X1] : (f(f(f(X0,X0),X1),f(X0,X1)) = f(X1,f(f(f(X0,X0),X1),f(X0,X1)))) )),
  inference(forward_demodulation,[],[f13403,f8779])).
fof(f16791,plain,(
  ( ! [X2,X0,X1] : (f(f(f(f(X0,X0),f(X1,X2)),f(f(f(f(f(X0,X0),X0),f(X0,X0)),f(X0,f(X0,X0))),X1)),X2) = X1) )),
  inference(forward_demodulation,[],[f13419,f8779])).
fof(f19358,plain,(
  ( ! [X0,X1] : (f(X1,f(f(X0,X1),f(X0,X1))) = X1) )),
  inference(forward_demodulation,[],[f15994,f8779])).
fof(f20139,plain,(
  ( ! [X0,X1] : (f(f(X0,X1),f(X0,X1)) = f(X1,f(f(X0,X1),f(X0,X1)))) )),
  inference(forward_demodulation,[],[f16775,f8779])).
fof(f20155,plain,(
  ( ! [X2,X0,X1] : (f(f(f(X0,f(X1,X2)),f(f(f(f(X0,X0),X0),f(X0,X0)),X1)),X2) = X1) )),
  inference(forward_demodulation,[],[f16791,f8779])).
fof(f22709,plain,(
  ( ! [X0,X1] : (f(X1,f(X0,X1)) = X1) )),
  inference(forward_demodulation,[],[f19358,f8779])).
fof(f23486,plain,(
  ( ! [X0,X1] : (f(X0,X1) = f(X1,f(X0,X1))) )),
  inference(forward_demodulation,[],[f20139,f8779])).
fof(f23500,plain,(
  ( ! [X2,X0,X1] : (f(f(f(X0,f(X1,X2)),f(f(f(X0,X0),X0),X1)),X2) = X1) )),
  inference(forward_demodulation,[],[f20155,f8779])).
fof(f26789,plain,(
  ( ! [X0,X1] : (f(X0,X1) = X1) )),
  inference(forward_demodulation,[],[f23486,f22709])).
fof(f26801,plain,(
  ( ! [X2,X0,X1] : (f(f(f(X0,f(X1,X2)),f(f(X0,X0),X1)),X2) = X1) )),
  inference(forward_demodulation,[],[f23500,f8779])).
fof(f29941,plain,(
  ( ! [X2,X1] : (X1 = X2) )),
  inference(forward_demodulation,[],[f26801,f26789])).
fof(f32054,plain,(
  ( ! [X0] : (sK0 != X0) ) | spl2_1),
  inference(superposition,[],[f12,f29941])).
fof(f32057,plain,(
  $false | spl2_1),
  inference(equality_resolution,[],[f32054])).
fof(f32058,plain,(
  spl2_1),
  inference(avatar_contradiction_clause,[],[f32057])).
cnf(s1, plain, ~spl2_1, inference(sat_conversion,[],[f13])).
cnf(s2, plain, spl2_1, inference(sat_conversion,[],[f32058])).
cnf(s3, plain, $false, inference(rat,[],[s1,s2])).
fof(f32059,plain,(
  $false),
  inference(avatar_sat_refutation,[],[s3])).
% SZS output end Proof for p
% ------------------------------
% Version: Vampire 5.0.1 (Release build, commit 1b13eaf on 2026-01-18 12:14:50 +0000)
% Linked with Z3 4.14.0.0 3c47fd96cf5645d0c42b2c819d9e9a84380aa721 NOTFOUND
% CaDiCaL version: 2.1.3
% Termination reason: Refutation
% Time elapsed: 3.102 s
% Peak memory usage: 56 MB
% Instructions burned: 19146 (million)
% ------------------------------
% ------------------------------
% Success in time 27.695 s
