% law: x = ((((y ◇ y) ◇ (x ◇ z)) ◇ (y ◇ x)) ◇ z)
% config: vampire/triv/casc @ 30s

% Running in auto input_syntax mode. Trying TPTP
% Detected formulas, will run a generic FOF schedule.
% lrs+1011_32_sil=2000:tgt=full:alpa=true:random_seed=970608749:st=5:i=107:sd=1:ss=included:er=filter_299 on p for (299ds/107Mi)
% Instruction limit reached! 
% ------------------------------
% Version: Vampire 5.0.1 (Release build, commit 1b13eaf on 2026-01-18 12:14:50 +0000)
% Linked with Z3 4.14.0.0 3c47fd96cf5645d0c42b2c819d9e9a84380aa721 NOTFOUND
% CaDiCaL version: 2.1.3
% Termination reason: Instruction limit
% Termination phase: Saturation
% Time elapsed: 0.036 s
% Peak memory usage: 13 MB
% Instructions burned: 108 (million)
% lrs+10_2:3_to=lpo:sil=16000:sp=arity:random_seed=2518213150:i=114:bd=all:ss=axioms:sgt=4_299 on p for (299ds/114Mi)
% Instruction limit reached! 
% ------------------------------
% Version: Vampire 5.0.1 (Release build, commit 1b13eaf on 2026-01-18 12:14:50 +0000)
% Linked with Z3 4.14.0.0 3c47fd96cf5645d0c42b2c819d9e9a84380aa721 NOTFOUND
% CaDiCaL version: 2.1.3
% Termination reason: Instruction limit
% Termination phase: Saturation
% Time elapsed: 0.035 s
% Peak memory usage: 13 MB
% Instructions burned: 115 (million)
% ott+1011_2_sil=4000:lsd=20:rnwc=on:rp=on:sac=on:newcnf=on:random_seed=367259573:i=132:kws=arity:er=filter_298 on p for (298ds/132Mi)
% Instruction limit reached! 
% ------------------------------
% Version: Vampire 5.0.1 (Release build, commit 1b13eaf on 2026-01-18 12:14:50 +0000)
% Linked with Z3 4.14.0.0 3c47fd96cf5645d0c42b2c819d9e9a84380aa721 NOTFOUND
% CaDiCaL version: 2.1.3
% Termination reason: Instruction limit
% Termination phase: Saturation
% Time elapsed: 0.043 s
% Peak memory usage: 14 MB
% Instructions burned: 134 (million)
% dis+1011_1_slsqr=8,1:sil=2000:spb=units:fd=off:kmz=on:flr=on:sac=on:slsq=on:random_seed=1235898983:st=2:i=121:sd=30:aac=none:ep=RS:ss=axioms:sgt=10_298 on p for (298ds/121Mi)
% Refutation not found, incomplete strategy
% ------------------------------
% Version: Vampire 5.0.1 (Release build, commit 1b13eaf on 2026-01-18 12:14:50 +0000)
% Linked with Z3 4.14.0.0 3c47fd96cf5645d0c42b2c819d9e9a84380aa721 NOTFOUND
% CaDiCaL version: 2.1.3
% Termination reason: Refutation not found, incomplete strategy
% Time elapsed: 0.002 s
% Peak memory usage: 12 MB
% ------------------------------
% ------------------------------
% Aborted by signal SIGSEGV on /tmp/tmpfk6tsgmb/p.p
% ------------------------------
% Version: Vampire 5.0.1 (Release build, commit 1b13eaf on 2026-01-18 12:14:50 +0000)
% Linked with Z3 4.14.0.0 3c47fd96cf5645d0c42b2c819d9e9a84380aa721 NOTFOUND
% CaDiCaL version: 2.1.3
% Termination reason: Refutation not found, incomplete strategy
% Time elapsed: 0.003 s
% Peak memory usage: 12 MB
% lrs+10_1_sil=2000:sos=on:random_seed=1357565027:i=135:sd=2:gtg=position:ss=axioms_298 on p for (298ds/135Mi)
% Refutation not found, incomplete strategy
% ------------------------------
% Version: Vampire 5.0.1 (Release build, commit 1b13eaf on 2026-01-18 12:14:50 +0000)
% Linked with Z3 4.14.0.0 3c47fd96cf5645d0c42b2c819d9e9a84380aa721 NOTFOUND
% CaDiCaL version: 2.1.3
% Termination reason: Refutation not found, incomplete strategy
% Time elapsed: 0.002 s
% Peak memory usage: 12 MB
% ------------------------------
% ------------------------------
% lrs+1011_1_sil=16000:random_seed=2026118038:i=269:sd=10:ss=axioms:sgt=16_297 on p for (297ds/269Mi)
% Instruction limit reached! 
% ------------------------------
% Version: Vampire 5.0.1 (Release build, commit 1b13eaf on 2026-01-18 12:14:50 +0000)
% Linked with Z3 4.14.0.0 3c47fd96cf5645d0c42b2c819d9e9a84380aa721 NOTFOUND
% CaDiCaL version: 2.1.3
% Termination reason: Instruction limit
% Termination phase: Saturation
% Time elapsed: 0.083 s
% Peak memory usage: 16 MB
% Instructions burned: 273 (million)
% dis+1010_4_sil=2000:sos=on:sac=on:random_seed=1873756409:i=140:sd=1:ss=axioms_296 on p for (296ds/140Mi)
% Refutation not found, incomplete strategy
% ------------------------------
% Version: Vampire 5.0.1 (Release build, commit 1b13eaf on 2026-01-18 12:14:50 +0000)
% Linked with Z3 4.14.0.0 3c47fd96cf5645d0c42b2c819d9e9a84380aa721 NOTFOUND
% CaDiCaL version: 2.1.3
% Termination reason: Refutation not found, incomplete strategy
% Time elapsed: 0.0000 s
% Peak memory usage: 12 MB
% ------------------------------
% ------------------------------
% ott+11_4:1_slsqr=8,1:to=kbo:sil=4000:spb=goal:bsr=on:slsq=on:random_seed=2024622144:s2pl=on:st=3:s2a=on:i=124:gtgl=4:sd=1:kws=inv_arity:ep=RST:gtg=position:ss=axioms:fsd=on_296 on p for (296ds/124Mi)
% Aborted by signal SIGSEGV on /tmp/tmpfk6tsgmb/p.p
% ------------------------------
% Version: Vampire 5.0.1 (Release build, commit 1b13eaf on 2026-01-18 12:14:50 +0000)
% Linked with Z3 4.14.0.0 3c47fd96cf5645d0c42b2c819d9e9a84380aa721 NOTFOUND
% CaDiCaL version: 2.1.3
% Termination reason: Unknown
% Termination phase: Saturation
% Time elapsed: 0.001 s
% Peak memory usage: 12 MB
% Instructions burned: 1 (million)
% ott+1010_1_to=lpo:sil=32000:fde=none:sos=on:spb=goal_then_units:urr=on:random_seed=1941481696:st=2.5:cts=off:i=297:sd=4:ins=10:gsp=on:ss=axioms_296 on p for (296ds/297Mi)
% Refutation not found, incomplete strategy
% ------------------------------
% Version: Vampire 5.0.1 (Release build, commit 1b13eaf on 2026-01-18 12:14:50 +0000)
% Linked with Z3 4.14.0.0 3c47fd96cf5645d0c42b2c819d9e9a84380aa721 NOTFOUND
% CaDiCaL version: 2.1.3
% Termination reason: Refutation not found, incomplete strategy
% Time elapsed: 0.002 s
% Peak memory usage: 12 MB
% ------------------------------
% ------------------------------
% lrs-1002_1_sil=2000:random_seed=2881535450:i=641:sd=20:ss=axioms:sgt=8_296 on p for (296ds/641Mi)
% Instruction limit reached! 
% ------------------------------
% Version: Vampire 5.0.1 (Release build, commit 1b13eaf on 2026-01-18 12:14:50 +0000)
% Linked with Z3 4.14.0.0 3c47fd96cf5645d0c42b2c819d9e9a84380aa721 NOTFOUND
% CaDiCaL version: 2.1.3
% Termination reason: Instruction limit
% Termination phase: Saturation
% Time elapsed: 0.188 s
% Peak memory usage: 23 MB
% Instructions burned: 641 (million)
% lrs+1011_1_sil=4000:plsq=on:plsqr=32,1:sp=occurrence:sos=all:erd=off:random_seed=619326025:st=5:i=160:sup=off:ss=included_294 on p for (294ds/160Mi)
% Refutation not found, incomplete strategy
% ------------------------------
% Version: Vampire 5.0.1 (Release build, commit 1b13eaf on 2026-01-18 12:14:50 +0000)
% Linked with Z3 4.14.0.0 3c47fd96cf5645d0c42b2c819d9e9a84380aa721 NOTFOUND
% CaDiCaL version: 2.1.3
% Termination reason: Refutation not found, incomplete strategy
% Time elapsed: 0.002 s
% Peak memory usage: 12 MB
% ------------------------------
% ------------------------------
% lrs+10_16:1_sil=2000:sp=reverse_frequency:lcm=predicate:bsr=unit_only:random_seed=819119826:avsq=on:i=433:kws=inv_frequency:bs=unit_only:gtg=exists_sym_294 on p for (294ds/433Mi)
% Instruction limit reached! 
% ------------------------------
% Version: Vampire 5.0.1 (Release build, commit 1b13eaf on 2026-01-18 12:14:50 +0000)
% Linked with Z3 4.14.0.0 3c47fd96cf5645d0c42b2c819d9e9a84380aa721 NOTFOUND
% CaDiCaL version: 2.1.3
% Termination reason: Instruction limit
% Termination phase: Saturation
% Time elapsed: 0.130 s
% Peak memory usage: 18 MB
% Instructions burned: 434 (million)
% lrs+1011_32_sfv=off:sil=128000:sos=all:newcnf=on:random_seed=2901314140:cond=fast:i=114:nm=2:fsr=off:gtg=all:ss=axioms_292 on p for (292ds/114Mi)
% Instruction limit reached! 
% ------------------------------
% Version: Vampire 5.0.1 (Release build, commit 1b13eaf on 2026-01-18 12:14:50 +0000)
% Linked with Z3 4.14.0.0 3c47fd96cf5645d0c42b2c819d9e9a84380aa721 NOTFOUND
% CaDiCaL version: 2.1.3
% Termination reason: Instruction limit
% Termination phase: Saturation
% Time elapsed: 0.038 s
% Peak memory usage: 13 MB
% Instructions burned: 114 (million)
% lrs+10_64_sil=16000:sos=on:urr=on:br=off:random_seed=510005175:st=2.2:i=120:sd=1:nm=2:gtg=all:ss=axioms_292 on p for (292ds/120Mi)
% Instruction limit reached! 
% ------------------------------
% Version: Vampire 5.0.1 (Release build, commit 1b13eaf on 2026-01-18 12:14:50 +0000)
% Linked with Z3 4.14.0.0 3c47fd96cf5645d0c42b2c819d9e9a84380aa721 NOTFOUND
% CaDiCaL version: 2.1.3
% Termination reason: Instruction limit
% Termination phase: Saturation
% Time elapsed: 0.041 s
% Peak memory usage: 13 MB
% Instructions burned: 123 (million)
% lrs+21_1_slsqr=16,1:to=lpo:sil=4000:fs=off:acc=on:alpa=true:slsq=on:random_seed=366839590:i=126:sd=3:aac=none:doe=on:fsr=off:sup=off:ss=included:er=filter:sgt=10_291 on p for (291ds/126Mi)
% Refutation not found, incomplete strategy
% ------------------------------
% Version: Vampire 5.0.1 (Release build, commit 1b13eaf on 2026-01-18 12:14:50 +0000)
% Linked with Z3 4.14.0.0 3c47fd96cf5645d0c42b2c819d9e9a84380aa721 NOTFOUND
% CaDiCaL version: 2.1.3
% Termination reason: Refutation not found, incomplete strategy
% Time elapsed: 0.002 s
% Peak memory usage: 12 MB
% ------------------------------
% ------------------------------
% dis-1011_1_sil=64000:sp=occurrence:nwc=2:sac=on:random_seed=3320866030:i=161:gtgl=2:gtg=exists_sym_291 on p for (291ds/161Mi)
% Instruction limit reached! 
% ------------------------------
% Version: Vampire 5.0.1 (Release build, commit 1b13eaf on 2026-01-18 12:14:50 +0000)
% Linked with Z3 4.14.0.0 3c47fd96cf5645d0c42b2c819d9e9a84380aa721 NOTFOUND
% CaDiCaL version: 2.1.3
% Termination reason: Instruction limit
% Termination phase: Saturation
% Time elapsed: 0.047 s
% Peak memory usage: 12 MB
% Instructions burned: 162 (million)
% lrs+11_1024_sil=2000:drc=off:gs=on:flr=on:random_seed=1324380974:s2a=on:i=137:sd=2:fgj=on:av=off:ss=axioms:sgt=4_290 on p for (290ds/137Mi)
% Instruction limit reached! 
% ------------------------------
% Version: Vampire 5.0.1 (Release build, commit 1b13eaf on 2026-01-18 12:14:50 +0000)
% Linked with Z3 4.14.0.0 3c47fd96cf5645d0c42b2c819d9e9a84380aa721 NOTFOUND
% CaDiCaL version: 2.1.3
% Termination reason: Instruction limit
% Termination phase: Saturation
% Time elapsed: 0.047 s
% Peak memory usage: 14 MB
% Instructions burned: 137 (million)
% dis-1010_1_anc=none:sil=2000:sims=off:etr=on:sos=on:spb=units:nwc=2:random_seed=176371143:i=698:sd=2:kws=arity:aac=none:ss=axioms:sgt=10_290 on p for (290ds/698Mi)
% Refutation not found, incomplete strategy
% ------------------------------
% Version: Vampire 5.0.1 (Release build, commit 1b13eaf on 2026-01-18 12:14:50 +0000)
% Linked with Z3 4.14.0.0 3c47fd96cf5645d0c42b2c819d9e9a84380aa721 NOTFOUND
% CaDiCaL version: 2.1.3
% Termination reason: Refutation not found, incomplete strategy
% Time elapsed: 0.002 s
% Peak memory usage: 12 MB
% ------------------------------
% ------------------------------
% dis+10_1_sil=32000:s2agt=32:random_seed=3690689457:st=3:s2a=on:i=183:sd=1:gtg=position:ss=axioms_289 on p for (289ds/183Mi)
% Instruction limit reached! 
% ------------------------------
% Version: Vampire 5.0.1 (Release build, commit 1b13eaf on 2026-01-18 12:14:50 +0000)
% Linked with Z3 4.14.0.0 3c47fd96cf5645d0c42b2c819d9e9a84380aa721 NOTFOUND
% CaDiCaL version: 2.1.3
% Termination reason: Instruction limit
% Termination phase: Saturation
% Time elapsed: 0.054 s
% Peak memory usage: 12 MB
% Instructions burned: 185 (million)
% dis+1010_2_sil=8000:plsq=on:plsqr=1,2:fd=off:random_seed=1979390046:st=1.5:s2a=on:i=119:sd=2:sup=off:ss=axioms_289 on p for (289ds/119Mi)
% Refutation not found, incomplete strategy
% ------------------------------
% Version: Vampire 5.0.1 (Release build, commit 1b13eaf on 2026-01-18 12:14:50 +0000)
% Linked with Z3 4.14.0.0 3c47fd96cf5645d0c42b2c819d9e9a84380aa721 NOTFOUND
% CaDiCaL version: 2.1.3
% Termination reason: Refutation not found, incomplete strategy
% Time elapsed: 0.002 s
% Peak memory usage: 11 MB
% ------------------------------
% ------------------------------
% dis+1010_3_sil=2000:tgt=full:plsq=on:drc=off:fde=unused:sp=arity:acc=on:nwc=20:flr=on:sac=on:avsqc=2:random_seed=1844347100:s2pl=on:st=3:avsq=on:i=285:s2at=5:avsqr=52993,1048576:sd=10:gtg=exists_sym:ss=axioms_288 on p for (288ds/285Mi)
% Instruction limit reached! 
% ------------------------------
% Version: Vampire 5.0.1 (Release build, commit 1b13eaf on 2026-01-18 12:14:50 +0000)
% Linked with Z3 4.14.0.0 3c47fd96cf5645d0c42b2c819d9e9a84380aa721 NOTFOUND
% CaDiCaL version: 2.1.3
% Termination reason: Instruction limit
% Termination phase: Saturation
% Time elapsed: 0.092 s
% Peak memory usage: 15 MB
% Instructions burned: 290 (million)
% lrs+1011_1_to=lpo:sil=32000:sp=arity:spb=goal:urr=on:bsr=on:fd=preordered:nwc=0.968:br=off:newcnf=on:random_seed=3325080122:s2a=on:i=130:s2at=11:bd=preordered:nm=20:ins=10:gtg=position:gsp=on_287 on p for (287ds/130Mi)
% Instruction limit reached! 
% ------------------------------
% Version: Vampire 5.0.1 (Release build, commit 1b13eaf on 2026-01-18 12:14:50 +0000)
% Linked with Z3 4.14.0.0 3c47fd96cf5645d0c42b2c819d9e9a84380aa721 NOTFOUND
% CaDiCaL version: 2.1.3
% Termination reason: Instruction limit
% Termination phase: Saturation
% Time elapsed: 0.040 s
% Peak memory usage: 13 MB
% Instructions burned: 133 (million)
% lrs+11_128_sil=2000:spb=units:lcm=predicate:nwc=20:slsqc=4:slsq=on:random_seed=570602700:cts=off:i=178:slsql=off:nm=2:av=off:fsr=off_287 on p for (287ds/178Mi)
% Instruction limit reached! 
% ------------------------------
% Version: Vampire 5.0.1 (Release build, commit 1b13eaf on 2026-01-18 12:14:50 +0000)
% Linked with Z3 4.14.0.0 3c47fd96cf5645d0c42b2c819d9e9a84380aa721 NOTFOUND
% CaDiCaL version: 2.1.3
% Termination reason: Instruction limit
% Termination phase: Saturation
% Time elapsed: 0.055 s
% Peak memory usage: 14 MB
% Instructions burned: 185 (million)
% lrs-10_3:2_anc=all:sil=8000:plsq=on:plsqc=1:plsqr=1,1:erd=off:urr=on:rp=on:br=off:sac=on:avsqc=3:random_seed=900472065:avsq=on:s2a=on:i=270:s2at=2:nicw=on:ss=axioms_286 on p for (286ds/270Mi)
% Refutation not found, incomplete strategy
% ------------------------------
% Version: Vampire 5.0.1 (Release build, commit 1b13eaf on 2026-01-18 12:14:50 +0000)
% Linked with Z3 4.14.0.0 3c47fd96cf5645d0c42b2c819d9e9a84380aa721 NOTFOUND
% CaDiCaL version: 2.1.3
% Termination reason: Refutation not found, incomplete strategy
% Time elapsed: 0.001 s
% Peak memory usage: 12 MB
% ------------------------------
% ------------------------------
% dis-1011_1_sil=16000:tgt=full:prc=on:bsd=on:avsql=on:sp=unary_first:spb=intro:acc=on:fd=preordered:avsqc=1:random_seed=2452314031:st=4:avsq=on:i=960:avsqr=1,16:kws=precedence:bd=all:ins=10:ss=axioms_286 on p for (286ds/960Mi)
% Instruction limit reached! 
% ------------------------------
% Version: Vampire 5.0.1 (Release build, commit 1b13eaf on 2026-01-18 12:14:50 +0000)
% Linked with Z3 4.14.0.0 3c47fd96cf5645d0c42b2c819d9e9a84380aa721 NOTFOUND
% CaDiCaL version: 2.1.3
% Termination reason: Instruction limit
% Termination phase: Saturation
% Time elapsed: 0.140 s
% Peak memory usage: 22 MB
% Instructions burned: 964 (million)
% lrs+4_1_sfv=off:sil=16000:sos=all:random_seed=376880864:i=183:av=off_285 on p for (285ds/183Mi)
% Refutation not found, incomplete strategy
% ------------------------------
% Version: Vampire 5.0.1 (Release build, commit 1b13eaf on 2026-01-18 12:14:50 +0000)
% Linked with Z3 4.14.0.0 3c47fd96cf5645d0c42b2c819d9e9a84380aa721 NOTFOUND
% CaDiCaL version: 2.1.3
% Termination reason: Refutation not found, incomplete strategy
% Time elapsed: 0.0000 s
% Peak memory usage: 9 MB
% ------------------------------
% ------------------------------
% lrs+11_8_slsqr=4,1:sil=2000:erd=off:spb=goal:lsd=50:s2agt=8:slsqc=3:slsq=on:random_seed=3402367648:s2pl=on:i=137:sd=2:ep=R:nm=6:av=off:ss=axioms:sgt=8_284 on p for (284ds/137Mi)
% Refutation not found, incomplete strategy
% ------------------------------
% Version: Vampire 5.0.1 (Release build, commit 1b13eaf on 2026-01-18 12:14:50 +0000)
% Linked with Z3 4.14.0.0 3c47fd96cf5645d0c42b2c819d9e9a84380aa721 NOTFOUND
% CaDiCaL version: 2.1.3
% Termination reason: Refutation not found, incomplete strategy
% Time elapsed: 0.0000 s
% Peak memory usage: 9 MB
% ------------------------------
% ------------------------------
% lrs+1010_14_sil=4000:tgt=full:plsq=on:plsqc=3:plsqr=1,64:erd=off:spb=goal_then_units:plsql=on:slsqc=3:slsq=on:random_seed=3160940812:i=274:s2at=3:sd=1:kws=arity_squared:gtg=exists_all:ss=axioms:fsd=on:sgt=16_284 on p for (284ds/274Mi)
% Instruction limit reached! 
% ------------------------------
% Version: Vampire 5.0.1 (Release build, commit 1b13eaf on 2026-01-18 12:14:50 +0000)
% Linked with Z3 4.14.0.0 3c47fd96cf5645d0c42b2c819d9e9a84380aa721 NOTFOUND
% CaDiCaL version: 2.1.3
% Termination reason: Instruction limit
% Termination phase: Saturation
% Time elapsed: 0.050 s
% Peak memory usage: 16 MB
% Instructions burned: 275 (million)
% lrs+34_16:1_anc=all_dependent:to=lpo:sil=2000:sp=unary_first:sos=on:urr=full:fd=off:sac=on:random_seed=13899747:i=259:aac=none:bd=preordered:ss=axioms_284 on p for (284ds/259Mi)
% Refutation not found, incomplete strategy
% ------------------------------
% Version: Vampire 5.0.1 (Release build, commit 1b13eaf on 2026-01-18 12:14:50 +0000)
% Linked with Z3 4.14.0.0 3c47fd96cf5645d0c42b2c819d9e9a84380aa721 NOTFOUND
% CaDiCaL version: 2.1.3
% Termination reason: Refutation not found, incomplete strategy
% Time elapsed: 0.0000 s
% Peak memory usage: 12 MB
% ------------------------------
% ------------------------------
% ott+10_1_sil=8000:drc=ordering:urr=on:br=off:random_seed=3145063292:s2a=on:cond=on:i=1197:gtg=position:ss=axioms:sgt=8_284 on p for (284ds/1197Mi)
% Instruction limit reached! 
% ------------------------------
% Version: Vampire 5.0.1 (Release build, commit 1b13eaf on 2026-01-18 12:14:50 +0000)
% Linked with Z3 4.14.0.0 3c47fd96cf5645d0c42b2c819d9e9a84380aa721 NOTFOUND
% CaDiCaL version: 2.1.3
% Termination reason: Instruction limit
% Termination phase: Saturation
% Time elapsed: 0.175 s
% Peak memory usage: 33 MB
% Instructions burned: 1202 (million)
% lrs+22_32_sil=4000:plsq=on:rp=on:newcnf=on:random_seed=780485375:st=2.5:s2a=on:i=132:sd=5:ss=included_282 on p for (282ds/132Mi)
% Instruction limit reached! 
% ------------------------------
% Version: Vampire 5.0.1 (Release build, commit 1b13eaf on 2026-01-18 12:14:50 +0000)
% Linked with Z3 4.14.0.0 3c47fd96cf5645d0c42b2c819d9e9a84380aa721 NOTFOUND
% CaDiCaL version: 2.1.3
% Termination reason: Instruction limit
% Termination phase: Saturation
% Time elapsed: 0.022 s
% Peak memory usage: 13 MB
% Instructions burned: 134 (million)
% dis-1011_1_anc=none:to=lpo:sil=4000:plsq=on:prc=on:plsqc=3:plsqr=2804223,1048576:fdtod=off:sp=reverse_frequency:sos=on:lsd=20:nwc=1:flr=on:random_seed=1074925124:st=3:cond=fast:prac=on:i=179:gtgl=2:bs=unit_only:ep=RS:nm=10:ins=25:amm=off:gtg=all:ss=included_282 on p for (282ds/179Mi)
% Refutation not found, incomplete strategy
% ------------------------------
% Version: Vampire 5.0.1 (Release build, commit 1b13eaf on 2026-01-18 12:14:50 +0000)
% Linked with Z3 4.14.0.0 3c47fd96cf5645d0c42b2c819d9e9a84380aa721 NOTFOUND
% CaDiCaL version: 2.1.3
% Termination reason: Refutation not found, incomplete strategy
% Time elapsed: 0.0000 s
% Peak memory usage: 12 MB
% ------------------------------
% ------------------------------
% lrs+1002_16:1_sil=2000:sos=on:acc=on:urr=full:fd=off:newcnf=on:random_seed=1140715152:i=1517:sd=1:sup=off:ss=included_282 on p for (282ds/1517Mi)
% Refutation not found, incomplete strategy
% ------------------------------
% Version: Vampire 5.0.1 (Release build, commit 1b13eaf on 2026-01-18 12:14:50 +0000)
% Linked with Z3 4.14.0.0 3c47fd96cf5645d0c42b2c819d9e9a84380aa721 NOTFOUND
% CaDiCaL version: 2.1.3
% Termination reason: Refutation not found, incomplete strategy
% Time elapsed: 0.0000 s
% Peak memory usage: 12 MB
% ------------------------------
% ------------------------------
% ott+11_1_slsqr=12,1:sil=4000:erd=off:spb=goal:urr=on:br=off:slsq=on:random_seed=834084756:cts=off:i=159:slsql=off:nm=6:gsp=on_282 on p for (282ds/159Mi)
% Instruction limit reached! 
% ------------------------------
% Version: Vampire 5.0.1 (Release build, commit 1b13eaf on 2026-01-18 12:14:50 +0000)
% Linked with Z3 4.14.0.0 3c47fd96cf5645d0c42b2c819d9e9a84380aa721 NOTFOUND
% CaDiCaL version: 2.1.3
% Termination reason: Instruction limit
% Termination phase: Saturation
% Time elapsed: 0.025 s
% Peak memory usage: 14 MB
% Instructions burned: 162 (million)
% lrs-1011_1_sil=2000:random_seed=518457676:st=5:avsq=on:i=175:avsqr=1,16:ep=R:ss=included_281 on p for (281ds/175Mi)
% Refutation not found, incomplete strategy
% ------------------------------
% Version: Vampire 5.0.1 (Release build, commit 1b13eaf on 2026-01-18 12:14:50 +0000)
% Linked with Z3 4.14.0.0 3c47fd96cf5645d0c42b2c819d9e9a84380aa721 NOTFOUND
% CaDiCaL version: 2.1.3
% Termination reason: Refutation not found, incomplete strategy
% Time elapsed: 0.0000 s
% Peak memory usage: 12 MB
% ------------------------------
% ------------------------------
% lrs-1010_8_sil=4000:tgt=ground:drc=off:br=off:slsq=on:random_seed=257811408:i=176:kws=frequency:ss=axioms_281 on p for (281ds/176Mi)
% Refutation not found, incomplete strategy
% ------------------------------
% Version: Vampire 5.0.1 (Release build, commit 1b13eaf on 2026-01-18 12:14:50 +0000)
% Linked with Z3 4.14.0.0 3c47fd96cf5645d0c42b2c819d9e9a84380aa721 NOTFOUND
% CaDiCaL version: 2.1.3
% Termination reason: Refutation not found, incomplete strategy
% Time elapsed: 0.0000 s
% Peak memory usage: 12 MB
% ------------------------------
% ------------------------------
% lrs+1011_3:1_to=lpo:sil=2000:plsq=on:plsqc=1:plsqr=64,1:sp=reverse_frequency:sos=on:fd=preordered:rp=on:random_seed=2458827156:i=574:aac=none:bd=all:ins=1_281 on p for (281ds/574Mi)
% Refutation not found, incomplete strategy
% ------------------------------
% Version: Vampire 5.0.1 (Release build, commit 1b13eaf on 2026-01-18 12:14:50 +0000)
% Linked with Z3 4.14.0.0 3c47fd96cf5645d0c42b2c819d9e9a84380aa721 NOTFOUND
% CaDiCaL version: 2.1.3
% Termination reason: Refutation not found, incomplete strategy
% Time elapsed: 0.0000 s
% Peak memory usage: 12 MB
% ------------------------------
% ------------------------------
% dis+1010_7_anc=all_dependent:sil=64000:plsq=on:plsqr=8,1:sp=occurrence:sos=on:urr=ec_only:bsr=on:alpa=true:flr=on:slsq=on:random_seed=4072042711:avsq=on:cond=on:i=116:gtgl=5:avsqr=1,32:aac=none:amm=off:gtg=all:rawr=on_281 on p for (281ds/116Mi)
% Instruction limit reached! 
% ------------------------------
% Version: Vampire 5.0.1 (Release build, commit 1b13eaf on 2026-01-18 12:14:50 +0000)
% Linked with Z3 4.14.0.0 3c47fd96cf5645d0c42b2c819d9e9a84380aa721 NOTFOUND
% CaDiCaL version: 2.1.3
% Termination reason: Instruction limit
% Termination phase: Saturation
% Time elapsed: 0.018 s
% Peak memory usage: 12 MB
% Instructions burned: 117 (million)
% lrs+10_1_sil=4000:plsq=on:s2agt=16:slsqc=1:slsq=on:random_seed=1444553504:st=5:s2a=on:i=879:sd=3:av=off:gtg=exists_top:ss=axioms_281 on p for (281ds/879Mi)
% Instruction limit reached! 
% ------------------------------
% Version: Vampire 5.0.1 (Release build, commit 1b13eaf on 2026-01-18 12:14:50 +0000)
% Linked with Z3 4.14.0.0 3c47fd96cf5645d0c42b2c819d9e9a84380aa721 NOTFOUND
% CaDiCaL version: 2.1.3
% Termination reason: Instruction limit
% Termination phase: Saturation
% Time elapsed: 0.131 s
% Peak memory usage: 28 MB
% Instructions burned: 886 (million)
% dis+10_3:10_to=lpo:sil=32000:flr=on:sac=on:random_seed=2962253920:i=382:ep=RST_280 on p for (280ds/382Mi)
% Instruction limit reached! 
% ------------------------------
% Version: Vampire 5.0.1 (Release build, commit 1b13eaf on 2026-01-18 12:14:50 +0000)
% Linked with Z3 4.14.0.0 3c47fd96cf5645d0c42b2c819d9e9a84380aa721 NOTFOUND
% CaDiCaL version: 2.1.3
% Termination reason: Instruction limit
% Termination phase: Saturation
% Time elapsed: 0.059 s
% Peak memory usage: 23 MB
% Instructions burned: 388 (million)
% lrs+1011_8:1_sil=4000:plsq=on:plsqc=3:plsqr=32,1:sp=reverse_arity:erd=off:lcm=reverse:acc=on:flr=on:slsq=on:random_seed=3454734588:s2a=on:i=178:kws=precedence:ep=RS:nm=32_279 on p for (279ds/178Mi)
% Refutation not found, incomplete strategy
% ------------------------------
% Version: Vampire 5.0.1 (Release build, commit 1b13eaf on 2026-01-18 12:14:50 +0000)
% Linked with Z3 4.14.0.0 3c47fd96cf5645d0c42b2c819d9e9a84380aa721 NOTFOUND
% CaDiCaL version: 2.1.3
% Termination reason: Refutation not found, incomplete strategy
% Time elapsed: 0.001 s
% Peak memory usage: 12 MB
% ------------------------------
% ------------------------------
% Aborted by signal SIGSEGV on /tmp/tmpfk6tsgmb/p.p
% ------------------------------
% Version: Vampire 5.0.1 (Release build, commit 1b13eaf on 2026-01-18 12:14:50 +0000)
% Linked with Z3 4.14.0.0 3c47fd96cf5645d0c42b2c819d9e9a84380aa721 NOTFOUND
% CaDiCaL version: 2.1.3
% Termination reason: Refutation not found, incomplete strategy
% Time elapsed: 0.001 s
% Peak memory usage: 12 MB
% dis-1004_1024_slsqr=1,4:to=lpo:sil=128000:tgt=ground:irw=on:erd=off:spb=goal:bsr=on:rnwc=on:nwc=0.5:slsq=on:random_seed=2709958369:st=1.5:i=120:doe=on:bs=unit_only:ins=7:av=off:ss=axioms_279 on p for (279ds/120Mi)
% Refutation not found, incomplete strategy
% ------------------------------
% Version: Vampire 5.0.1 (Release build, commit 1b13eaf on 2026-01-18 12:14:50 +0000)
% Linked with Z3 4.14.0.0 3c47fd96cf5645d0c42b2c819d9e9a84380aa721 NOTFOUND
% CaDiCaL version: 2.1.3
% Termination reason: Refutation not found, incomplete strategy
% Time elapsed: 0.0000 s
% Peak memory usage: 12 MB
% ------------------------------
% ------------------------------
% lrs-1011_12_anc=all:sil=16000:plsq=on:fde=none:plsqc=2:plsqr=1,32:sp=unary_frequency:fs=off:spb=goal:bsr=unit_only:plsql=on:gs=on:nwc=2:kmz=on:sac=on:slsq=on:random_seed=3117611671:st=5:avsq=on:i=141:sd=1:fsr=off:gtg=exists_sym:ss=axioms:fsd=on_279 on p for (279ds/141Mi)
% Instruction limit reached! 
% ------------------------------
% Version: Vampire 5.0.1 (Release build, commit 1b13eaf on 2026-01-18 12:14:50 +0000)
% Linked with Z3 4.14.0.0 3c47fd96cf5645d0c42b2c819d9e9a84380aa721 NOTFOUND
% CaDiCaL version: 2.1.3
% Termination reason: Instruction limit
% Termination phase: Saturation
% Time elapsed: 0.022 s
% Peak memory usage: 14 MB
% Instructions burned: 141 (million)
% lrs-1010_128_sil=4000:rp=on:nwc=0.6:alpa=false:random_seed=1526107500:i=625:aac=none:nm=2:gsp=on_279 on p for (279ds/625Mi)
% Instruction limit reached! 
% ------------------------------
% Version: Vampire 5.0.1 (Release build, commit 1b13eaf on 2026-01-18 12:14:50 +0000)
% Linked with Z3 4.14.0.0 3c47fd96cf5645d0c42b2c819d9e9a84380aa721 NOTFOUND
% CaDiCaL version: 2.1.3
% Termination reason: Instruction limit
% Termination phase: Saturation
% Time elapsed: 0.108 s
% Peak memory usage: 20 MB
% Instructions burned: 627 (million)
% dis+1010_1024_sil=4000:tgt=ground:sp=reverse_frequency:random_seed=1528917212:i=292:nm=16:av=off:ss=axioms_278 on p for (278ds/292Mi)
% Refutation not found, incomplete strategy
% ------------------------------
% Version: Vampire 5.0.1 (Release build, commit 1b13eaf on 2026-01-18 12:14:50 +0000)
% Linked with Z3 4.14.0.0 3c47fd96cf5645d0c42b2c819d9e9a84380aa721 NOTFOUND
% CaDiCaL version: 2.1.3
% Termination reason: Refutation not found, incomplete strategy
% Time elapsed: 0.0000 s
% Peak memory usage: 9 MB
% ------------------------------
% ------------------------------
% lrs-1010_4_to=lpo:sil=4000:fde=unused:sp=reverse_frequency:sos=on:erd=off:fs=off:fd=off:sac=on:random_seed=3625337180:i=324:aac=none:fsr=off_278 on p for (278ds/324Mi)
% Refutation not found, incomplete strategy
% ------------------------------
% Version: Vampire 5.0.1 (Release build, commit 1b13eaf on 2026-01-18 12:14:50 +0000)
% Linked with Z3 4.14.0.0 3c47fd96cf5645d0c42b2c819d9e9a84380aa721 NOTFOUND
% CaDiCaL version: 2.1.3
% Termination reason: Refutation not found, incomplete strategy
% Time elapsed: 0.0000 s
% Peak memory usage: 11 MB
% ------------------------------
% ------------------------------
% dis+1011_32_anc=all:to=lpo:sil=16000:drc=off:sp=reverse_frequency:fs=off:fd=preordered:sac=on:random_seed=4042772173:avsq=on:i=168:add=on:nicw=on:bd=preordered:fsr=off_278 on p for (278ds/168Mi)
% Instruction limit reached! 
% ------------------------------
% Version: Vampire 5.0.1 (Release build, commit 1b13eaf on 2026-01-18 12:14:50 +0000)
% Linked with Z3 4.14.0.0 3c47fd96cf5645d0c42b2c819d9e9a84380aa721 NOTFOUND
% CaDiCaL version: 2.1.3
% Termination reason: Instruction limit
% Termination phase: Saturation
% Time elapsed: 0.026 s
% Peak memory usage: 13 MB
% Instructions burned: 169 (million)
% dis-1011_10_sil=2000:tgt=ground:plsq=on:lsd=10:nwc=5:s2agt=64:random_seed=3271479817:s2a=on:i=123:av=off:ss=axioms:sgt=20_277 on p for (277ds/123Mi)
% Instruction limit reached! 
% ------------------------------
% Version: Vampire 5.0.1 (Release build, commit 1b13eaf on 2026-01-18 12:14:50 +0000)
% Linked with Z3 4.14.0.0 3c47fd96cf5645d0c42b2c819d9e9a84380aa721 NOTFOUND
% CaDiCaL version: 2.1.3
% Termination reason: Instruction limit
% Termination phase: Saturation
% Time elapsed: 0.019 s
% Peak memory usage: 12 MB
% Instructions burned: 124 (million)
% dis-1011_1_sil=2000:plsq=on:drc=off:fde=none:bsd=on:plsqr=1,2:sp=weighted_frequency:lma=off:bce=on:rp=on:nwc=20:random_seed=3506034020:st=10:i=123:doe=on:bs=unit_only:av=off:ss=included:er=filter:sgt=88_277 on p for (277ds/123Mi)
% Instruction limit reached! 
% ------------------------------
% Version: Vampire 5.0.1 (Release build, commit 1b13eaf on 2026-01-18 12:14:50 +0000)
% Linked with Z3 4.14.0.0 3c47fd96cf5645d0c42b2c819d9e9a84380aa721 NOTFOUND
% CaDiCaL version: 2.1.3
% Termination reason: Instruction limit
% Termination phase: Saturation
% Time elapsed: 0.020 s
% Peak memory usage: 12 MB
% Instructions burned: 130 (million)
% dis+11_4_sil=4000:prc=on:fd=preordered:random_seed=1142003428:i=1091:kws=arity_squared:av=off_277 on p for (277ds/1091Mi)
% Instruction limit reached! 
% ------------------------------
% Version: Vampire 5.0.1 (Release build, commit 1b13eaf on 2026-01-18 12:14:50 +0000)
% Linked with Z3 4.14.0.0 3c47fd96cf5645d0c42b2c819d9e9a84380aa721 NOTFOUND
% CaDiCaL version: 2.1.3
% Termination reason: Instruction limit
% Termination phase: Saturation
% Time elapsed: 0.162 s
% Peak memory usage: 23 MB
% Instructions burned: 1098 (million)
% lrs+1002_1_to=lpo:sil=2000:sos=on:random_seed=3806639548:i=1674:sd=3:ss=axioms:sgt=16_275 on p for (275ds/1674Mi)
% Refutation not found, incomplete strategy
% ------------------------------
% Version: Vampire 5.0.1 (Release build, commit 1b13eaf on 2026-01-18 12:14:50 +0000)
% Linked with Z3 4.14.0.0 3c47fd96cf5645d0c42b2c819d9e9a84380aa721 NOTFOUND
% CaDiCaL version: 2.1.3
% Termination reason: Refutation not found, incomplete strategy
% Time elapsed: 0.0000 s
% Peak memory usage: 12 MB
% ------------------------------
% ------------------------------
% dis+10_1_sil=4000:lcm=reverse:urr=ec_only:gs=on:br=off:random_seed=3426039526:cts=off:i=340:nm=0:av=off:fsr=off_275 on p for (275ds/340Mi)
% Instruction limit reached! 
% ------------------------------
% Version: Vampire 5.0.1 (Release build, commit 1b13eaf on 2026-01-18 12:14:50 +0000)
% Linked with Z3 4.14.0.0 3c47fd96cf5645d0c42b2c819d9e9a84380aa721 NOTFOUND
% CaDiCaL version: 2.1.3
% Termination reason: Instruction limit
% Termination phase: Saturation
% Time elapsed: 0.047 s
% Peak memory usage: 14 MB
% Instructions burned: 346 (million)
% lrs+1002_5:4_sil=4000:plsq=on:sims=off:plsqr=256,1:sp=const_frequency:sos=on:fs=off:acc=on:fd=off:s2agt=32:random_seed=1785331563:s2a=on:i=124:aac=none:fsr=off_275 on p for (275ds/124Mi)
% Refutation not found, incomplete strategy
% ------------------------------
% Version: Vampire 5.0.1 (Release build, commit 1b13eaf on 2026-01-18 12:14:50 +0000)
% Linked with Z3 4.14.0.0 3c47fd96cf5645d0c42b2c819d9e9a84380aa721 NOTFOUND
% CaDiCaL version: 2.1.3
% Termination reason: Refutation not found, incomplete strategy
% Time elapsed: 0.0000 s
% Peak memory usage: 12 MB
% ------------------------------
% ------------------------------
% lrs-1004_1024_sil=2000:tgt=ground:sos=on:newcnf=on:random_seed=3473345832:i=125:sd=1:aac=none:fsr=off:gtg=position:ss=axioms_275 on p for (275ds/125Mi)
% Refutation not found, incomplete strategy
% ------------------------------
% Version: Vampire 5.0.1 (Release build, commit 1b13eaf on 2026-01-18 12:14:50 +0000)
% Linked with Z3 4.14.0.0 3c47fd96cf5645d0c42b2c819d9e9a84380aa721 NOTFOUND
% CaDiCaL version: 2.1.3
% Termination reason: Refutation not found, incomplete strategy
% Time elapsed: 0.0000 s
% Peak memory usage: 12 MB
% ------------------------------
% ------------------------------
% lrs+11_1_sil=2000:random_seed=838626140:i=328:sd=2:ep=RS:nm=0:av=off:ss=included_274 on p for (274ds/328Mi)
% Refutation not found, incomplete strategy
% ------------------------------
% Version: Vampire 5.0.1 (Release build, commit 1b13eaf on 2026-01-18 12:14:50 +0000)
% Linked with Z3 4.14.0.0 3c47fd96cf5645d0c42b2c819d9e9a84380aa721 NOTFOUND
% CaDiCaL version: 2.1.3
% Termination reason: Refutation not found, incomplete strategy
% Time elapsed: 0.0000 s
% Peak memory usage: 9 MB
% ------------------------------
% ------------------------------
% lrs+1010_1_sil=4000:fde=unused:sos=on:urr=ec_only:sac=on:random_seed=995044865:i=2032:gtgl=3:sd=2:gtg=exists_all:ss=axioms_274 on p for (274ds/2032Mi)
% Instruction limit reached! 
% ------------------------------
% Version: Vampire 5.0.1 (Release build, commit 1b13eaf on 2026-01-18 12:14:50 +0000)
% Linked with Z3 4.14.0.0 3c47fd96cf5645d0c42b2c819d9e9a84380aa721 NOTFOUND
% CaDiCaL version: 2.1.3
% Termination reason: Instruction limit
% Termination phase: Saturation
% Time elapsed: 0.306 s
% Peak memory usage: 51 MB
% Instructions burned: 2034 (million)
% dis-1010_2:3_sfv=off:sil=2000:fde=unused:sp=reverse_frequency:flr=on:random_seed=1839415219:st=9:i=237:av=off:ss=axioms_271 on p for (271ds/237Mi)
% Instruction limit reached! 
% ------------------------------
% Version: Vampire 5.0.1 (Release build, commit 1b13eaf on 2026-01-18 12:14:50 +0000)
% Linked with Z3 4.14.0.0 3c47fd96cf5645d0c42b2c819d9e9a84380aa721 NOTFOUND
% CaDiCaL version: 2.1.3
% Termination reason: Instruction limit
% Termination phase: Saturation
% Time elapsed: 0.035 s
% Peak memory usage: 13 MB
% Instructions burned: 241 (million)
% dis+10_1_sil=4000:plsq=on:plsqc=1:plsqr=32,1:random_seed=1158938266:st=2:i=185:sd=1:bd=all:sup=off:ss=axioms_271 on p for (271ds/185Mi)
% Refutation not found, incomplete strategy
% ------------------------------
% Version: Vampire 5.0.1 (Release build, commit 1b13eaf on 2026-01-18 12:14:50 +0000)
% Linked with Z3 4.14.0.0 3c47fd96cf5645d0c42b2c819d9e9a84380aa721 NOTFOUND
% CaDiCaL version: 2.1.3
% Termination reason: Refutation not found, incomplete strategy
% Time elapsed: 0.0000 s
% Peak memory usage: 12 MB
% ------------------------------
% ------------------------------
% dis-1011_128_sil=16000:urr=on:bce=on:fd=off:random_seed=2685855975:i=187:av=off:fsr=off_271 on p for (271ds/187Mi)
% Instruction limit reached! 
% ------------------------------
% Version: Vampire 5.0.1 (Release build, commit 1b13eaf on 2026-01-18 12:14:50 +0000)
% Linked with Z3 4.14.0.0 3c47fd96cf5645d0c42b2c819d9e9a84380aa721 NOTFOUND
% CaDiCaL version: 2.1.3
% Termination reason: Instruction limit
% Termination phase: Saturation
% Time elapsed: 0.031 s
% Peak memory usage: 13 MB
% Instructions burned: 193 (million)
% dis+1011_93_sil=16000:tgt=ground:spb=goal_then_units:lsd=100:nwc=1.2:lftc=20:random_seed=3358262795:i=1283:kws=inv_precedence:bs=on:av=off_271 on p for (271ds/1283Mi)
% Instruction limit reached! 
% ------------------------------
% Version: Vampire 5.0.1 (Release build, commit 1b13eaf on 2026-01-18 12:14:50 +0000)
% Linked with Z3 4.14.0.0 3c47fd96cf5645d0c42b2c819d9e9a84380aa721 NOTFOUND
% CaDiCaL version: 2.1.3
% Termination reason: Instruction limit
% Termination phase: Saturation
% Time elapsed: 0.184 s
% Peak memory usage: 18 MB
% Instructions burned: 1284 (million)
% dis+1010_16_sil=4000:fde=none:sos=on:spb=non_intro:random_seed=2919651437:st=1.8:i=311:sd=1:aac=none:gtg=exists_top:ss=axioms_269 on p for (269ds/311Mi)
% Refutation not found, incomplete strategy
% ------------------------------
% Version: Vampire 5.0.1 (Release build, commit 1b13eaf on 2026-01-18 12:14:50 +0000)
% Linked with Z3 4.14.0.0 3c47fd96cf5645d0c42b2c819d9e9a84380aa721 NOTFOUND
% CaDiCaL version: 2.1.3
% Termination reason: Refutation not found, incomplete strategy
% Time elapsed: 0.0000 s
% Peak memory usage: 12 MB
% ------------------------------
% ------------------------------
% dis+10_1_sfv=off:sil=4000:plsq=on:fde=none:plsqc=1:avsql=on:plsqr=10,1:sos=all:lma=off:acc=on:avsqc=3:random_seed=39760800:avsq=on:i=161:aac=none_269 on p for (269ds/161Mi)
% Refutation not found, incomplete strategy
% ------------------------------
% Version: Vampire 5.0.1 (Release build, commit 1b13eaf on 2026-01-18 12:14:50 +0000)
% Linked with Z3 4.14.0.0 3c47fd96cf5645d0c42b2c819d9e9a84380aa721 NOTFOUND
% CaDiCaL version: 2.1.3
% Termination reason: Refutation not found, incomplete strategy
% Time elapsed: 0.0000 s
% Peak memory usage: 12 MB
% ------------------------------
% ------------------------------
% lrs+11_1024_sil=4000:plsq=on:plsqc=1:plsqr=64,1:fs=off:lsd=100:alpa=true:random_seed=4157422459:i=192:kws=frequency:nm=7:fsr=off_269 on p for (269ds/192Mi)
% Instruction limit reached! 
% ------------------------------
% Version: Vampire 5.0.1 (Release build, commit 1b13eaf on 2026-01-18 12:14:50 +0000)
% Linked with Z3 4.14.0.0 3c47fd96cf5645d0c42b2c819d9e9a84380aa721 NOTFOUND
% CaDiCaL version: 2.1.3
% Termination reason: Instruction limit
% Termination phase: Saturation
% Time elapsed: 0.025 s
% Peak memory usage: 12 MB
% Instructions burned: 198 (million)
% dis-1010_4096_sil=64000:sp=occurrence:erd=off:newcnf=on:random_seed=2743925420:st=-1:i=2238:gtgl=4:sd=1:av=off:gtg=exists_sym:ss=included_268 on p for (268ds/2238Mi)
% Instruction limit reached! 
% ------------------------------
% Version: Vampire 5.0.1 (Release build, commit 1b13eaf on 2026-01-18 12:14:50 +0000)
% Linked with Z3 4.14.0.0 3c47fd96cf5645d0c42b2c819d9e9a84380aa721 NOTFOUND
% CaDiCaL version: 2.1.3
% Termination reason: Instruction limit
% Termination phase: Saturation
% Time elapsed: 0.328 s
% Peak memory usage: 23 MB
% Instructions burned: 2243 (million)
% dis+10_4_sfv=off:sil=4000:random_seed=630249985:s2pl=no:i=224:sd=1:nm=16:ss=axioms:er=filter:sgt=4_265 on p for (265ds/224Mi)
% Instruction limit reached! 
% ------------------------------
% Version: Vampire 5.0.1 (Release build, commit 1b13eaf on 2026-01-18 12:14:50 +0000)
% Linked with Z3 4.14.0.0 3c47fd96cf5645d0c42b2c819d9e9a84380aa721 NOTFOUND
% CaDiCaL version: 2.1.3
% Termination reason: Instruction limit
% Termination phase: Saturation
% Time elapsed: 0.034 s
% Peak memory usage: 13 MB
% Instructions burned: 231 (million)
% lrs+1011_8:1_sil=2000:plsq=on:plsqc=1:plsqr=10,1:sos=on:lsd=1:urr=on:bsr=unit_only:rp=on:alpa=false:updr=off:sac=on:newcnf=on:slsq=on:random_seed=2334822645:cts=off:avsq=on:s2a=on:i=292:avsqr=1,16:sd=3:slsql=off:bd=preordered:nm=4:gsp=on:sup=off:ss=included:sgt=8:rawr=on_265 on p for (265ds/292Mi)
% Refutation not found, incomplete strategy
% ------------------------------
% Version: Vampire 5.0.1 (Release build, commit 1b13eaf on 2026-01-18 12:14:50 +0000)
% Linked with Z3 4.14.0.0 3c47fd96cf5645d0c42b2c819d9e9a84380aa721 NOTFOUND
% CaDiCaL version: 2.1.3
% Termination reason: Refutation not found, incomplete strategy
% Time elapsed: 0.001 s
% Peak memory usage: 12 MB
% ------------------------------
% ------------------------------
% lrs+2_64_to=lpo:sil=4000:sas=cadical:sos=on:spb=goal:sac=on:random_seed=4049586575:st=1.5:i=165:aac=none:ss=included_265 on p for (265ds/165Mi)
% Refutation not found, incomplete strategy
% ------------------------------
% Version: Vampire 5.0.1 (Release build, commit 1b13eaf on 2026-01-18 12:14:50 +0000)
% Linked with Z3 4.14.0.0 3c47fd96cf5645d0c42b2c819d9e9a84380aa721 NOTFOUND
% CaDiCaL version: 2.1.3
% Termination reason: Refutation not found, incomplete strategy
% Time elapsed: 0.0000 s
% Peak memory usage: 12 MB
% ------------------------------
% ------------------------------
% dis+1011_12:1_sil=32000:plsq=on:plsqc=2:plsqr=32,1:sos=on:fs=off:lsd=20:bsr=unit_only:fd=off:random_seed=616489992:s2a=on:i=167:nm=16:fsr=off:amm=off_264 on p for (264ds/167Mi)
% Refutation not found, incomplete strategy
% ------------------------------
% Version: Vampire 5.0.1 (Release build, commit 1b13eaf on 2026-01-18 12:14:50 +0000)
% Linked with Z3 4.14.0.0 3c47fd96cf5645d0c42b2c819d9e9a84380aa721 NOTFOUND
% CaDiCaL version: 2.1.3
% Termination reason: Refutation not found, incomplete strategy
% Time elapsed: 0.0000 s
% Peak memory usage: 12 MB
% ------------------------------
% ------------------------------
% lrs+1010_2:1_to=lpo:sil=16000:spb=goal:slsq=on:random_seed=2124165584:i=170:ins=10:av=off:fsd=on_264 on p for (264ds/170Mi)
% Instruction limit reached! 
% ------------------------------
% Version: Vampire 5.0.1 (Release build, commit 1b13eaf on 2026-01-18 12:14:50 +0000)
% Linked with Z3 4.14.0.0 3c47fd96cf5645d0c42b2c819d9e9a84380aa721 NOTFOUND
% CaDiCaL version: 2.1.3
% Termination reason: Instruction limit
% Termination phase: Saturation
% Time elapsed: 0.028 s
% Peak memory usage: 15 MB
% Instructions burned: 177 (million)
% ott+1002_10_sfv=off:sil=4000:tgt=full:nwc=1:newcnf=on:random_seed=2648229012:i=178:kws=inv_arity:bd=preordered:fsd=on_264 on p for (264ds/178Mi)
% Instruction limit reached! 
% ------------------------------
% Version: Vampire 5.0.1 (Release build, commit 1b13eaf on 2026-01-18 12:14:50 +0000)
% Linked with Z3 4.14.0.0 3c47fd96cf5645d0c42b2c819d9e9a84380aa721 NOTFOUND
% CaDiCaL version: 2.1.3
% Termination reason: Instruction limit
% Termination phase: Saturation
% Time elapsed: 0.029 s
% Peak memory usage: 14 MB
% Instructions burned: 182 (million)
% lrs+1004_1_sil=2000:sp=occurrence:sos=all:erd=off:random_seed=972288068:i=218:aac=none:ep=RS_264 on p for (264ds/218Mi)
% Refutation not found, incomplete strategy
% ------------------------------
% Version: Vampire 5.0.1 (Release build, commit 1b13eaf on 2026-01-18 12:14:50 +0000)
% Linked with Z3 4.14.0.0 3c47fd96cf5645d0c42b2c819d9e9a84380aa721 NOTFOUND
% CaDiCaL version: 2.1.3
% Termination reason: Refutation not found, incomplete strategy
% Time elapsed: 0.0000 s
% Peak memory usage: 12 MB
% ------------------------------
% ------------------------------
% lrs-1011_1_sil=2000:sos=on:random_seed=1743546262:i=2073:sd=1:ss=axioms:sgt=64_264 on p for (264ds/2073Mi)
% Refutation not found, incomplete strategy
% ------------------------------
% Version: Vampire 5.0.1 (Release build, commit 1b13eaf on 2026-01-18 12:14:50 +0000)
% Linked with Z3 4.14.0.0 3c47fd96cf5645d0c42b2c819d9e9a84380aa721 NOTFOUND
% CaDiCaL version: 2.1.3
% Termination reason: Refutation not found, incomplete strategy
% Time elapsed: 0.0000 s
% Peak memory usage: 12 MB
% ------------------------------
% ------------------------------
% dis+1011_1_sil=4000:plsq=on:plsqc=2:plsqr=64,1:sos=on:lsd=1:alpa=false:random_seed=2589387721:avsq=on:i=140:avsqr=1,16:aac=none:ep=RS:nm=4:gsp=on_264 on p for (264ds/140Mi)
% Refutation not found, incomplete strategy
% ------------------------------
% Version: Vampire 5.0.1 (Release build, commit 1b13eaf on 2026-01-18 12:14:50 +0000)
% Linked with Z3 4.14.0.0 3c47fd96cf5645d0c42b2c819d9e9a84380aa721 NOTFOUND
% CaDiCaL version: 2.1.3
% Termination reason: Refutation not found, incomplete strategy
% Time elapsed: 0.0000 s
% Peak memory usage: 12 MB
% ------------------------------
% ------------------------------
% lrs+11_1_sfv=off:sil=2000:plsq=on:plsqc=1:bsd=on:plsqr=128,1:sos=all:newcnf=on:random_seed=1228273851:s2pl=on:i=142:sd=1:ss=axioms:fsd=on:sgt=32_264 on p for (264ds/142Mi)
% Refutation not found, incomplete strategy
% ------------------------------
% Version: Vampire 5.0.1 (Release build, commit 1b13eaf on 2026-01-18 12:14:50 +0000)
% Linked with Z3 4.14.0.0 3c47fd96cf5645d0c42b2c819d9e9a84380aa721 NOTFOUND
% CaDiCaL version: 2.1.3
% Termination reason: Refutation not found, incomplete strategy
% Time elapsed: 0.0000 s
% Peak memory usage: 12 MB
% ------------------------------
% ------------------------------
% dis-1010_1_sil=4000:random_seed=3120307494:i=184:sd=1:ep=RS:nm=2:av=off:ss=axioms_264 on p for (264ds/184Mi)
% Refutation not found, incomplete strategy
% ------------------------------
% Version: Vampire 5.0.1 (Release build, commit 1b13eaf on 2026-01-18 12:14:50 +0000)
% Linked with Z3 4.14.0.0 3c47fd96cf5645d0c42b2c819d9e9a84380aa721 NOTFOUND
% CaDiCaL version: 2.1.3
% Termination reason: Refutation not found, incomplete strategy
% Time elapsed: 0.0000 s
% Peak memory usage: 9 MB
% ------------------------------
% ------------------------------
% lrs+3_11:1_sil=4000:plsq=on:erd=off:urr=on:br=off:random_seed=449846645:s2a=on:i=142:s2at=7:sd=1:ep=RS:ss=axioms:sgt=16_264 on p for (264ds/142Mi)
% Refutation not found, incomplete strategy
% ------------------------------
% Version: Vampire 5.0.1 (Release build, commit 1b13eaf on 2026-01-18 12:14:50 +0000)
% Linked with Z3 4.14.0.0 3c47fd96cf5645d0c42b2c819d9e9a84380aa721 NOTFOUND
% CaDiCaL version: 2.1.3
% Termination reason: Refutation not found, incomplete strategy
% Time elapsed: 0.0000 s
% Peak memory usage: 12 MB
% ------------------------------
% ------------------------------
% lrs-1010_1_to=lpo:sil=4000:fde=none:sos=on:erd=off:random_seed=2931817670:cts=off:i=278:sd=1:av=off:ss=included_264 on p for (264ds/278Mi)
% Refutation not found, incomplete strategy
% ------------------------------
% Version: Vampire 5.0.1 (Release build, commit 1b13eaf on 2026-01-18 12:14:50 +0000)
% Linked with Z3 4.14.0.0 3c47fd96cf5645d0c42b2c819d9e9a84380aa721 NOTFOUND
% CaDiCaL version: 2.1.3
% Termination reason: Refutation not found, incomplete strategy
% Time elapsed: 0.0000 s
% Peak memory usage: 9 MB
% ------------------------------
% ------------------------------
% ott-1010_32:1_sil=2000:sp=arity:sos=all:s2agt=16:random_seed=821170441:st=2:s2a=on:cond=fast:i=194:av=off:gsp=on:ss=axioms_264 on p for (264ds/194Mi)
% Refutation not found, incomplete strategy
% ------------------------------
% Version: Vampire 5.0.1 (Release build, commit 1b13eaf on 2026-01-18 12:14:50 +0000)
% Linked with Z3 4.14.0.0 3c47fd96cf5645d0c42b2c819d9e9a84380aa721 NOTFOUND
% CaDiCaL version: 2.1.3
% Termination reason: Refutation not found, incomplete strategy
% Time elapsed: 0.0000 s
% Peak memory usage: 9 MB
% ------------------------------
% ------------------------------
% dis+10_1_sfv=off:slsqr=1,2:sil=2000:tgt=full:urr=on:br=off:flr=on:slsq=on:random_seed=2758835821:st=2:i=292:sd=2:slsql=off:nm=0:ins=20:gsp=on:ss=axioms:fsd=on_264 on p for (264ds/292Mi)
% Instruction limit reached! 
% ------------------------------
% Version: Vampire 5.0.1 (Release build, commit 1b13eaf on 2026-01-18 12:14:50 +0000)
% Linked with Z3 4.14.0.0 3c47fd96cf5645d0c42b2c819d9e9a84380aa721 NOTFOUND
% CaDiCaL version: 2.1.3
% Termination reason: Instruction limit
% Termination phase: Saturation
% Time elapsed: 0.043 s
% Peak memory usage: 14 MB
% Instructions burned: 299 (million)
% lrs+10_1_to=lpo:sil=4000:plsq=on:plsqc=1:plsqr=64,1:etr=on:sp=const_min:sos=on:spb=goal_then_units:br=off:sac=on:random_seed=788812605:i=196:nm=0_263 on p for (263ds/196Mi)
% Refutation not found, incomplete strategy
% ------------------------------
% Version: Vampire 5.0.1 (Release build, commit 1b13eaf on 2026-01-18 12:14:50 +0000)
% Linked with Z3 4.14.0.0 3c47fd96cf5645d0c42b2c819d9e9a84380aa721 NOTFOUND
% CaDiCaL version: 2.1.3
% Termination reason: Refutation not found, incomplete strategy
% Time elapsed: 0.0000 s
% Peak memory usage: 12 MB
% ------------------------------
% ------------------------------
% lrs+1010_6:1_sil=32000:plsq=on:plsqr=128,1:sos=on:urr=on:plsql=on:flr=on:newcnf=on:lwlo=on:random_seed=2339531842:lrd=on:s2pl=on:i=148:ep=RS_263 on p for (263ds/148Mi)
% Refutation not found, incomplete strategy
% ------------------------------
% Version: Vampire 5.0.1 (Release build, commit 1b13eaf on 2026-01-18 12:14:50 +0000)
% Linked with Z3 4.14.0.0 3c47fd96cf5645d0c42b2c819d9e9a84380aa721 NOTFOUND
% CaDiCaL version: 2.1.3
% Termination reason: Refutation not found, incomplete strategy
% Time elapsed: 0.0000 s
% Peak memory usage: 12 MB
% ------------------------------
% ------------------------------
% dis+10_1_slsqr=4,1:sil=8000:urr=ec_only:br=off:slsqc=2:slsq=on:random_seed=2499552024:s2a=on:i=148:s2at=2:ins=1:gtg=position:fsd=on_263 on p for (263ds/148Mi)
% Instruction limit reached! 
% ------------------------------
% Version: Vampire 5.0.1 (Release build, commit 1b13eaf on 2026-01-18 12:14:50 +0000)
% Linked with Z3 4.14.0.0 3c47fd96cf5645d0c42b2c819d9e9a84380aa721 NOTFOUND
% CaDiCaL version: 2.1.3
% Termination reason: Instruction limit
% Termination phase: Saturation
% Time elapsed: 0.024 s
% Peak memory usage: 13 MB
% Instructions burned: 154 (million)
% lrs+10_1_sil=16000:irw=on:sos=all:spb=goal:acc=on:urr=on:br=off:newcnf=on:random_seed=419217473:s2a=on:i=148:bd=preordered:nm=6:ins=10_263 on p for (263ds/148Mi)
% Refutation not found, incomplete strategy
% ------------------------------
% Version: Vampire 5.0.1 (Release build, commit 1b13eaf on 2026-01-18 12:14:50 +0000)
% Linked with Z3 4.14.0.0 3c47fd96cf5645d0c42b2c819d9e9a84380aa721 NOTFOUND
% CaDiCaL version: 2.1.3
% Termination reason: Refutation not found, incomplete strategy
% Time elapsed: 0.0000 s
% Peak memory usage: 12 MB
% ------------------------------
% ------------------------------
% lrs+1011_32_sil=2000:bce=on:nwc=5:alpa=false:slsq=on:random_seed=2381337140:cts=off:i=543:aac=none:fsr=off:amm=off:rawr=on_263 on p for (263ds/543Mi)
% Instruction limit reached! 
% ------------------------------
% Version: Vampire 5.0.1 (Release build, commit 1b13eaf on 2026-01-18 12:14:50 +0000)
% Linked with Z3 4.14.0.0 3c47fd96cf5645d0c42b2c819d9e9a84380aa721 NOTFOUND
% CaDiCaL version: 2.1.3
% Termination reason: Instruction limit
% Termination phase: Saturation
% Time elapsed: 0.083 s
% Peak memory usage: 18 MB
% Instructions burned: 544 (million)
% dis-1011_128_sil=4000:tgt=full:sas=cadical:bce=on:fd=off:rp=on:slsqc=2:sac=on:slsq=on:random_seed=827539052:i=153:s2at=3:ins=1_262 on p for (262ds/153Mi)
% Instruction limit reached! 
% ------------------------------
% Version: Vampire 5.0.1 (Release build, commit 1b13eaf on 2026-01-18 12:14:50 +0000)
% Linked with Z3 4.14.0.0 3c47fd96cf5645d0c42b2c819d9e9a84380aa721 NOTFOUND
% CaDiCaL version: 2.1.3
% Termination reason: Instruction limit
% Termination phase: Saturation
% Time elapsed: 0.025 s
% Peak memory usage: 14 MB
% Instructions burned: 159 (million)
% dis-1002_3:2_sil=16000:plsq=on:plsqc=1:plsqr=3,1:plsql=on:newcnf=on:random_seed=4260462438:s2a=on:i=632:av=off:gtg=position_261 on p for (261ds/632Mi)
% Instruction limit reached! 
% ------------------------------
% Version: Vampire 5.0.1 (Release build, commit 1b13eaf on 2026-01-18 12:14:50 +0000)
% Linked with Z3 4.14.0.0 3c47fd96cf5645d0c42b2c819d9e9a84380aa721 NOTFOUND
% CaDiCaL version: 2.1.3
% Termination reason: Instruction limit
% Termination phase: Saturation
% Time elapsed: 0.086 s
% Peak memory usage: 16 MB
% Instructions burned: 634 (million)
% ott+10_14_sil=8000:tgt=full:prc=on:random_seed=1931581178:i=2501:fsr=off_261 on p for (261ds/2501Mi)
% Instruction limit reached! 
% ------------------------------
% Version: Vampire 5.0.1 (Release build, commit 1b13eaf on 2026-01-18 12:14:50 +0000)
% Linked with Z3 4.14.0.0 3c47fd96cf5645d0c42b2c819d9e9a84380aa721 NOTFOUND
% CaDiCaL version: 2.1.3
% Termination reason: Instruction limit
% Termination phase: Saturation
% Time elapsed: 0.379 s
% Peak memory usage: 54 MB
% Instructions burned: 2504 (million)
% dis+1011_1024_slsqr=1,128:sil=8000:gs=on:br=off:slsqc=1:slsq=on:random_seed=429462120:i=367:s2at=5:sd=3:slsql=off:ss=axioms:sgt=10_257 on p for (257ds/367Mi)
% Instruction limit reached! 
% ------------------------------
% Version: Vampire 5.0.1 (Release build, commit 1b13eaf on 2026-01-18 12:14:50 +0000)
% Linked with Z3 4.14.0.0 3c47fd96cf5645d0c42b2c819d9e9a84380aa721 NOTFOUND
% CaDiCaL version: 2.1.3
% Termination reason: Instruction limit
% Termination phase: Saturation
% Time elapsed: 0.050 s
% Peak memory usage: 14 MB
% Instructions burned: 371 (million)
% lrs+10_8_to=lpo:sil=4000:plsq=on:plsqc=1:urr=on:br=off:flr=on:newcnf=on:random_seed=3574497164:st=4:i=207:sd=1:fsr=off:gsp=on:ss=axioms_256 on p for (256ds/207Mi)
% Instruction limit reached! 
% ------------------------------
% Version: Vampire 5.0.1 (Release build, commit 1b13eaf on 2026-01-18 12:14:50 +0000)
% Linked with Z3 4.14.0.0 3c47fd96cf5645d0c42b2c819d9e9a84380aa721 NOTFOUND
% CaDiCaL version: 2.1.3
% Termination reason: Instruction limit
% Termination phase: Saturation
% Time elapsed: 0.033 s
% Peak memory usage: 15 MB
% Instructions burned: 208 (million)
% lrs-1010_1_to=lpo:sil=4000:sos=on:random_seed=2505887398:i=3739:sd=2:ins=10:ss=axioms_256 on p for (256ds/3739Mi)
% Refutation not found, incomplete strategy
% ------------------------------
% Version: Vampire 5.0.1 (Release build, commit 1b13eaf on 2026-01-18 12:14:50 +0000)
% Linked with Z3 4.14.0.0 3c47fd96cf5645d0c42b2c819d9e9a84380aa721 NOTFOUND
% CaDiCaL version: 2.1.3
% Termination reason: Refutation not found, incomplete strategy
% Time elapsed: 0.002 s
% Peak memory usage: 12 MB
% ------------------------------
% ------------------------------
% dis-1011_1_sil=4000:plsq=on:plsqr=32,1:sos=on:erd=off:lsd=5:fd=off:random_seed=69118005:i=157:nm=16:av=off_256 on p for (256ds/157Mi)
% Refutation not found, incomplete strategy
% ------------------------------
% Version: Vampire 5.0.1 (Release build, commit 1b13eaf on 2026-01-18 12:14:50 +0000)
% Linked with Z3 4.14.0.0 3c47fd96cf5645d0c42b2c819d9e9a84380aa721 NOTFOUND
% CaDiCaL version: 2.1.3
% Termination reason: Refutation not found, incomplete strategy
% Time elapsed: 0.002 s
% Peak memory usage: 9 MB
% ------------------------------
% ------------------------------
% lrs+10_1_sil=4000:sp=occurrence:urr=on:br=off:random_seed=3212998393:st=1.2:s2a=on:i=1800:s2at=2:sd=3:ss=included:sgt=20_255 on p for (255ds/1800Mi)
% Instruction limit reached! 
% ------------------------------
% Version: Vampire 5.0.1 (Release build, commit 1b13eaf on 2026-01-18 12:14:50 +0000)
% Linked with Z3 4.14.0.0 3c47fd96cf5645d0c42b2c819d9e9a84380aa721 NOTFOUND
% CaDiCaL version: 2.1.3
% Termination reason: Instruction limit
% Termination phase: Saturation
% Time elapsed: 0.319 s
% Peak memory usage: 45 MB
% Instructions burned: 1806 (million)
% lrs+1010_4_to=lpo:sil=2000:plsq=on:prc=on:plsqr=18,1:sp=occurrence:fd=off:sac=on:random_seed=2750044211:s2a=on:i=163:nm=7:rawr=on_252 on p for (252ds/163Mi)
% Instruction limit reached! 
% ------------------------------
% Version: Vampire 5.0.1 (Release build, commit 1b13eaf on 2026-01-18 12:14:50 +0000)
% Linked with Z3 4.14.0.0 3c47fd96cf5645d0c42b2c819d9e9a84380aa721 NOTFOUND
% CaDiCaL version: 2.1.3
% Termination reason: Instruction limit
% Termination phase: Saturation
% Time elapsed: 0.029 s
% Peak memory usage: 15 MB
% Instructions burned: 167 (million)
% lrs-1011_4:1_anc=all_dependent:slsqr=5,4:to=kbo:sil=16000:tgt=ground:fde=none:sas=cadical:erd=off:fd=preordered:nwc=3:s2agt=16:alpa=true:flr=on:sac=on:lftc=80:slsq=on:avsqc=2:random_seed=3523710795:avsq=on:s2a=on:i=163:avsqr=7,8:ep=RST:fdi=8_252 on p for (252ds/163Mi)
% Aborted by signal SIGSEGV on /tmp/tmpfk6tsgmb/p.p
% ------------------------------
% Version: Vampire 5.0.1 (Release build, commit 1b13eaf on 2026-01-18 12:14:50 +0000)
% Linked with Z3 4.14.0.0 3c47fd96cf5645d0c42b2c819d9e9a84380aa721 NOTFOUND
% CaDiCaL version: 2.1.3
% Termination reason: Unknown
% Termination phase: Saturation
% Time elapsed: 0.001 s
% Peak memory usage: 12 MB
% dis-1011_2:1_sil=8000:plsq=on:plsqr=1,8:sos=on:erd=off:gs=on:random_seed=1594196397:st=10:i=164:sd=1:aac=none:bd=all:nm=3:ss=included:rawr=on_252 on p for (252ds/164Mi)
% Refutation not found, incomplete strategy
% ------------------------------
% Version: Vampire 5.0.1 (Release build, commit 1b13eaf on 2026-01-18 12:14:50 +0000)
% Linked with Z3 4.14.0.0 3c47fd96cf5645d0c42b2c819d9e9a84380aa721 NOTFOUND
% CaDiCaL version: 2.1.3
% Termination reason: Refutation not found, incomplete strategy
% Time elapsed: 0.0000 s
% Peak memory usage: 12 MB
% ------------------------------
% ------------------------------
% lrs+10_2:5_slsqr=2,1:to=lpo:sil=2000:plsq=on:plsqc=1:sas=cadical:plsqr=64,1:sp=const_min:acc=on:bce=on:plsql=on:alpa=random:flr=on:sac=on:slsq=on:random_seed=155504261:s2a=on:i=230:s2at=2:slsql=off:fsr=off:gsp=on:ss=included:sgt=32:rawr=on_251 on p for (251ds/230Mi)
% Instruction limit reached! 
% ------------------------------
% Version: Vampire 5.0.1 (Release build, commit 1b13eaf on 2026-01-18 12:14:50 +0000)
% Linked with Z3 4.14.0.0 3c47fd96cf5645d0c42b2c819d9e9a84380aa721 NOTFOUND
% CaDiCaL version: 2.1.3
% Termination reason: Instruction limit
% Termination phase: Saturation
% Time elapsed: 0.037 s
% Peak memory usage: 17 MB
% Instructions burned: 231 (million)
% dis+1010_16_anc=all_dependent:to=lpo:sil=8000:sp=arity:fd=off:sac=on:random_seed=1805886029:st=5:i=165:sd=2:aac=none:ins=10:fsr=off:ss=axioms:fsd=on_251 on p for (251ds/165Mi)
% Instruction limit reached! 
% ------------------------------
% Version: Vampire 5.0.1 (Release build, commit 1b13eaf on 2026-01-18 12:14:50 +0000)
% Linked with Z3 4.14.0.0 3c47fd96cf5645d0c42b2c819d9e9a84380aa721 NOTFOUND
% CaDiCaL version: 2.1.3
% Termination reason: Instruction limit
% Termination phase: Saturation
% Time elapsed: 0.027 s
% Peak memory usage: 13 MB
% Instructions burned: 170 (million)
% lrs-2_64_sil=4000:sos=on:lcm=predicate:random_seed=49554116:st=3:i=361:sd=5:av=off:ss=included_251 on p for (251ds/361Mi)
% Refutation not found, incomplete strategy
% ------------------------------
% Version: Vampire 5.0.1 (Release build, commit 1b13eaf on 2026-01-18 12:14:50 +0000)
% Linked with Z3 4.14.0.0 3c47fd96cf5645d0c42b2c819d9e9a84380aa721 NOTFOUND
% CaDiCaL version: 2.1.3
% Termination reason: Refutation not found, incomplete strategy
% Time elapsed: 0.0000 s
% Peak memory usage: 9 MB
% ------------------------------
% ------------------------------
% dis-1011_8_sil=4000:fde=none:nwc=2:random_seed=13143681:st=5:s2a=on:i=231:s2at=2:sd=6:ep=RS:ins=1:ss=axioms_251 on p for (251ds/231Mi)
% Refutation not found, incomplete strategy
% ------------------------------
% Version: Vampire 5.0.1 (Release build, commit 1b13eaf on 2026-01-18 12:14:50 +0000)
% Linked with Z3 4.14.0.0 3c47fd96cf5645d0c42b2c819d9e9a84380aa721 NOTFOUND
% CaDiCaL version: 2.1.3
% Termination reason: Refutation not found, incomplete strategy
% Time elapsed: 0.0000 s
% Peak memory usage: 12 MB
% ------------------------------
% ------------------------------
% Aborted by signal SIGSEGV on /tmp/tmpfk6tsgmb/p.p
% ------------------------------
% Version: Vampire 5.0.1 (Release build, commit 1b13eaf on 2026-01-18 12:14:50 +0000)
% Linked with Z3 4.14.0.0 3c47fd96cf5645d0c42b2c819d9e9a84380aa721 NOTFOUND
% CaDiCaL version: 2.1.3
% Termination reason: Refutation not found, incomplete strategy
% Time elapsed: 0.0000 s
% Peak memory usage: 12 MB
% lrs-1010_8:1_anc=none:slsqr=4,1:sil=4000:tgt=ground:plsq=on:plsqc=1:plsqr=32,1:nwc=3:slsqc=1:slsq=on:avsqc=1:random_seed=3757006590:avsq=on:i=169:doe=on:nicw=on:nm=16:ss=axioms_251 on p for (251ds/169Mi)
% Refutation not found, incomplete strategy
% ------------------------------
% Version: Vampire 5.0.1 (Release build, commit 1b13eaf on 2026-01-18 12:14:50 +0000)
% Linked with Z3 4.14.0.0 3c47fd96cf5645d0c42b2c819d9e9a84380aa721 NOTFOUND
% CaDiCaL version: 2.1.3
% Termination reason: Refutation not found, incomplete strategy
% Time elapsed: 0.0000 s
% Peak memory usage: 12 MB
% ------------------------------
% ------------------------------
% lrs+11_32_anc=all:sil=4000:sos=all:erd=off:urr=on:sac=on:random_seed=884014716:s2a=on:i=169:nicw=on:gtg=position:gsp=on:ss=axioms:sgt=8_251 on p for (251ds/169Mi)
% Refutation not found, incomplete strategy
% ------------------------------
% Version: Vampire 5.0.1 (Release build, commit 1b13eaf on 2026-01-18 12:14:50 +0000)
% Linked with Z3 4.14.0.0 3c47fd96cf5645d0c42b2c819d9e9a84380aa721 NOTFOUND
% CaDiCaL version: 2.1.3
% Termination reason: Refutation not found, incomplete strategy
% Time elapsed: 0.0000 s
% Peak memory usage: 12 MB
% ------------------------------
% ------------------------------
% ott+1011_16_sil=2000:lsd=100:newcnf=on:random_seed=767406810:st=3:s2a=on:i=169:sd=1:av=off:fsr=off:ss=axioms_251 on p for (251ds/169Mi)
% Instruction limit reached! 
% ------------------------------
% Version: Vampire 5.0.1 (Release build, commit 1b13eaf on 2026-01-18 12:14:50 +0000)
% Linked with Z3 4.14.0.0 3c47fd96cf5645d0c42b2c819d9e9a84380aa721 NOTFOUND
% CaDiCaL version: 2.1.3
% Termination reason: Instruction limit
% Termination phase: Saturation
% Time elapsed: 0.027 s
% Peak memory usage: 14 MB
% Instructions burned: 169 (million)
% lrs+1002_1_sil=128000:sos=on:random_seed=115103149:st=1.5:i=170:sd=2:nm=2:gtg=all:ss=axioms:fsd=on_250 on p for (250ds/170Mi)
% Instruction limit reached! 
% ------------------------------
% Version: Vampire 5.0.1 (Release build, commit 1b13eaf on 2026-01-18 12:14:50 +0000)
% Linked with Z3 4.14.0.0 3c47fd96cf5645d0c42b2c819d9e9a84380aa721 NOTFOUND
% CaDiCaL version: 2.1.3
% Termination reason: Instruction limit
% Termination phase: Saturation
% Time elapsed: 0.027 s
% Peak memory usage: 14 MB
% Instructions burned: 174 (million)
% dis+4_4_sil=16000:plsq=on:plsqr=1,32:sp=unary_frequency:lcm=predicate:fd=off:rp=on:random_seed=58707746:i=170:bd=preordered:nm=2:av=off:sup=off_250 on p for (250ds/170Mi)
% Refutation not found, incomplete strategy
% ------------------------------
% Version: Vampire 5.0.1 (Release build, commit 1b13eaf on 2026-01-18 12:14:50 +0000)
% Linked with Z3 4.14.0.0 3c47fd96cf5645d0c42b2c819d9e9a84380aa721 NOTFOUND
% CaDiCaL version: 2.1.3
% Termination reason: Refutation not found, incomplete strategy
% Time elapsed: 0.0000 s
% Peak memory usage: 9 MB
% ------------------------------
% ------------------------------
% dis-1011_5:1_sil=4000:lsd=50:random_seed=2423971060:s2a=on:i=171:s2at=1.2:ep=R:gtg=position_250 on p for (250ds/171Mi)
% Refutation not found, incomplete strategy
% ------------------------------
% Version: Vampire 5.0.1 (Release build, commit 1b13eaf on 2026-01-18 12:14:50 +0000)
% Linked with Z3 4.14.0.0 3c47fd96cf5645d0c42b2c819d9e9a84380aa721 NOTFOUND
% CaDiCaL version: 2.1.3
% Termination reason: Refutation not found, incomplete strategy
% Time elapsed: 0.0000 s
% Peak memory usage: 12 MB
% ------------------------------
% ------------------------------
% lrs+10_1_sil=4000:plsq=on:plsqr=32,1:sos=on:fs=off:acc=on:urr=ec_only:gs=on:sac=on:random_seed=2174840608:i=530:nm=0:fsr=off_250 on p for (250ds/530Mi)
% Refutation not found, incomplete strategy
% ------------------------------
% Version: Vampire 5.0.1 (Release build, commit 1b13eaf on 2026-01-18 12:14:50 +0000)
% Linked with Z3 4.14.0.0 3c47fd96cf5645d0c42b2c819d9e9a84380aa721 NOTFOUND
% CaDiCaL version: 2.1.3
% Termination reason: Refutation not found, incomplete strategy
% Time elapsed: 0.0000 s
% Peak memory usage: 12 MB
% ------------------------------
% ------------------------------
% lrs+1002_1_sil=8000:sos=on:erd=off:sac=on:random_seed=2621226793:st=6:i=1370:sd=4:aac=none:sup=off:ss=axioms:sgt=16_250 on p for (250ds/1370Mi)
% Refutation not found, incomplete strategy
% ------------------------------
% Version: Vampire 5.0.1 (Release build, commit 1b13eaf on 2026-01-18 12:14:50 +0000)
% Linked with Z3 4.14.0.0 3c47fd96cf5645d0c42b2c819d9e9a84380aa721 NOTFOUND
% CaDiCaL version: 2.1.3
% Termination reason: Refutation not found, incomplete strategy
% Time elapsed: 0.0000 s
% Peak memory usage: 12 MB
% ------------------------------
% ------------------------------
% dis+1011_64_sil=128000:bsd=on:sp=arity:sos=on:lsd=50:fd=off:random_seed=3437360010:i=252:gtgl=4:kws=arity_squared:nm=16:av=off:gtg=exists_sym:gsp=on:fsd=on_250 on p for (250ds/252Mi)
% Instruction limit reached! 
% ------------------------------
% Version: Vampire 5.0.1 (Release build, commit 1b13eaf on 2026-01-18 12:14:50 +0000)
% Linked with Z3 4.14.0.0 3c47fd96cf5645d0c42b2c819d9e9a84380aa721 NOTFOUND
% CaDiCaL version: 2.1.3
% Termination reason: Instruction limit
% Termination phase: Saturation
% Time elapsed: 0.038 s
% Peak memory usage: 13 MB
% Instructions burned: 254 (million)
% dis+1010_3:1_sil=2000:tgt=full:prc=on:drc=off:fde=none:bsd=on:sp=unary_first:gs=on:br=off:random_seed=1913758132:i=178:kws=precedence:av=off:fsd=on_249 on p for (249ds/178Mi)
% Instruction limit reached! 
% ------------------------------
% Version: Vampire 5.0.1 (Release build, commit 1b13eaf on 2026-01-18 12:14:50 +0000)
% Linked with Z3 4.14.0.0 3c47fd96cf5645d0c42b2c819d9e9a84380aa721 NOTFOUND
% CaDiCaL version: 2.1.3
% Termination reason: Instruction limit
% Termination phase: Saturation
% Time elapsed: 0.025 s
% Peak memory usage: 14 MB
% Instructions burned: 189 (million)
% dis+10_8:1_sil=4000:sp=arity:sos=on:acc=on:fd=off:random_seed=905379450:s2a=on:i=927:sd=2:ss=axioms_249 on p for (249ds/927Mi)
% Refutation not found, incomplete strategy
% ------------------------------
% Version: Vampire 5.0.1 (Release build, commit 1b13eaf on 2026-01-18 12:14:50 +0000)
% Linked with Z3 4.14.0.0 3c47fd96cf5645d0c42b2c819d9e9a84380aa721 NOTFOUND
% CaDiCaL version: 2.1.3
% Termination reason: Refutation not found, incomplete strategy
% Time elapsed: 0.0000 s
% Peak memory usage: 12 MB
% ------------------------------
% ------------------------------
% lrs+10_1_sil=4000:sos=on:spb=goal:lcm=predicate:urr=on:s2agt=8:sac=on:slsq=on:random_seed=3934614022:st=3.3:s2a=on:i=269:sd=2:doe=on:nm=2:gtg=position:sup=off:ss=axioms_249 on p for (249ds/269Mi)
% Refutation not found, incomplete strategy
% ------------------------------
% Version: Vampire 5.0.1 (Release build, commit 1b13eaf on 2026-01-18 12:14:50 +0000)
% Linked with Z3 4.14.0.0 3c47fd96cf5645d0c42b2c819d9e9a84380aa721 NOTFOUND
% CaDiCaL version: 2.1.3
% Termination reason: Refutation not found, incomplete strategy
% Time elapsed: 0.0000 s
% Peak memory usage: 12 MB
% ------------------------------
% ------------------------------
% lrs+21_32:1_sil=16000:bsd=on:sos=on:spb=goal_then_units:lcm=predicate:flr=on:random_seed=878891040:s2a=on:i=185:s2at=3.5:kws=arity_squared_249 on p for (249ds/185Mi)
% Refutation not found, incomplete strategy
% ------------------------------
% Version: Vampire 5.0.1 (Release build, commit 1b13eaf on 2026-01-18 12:14:50 +0000)
% Linked with Z3 4.14.0.0 3c47fd96cf5645d0c42b2c819d9e9a84380aa721 NOTFOUND
% CaDiCaL version: 2.1.3
% Termination reason: Refutation not found, incomplete strategy
% Time elapsed: 0.0000 s
% Peak memory usage: 12 MB
% ------------------------------
% ------------------------------
% lrs+1010_64_sil=2000:sos=on:erd=off:bce=on:bsr=on:nwc=1:flr=on:newcnf=on:random_seed=3872481389:i=277:av=off:fdi=64_249 on p for (249ds/277Mi)
% Refutation not found, incomplete strategy
% ------------------------------
% Version: Vampire 5.0.1 (Release build, commit 1b13eaf on 2026-01-18 12:14:50 +0000)
% Linked with Z3 4.14.0.0 3c47fd96cf5645d0c42b2c819d9e9a84380aa721 NOTFOUND
% CaDiCaL version: 2.1.3
% Termination reason: Refutation not found, incomplete strategy
% Time elapsed: 0.0000 s
% Peak memory usage: 12 MB
% ------------------------------
% ------------------------------
% lrs-1011_64_sil=4000:fd=preordered:br=off:random_seed=412226123:i=456:sd=2:av=off:ss=axioms:sgt=32_249 on p for (249ds/456Mi)
% Instruction limit reached! 
% ------------------------------
% Version: Vampire 5.0.1 (Release build, commit 1b13eaf on 2026-01-18 12:14:50 +0000)
% Linked with Z3 4.14.0.0 3c47fd96cf5645d0c42b2c819d9e9a84380aa721 NOTFOUND
% CaDiCaL version: 2.1.3
% Termination reason: Instruction limit
% Termination phase: Saturation
% Time elapsed: 0.069 s
% Peak memory usage: 17 MB
% Instructions burned: 457 (million)
% lrs+10_32_sil=2000:sp=occurrence:sos=all:urr=on:br=off:random_seed=2723775750:st=3:i=635:sd=5:sup=off:ss=included_248 on p for (248ds/635Mi)
% Refutation not found, incomplete strategy
% ------------------------------
% Version: Vampire 5.0.1 (Release build, commit 1b13eaf on 2026-01-18 12:14:50 +0000)
% Linked with Z3 4.14.0.0 3c47fd96cf5645d0c42b2c819d9e9a84380aa721 NOTFOUND
% CaDiCaL version: 2.1.3
% Termination reason: Refutation not found, incomplete strategy
% Time elapsed: 0.0000 s
% Peak memory usage: 12 MB
% ------------------------------
% ------------------------------
% lrs+1011_23:4_slsqr=8,1:sil=32000:plsq=on:fde=none:plsqc=4:plsqr=64,1:spb=goal_then_units:acc=on:urr=on:plsql=on:gs=on:slsqc=4:alpa=true:slsq=on:random_seed=1511527986:cond=on:i=190:add=on:aac=none:doe=on:slsql=off:bd=preordered:nm=2:sup=off:ss=axioms_248 on p for (248ds/190Mi)
% Refutation not found, incomplete strategy
% ------------------------------
% Version: Vampire 5.0.1 (Release build, commit 1b13eaf on 2026-01-18 12:14:50 +0000)
% Linked with Z3 4.14.0.0 3c47fd96cf5645d0c42b2c819d9e9a84380aa721 NOTFOUND
% CaDiCaL version: 2.1.3
% Termination reason: Refutation not found, incomplete strategy
% Time elapsed: 0.0000 s
% Peak memory usage: 12 MB
% ------------------------------
% ------------------------------
% dis+1010_32:1_sil=2000:bsd=on:fd=off:slsq=on:random_seed=38286928:cts=off:i=1282:sd=1:av=off:gtg=position:ss=axioms_248 on p for (248ds/1282Mi)
% Refutation not found, incomplete strategy
% ------------------------------
% Version: Vampire 5.0.1 (Release build, commit 1b13eaf on 2026-01-18 12:14:50 +0000)
% Linked with Z3 4.14.0.0 3c47fd96cf5645d0c42b2c819d9e9a84380aa721 NOTFOUND
% CaDiCaL version: 2.1.3
% Termination reason: Refutation not found, incomplete strategy
% Time elapsed: 0.0000 s
% Peak memory usage: 12 MB
% ------------------------------
% ------------------------------
% lrs+1011_16_anc=all_dependent:sil=4000:plsq=on:fde=none:plsqc=1:sas=cadical:plsqr=64,1:sos=on:spb=non_intro:plsql=on:fd=off:alpa=random:sac=on:random_seed=4151242428:avsq=on:i=191:avsqr=1,16:nm=16:ins=1:rawr=on_248 on p for (248ds/191Mi)
% Refutation not found, incomplete strategy
% ------------------------------
% Version: Vampire 5.0.1 (Release build, commit 1b13eaf on 2026-01-18 12:14:50 +0000)
% Linked with Z3 4.14.0.0 3c47fd96cf5645d0c42b2c819d9e9a84380aa721 NOTFOUND
% CaDiCaL version: 2.1.3
% Termination reason: Refutation not found, incomplete strategy
% Time elapsed: 0.0000 s
% Peak memory usage: 12 MB
% ------------------------------
% ------------------------------
% lrs+11_1_anc=all_dependent:sil=2000:plsq=on:fde=unused:plsqr=32,1:spb=intro:bsr=unit_only:gs=on:kmz=on:newcnf=on:random_seed=3070024707:st=1.2:i=564:gtgl=3:sd=3:kws=precedence:gtg=exists_top:fdi=4:ss=axioms:sgt=10_248 on p for (248ds/564Mi)
% Instruction limit reached! 
% ------------------------------
% Version: Vampire 5.0.1 (Release build, commit 1b13eaf on 2026-01-18 12:14:50 +0000)
% Linked with Z3 4.14.0.0 3c47fd96cf5645d0c42b2c819d9e9a84380aa721 NOTFOUND
% CaDiCaL version: 2.1.3
% Termination reason: Instruction limit
% Termination phase: Saturation
% Time elapsed: 0.070 s
% Peak memory usage: 17 MB
% Instructions burned: 572 (million)
% dis-1011_25:7_sil=4000:sas=cadical:avsql=on:lsd=50:acc=on:bsr=unit_only:nwc=4:newcnf=on:avsqc=2:random_seed=2786443925:avsq=on:s2a=on:i=193:s2at=-1:avsqr=2,3:aac=none:ep=RSTC:rawr=on_247 on p for (247ds/193Mi)
% Aborted by signal SIGSEGV on /tmp/tmpfk6tsgmb/p.p
% ------------------------------
% Version: Vampire 5.0.1 (Release build, commit 1b13eaf on 2026-01-18 12:14:50 +0000)
% Linked with Z3 4.14.0.0 3c47fd96cf5645d0c42b2c819d9e9a84380aa721 NOTFOUND
% CaDiCaL version: 2.1.3
% Termination reason: Unknown
% Termination phase: Saturation
% Time elapsed: 0.008 s
% Peak memory usage: 12 MB
% Instructions burned: 15 (million)
% dis+1003_12_sil=4000:plsq=on:plsqr=32,1:sp=weighted_frequency:sos=all:erd=off:lma=off:spb=intro:lcm=predicate:acc=on:urr=full:slsqc=2:updr=off:newcnf=on:slsq=on:random_seed=2219318143:i=195:ins=10:fsr=off:fdi=4:gsp=on_247 on p for (247ds/195Mi)
% Refutation not found, incomplete strategy
% ------------------------------
% Version: Vampire 5.0.1 (Release build, commit 1b13eaf on 2026-01-18 12:14:50 +0000)
% Linked with Z3 4.14.0.0 3c47fd96cf5645d0c42b2c819d9e9a84380aa721 NOTFOUND
% CaDiCaL version: 2.1.3
% Termination reason: Refutation not found, incomplete strategy
% Time elapsed: 0.003 s
% Peak memory usage: 12 MB
% ------------------------------
% ------------------------------
% lrs+1010_4_to=lpo:sil=4000:drc=off:sp=weighted_frequency:spb=goal_then_units:nwc=5:lftc=50:random_seed=1913136861:s2a=on:i=302:fgj=on:bd=all_247 on p for (247ds/302Mi)
% Instruction limit reached! 
% ------------------------------
% Version: Vampire 5.0.1 (Release build, commit 1b13eaf on 2026-01-18 12:14:50 +0000)
% Linked with Z3 4.14.0.0 3c47fd96cf5645d0c42b2c819d9e9a84380aa721 NOTFOUND
% CaDiCaL version: 2.1.3
% Termination reason: Instruction limit
% Termination phase: Saturation
% Time elapsed: 0.091 s
% Peak memory usage: 15 MB
% Instructions burned: 305 (million)
% lrs+1011_1_sfv=off:to=lpo:sil=4000:sp=arity:sos=all:spb=goal:urr=ec_only:br=off:random_seed=1236465762:i=2020:sd=1:ss=included_246 on p for (246ds/2020Mi)
% Refutation not found, incomplete strategy
% ------------------------------
% Version: Vampire 5.0.1 (Release build, commit 1b13eaf on 2026-01-18 12:14:50 +0000)
% Linked with Z3 4.14.0.0 3c47fd96cf5645d0c42b2c819d9e9a84380aa721 NOTFOUND
% CaDiCaL version: 2.1.3
% Termination reason: Refutation not found, incomplete strategy
% Time elapsed: 0.002 s
% Peak memory usage: 12 MB
% ------------------------------
% ------------------------------
% dis+1011_32_slsqr=1,4:sil=4000:erd=off:s2agt=8:slsqc=3:slsq=on:random_seed=1515832126:i=912:sd=4:nicw=on:ep=RS:ss=axioms:sgt=32_246 on p for (246ds/912Mi)
% Refutation not found, incomplete strategy
% ------------------------------
% Version: Vampire 5.0.1 (Release build, commit 1b13eaf on 2026-01-18 12:14:50 +0000)
% Linked with Z3 4.14.0.0 3c47fd96cf5645d0c42b2c819d9e9a84380aa721 NOTFOUND
% CaDiCaL version: 2.1.3
% Termination reason: Refutation not found, incomplete strategy
% Time elapsed: 0.002 s
% Peak memory usage: 12 MB
% ------------------------------
% ------------------------------
% Aborted by signal SIGSEGV on /tmp/tmpfk6tsgmb/p.p
% ------------------------------
% Version: Vampire 5.0.1 (Release build, commit 1b13eaf on 2026-01-18 12:14:50 +0000)
% Linked with Z3 4.14.0.0 3c47fd96cf5645d0c42b2c819d9e9a84380aa721 NOTFOUND
% CaDiCaL version: 2.1.3
% Termination reason: Refutation not found, incomplete strategy
% Time elapsed: 0.002 s
% Peak memory usage: 12 MB
% lrs-11_23:64_sfv=off:to=lpo:sil=4000:tgt=ground:sp=const_min:sos=all:spb=goal:lcm=predicate:urr=on:fd=preordered:nwc=1:flr=on:lftc=40:random_seed=2172374565:st=1.38385:i=303:add=off:aac=none:ss=axioms_245 on p for (245ds/303Mi)
% Refutation not found, incomplete strategy
% ------------------------------
% Version: Vampire 5.0.1 (Release build, commit 1b13eaf on 2026-01-18 12:14:50 +0000)
% Linked with Z3 4.14.0.0 3c47fd96cf5645d0c42b2c819d9e9a84380aa721 NOTFOUND
% CaDiCaL version: 2.1.3
% Termination reason: Refutation not found, incomplete strategy
% Time elapsed: 0.003 s
% Peak memory usage: 12 MB
% ------------------------------
% ------------------------------
% dis+1011_3:1_sil=8000:prc=on:drc=off:fde=unused:sp=reverse_arity:spb=non_intro:random_seed=852248954:i=817:ins=20:av=off_245 on p for (245ds/817Mi)
% Instruction limit reached! 
% ------------------------------
% Version: Vampire 5.0.1 (Release build, commit 1b13eaf on 2026-01-18 12:14:50 +0000)
% Linked with Z3 4.14.0.0 3c47fd96cf5645d0c42b2c819d9e9a84380aa721 NOTFOUND
% CaDiCaL version: 2.1.3
% Termination reason: Instruction limit
% Termination phase: Saturation
% Time elapsed: 0.247 s
% Peak memory usage: 16 MB
% Instructions burned: 822 (million)
% dis+1_32:1_sil=128000:sp=occurrence:acc=on:s2agt=30:random_seed=994277869:s2pl=no:s2a=on:i=1164:sd=2:nicw=on:fsr=off:ss=included_242 on p for (242ds/1164Mi)
% Instruction limit reached! 
% ------------------------------
% Version: Vampire 5.0.1 (Release build, commit 1b13eaf on 2026-01-18 12:14:50 +0000)
% Linked with Z3 4.14.0.0 3c47fd96cf5645d0c42b2c819d9e9a84380aa721 NOTFOUND
% CaDiCaL version: 2.1.3
% Termination reason: Instruction limit
% Termination phase: Saturation
% Time elapsed: 0.194 s
% Peak memory usage: 17 MB
% Instructions burned: 1170 (million)
% lrs-1011_1_to=lpo:sil=2000:sos=all:spb=goal_then_units:random_seed=1731029591:i=208_240 on p for (240ds/208Mi)
% Refutation not found, incomplete strategy
% ------------------------------
% Version: Vampire 5.0.1 (Release build, commit 1b13eaf on 2026-01-18 12:14:50 +0000)
% Linked with Z3 4.14.0.0 3c47fd96cf5645d0c42b2c819d9e9a84380aa721 NOTFOUND
% CaDiCaL version: 2.1.3
% Termination reason: Refutation not found, incomplete strategy
% Time elapsed: 0.0000 s
% Peak memory usage: 12 MB
% ------------------------------
% ------------------------------
% lrs+1011_1_sil=32000:sp=occurrence:sos=all:random_seed=3915358959:st=2.3:i=7185:sd=14:ss=axioms:sgt=16_240 on p for (240ds/7185Mi)
% Refutation not found, incomplete strategy
% ------------------------------
% Version: Vampire 5.0.1 (Release build, commit 1b13eaf on 2026-01-18 12:14:50 +0000)
% Linked with Z3 4.14.0.0 3c47fd96cf5645d0c42b2c819d9e9a84380aa721 NOTFOUND
% CaDiCaL version: 2.1.3
% Termination reason: Refutation not found, incomplete strategy
% Time elapsed: 0.0000 s
% Peak memory usage: 12 MB
% ------------------------------
% ------------------------------
% dis+1002_2_sil=8000:sos=on:random_seed=1389824584:i=322:sd=2:ep=R:nm=4:gtg=position:ss=axioms:sgt=4_240 on p for (240ds/322Mi)
% Refutation not found, incomplete strategy
% ------------------------------
% Version: Vampire 5.0.1 (Release build, commit 1b13eaf on 2026-01-18 12:14:50 +0000)
% Linked with Z3 4.14.0.0 3c47fd96cf5645d0c42b2c819d9e9a84380aa721 NOTFOUND
% CaDiCaL version: 2.1.3
% Termination reason: Refutation not found, incomplete strategy
% Time elapsed: 0.0000 s
% Peak memory usage: 12 MB
% ------------------------------
% ------------------------------
% lrs-1010_1_sil=2000:plsq=on:plsqr=50755291,524288:urr=on:rp=on:s2agt=40:br=off:random_seed=1438323598:s2a=on:i=329:add=off:sd=1:kws=inv_arity_squared:gsp=on:ss=axioms:sgt=8_240 on p for (240ds/329Mi)
% Instruction limit reached! 
% ------------------------------
% Version: Vampire 5.0.1 (Release build, commit 1b13eaf on 2026-01-18 12:14:50 +0000)
% Linked with Z3 4.14.0.0 3c47fd96cf5645d0c42b2c819d9e9a84380aa721 NOTFOUND
% CaDiCaL version: 2.1.3
% Termination reason: Instruction limit
% Termination phase: Saturation
% Time elapsed: 0.092 s
% Peak memory usage: 17 MB
% Instructions burned: 330 (million)
% lrs-1011_1_sil=2000:erd=off:random_seed=1292836783:i=215:ep=RS:nm=2_239 on p for (239ds/215Mi)
% Refutation not found, incomplete strategy
% ------------------------------
% Version: Vampire 5.0.1 (Release build, commit 1b13eaf on 2026-01-18 12:14:50 +0000)
% Linked with Z3 4.14.0.0 3c47fd96cf5645d0c42b2c819d9e9a84380aa721 NOTFOUND
% CaDiCaL version: 2.1.3
% Termination reason: Refutation not found, incomplete strategy
% Time elapsed: 0.0000 s
% Peak memory usage: 12 MB
% ------------------------------
% ------------------------------
% Aborted by signal SIGSEGV on /tmp/tmpfk6tsgmb/p.p
% ------------------------------
% Version: Vampire 5.0.1 (Release build, commit 1b13eaf on 2026-01-18 12:14:50 +0000)
% Linked with Z3 4.14.0.0 3c47fd96cf5645d0c42b2c819d9e9a84380aa721 NOTFOUND
% CaDiCaL version: 2.1.3
% Termination reason: Refutation not found, incomplete strategy
% Time elapsed: 0.0000 s
% Peak memory usage: 12 MB
% dis+1011_20_to=lpo:sil=4000:bsd=on:newcnf=on:slsq=on:random_seed=1730026943:i=215:sd=1:slsql=off:ss=axioms:fsd=on_239 on p for (239ds/215Mi)
% Refutation not found, incomplete strategy
% ------------------------------
% Version: Vampire 5.0.1 (Release build, commit 1b13eaf on 2026-01-18 12:14:50 +0000)
% Linked with Z3 4.14.0.0 3c47fd96cf5645d0c42b2c819d9e9a84380aa721 NOTFOUND
% CaDiCaL version: 2.1.3
% Termination reason: Refutation not found, incomplete strategy
% Time elapsed: 0.0000 s
% Peak memory usage: 12 MB
% ------------------------------
% ------------------------------
% lrs+1011_1_sil=256000:plsq=on:newcnf=on:random_seed=2088611300:st=2:i=216:sd=3:ep=R:av=off:ss=included:sgt=16_239 on p for (239ds/216Mi)
% Refutation not found, incomplete strategy
% ------------------------------
% Version: Vampire 5.0.1 (Release build, commit 1b13eaf on 2026-01-18 12:14:50 +0000)
% Linked with Z3 4.14.0.0 3c47fd96cf5645d0c42b2c819d9e9a84380aa721 NOTFOUND
% CaDiCaL version: 2.1.3
% Termination reason: Refutation not found, incomplete strategy
% Time elapsed: 0.0000 s
% Peak memory usage: 9 MB
% ------------------------------
% ------------------------------
% lrs-1002_50_sil=2000:sas=cadical:sos=on:spb=non_intro:random_seed=3705007920:i=223:doe=on:bd=all:fsr=off:fsd=on:fsdmm=1_239 on p for (239ds/223Mi)
% Refutation not found, incomplete strategy
% ------------------------------
% Version: Vampire 5.0.1 (Release build, commit 1b13eaf on 2026-01-18 12:14:50 +0000)
% Linked with Z3 4.14.0.0 3c47fd96cf5645d0c42b2c819d9e9a84380aa721 NOTFOUND
% CaDiCaL version: 2.1.3
% Termination reason: Refutation not found, incomplete strategy
% Time elapsed: 0.0000 s
% Peak memory usage: 12 MB
% ------------------------------
% ------------------------------
% lrs+1010_1_sil=16000:plsq=on:fde=none:plsqr=32,1:sos=on:erd=off:random_seed=51736635:cts=off:i=227:av=off_239 on p for (239ds/227Mi)
% Refutation not found, incomplete strategy
% ------------------------------
% Version: Vampire 5.0.1 (Release build, commit 1b13eaf on 2026-01-18 12:14:50 +0000)
% Linked with Z3 4.14.0.0 3c47fd96cf5645d0c42b2c819d9e9a84380aa721 NOTFOUND
% CaDiCaL version: 2.1.3
% Termination reason: Refutation not found, incomplete strategy
% Time elapsed: 0.001 s
% Peak memory usage: 12 MB
% ------------------------------
% ------------------------------
% lrs+1002_1_sil=4000:sp=occurrence:sos=on:erd=off:random_seed=3000381203:i=1636:sd=2:ep=RS:av=off:ss=axioms_238 on p for (238ds/1636Mi)
% Refutation not found, incomplete strategy
% ------------------------------
% Version: Vampire 5.0.1 (Release build, commit 1b13eaf on 2026-01-18 12:14:50 +0000)
% Linked with Z3 4.14.0.0 3c47fd96cf5645d0c42b2c819d9e9a84380aa721 NOTFOUND
% CaDiCaL version: 2.1.3
% Termination reason: Refutation not found, incomplete strategy
% Time elapsed: 0.002 s
% Peak memory usage: 9 MB
% ------------------------------
% ------------------------------
% dis-30_1_to=lpo:sil=16000:random_seed=2474862304:st=3:i=6010:ep=RST:av=off:ss=included_238 on p for (238ds/6010Mi)
% Instruction limit reached! 
% ------------------------------
% Version: Vampire 5.0.1 (Release build, commit 1b13eaf on 2026-01-18 12:14:50 +0000)
% Linked with Z3 4.14.0.0 3c47fd96cf5645d0c42b2c819d9e9a84380aa721 NOTFOUND
% CaDiCaL version: 2.1.3
% Termination reason: Instruction limit
% Termination phase: Saturation
% Time elapsed: 0.799 s
% Peak memory usage: 15 MB
% Instructions burned: 6015 (million)
% lrs+2_1_sil=2000:random_seed=1820882883:i=1044:kws=precedence:fsr=off_230 on p for (230ds/1044Mi)
% Instruction limit reached! 
% ------------------------------
% Version: Vampire 5.0.1 (Release build, commit 1b13eaf on 2026-01-18 12:14:50 +0000)
% Linked with Z3 4.14.0.0 3c47fd96cf5645d0c42b2c819d9e9a84380aa721 NOTFOUND
% CaDiCaL version: 2.1.3
% Termination reason: Instruction limit
% Termination phase: Saturation
% Time elapsed: 0.157 s
% Peak memory usage: 30 MB
% Instructions burned: 1049 (million)
% lrs+0_32:1_sil=64000:tgt=ground:irw=on:prc=on:sp=reverse_frequency:bce=on:bsr=on:random_seed=929528853:i=372:sd=1:erml=2:bs=unit_only:bd=all:av=off:gtg=exists_sym:ss=axioms:er=filter_228 on p for (228ds/372Mi)
% Instruction limit reached! 
% ------------------------------
% Version: Vampire 5.0.1 (Release build, commit 1b13eaf on 2026-01-18 12:14:50 +0000)
% Linked with Z3 4.14.0.0 3c47fd96cf5645d0c42b2c819d9e9a84380aa721 NOTFOUND
% CaDiCaL version: 2.1.3
% Termination reason: Instruction limit
% Termination phase: Saturation
% Time elapsed: 0.055 s
% Peak memory usage: 16 MB
% Instructions burned: 375 (million)
% lrs+1010_32_sil=4000:plsq=on:bsr=unit_only:nwc=3:newcnf=on:random_seed=4077324698:cts=off:i=516:gtgl=5:nm=16:av=off:gtg=exists_sym_228 on p for (228ds/516Mi)
% Instruction limit reached! 
% ------------------------------
% Version: Vampire 5.0.1 (Release build, commit 1b13eaf on 2026-01-18 12:14:50 +0000)
% Linked with Z3 4.14.0.0 3c47fd96cf5645d0c42b2c819d9e9a84380aa721 NOTFOUND
% CaDiCaL version: 2.1.3
% Termination reason: Instruction limit
% Termination phase: Saturation
% Time elapsed: 0.080 s
% Peak memory usage: 18 MB
% Instructions burned: 519 (million)
% lrs-1010_3:2_sil=4000:irw=on:plsq=on:plsqc=4:fd=preordered:updr=off:lwlo=on:random_seed=4081900235:lrd=on:i=2469:bd=preordered_227 on p for (227ds/2469Mi)
% Instruction limit reached! 
% ------------------------------
% Version: Vampire 5.0.1 (Release build, commit 1b13eaf on 2026-01-18 12:14:50 +0000)
% Linked with Z3 4.14.0.0 3c47fd96cf5645d0c42b2c819d9e9a84380aa721 NOTFOUND
% CaDiCaL version: 2.1.3
% Termination reason: Instruction limit
% Termination phase: Saturation
% Time elapsed: 0.367 s
% Peak memory usage: 37 MB
% Instructions burned: 2470 (million)
% dis+1011_128_sil=4000:tgt=full:sos=on:spb=goal:lsd=100:bsr=on:br=off:random_seed=1767407988:i=242:sd=1:gtg=position:ss=axioms:sgt=64_223 on p for (223ds/242Mi)
% Refutation not found, incomplete strategy
% ------------------------------
% Version: Vampire 5.0.1 (Release build, commit 1b13eaf on 2026-01-18 12:14:50 +0000)
% Linked with Z3 4.14.0.0 3c47fd96cf5645d0c42b2c819d9e9a84380aa721 NOTFOUND
% CaDiCaL version: 2.1.3
% Termination reason: Refutation not found, incomplete strategy
% Time elapsed: 0.0000 s
% Peak memory usage: 12 MB
% ------------------------------
% ------------------------------
% lrs-1011_12_to=lpo:sil=8000:prc=on:drc=off:sp=reverse_frequency:erd=off:lsd=1:urr=on:bce=on:rp=on:nwc=0.6:newcnf=on:avsqc=1:random_seed=446716739:avsq=on:s2a=on:i=242:bd=preordered:nm=2:fsd=on_223 on p for (223ds/242Mi)
% Instruction limit reached! 
% ------------------------------
% Version: Vampire 5.0.1 (Release build, commit 1b13eaf on 2026-01-18 12:14:50 +0000)
% Linked with Z3 4.14.0.0 3c47fd96cf5645d0c42b2c819d9e9a84380aa721 NOTFOUND
% CaDiCaL version: 2.1.3
% Termination reason: Instruction limit
% Termination phase: Saturation
% Time elapsed: 0.031 s
% Peak memory usage: 16 MB
% Instructions burned: 249 (million)
% dis+1010_6_sil=16000:tgt=full:sp=unary_first:nwc=2:random_seed=3876456636:s2a=on:i=2051:sd=1:nm=4:gsp=on:ss=included_223 on p for (223ds/2051Mi)
% Instruction limit reached! 
% ------------------------------
% Version: Vampire 5.0.1 (Release build, commit 1b13eaf on 2026-01-18 12:14:50 +0000)
% Linked with Z3 4.14.0.0 3c47fd96cf5645d0c42b2c819d9e9a84380aa721 NOTFOUND
% CaDiCaL version: 2.1.3
% Termination reason: Instruction limit
% Termination phase: Saturation
% Time elapsed: 0.281 s
% Peak memory usage: 21 MB
% Instructions burned: 2051 (million)
% lrs-1011_1_to=lpo:sil=2000:plsq=on:plsqr=128,1:flr=on:random_seed=3891517568:i=253:gtgl=2:sd=1:gtg=exists_all:ss=axioms_220 on p for (220ds/253Mi)
% Instruction limit reached! 
% ------------------------------
% Version: Vampire 5.0.1 (Release build, commit 1b13eaf on 2026-01-18 12:14:50 +0000)
% Linked with Z3 4.14.0.0 3c47fd96cf5645d0c42b2c819d9e9a84380aa721 NOTFOUND
% CaDiCaL version: 2.1.3
% Termination reason: Instruction limit
% Termination phase: Saturation
% Time elapsed: 0.072 s
% Peak memory usage: 16 MB
% Instructions burned: 259 (million)
% lrs+10_1_slsqr=8,1:sil=16000:plsq=on:plsqr=32,1:sp=unary_first:erd=off:spb=units:lcm=reverse:urr=on:slsqc=1:flr=on:slsq=on:random_seed=1362123081:i=256:s2at=9:bd=preordered:av=off:fsr=off:fdi=8_219 on p for (219ds/256Mi)
% Instruction limit reached! 
% ------------------------------
% Version: Vampire 5.0.1 (Release build, commit 1b13eaf on 2026-01-18 12:14:50 +0000)
% Linked with Z3 4.14.0.0 3c47fd96cf5645d0c42b2c819d9e9a84380aa721 NOTFOUND
% CaDiCaL version: 2.1.3
% Termination reason: Instruction limit
% Termination phase: Saturation
% Time elapsed: 0.042 s
% Peak memory usage: 14 MB
% Instructions burned: 263 (million)
% dis+11_1_to=lpo:sil=32000:tgt=full:plsq=on:fde=unused:plsqc=1:plsqr=128,1:sos=on:erd=off:plsql=on:newcnf=on:random_seed=2013330143:s2pl=on:cts=off:i=259:bs=on:av=off:fsr=off:ss=axioms:fsd=on:sgt=32:rawr=on_219 on p for (219ds/259Mi)
% Refutation not found, incomplete strategy
% ------------------------------
% Version: Vampire 5.0.1 (Release build, commit 1b13eaf on 2026-01-18 12:14:50 +0000)
% Linked with Z3 4.14.0.0 3c47fd96cf5645d0c42b2c819d9e9a84380aa721 NOTFOUND
% CaDiCaL version: 2.1.3
% Termination reason: Refutation not found, incomplete strategy
% Time elapsed: 0.001 s
% Peak memory usage: 12 MB
% ------------------------------
% ------------------------------
% lrs-1010_16:1_sil=8000:sp=occurrence:sos=on:acc=on:random_seed=556862952:i=1549:sd=1:nm=12:fsr=off:ss=included_218 on p for (218ds/1549Mi)
% Refutation not found, incomplete strategy
% ------------------------------
% Version: Vampire 5.0.1 (Release build, commit 1b13eaf on 2026-01-18 12:14:50 +0000)
% Linked with Z3 4.14.0.0 3c47fd96cf5645d0c42b2c819d9e9a84380aa721 NOTFOUND
% CaDiCaL version: 2.1.3
% Termination reason: Refutation not found, incomplete strategy
% Time elapsed: 0.002 s
% Peak memory usage: 12 MB
% ------------------------------
% ------------------------------
% lrs+33_2003:644_sil=4000:sp=reverse_frequency:lcm=predicate:urr=on:s2agt=10:random_seed=1698405928:s2a=on:i=751:bd=preordered:ins=1:fdi=8:gsp=on_218 on p for (218ds/751Mi)
% Instruction limit reached! 
% ------------------------------
% Version: Vampire 5.0.1 (Release build, commit 1b13eaf on 2026-01-18 12:14:50 +0000)
% Linked with Z3 4.14.0.0 3c47fd96cf5645d0c42b2c819d9e9a84380aa721 NOTFOUND
% CaDiCaL version: 2.1.3
% Termination reason: Instruction limit
% Termination phase: Saturation
% Time elapsed: 0.124 s
% Peak memory usage: 19 MB
% Instructions burned: 753 (million)
% lrs+10_1_sil=16000:sp=occurrence:urr=on:br=off:random_seed=1787752873:st=5:s2a=on:i=758:s2at=2:sd=2:nm=2:gtg=exists_top:sup=off:ss=axioms_217 on p for (217ds/758Mi)
% Refutation not found, incomplete strategy
% ------------------------------
% Version: Vampire 5.0.1 (Release build, commit 1b13eaf on 2026-01-18 12:14:50 +0000)
% Linked with Z3 4.14.0.0 3c47fd96cf5645d0c42b2c819d9e9a84380aa721 NOTFOUND
% CaDiCaL version: 2.1.3
% Termination reason: Refutation not found, incomplete strategy
% Time elapsed: 0.0000 s
% Peak memory usage: 12 MB
% ------------------------------
% ------------------------------
% lrs+1010_64_to=lpo:sil=2000:fde=none:sp=const_max:sos=on:urr=ec_only:bsr=unit_only:fd=off:rp=on:br=off:alpa=true:sac=on:random_seed=1544784219:avsq=on:i=596:avsqr=8,1:ins=2:fdi=1024:rawr=on_217 on p for (217ds/596Mi)
% Refutation not found, incomplete strategy
% ------------------------------
% Version: Vampire 5.0.1 (Release build, commit 1b13eaf on 2026-01-18 12:14:50 +0000)
% Linked with Z3 4.14.0.0 3c47fd96cf5645d0c42b2c819d9e9a84380aa721 NOTFOUND
% CaDiCaL version: 2.1.3
% Termination reason: Refutation not found, incomplete strategy
% Time elapsed: 0.0000 s
% Peak memory usage: 12 MB
% ------------------------------
% ------------------------------
% ott+1011_2:7_to=lpo:sil=2000:tgt=full:plsq=on:fde=none:plsqc=5:sims=off:sp=unary_first:spb=non_intro:lsd=10:plsql=on:nwc=20:s2agt=128:random_seed=1229373448:s2a=on:i=1443:s2at=3:bd=preordered:av=off:gtg=exists_top:fdi=8_217 on p for (217ds/1443Mi)
% Instruction limit reached! 
% ------------------------------
% Version: Vampire 5.0.1 (Release build, commit 1b13eaf on 2026-01-18 12:14:50 +0000)
% Linked with Z3 4.14.0.0 3c47fd96cf5645d0c42b2c819d9e9a84380aa721 NOTFOUND
% CaDiCaL version: 2.1.3
% Termination reason: Instruction limit
% Termination phase: Saturation
% Time elapsed: 0.227 s
% Peak memory usage: 27 MB
% Instructions burned: 1444 (million)
% lrs-1011_4_to=lpo:sil=2000:sp=arity:flr=on:random_seed=3160898063:st=3:i=268:bd=preordered:ss=axioms_214 on p for (214ds/268Mi)
% Instruction limit reached! 
% ------------------------------
% Version: Vampire 5.0.1 (Release build, commit 1b13eaf on 2026-01-18 12:14:50 +0000)
% Linked with Z3 4.14.0.0 3c47fd96cf5645d0c42b2c819d9e9a84380aa721 NOTFOUND
% CaDiCaL version: 2.1.3
% Termination reason: Instruction limit
% Termination phase: Saturation
% Time elapsed: 0.039 s
% Peak memory usage: 15 MB
% Instructions burned: 270 (million)
% lrs+1011_4_sfv=off:to=lpo:sil=2000:fde=none:sp=const_frequency:sos=all:br=off:random_seed=1432643144:st=4:i=269:sd=3:doe=on:ins=10:av=off:ss=axioms_214 on p for (214ds/269Mi)
% Refutation not found, incomplete strategy
% ------------------------------
% Version: Vampire 5.0.1 (Release build, commit 1b13eaf on 2026-01-18 12:14:50 +0000)
% Linked with Z3 4.14.0.0 3c47fd96cf5645d0c42b2c819d9e9a84380aa721 NOTFOUND
% CaDiCaL version: 2.1.3
% Termination reason: Refutation not found, incomplete strategy
% Time elapsed: 0.0000 s
% Peak memory usage: 9 MB
% ------------------------------
% ------------------------------
% dis+1011_10_to=lpo:sil=4000:sp=const_min:erd=off:spb=non_intro:bsr=unit_only:rp=on:flr=on:newcnf=on:random_seed=1850726969:cts=off:s2a=on:i=269:s2at=5:bd=preordered:av=off:fsr=off:rawr=on_214 on p for (214ds/269Mi)
% Instruction limit reached! 
% ------------------------------
% Version: Vampire 5.0.1 (Release build, commit 1b13eaf on 2026-01-18 12:14:50 +0000)
% Linked with Z3 4.14.0.0 3c47fd96cf5645d0c42b2c819d9e9a84380aa721 NOTFOUND
% CaDiCaL version: 2.1.3
% Termination reason: Instruction limit
% Termination phase: Saturation
% Time elapsed: 0.085 s
% Peak memory usage: 13 MB
% Instructions burned: 270 (million)
% lrs+10_3_sil=8000:tgt=ground:fde=none:sp=reverse_arity:lcm=predicate:random_seed=3548979855:i=3317:sd=1:av=off:ss=axioms:sgt=50_213 on p for (213ds/3317Mi)
% Instruction limit reached! 
% ------------------------------
% Version: Vampire 5.0.1 (Release build, commit 1b13eaf on 2026-01-18 12:14:50 +0000)
% Linked with Z3 4.14.0.0 3c47fd96cf5645d0c42b2c819d9e9a84380aa721 NOTFOUND
% CaDiCaL version: 2.1.3
% Termination reason: Instruction limit
% Termination phase: Saturation
% Time elapsed: 0.539 s
% Peak memory usage: 69 MB
% Instructions burned: 3320 (million)
% ott+11_3_sfv=off:sil=2000:tgt=full:sp=reverse_frequency:spb=goal_then_units:urr=on:nwc=5:s2agt=100:br=off:kmz=on:updr=off:slsq=on:random_seed=2859331832:s2a=on:i=286:kws=precedence:bd=preordered:ins=20:av=off_207 on p for (207ds/286Mi)
% Instruction limit reached! 
% ------------------------------
% Version: Vampire 5.0.1 (Release build, commit 1b13eaf on 2026-01-18 12:14:50 +0000)
% Linked with Z3 4.14.0.0 3c47fd96cf5645d0c42b2c819d9e9a84380aa721 NOTFOUND
% CaDiCaL version: 2.1.3
% Termination reason: Instruction limit
% Termination phase: Saturation
% Time elapsed: 0.082 s
% Peak memory usage: 15 MB
% Instructions burned: 292 (million)
% lrs+1010_1_to=lpo:sil=4000:plsq=on:plsqr=64,1:sos=on:spb=goal:alpa=true:random_seed=1710634345:st=2:i=1238:sd=2:fsr=off:ss=axioms:fsd=on_206 on p for (206ds/1238Mi)
% Refutation not found, incomplete strategy
% ------------------------------
% Version: Vampire 5.0.1 (Release build, commit 1b13eaf on 2026-01-18 12:14:50 +0000)
% Linked with Z3 4.14.0.0 3c47fd96cf5645d0c42b2c819d9e9a84380aa721 NOTFOUND
% CaDiCaL version: 2.1.3
% Termination reason: Refutation not found, incomplete strategy
% Time elapsed: 0.0000 s
% Peak memory usage: 12 MB
% ------------------------------
% ------------------------------
% lrs+1002_8:1_sil=4000:urr=on:br=off:random_seed=233031700:st=3:s2a=on:i=291:s2at=2:sd=1:doe=on:av=off:ss=axioms_206 on p for (206ds/291Mi)
% Instruction limit reached! 
% ------------------------------
% Version: Vampire 5.0.1 (Release build, commit 1b13eaf on 2026-01-18 12:14:50 +0000)
% Linked with Z3 4.14.0.0 3c47fd96cf5645d0c42b2c819d9e9a84380aa721 NOTFOUND
% CaDiCaL version: 2.1.3
% Termination reason: Instruction limit
% Termination phase: Saturation
% Time elapsed: 0.045 s
% Peak memory usage: 17 MB
% Instructions burned: 291 (million)
% lrs+10_1_sfv=off:to=lpo:sil=2000:sos=all:lma=off:random_seed=2268135006:st=1.5:i=291:gtgl=2:sd=2:av=off:gtg=exists_sym:ss=axioms_205 on p for (205ds/291Mi)
% Instruction limit reached! 
% ------------------------------
% Version: Vampire 5.0.1 (Release build, commit 1b13eaf on 2026-01-18 12:14:50 +0000)
% Linked with Z3 4.14.0.0 3c47fd96cf5645d0c42b2c819d9e9a84380aa721 NOTFOUND
% CaDiCaL version: 2.1.3
% Termination reason: Instruction limit
% Termination phase: Saturation
% Time elapsed: 0.050 s
% Peak memory usage: 17 MB
% Instructions burned: 291 (million)
% dis-1011_5:1_anc=all_dependent:sil=4000:erd=off:lsd=60:alpa=true:sac=on:random_seed=211405933:avsq=on:i=300:ep=R:gsp=on_205 on p for (205ds/300Mi)
% Refutation not found, incomplete strategy
% ------------------------------
% Version: Vampire 5.0.1 (Release build, commit 1b13eaf on 2026-01-18 12:14:50 +0000)
% Linked with Z3 4.14.0.0 3c47fd96cf5645d0c42b2c819d9e9a84380aa721 NOTFOUND
% CaDiCaL version: 2.1.3
% Termination reason: Refutation not found, incomplete strategy
% Time elapsed: 0.001 s
% Peak memory usage: 12 MB
% ------------------------------
% ------------------------------
% lrs-1011_8:1_to=lpo:sil=8000:sp=unary_first:bsr=on:fd=off:random_seed=1913880290:i=305_205 on p for (205ds/305Mi)
% Instruction limit reached! 
% ------------------------------
% Version: Vampire 5.0.1 (Release build, commit 1b13eaf on 2026-01-18 12:14:50 +0000)
% Linked with Z3 4.14.0.0 3c47fd96cf5645d0c42b2c819d9e9a84380aa721 NOTFOUND
% CaDiCaL version: 2.1.3
% Termination reason: Instruction limit
% Termination phase: Saturation
% Time elapsed: 0.051 s
% Peak memory usage: 18 MB
% Instructions burned: 312 (million)
% lrs+1011_3:1_sil=2000:plsq=on:plsqc=1:plsqr=32,1:sos=all:bsr=unit_only:s2agt=8:random_seed=2902129842:s2a=on:i=511:bd=all:nm=4:av=off:ss=axioms:sgt=8_204 on p for (204ds/511Mi)
% Refutation not found, incomplete strategy
% ------------------------------
% Version: Vampire 5.0.1 (Release build, commit 1b13eaf on 2026-01-18 12:14:50 +0000)
% Linked with Z3 4.14.0.0 3c47fd96cf5645d0c42b2c819d9e9a84380aa721 NOTFOUND
% CaDiCaL version: 2.1.3
% Termination reason: Refutation not found, incomplete strategy
% Time elapsed: 0.001 s
% Peak memory usage: 12 MB
% ------------------------------
% ------------------------------
% dis-1010_16:1_to=lpo:sil=16000:fde=unused:fd=off:newcnf=on:slsq=on:random_seed=3203661350:s2a=on:i=1555:nm=2:gtg=position:ss=axioms_204 on p for (204ds/1555Mi)
% Refutation not found, incomplete strategy
% ------------------------------
% Version: Vampire 5.0.1 (Release build, commit 1b13eaf on 2026-01-18 12:14:50 +0000)
% Linked with Z3 4.14.0.0 3c47fd96cf5645d0c42b2c819d9e9a84380aa721 NOTFOUND
% CaDiCaL version: 2.1.3
% Termination reason: Refutation not found, incomplete strategy
% Time elapsed: 0.002 s
% Peak memory usage: 12 MB
% ------------------------------
% ------------------------------
% lrs-1010_20_sil=4000:prc=on:drc=ordering:fde=unused:sp=const_min:sos=all:spb=goal:urr=ec_only:nwc=8:br=off:lftc=40:random_seed=730308330:s2a=on:i=744:aac=none:doe=on:bd=preordered:amm=off:fdi=8_204 on p for (204ds/744Mi)
% Refutation not found, incomplete strategy
% ------------------------------
% Version: Vampire 5.0.1 (Release build, commit 1b13eaf on 2026-01-18 12:14:50 +0000)
% Linked with Z3 4.14.0.0 3c47fd96cf5645d0c42b2c819d9e9a84380aa721 NOTFOUND
% CaDiCaL version: 2.1.3
% Termination reason: Refutation not found, incomplete strategy
% Time elapsed: 0.0000 s
% Peak memory usage: 12 MB
% ------------------------------
% ------------------------------
% lrs+10_7_to=lpo:sil=64000:tgt=ground:drc=off:fde=none:sp=const_frequency:slsqc=4:slsq=on:random_seed=524559054:i=10680:bd=all:gtg=exists_sym_204 on p for (204ds/10680Mi)
% Instruction limit reached! 
% ------------------------------
% Version: Vampire 5.0.1 (Release build, commit 1b13eaf on 2026-01-18 12:14:50 +0000)
% Linked with Z3 4.14.0.0 3c47fd96cf5645d0c42b2c819d9e9a84380aa721 NOTFOUND
% CaDiCaL version: 2.1.3
% Termination reason: Instruction limit
% Termination phase: Saturation
% Time elapsed: 1.700 s
% Peak memory usage: 68 MB
% Instructions burned: 10685 (million)
% dis-1002_7_anc=all_dependent:to=kbo:sil=16000:drc=off:etr=on:sos=on:nwc=1:kmz=on:newcnf=on:random_seed=3584298278:i=317:kws=frequency:doe=on:bs=unit_only:nm=0:ins=10:amm=off:gtg=exists_sym_187 on p for (187ds/317Mi)
% Instruction limit reached! 
% ------------------------------
% Version: Vampire 5.0.1 (Release build, commit 1b13eaf on 2026-01-18 12:14:50 +0000)
% Linked with Z3 4.14.0.0 3c47fd96cf5645d0c42b2c819d9e9a84380aa721 NOTFOUND
% CaDiCaL version: 2.1.3
% Termination reason: Instruction limit
% Termination phase: Saturation
% Time elapsed: 0.047 s
% Peak memory usage: 13 MB
% Instructions burned: 320 (million)
% dis+1010_3_sil=4000:sp=const_frequency:sos=on:rnwc=on:nwc=3:flr=on:random_seed=2926281974:i=317:add=off:doe=on:nicw=on_186 on p for (186ds/317Mi)
% Refutation not found, incomplete strategy
% ------------------------------
% Version: Vampire 5.0.1 (Release build, commit 1b13eaf on 2026-01-18 12:14:50 +0000)
% Linked with Z3 4.14.0.0 3c47fd96cf5645d0c42b2c819d9e9a84380aa721 NOTFOUND
% CaDiCaL version: 2.1.3
% Termination reason: Refutation not found, incomplete strategy
% Time elapsed: 0.001 s
% Peak memory usage: 12 MB
% ------------------------------
% ------------------------------
% dis+1002_2_sil=4000:nwc=1:slsqc=2:flr=on:newcnf=on:slsq=on:random_seed=323241696:s2a=on:i=2524:s2at=1.5:sd=5:ep=R:ss=axioms:sgt=16_186 on p for (186ds/2524Mi)
% Refutation not found, incomplete strategy
% ------------------------------
% Version: Vampire 5.0.1 (Release build, commit 1b13eaf on 2026-01-18 12:14:50 +0000)
% Linked with Z3 4.14.0.0 3c47fd96cf5645d0c42b2c819d9e9a84380aa721 NOTFOUND
% CaDiCaL version: 2.1.3
% Termination reason: Refutation not found, incomplete strategy
% Time elapsed: 0.0000 s
% Peak memory usage: 12 MB
% ------------------------------
% ------------------------------
% lrs+1002_1_sil=4000:sims=off:sos=on:bsr=on:fd=off:slsqc=1:slsq=on:random_seed=1030872541:i=544:s2at=2:gtg=all_186 on p for (186ds/544Mi)
% Instruction limit reached! 
% ------------------------------
% Version: Vampire 5.0.1 (Release build, commit 1b13eaf on 2026-01-18 12:14:50 +0000)
% Linked with Z3 4.14.0.0 3c47fd96cf5645d0c42b2c819d9e9a84380aa721 NOTFOUND
% CaDiCaL version: 2.1.3
% Termination reason: Instruction limit
% Termination phase: Saturation
% Time elapsed: 0.085 s
% Peak memory usage: 24 MB
% Instructions burned: 550 (million)
% lrs+1002_32_sil=2000:sp=occurrence:sos=on:erd=off:random_seed=1802645635:st=3:cts=off:i=548:sd=5:ss=included_185 on p for (185ds/548Mi)
% Refutation not found, incomplete strategy
% ------------------------------
% Version: Vampire 5.0.1 (Release build, commit 1b13eaf on 2026-01-18 12:14:50 +0000)
% Linked with Z3 4.14.0.0 3c47fd96cf5645d0c42b2c819d9e9a84380aa721 NOTFOUND
% CaDiCaL version: 2.1.3
% Termination reason: Refutation not found, incomplete strategy
% Time elapsed: 0.0000 s
% Peak memory usage: 12 MB
% ------------------------------
% ------------------------------
% lrs+1_1_sil=8000:plsq=on:sos=on:lcm=reverse:random_seed=1822297912:s2a=on:i=6200:s2at=2:sd=1:ss=included_185 on p for (185ds/6200Mi)
% Refutation not found, incomplete strategy
% ------------------------------
% Version: Vampire 5.0.1 (Release build, commit 1b13eaf on 2026-01-18 12:14:50 +0000)
% Linked with Z3 4.14.0.0 3c47fd96cf5645d0c42b2c819d9e9a84380aa721 NOTFOUND
% CaDiCaL version: 2.1.3
% Termination reason: Refutation not found, incomplete strategy
% Time elapsed: 0.0000 s
% Peak memory usage: 12 MB
% ------------------------------
% ------------------------------
% lrs-1011_16:1_sil=8000:fde=none:sp=occurrence:urr=on:s2agt=64:newcnf=on:random_seed=537059432:s2a=on:i=567:sd=2:av=off:ss=axioms_185 on p for (185ds/567Mi)
% Refutation not found, incomplete strategy
% ------------------------------
% Version: Vampire 5.0.1 (Release build, commit 1b13eaf on 2026-01-18 12:14:50 +0000)
% Linked with Z3 4.14.0.0 3c47fd96cf5645d0c42b2c819d9e9a84380aa721 NOTFOUND
% CaDiCaL version: 2.1.3
% Termination reason: Refutation not found, incomplete strategy
% Time elapsed: 0.0000 s
% Peak memory usage: 9 MB
% ------------------------------
% ------------------------------
% lrs+10_1024_sil=4000:sp=occurrence:sos=all:urr=on:rnwc=on:nwc=0.5:br=off:random_seed=1105904289:st=4:i=335:sd=4:ep=RST:ss=included_185 on p for (185ds/335Mi)
% Instruction limit reached! 
% ------------------------------
% Version: Vampire 5.0.1 (Release build, commit 1b13eaf on 2026-01-18 12:14:50 +0000)
% Linked with Z3 4.14.0.0 3c47fd96cf5645d0c42b2c819d9e9a84380aa721 NOTFOUND
% CaDiCaL version: 2.1.3
% Termination reason: Instruction limit
% Termination phase: Saturation
% Time elapsed: 0.040 s
% Peak memory usage: 15 MB
% Instructions burned: 337 (million)
% lrs-1010_1_to=lpo:sil=4000:fde=none:sp=unary_frequency:sos=on:spb=units:random_seed=3772293333:st=2:cts=off:i=2004:sd=2:ins=10:av=off:ss=included_185 on p for (185ds/2004Mi)
% Refutation not found, incomplete strategy
% ------------------------------
% Version: Vampire 5.0.1 (Release build, commit 1b13eaf on 2026-01-18 12:14:50 +0000)
% Linked with Z3 4.14.0.0 3c47fd96cf5645d0c42b2c819d9e9a84380aa721 NOTFOUND
% CaDiCaL version: 2.1.3
% Termination reason: Refutation not found, incomplete strategy
% Time elapsed: 0.0000 s
% Peak memory usage: 9 MB
% ------------------------------
% ------------------------------
% lrs+1002_128_anc=all:to=lpo:sil=16000:drc=ordering:sp=reverse_frequency:fd=off:sac=on:random_seed=3707784520:lrd=on:i=338:fgj=on:bd=all:ins=7_185 on p for (185ds/338Mi)
% Instruction limit reached! 
% ------------------------------
% Version: Vampire 5.0.1 (Release build, commit 1b13eaf on 2026-01-18 12:14:50 +0000)
% Linked with Z3 4.14.0.0 3c47fd96cf5645d0c42b2c819d9e9a84380aa721 NOTFOUND
% CaDiCaL version: 2.1.3
% Termination reason: Instruction limit
% Termination phase: Saturation
% Time elapsed: 0.052 s
% Peak memory usage: 17 MB
% Instructions burned: 341 (million)
% dis+1011_4_sil=4000:fde=unused:bsr=on:nwc=5:slsqc=1:slsq=on:random_seed=2664096671:i=819:s2at=-1:slsql=off:ep=R:ins=1:av=off:gsp=on_184 on p for (184ds/819Mi)
% Refutation not found, incomplete strategy
% ------------------------------
% Version: Vampire 5.0.1 (Release build, commit 1b13eaf on 2026-01-18 12:14:50 +0000)
% Linked with Z3 4.14.0.0 3c47fd96cf5645d0c42b2c819d9e9a84380aa721 NOTFOUND
% CaDiCaL version: 2.1.3
% Termination reason: Refutation not found, incomplete strategy
% Time elapsed: 0.0000 s
% Peak memory usage: 12 MB
% ------------------------------
% ------------------------------
% dis+10_16:1_sil=4000:urr=on:bce=on:rnwc=on:br=off:slsq=on:random_seed=953413652:st=1.78:s2a=on:i=608:s2at=7.4:sd=11:av=off:ss=included_184 on p for (184ds/608Mi)
% Instruction limit reached! 
% ------------------------------
% Version: Vampire 5.0.1 (Release build, commit 1b13eaf on 2026-01-18 12:14:50 +0000)
% Linked with Z3 4.14.0.0 3c47fd96cf5645d0c42b2c819d9e9a84380aa721 NOTFOUND
% CaDiCaL version: 2.1.3
% Termination reason: Instruction limit
% Termination phase: Saturation
% Time elapsed: 0.080 s
% Peak memory usage: 14 MB
% Instructions burned: 610 (million)
% dis+1002_24_anc=all_dependent:slsqr=4,3:sil=2000:tgt=ground:sims=off:sas=cadical:spb=non_intro:acc=on:bsr=on:gs=on:slsqc=1:alpa=random:flr=on:sac=on:slsq=on:random_seed=3761665207:st=1.2:cts=off:s2a=on:i=363:add=on:kws=inv_arity_squared:nm=16:ins=1:ss=axioms:rawr=on_183 on p for (183ds/363Mi)
% Refutation not found, incomplete strategy
% ------------------------------
% Version: Vampire 5.0.1 (Release build, commit 1b13eaf on 2026-01-18 12:14:50 +0000)
% Linked with Z3 4.14.0.0 3c47fd96cf5645d0c42b2c819d9e9a84380aa721 NOTFOUND
% CaDiCaL version: 2.1.3
% Termination reason: Refutation not found, incomplete strategy
% Time elapsed: 0.001 s
% Peak memory usage: 13 MB
% ------------------------------
% ------------------------------
% lrs+10_10_sil=4000:tgt=full:prc=on:drc=off:sp=const_min:sos=on:urr=on:rnwc=on:br=off:random_seed=2773715095:i=646:av=off:proc=on_183 on p for (183ds/646Mi)
% Refutation not found, incomplete strategy
% ------------------------------
% Version: Vampire 5.0.1 (Release build, commit 1b13eaf on 2026-01-18 12:14:50 +0000)
% Linked with Z3 4.14.0.0 3c47fd96cf5645d0c42b2c819d9e9a84380aa721 NOTFOUND
% CaDiCaL version: 2.1.3
% Termination reason: Refutation not found, incomplete strategy
% Time elapsed: 0.0000 s
% Peak memory usage: 9 MB
% ------------------------------
% ------------------------------
% ott+1002_24_to=lpo:sil=2000:sp=occurrence:urr=on:bce=on:s2agt=32:br=off:slsqc=1:slsq=on:random_seed=986419571:st=2.7:s2a=on:i=382:s2at=1.1:sd=3:nm=0:ins=25:av=off:ss=axioms:sgt=15_183 on p for (183ds/382Mi)
% Instruction limit reached! 
% ------------------------------
% Version: Vampire 5.0.1 (Release build, commit 1b13eaf on 2026-01-18 12:14:50 +0000)
% Linked with Z3 4.14.0.0 3c47fd96cf5645d0c42b2c819d9e9a84380aa721 NOTFOUND
% CaDiCaL version: 2.1.3
% Termination reason: Instruction limit
% Termination phase: Saturation
% Time elapsed: 0.062 s
% Peak memory usage: 18 MB
% Instructions burned: 386 (million)
% dis+1011_2:3_anc=all_dependent:sil=2000:plsq=on:plsqc=2:sas=cadical:plsqr=44827,1048576:sos=on:erd=off:bsr=unit_only:plsql=on:sac=on:avsqc=1:random_seed=3230555202:avsq=on:i=666:avsqr=1,16:bs=unit_only:bd=all_183 on p for (183ds/666Mi)
% Refutation not found, incomplete strategy
% ------------------------------
% Version: Vampire 5.0.1 (Release build, commit 1b13eaf on 2026-01-18 12:14:50 +0000)
% Linked with Z3 4.14.0.0 3c47fd96cf5645d0c42b2c819d9e9a84380aa721 NOTFOUND
% CaDiCaL version: 2.1.3
% Termination reason: Refutation not found, incomplete strategy
% Time elapsed: 0.0000 s
% Peak memory usage: 12 MB
% ------------------------------
% ------------------------------
% lrs-1010_1_sil=2000:sp=occurrence:random_seed=1732581856:st=2:i=953:sd=3:ss=axioms:sgt=10_183 on p for (183ds/953Mi)
% Instruction limit reached! 
% ------------------------------
% Version: Vampire 5.0.1 (Release build, commit 1b13eaf on 2026-01-18 12:14:50 +0000)
% Linked with Z3 4.14.0.0 3c47fd96cf5645d0c42b2c819d9e9a84380aa721 NOTFOUND
% CaDiCaL version: 2.1.3
% Termination reason: Instruction limit
% Termination phase: Saturation
% Time elapsed: 0.140 s
% Peak memory usage: 28 MB
% Instructions burned: 960 (million)
% lrs+1002_1_sil=8000:sp=occurrence:sos=on:random_seed=779664854:st=4:cts=off:i=708:sd=2:ep=R:ss=axioms_181 on p for (181ds/708Mi)
% Refutation not found, incomplete strategy
% ------------------------------
% Version: Vampire 5.0.1 (Release build, commit 1b13eaf on 2026-01-18 12:14:50 +0000)
% Linked with Z3 4.14.0.0 3c47fd96cf5645d0c42b2c819d9e9a84380aa721 NOTFOUND
% CaDiCaL version: 2.1.3
% Termination reason: Refutation not found, incomplete strategy
% Time elapsed: 0.0000 s
% Peak memory usage: 12 MB
% ------------------------------
% ------------------------------
% dis-1011_8_sil=4000:plsq=on:prc=on:fde=unused:plsqr=64,1:sp=reverse_frequency:erd=off:spb=goal_then_units:bsr=unit_only:s2agt=60:kmz=on:flr=on:random_seed=3390516921:s2a=on:i=413:kws=inv_arity:doe=on:bs=on:bd=preordered:nm=32:av=off:fsr=off:fsd=on_181 on p for (181ds/413Mi)
% Instruction limit reached! 
% ------------------------------
% Version: Vampire 5.0.1 (Release build, commit 1b13eaf on 2026-01-18 12:14:50 +0000)
% Linked with Z3 4.14.0.0 3c47fd96cf5645d0c42b2c819d9e9a84380aa721 NOTFOUND
% CaDiCaL version: 2.1.3
% Termination reason: Instruction limit
% Termination phase: Saturation
% Time elapsed: 0.064 s
% Peak memory usage: 16 MB
% Instructions burned: 419 (million)
% lrs+10_5:1_to=lpo:sil=2000:plsq=on:plsqc=1:plsqr=64,1:sp=reverse_frequency:urr=on:fd=preordered:nwc=1:br=off:flr=on:random_seed=1630466188:s2a=on:i=429:s2at=5:nm=2:ins=1:sup=off_180 on p for (180ds/429Mi)
% Refutation not found, incomplete strategy
% ------------------------------
% Version: Vampire 5.0.1 (Release build, commit 1b13eaf on 2026-01-18 12:14:50 +0000)
% Linked with Z3 4.14.0.0 3c47fd96cf5645d0c42b2c819d9e9a84380aa721 NOTFOUND
% CaDiCaL version: 2.1.3
% Termination reason: Refutation not found, incomplete strategy
% Time elapsed: 0.0000 s
% Peak memory usage: 12 MB
% ------------------------------
% ------------------------------
% dis+10_4096_to=lpo:sil=2000:drc=ordering:urr=ec_only:fd=preordered:nwc=5:br=off:random_seed=3293376573:i=432:gtgl=4:fgj=on:gtg=exists_all:ss=axioms_180 on p for (180ds/432Mi)
% Instruction limit reached! 
% ------------------------------
% Version: Vampire 5.0.1 (Release build, commit 1b13eaf on 2026-01-18 12:14:50 +0000)
% Linked with Z3 4.14.0.0 3c47fd96cf5645d0c42b2c819d9e9a84380aa721 NOTFOUND
% CaDiCaL version: 2.1.3
% Termination reason: Instruction limit
% Termination phase: Saturation
% Time elapsed: 0.063 s
% Peak memory usage: 14 MB
% Instructions burned: 436 (million)
% lrs+1010_2_to=lpo:sil=4000:tgt=full:sp=reverse_frequency:spb=goal_then_units:acc=on:fd=preordered:sac=on:random_seed=3520136095:i=3109:gtgl=2:gtg=exists_sym_180 on p for (180ds/3109Mi)
% Instruction limit reached! 
% ------------------------------
% Version: Vampire 5.0.1 (Release build, commit 1b13eaf on 2026-01-18 12:14:50 +0000)
% Linked with Z3 4.14.0.0 3c47fd96cf5645d0c42b2c819d9e9a84380aa721 NOTFOUND
% CaDiCaL version: 2.1.3
% Termination reason: Instruction limit
% Termination phase: Saturation
% Time elapsed: 0.529 s
% Peak memory usage: 53 MB
% Instructions burned: 3111 (million)
% dis+1011_32:1_slsqr=1,16:sil=4000:lcm=reverse:urr=on:slsqc=4:flr=on:slsq=on:random_seed=1960840665:st=4:i=438:s2at=2:sd=3:slsql=off:ep=RST:fdi=2:ss=axioms_174 on p for (174ds/438Mi)
% Aborted by signal SIGSEGV on /tmp/tmpfk6tsgmb/p.p
% ------------------------------
% Version: Vampire 5.0.1 (Release build, commit 1b13eaf on 2026-01-18 12:14:50 +0000)
% Linked with Z3 4.14.0.0 3c47fd96cf5645d0c42b2c819d9e9a84380aa721 NOTFOUND
% CaDiCaL version: 2.1.3
% Termination reason: Unknown
% Termination phase: Saturation
% Time elapsed: 0.001 s
% Peak memory usage: 9 MB
% lrs+10_64_sil=16000:plsq=on:sp=occurrence:sos=on:urr=full:random_seed=1742222198:st=3.6:i=1466:sd=5:nm=4:ss=included_174 on p for (174ds/1466Mi)
% Refutation not found, incomplete strategy
% ------------------------------
% Version: Vampire 5.0.1 (Release build, commit 1b13eaf on 2026-01-18 12:14:50 +0000)
% Linked with Z3 4.14.0.0 3c47fd96cf5645d0c42b2c819d9e9a84380aa721 NOTFOUND
% CaDiCaL version: 2.1.3
% Termination reason: Refutation not found, incomplete strategy
% Time elapsed: 0.0000 s
% Peak memory usage: 12 MB
% ------------------------------
% ------------------------------
% lrs+1010_2_sil=16000:plsq=on:plsqc=1:erd=off:urr=ec_only:nwc=1:random_seed=1878620500:i=445:fgj=on:ep=RS:av=off:sup=off_174 on p for (174ds/445Mi)
% Refutation not found, incomplete strategy
% ------------------------------
% Version: Vampire 5.0.1 (Release build, commit 1b13eaf on 2026-01-18 12:14:50 +0000)
% Linked with Z3 4.14.0.0 3c47fd96cf5645d0c42b2c819d9e9a84380aa721 NOTFOUND
% CaDiCaL version: 2.1.3
% Termination reason: Refutation not found, incomplete strategy
% Time elapsed: 0.0000 s
% Peak memory usage: 12 MB
% ------------------------------
% ------------------------------
% lrs+1011_4_sil=128000:tgt=ground:acc=on:rp=on:s2agt=23:slsqc=1:alpa=false:flr=on:sac=on:newcnf=on:slsq=on:random_seed=3336360078:cts=off:s2a=on:i=448:add=off:kws=frequency:aac=none:slsql=off:nicw=on:bs=on:bd=preordered:fsr=off:fsd=on_174 on p for (174ds/448Mi)
% Instruction limit reached! 
% ------------------------------
% Version: Vampire 5.0.1 (Release build, commit 1b13eaf on 2026-01-18 12:14:50 +0000)
% Linked with Z3 4.14.0.0 3c47fd96cf5645d0c42b2c819d9e9a84380aa721 NOTFOUND
% CaDiCaL version: 2.1.3
% Termination reason: Instruction limit
% Termination phase: Saturation
% Time elapsed: 0.069 s
% Peak memory usage: 17 MB
% Instructions burned: 448 (million)
% lrs-1010_1_sil=4000:sp=occurrence:sos=on:random_seed=1190456787:i=3603:ss=axioms_173 on p for (173ds/3603Mi)
% Refutation not found, incomplete strategy
% ------------------------------
% Version: Vampire 5.0.1 (Release build, commit 1b13eaf on 2026-01-18 12:14:50 +0000)
% Linked with Z3 4.14.0.0 3c47fd96cf5645d0c42b2c819d9e9a84380aa721 NOTFOUND
% CaDiCaL version: 2.1.3
% Termination reason: Refutation not found, incomplete strategy
% Time elapsed: 0.0000 s
% Peak memory usage: 12 MB
% ------------------------------
% ------------------------------
% ott+10_1_sil=8000:fde=none:sp=occurrence:sos=all:urr=on:br=off:random_seed=1262406246:i=4064:sd=2:kws=inv_frequency:bd=all:gsp=on:sup=off:ss=axioms_173 on p for (173ds/4064Mi)
% Refutation not found, incomplete strategy
% ------------------------------
% Version: Vampire 5.0.1 (Release build, commit 1b13eaf on 2026-01-18 12:14:50 +0000)
% Linked with Z3 4.14.0.0 3c47fd96cf5645d0c42b2c819d9e9a84380aa721 NOTFOUND
% CaDiCaL version: 2.1.3
% Termination reason: Refutation not found, incomplete strategy
% Time elapsed: 0.0000 s
% Peak memory usage: 12 MB
% ------------------------------
% ------------------------------
% lrs+1010_32_to=lpo:sil=2000:fde=none:sas=cadical:sp=occurrence:sos=on:urr=ec_only:br=off:random_seed=4220778591:avsq=on:i=464:avsqr=1,16:bd=preordered:gtg=exists_top_173 on p for (173ds/464Mi)
% Refutation not found, incomplete strategy
% ------------------------------
% Version: Vampire 5.0.1 (Release build, commit 1b13eaf on 2026-01-18 12:14:50 +0000)
% Linked with Z3 4.14.0.0 3c47fd96cf5645d0c42b2c819d9e9a84380aa721 NOTFOUND
% CaDiCaL version: 2.1.3
% Termination reason: Refutation not found, incomplete strategy
% Time elapsed: 0.0000 s
% Peak memory usage: 12 MB
% ------------------------------
% ------------------------------
% dis+35_1024_to=lpo:sil=32000:sos=on:spb=goal:updr=off:random_seed=2187345006:s2pl=on:i=828:nm=4:av=off_173 on p for (173ds/828Mi)
% Refutation not found, incomplete strategy
% ------------------------------
% Version: Vampire 5.0.1 (Release build, commit 1b13eaf on 2026-01-18 12:14:50 +0000)
% Linked with Z3 4.14.0.0 3c47fd96cf5645d0c42b2c819d9e9a84380aa721 NOTFOUND
% CaDiCaL version: 2.1.3
% Termination reason: Refutation not found, incomplete strategy
% Time elapsed: 0.0000 s
% Peak memory usage: 9 MB
% ------------------------------
% ------------------------------
% dis-1011_1024_sil=2000:rp=on:nwc=1:random_seed=1926731563:st=5:i=466:sd=3:av=off:gtg=exists_top:fdi=32:sup=off:ss=axioms:fsd=on_173 on p for (173ds/466Mi)
% Refutation not found, incomplete strategy
% ------------------------------
% Version: Vampire 5.0.1 (Release build, commit 1b13eaf on 2026-01-18 12:14:50 +0000)
% Linked with Z3 4.14.0.0 3c47fd96cf5645d0c42b2c819d9e9a84380aa721 NOTFOUND
% CaDiCaL version: 2.1.3
% Termination reason: Refutation not found, incomplete strategy
% Time elapsed: 0.0000 s
% Peak memory usage: 9 MB
% ------------------------------
% ------------------------------
% lrs-1010_5:4_to=lpo:sil=2000:sp=const_frequency:sos=on:random_seed=3840030941:st=2:cond=fast:i=1578:ss=included:sgt=10_173 on p for (173ds/1578Mi)
% Refutation not found, incomplete strategy
% ------------------------------
% Version: Vampire 5.0.1 (Release build, commit 1b13eaf on 2026-01-18 12:14:50 +0000)
% Linked with Z3 4.14.0.0 3c47fd96cf5645d0c42b2c819d9e9a84380aa721 NOTFOUND
% CaDiCaL version: 2.1.3
% Termination reason: Refutation not found, incomplete strategy
% Time elapsed: 0.0000 s
% Peak memory usage: 12 MB
% ------------------------------
% ------------------------------
% lrs-1011_1_sil=16000:sos=on:lsd=10:newcnf=on:random_seed=1857287319:i=852:sd=1:sup=off:ss=axioms_173 on p for (173ds/852Mi)
% Refutation not found, incomplete strategy
% ------------------------------
% Version: Vampire 5.0.1 (Release build, commit 1b13eaf on 2026-01-18 12:14:50 +0000)
% Linked with Z3 4.14.0.0 3c47fd96cf5645d0c42b2c819d9e9a84380aa721 NOTFOUND
% CaDiCaL version: 2.1.3
% Termination reason: Refutation not found, incomplete strategy
% Time elapsed: 0.0000 s
% Peak memory usage: 11 MB
% ------------------------------
% ------------------------------
% lrs+1010_1_to=lpo:sil=4000:fde=none:sp=arity:sos=on:erd=off:fs=off:random_seed=2014660130:st=1.5:i=488:sd=2:fsr=off:ss=axioms_173 on p for (173ds/488Mi)
% Refutation not found, incomplete strategy
% ------------------------------
% Version: Vampire 5.0.1 (Release build, commit 1b13eaf on 2026-01-18 12:14:50 +0000)
% Linked with Z3 4.14.0.0 3c47fd96cf5645d0c42b2c819d9e9a84380aa721 NOTFOUND
% CaDiCaL version: 2.1.3
% Termination reason: Refutation not found, incomplete strategy
% Time elapsed: 0.0000 s
% Peak memory usage: 12 MB
% ------------------------------
% ------------------------------
% lrs+10_16_anc=all:sil=128000:tgt=full:drc=off:spb=goal:nwc=1:random_seed=2967381351:i=6037:kws=precedence:bd=preordered_173 on p for (173ds/6037Mi)
% Instruction limit reached! 
% ------------------------------
% Version: Vampire 5.0.1 (Release build, commit 1b13eaf on 2026-01-18 12:14:50 +0000)
% Linked with Z3 4.14.0.0 3c47fd96cf5645d0c42b2c819d9e9a84380aa721 NOTFOUND
% CaDiCaL version: 2.1.3
% Termination reason: Instruction limit
% Termination phase: Saturation
% Time elapsed: 0.890 s
% Peak memory usage: 63 MB
% Instructions burned: 6042 (million)
% dis+1010_2_sil=4000:spb=units:rp=on:s2agt=10:slsqc=1:flr=on:slsq=on:random_seed=1413776900:s2pl=no:s2a=on:i=2942:s2at=6:sd=3:ep=R:nm=4:ss=axioms:sgt=40_164 on p for (164ds/2942Mi)
% Refutation not found, incomplete strategy
% ------------------------------
% Version: Vampire 5.0.1 (Release build, commit 1b13eaf on 2026-01-18 12:14:50 +0000)
% Linked with Z3 4.14.0.0 3c47fd96cf5645d0c42b2c819d9e9a84380aa721 NOTFOUND
% CaDiCaL version: 2.1.3
% Termination reason: Refutation not found, incomplete strategy
% Time elapsed: 0.001 s
% Peak memory usage: 12 MB
% ------------------------------
% ------------------------------
% lrs-1011_128_sil=4000:sos=on:erd=off:lsd=10:rnwc=on:fd=off:nwc=3:random_seed=816429079:cts=off:i=511:av=off:fsr=off_164 on p for (164ds/511Mi)
% Refutation not found, incomplete strategy
% ------------------------------
% Version: Vampire 5.0.1 (Release build, commit 1b13eaf on 2026-01-18 12:14:50 +0000)
% Linked with Z3 4.14.0.0 3c47fd96cf5645d0c42b2c819d9e9a84380aa721 NOTFOUND
% CaDiCaL version: 2.1.3
% Termination reason: Refutation not found, incomplete strategy
% Time elapsed: 0.0000 s
% Peak memory usage: 9 MB
% ------------------------------
% ------------------------------
% dis-1011_81:16_sil=16000:tgt=full:plsq=on:bsd=on:plsqr=32,1:acc=on:bce=on:random_seed=94690440:i=3459:kws=inv_frequency:nicw=on:gsp=on:fsd=on_164 on p for (164ds/3459Mi)
% Instruction limit reached! 
% ------------------------------
% Version: Vampire 5.0.1 (Release build, commit 1b13eaf on 2026-01-18 12:14:50 +0000)
% Linked with Z3 4.14.0.0 3c47fd96cf5645d0c42b2c819d9e9a84380aa721 NOTFOUND
% CaDiCaL version: 2.1.3
% Termination reason: Instruction limit
% Termination phase: Saturation
% Time elapsed: 0.447 s
% Peak memory usage: 29 MB
% Instructions burned: 3460 (million)
% lrs+10_64:1_sfv=off:to=lpo:sil=4000:fde=none:sos=all:spb=non_intro:urr=on:random_seed=2604496442:i=948:aac=none:doe=on:bd=preordered:ins=4:ss=included_160 on p for (160ds/948Mi)
% Refutation not found, incomplete strategy
% ------------------------------
% Version: Vampire 5.0.1 (Release build, commit 1b13eaf on 2026-01-18 12:14:50 +0000)
% Linked with Z3 4.14.0.0 3c47fd96cf5645d0c42b2c819d9e9a84380aa721 NOTFOUND
% CaDiCaL version: 2.1.3
% Termination reason: Refutation not found, incomplete strategy
% Time elapsed: 0.0000 s
% Peak memory usage: 12 MB
% ------------------------------
% ------------------------------
% lrs+21_6_anc=none:to=lpo:sil=16000:fde=none:avsql=on:sos=on:sac=on:random_seed=2970431419:avsq=on:i=526:add=off:ep=RSTC_159 on p for (159ds/526Mi)
% Refutation not found, incomplete strategy
% ------------------------------
% Version: Vampire 5.0.1 (Release build, commit 1b13eaf on 2026-01-18 12:14:50 +0000)
% Linked with Z3 4.14.0.0 3c47fd96cf5645d0c42b2c819d9e9a84380aa721 NOTFOUND
% CaDiCaL version: 2.1.3
% Termination reason: Refutation not found, incomplete strategy
% Time elapsed: 0.0000 s
% Peak memory usage: 12 MB
% ------------------------------
% ------------------------------
% lrs+21_1_sil=16000:sp=arity:sos=on:lcm=predicate:urr=on:random_seed=4217848715:avsq=on:i=1389:avsqr=1,32:sd=2:ep=RS:ss=axioms_159 on p for (159ds/1389Mi)
% Refutation not found, incomplete strategy
% ------------------------------
% Version: Vampire 5.0.1 (Release build, commit 1b13eaf on 2026-01-18 12:14:50 +0000)
% Linked with Z3 4.14.0.0 3c47fd96cf5645d0c42b2c819d9e9a84380aa721 NOTFOUND
% CaDiCaL version: 2.1.3
% Termination reason: Refutation not found, incomplete strategy
% Time elapsed: 0.0000 s
% Peak memory usage: 12 MB
% ------------------------------
% ------------------------------
% lrs+11_3:1_anc=all_dependent:slsqr=11,2:sil=32000:fde=none:etr=on:erd=off:lma=off:lsd=100:urr=on:slsqc=1:kmz=on:flr=on:slsq=on:avsqc=5:random_seed=42570036:st=1.326:avsq=on:i=538:s2at=2.3:gtgl=5:avsqr=46,3:bd=preordered:ins=10:gtg=exists_top:sup=off:ss=axioms:sgt=20_159 on p for (159ds/538Mi)
% Refutation not found, incomplete strategy
% ------------------------------
% Version: Vampire 5.0.1 (Release build, commit 1b13eaf on 2026-01-18 12:14:50 +0000)
% Linked with Z3 4.14.0.0 3c47fd96cf5645d0c42b2c819d9e9a84380aa721 NOTFOUND
% CaDiCaL version: 2.1.3
% Termination reason: Refutation not found, incomplete strategy
% Time elapsed: 0.0000 s
% Peak memory usage: 12 MB
% ------------------------------
% ------------------------------
% dis+1011_1_sil=2000:tgt=full:prc=on:drc=off:random_seed=1742992782:i=988:av=off:fsr=off_159 on p for (159ds/988Mi)
% Instruction limit reached! 
% ------------------------------
% Version: Vampire 5.0.1 (Release build, commit 1b13eaf on 2026-01-18 12:14:50 +0000)
% Linked with Z3 4.14.0.0 3c47fd96cf5645d0c42b2c819d9e9a84380aa721 NOTFOUND
% CaDiCaL version: 2.1.3
% Termination reason: Instruction limit
% Termination phase: Saturation
% Time elapsed: 0.129 s
% Peak memory usage: 16 MB
% Instructions burned: 994 (million)
% dis-1010_2:3_sil=16000:prc=on:bsd=on:acc=on:bce=on:gs=on:nwc=5:s2agt=8:newcnf=on:random_seed=1350014183:avsq=on:s2a=on:i=552:avsqr=8,1:kws=inv_frequency:doe=on:nm=16:fsd=on_158 on p for (158ds/552Mi)
% Instruction limit reached! 
% ------------------------------
% Version: Vampire 5.0.1 (Release build, commit 1b13eaf on 2026-01-18 12:14:50 +0000)
% Linked with Z3 4.14.0.0 3c47fd96cf5645d0c42b2c819d9e9a84380aa721 NOTFOUND
% CaDiCaL version: 2.1.3
% Termination reason: Instruction limit
% Termination phase: Saturation
% Time elapsed: 0.076 s
% Peak memory usage: 17 MB
% Instructions burned: 554 (million)
% dis+3_1_sil=4000:plsq=on:plsqc=1:plsqr=64,1:sac=on:random_seed=1138102927:i=1469:nm=5:amm=off_157 on p for (157ds/1469Mi)
% Instruction limit reached! 
% ------------------------------
% Version: Vampire 5.0.1 (Release build, commit 1b13eaf on 2026-01-18 12:14:50 +0000)
% Linked with Z3 4.14.0.0 3c47fd96cf5645d0c42b2c819d9e9a84380aa721 NOTFOUND
% CaDiCaL version: 2.1.3
% Termination reason: Instruction limit
% Termination phase: Saturation
% Time elapsed: 0.196 s
% Peak memory usage: 20 MB
% Instructions burned: 1469 (million)
% dis+10_1024_to=lpo:sil=8000:prc=on:drc=off:sp=arity:random_seed=3791496429:i=7157:bd=preordered_155 on p for (155ds/7157Mi)
% Instruction limit reached! 
% ------------------------------
% Version: Vampire 5.0.1 (Release build, commit 1b13eaf on 2026-01-18 12:14:50 +0000)
% Linked with Z3 4.14.0.0 3c47fd96cf5645d0c42b2c819d9e9a84380aa721 NOTFOUND
% CaDiCaL version: 2.1.3
% Termination reason: Instruction limit
% Termination phase: Saturation
% Time elapsed: 1.073 s
% Peak memory usage: 71 MB
% Instructions burned: 7159 (million)
% lrs+1011_3:1_sil=4000:sp=occurrence:random_seed=3521863913:i=4424:sd=1:ep=R:ss=axioms:sgt=64_144 on p for (144ds/4424Mi)
% Refutation not found, incomplete strategy
% ------------------------------
% Version: Vampire 5.0.1 (Release build, commit 1b13eaf on 2026-01-18 12:14:50 +0000)
% Linked with Z3 4.14.0.0 3c47fd96cf5645d0c42b2c819d9e9a84380aa721 NOTFOUND
% CaDiCaL version: 2.1.3
% Termination reason: Refutation not found, incomplete strategy
% Time elapsed: 0.0000 s
% Peak memory usage: 12 MB
% ------------------------------
% ------------------------------
% lrs+10_1_sil=4000:erd=off:random_seed=1739712272:i=1077:sd=3:kws=inv_frequency:bd=preordered:ss=axioms:sgt=16_144 on p for (144ds/1077Mi)
% Instruction limit reached! 
% ------------------------------
% Version: Vampire 5.0.1 (Release build, commit 1b13eaf on 2026-01-18 12:14:50 +0000)
% Linked with Z3 4.14.0.0 3c47fd96cf5645d0c42b2c819d9e9a84380aa721 NOTFOUND
% CaDiCaL version: 2.1.3
% Termination reason: Instruction limit
% Termination phase: Saturation
% Time elapsed: 0.158 s
% Peak memory usage: 23 MB
% Instructions burned: 1081 (million)
% lrs+21_1_sil=4000:fde=none:sos=on:lcm=predicate:random_seed=892690742:i=3573:kws=precedence:ss=included:sgt=14_143 on p for (143ds/3573Mi)
% Refutation not found, incomplete strategy
% ------------------------------
% Version: Vampire 5.0.1 (Release build, commit 1b13eaf on 2026-01-18 12:14:50 +0000)
% Linked with Z3 4.14.0.0 3c47fd96cf5645d0c42b2c819d9e9a84380aa721 NOTFOUND
% CaDiCaL version: 2.1.3
% Termination reason: Refutation not found, incomplete strategy
% Time elapsed: 0.0000 s
% Peak memory usage: 12 MB
% ------------------------------
% ------------------------------
% lrs+1011_1_to=kbo:sil=4000:drc=ordering:sas=cadical:lma=off:spb=non_intro:lcm=reverse:foolp=on:rp=on:nwc=20:flr=on:slsq=on:random_seed=1572418210:avsq=on:s2a=on:i=1625:add=on:ep=R:ins=5_143 on p for (143ds/1625Mi)
% Refutation not found, incomplete strategy
% ------------------------------
% Version: Vampire 5.0.1 (Release build, commit 1b13eaf on 2026-01-18 12:14:50 +0000)
% Linked with Z3 4.14.0.0 3c47fd96cf5645d0c42b2c819d9e9a84380aa721 NOTFOUND
% CaDiCaL version: 2.1.3
% Termination reason: Refutation not found, incomplete strategy
% Time elapsed: 0.0000 s
% Peak memory usage: 12 MB
% ------------------------------
% ------------------------------
% lrs-35_1_slsqr=1,64:to=lpo:sil=128000:bsr=unit_only:nwc=0.5:slsq=on:random_seed=1918117442:i=1120:bd=preordered:av=off:fdi=32_143 on p for (143ds/1120Mi)
% Instruction limit reached! 
% ------------------------------
% Version: Vampire 5.0.1 (Release build, commit 1b13eaf on 2026-01-18 12:14:50 +0000)
% Linked with Z3 4.14.0.0 3c47fd96cf5645d0c42b2c819d9e9a84380aa721 NOTFOUND
% CaDiCaL version: 2.1.3
% Termination reason: Instruction limit
% Termination phase: Saturation
% Time elapsed: 0.175 s
% Peak memory usage: 24 MB
% Instructions burned: 1123 (million)
% dis+1002_2048_sil=4000:sp=arity:sos=on:spb=goal_then_units:flr=on:avsqc=1:random_seed=1036217801:avsq=on:i=1637:add=on:sd=2:kws=inv_arity_squared:ss=axioms_141 on p for (141ds/1637Mi)
% Refutation not found, incomplete strategy
% ------------------------------
% Version: Vampire 5.0.1 (Release build, commit 1b13eaf on 2026-01-18 12:14:50 +0000)
% Linked with Z3 4.14.0.0 3c47fd96cf5645d0c42b2c819d9e9a84380aa721 NOTFOUND
% CaDiCaL version: 2.1.3
% Termination reason: Refutation not found, incomplete strategy
% Time elapsed: 0.0000 s
% Peak memory usage: 12 MB
% ------------------------------
% ------------------------------
% lrs+31_1024_to=lpo:sil=128000:drc=ordering:sp=unary_frequency:bsr=unit_only:random_seed=3796318476:cond=fast:i=652:fgj=on:bd=preordered_141 on p for (141ds/652Mi)
% Instruction limit reached! 
% ------------------------------
% Version: Vampire 5.0.1 (Release build, commit 1b13eaf on 2026-01-18 12:14:50 +0000)
% Linked with Z3 4.14.0.0 3c47fd96cf5645d0c42b2c819d9e9a84380aa721 NOTFOUND
% CaDiCaL version: 2.1.3
% Termination reason: Instruction limit
% Termination phase: Saturation
% Time elapsed: 0.099 s
% Peak memory usage: 19 MB
% Instructions burned: 654 (million)
% lrs+10_4_sil=16000:spb=goal_then_units:nwc=2:random_seed=3468674969:s2pl=no:st=1.8:i=660:gtgl=3:sd=6:av=off:gtg=all:ss=included:sgt=2_140 on p for (140ds/660Mi)
% Instruction limit reached! 
% ------------------------------
% Version: Vampire 5.0.1 (Release build, commit 1b13eaf on 2026-01-18 12:14:50 +0000)
% Linked with Z3 4.14.0.0 3c47fd96cf5645d0c42b2c819d9e9a84380aa721 NOTFOUND
% CaDiCaL version: 2.1.3
% Termination reason: Instruction limit
% Termination phase: Saturation
% Time elapsed: 0.099 s
% Peak memory usage: 21 MB
% Instructions burned: 661 (million)
% lrs+1010_1_to=lpo:sil=8000:fde=none:sos=on:random_seed=1922401351:i=1786:sd=2:ss=axioms_139 on p for (139ds/1786Mi)
% Refutation not found, incomplete strategy
% ------------------------------
% Version: Vampire 5.0.1 (Release build, commit 1b13eaf on 2026-01-18 12:14:50 +0000)
% Linked with Z3 4.14.0.0 3c47fd96cf5645d0c42b2c819d9e9a84380aa721 NOTFOUND
% CaDiCaL version: 2.1.3
% Termination reason: Refutation not found, incomplete strategy
% Time elapsed: 0.0000 s
% Peak memory usage: 12 MB
% ------------------------------
% ------------------------------
% lrs-1011_3_sil=8000:fde=unused:sp=occurrence:urr=on:nwc=1:random_seed=144516086:s2a=on:i=2383:sd=1:kws=inv_frequency:nm=0:ss=included_139 on p for (139ds/2383Mi)
% Instruction limit reached! 
% ------------------------------
% Version: Vampire 5.0.1 (Release build, commit 1b13eaf on 2026-01-18 12:14:50 +0000)
% Linked with Z3 4.14.0.0 3c47fd96cf5645d0c42b2c819d9e9a84380aa721 NOTFOUND
% CaDiCaL version: 2.1.3
% Termination reason: Instruction limit
% Termination phase: Saturation
% Time elapsed: 0.363 s
% Peak memory usage: 50 MB
% Instructions burned: 2387 (million)
% dis+1002_1_sil=8000:sp=occurrence:fd=off:sac=on:random_seed=447068453:s2a=on:i=1267:s2at=5:sd=2:nm=3:ss=included_135 on p for (135ds/1267Mi)
% Instruction limit reached! 
% ------------------------------
% Version: Vampire 5.0.1 (Release build, commit 1b13eaf on 2026-01-18 12:14:50 +0000)
% Linked with Z3 4.14.0.0 3c47fd96cf5645d0c42b2c819d9e9a84380aa721 NOTFOUND
% CaDiCaL version: 2.1.3
% Termination reason: Instruction limit
% Termination phase: Saturation
% Time elapsed: 0.181 s
% Peak memory usage: 21 MB
% Instructions burned: 1275 (million)
% dis+2_8_anc=none:sil=32000:plsq=on:prc=on:drc=off:bsd=on:plsqr=7,8:sp=const_min:sos=all:lma=off:lcm=reverse:updr=off:slsq=on:random_seed=2716678021:avsq=on:cond=fast:i=689:avsqr=11,4:kws=inv_arity:fgj=on:bs=unit_only:bd=all:rawr=on_133 on p for (133ds/689Mi)
% Refutation not found, incomplete strategy
% ------------------------------
% Version: Vampire 5.0.1 (Release build, commit 1b13eaf on 2026-01-18 12:14:50 +0000)
% Linked with Z3 4.14.0.0 3c47fd96cf5645d0c42b2c819d9e9a84380aa721 NOTFOUND
% CaDiCaL version: 2.1.3
% Termination reason: Refutation not found, incomplete strategy
% Time elapsed: 0.0000 s
% Peak memory usage: 12 MB
% ------------------------------
% ------------------------------
% ott+1010_1_sil=4000:sos=on:acc=on:urr=on:bsr=on:rnwc=on:fd=preordered:slsqc=1:slsq=on:random_seed=3269384648:i=691:kws=inv_frequency:aac=none:bd=all:ins=5:fsr=off_133 on p for (133ds/691Mi)
% Refutation not found, incomplete strategy
% ------------------------------
% Version: Vampire 5.0.1 (Release build, commit 1b13eaf on 2026-01-18 12:14:50 +0000)
% Linked with Z3 4.14.0.0 3c47fd96cf5645d0c42b2c819d9e9a84380aa721 NOTFOUND
% CaDiCaL version: 2.1.3
% Termination reason: Refutation not found, incomplete strategy
% Time elapsed: 0.0000 s
% Peak memory usage: 12 MB
% ------------------------------
% ------------------------------
% lrs+34_4096_sil=8000:tgt=ground:prc=on:drc=off:sp=reverse_frequency:sos=on:fd=preordered:random_seed=1661829602:s2pl=no:s2a=on:i=1287:kws=frequency:fsr=off_133 on p for (133ds/1287Mi)
% Refutation not found, incomplete strategy
% ------------------------------
% Version: Vampire 5.0.1 (Release build, commit 1b13eaf on 2026-01-18 12:14:50 +0000)
% Linked with Z3 4.14.0.0 3c47fd96cf5645d0c42b2c819d9e9a84380aa721 NOTFOUND
% CaDiCaL version: 2.1.3
% Termination reason: Refutation not found, incomplete strategy
% Time elapsed: 0.0000 s
% Peak memory usage: 12 MB
% ------------------------------
% ------------------------------
% lrs+10_1_sil=16000:tgt=ground:sims=off:erd=off:urr=ec_only:rnwc=on:lftc=10:lwlo=on:random_seed=1363697246:lrd=on:st=2:s2a=on:i=1903:s2at=3:doe=on:fgj=on:gtg=exists_top:ss=included_133 on p for (133ds/1903Mi)
% Instruction limit reached! 
% ------------------------------
% Version: Vampire 5.0.1 (Release build, commit 1b13eaf on 2026-01-18 12:14:50 +0000)
% Linked with Z3 4.14.0.0 3c47fd96cf5645d0c42b2c819d9e9a84380aa721 NOTFOUND
% CaDiCaL version: 2.1.3
% Termination reason: Instruction limit
% Termination phase: Saturation
% Time elapsed: 0.274 s
% Peak memory usage: 47 MB
% Instructions burned: 1904 (million)
% lrs-1002_7_anc=none:sfv=off:sil=128000:tgt=ground:prc=on:drc=off:fde=unused:etr=on:spb=non_intro:bce=on:bsr=unit_only:flr=on:updr=off:random_seed=3065625214:prac=on:i=710:doe=on:nicw=on:bd=preordered:fsr=off:gsp=on:proc=on:rawr=on_130 on p for (130ds/710Mi)
% Instruction limit reached! 
% ------------------------------
% Version: Vampire 5.0.1 (Release build, commit 1b13eaf on 2026-01-18 12:14:50 +0000)
% Linked with Z3 4.14.0.0 3c47fd96cf5645d0c42b2c819d9e9a84380aa721 NOTFOUND
% CaDiCaL version: 2.1.3
% Termination reason: Instruction limit
% Termination phase: Saturation
% Time elapsed: 0.077 s
% Peak memory usage: 22 MB
% Instructions burned: 714 (million)
% lrs+1011_256_to=kbo:sil=2000:tgt=ground:irw=on:drc=off:fde=none:lma=off:rnwc=on:fd=preordered:br=off:slsqc=1:slsq=on:random_seed=1315016336:st=1.2:i=714:s2at=3:sd=10:kws=inv_arity:fgj=on:nicw=on:amm=off:ss=included_129 on p for (129ds/714Mi)
% Instruction limit reached! 
% ------------------------------
% Version: Vampire 5.0.1 (Release build, commit 1b13eaf on 2026-01-18 12:14:50 +0000)
% Linked with Z3 4.14.0.0 3c47fd96cf5645d0c42b2c819d9e9a84380aa721 NOTFOUND
% CaDiCaL version: 2.1.3
% Termination reason: Instruction limit
% Termination phase: Saturation
% Time elapsed: 0.113 s
% Peak memory usage: 22 MB
% Instructions burned: 714 (million)
% lrs+10_4:1_sil=4000:erd=off:urr=on:s2agt=8:br=off:random_seed=1609515578:s2a=on:i=1975:bd=all_128 on p for (128ds/1975Mi)
% Instruction limit reached! 
% ------------------------------
% Version: Vampire 5.0.1 (Release build, commit 1b13eaf on 2026-01-18 12:14:50 +0000)
% Linked with Z3 4.14.0.0 3c47fd96cf5645d0c42b2c819d9e9a84380aa721 NOTFOUND
% CaDiCaL version: 2.1.3
% Termination reason: Instruction limit
% Termination phase: Saturation
% Time elapsed: 0.285 s
% Peak memory usage: 35 MB
% Instructions burned: 1981 (million)
% ott-1010_8_to=lpo:sil=4000:fde=none:sp=arity:spb=goal_then_units:nwc=3:s2agt=16:flr=on:slsq=on:random_seed=4165933803:s2a=on:i=4528:bd=all_125 on p for (125ds/4528Mi)
% Instruction limit reached! 
% ------------------------------
% Version: Vampire 5.0.1 (Release build, commit 1b13eaf on 2026-01-18 12:14:50 +0000)
% Linked with Z3 4.14.0.0 3c47fd96cf5645d0c42b2c819d9e9a84380aa721 NOTFOUND
% CaDiCaL version: 2.1.3
% Termination reason: Instruction limit
% Termination phase: Saturation
% Time elapsed: 0.650 s
% Peak memory usage: 47 MB
% Instructions burned: 4533 (million)
% lrs+1002_1_to=lpo:sil=4000:sp=unary_first:sos=on:spb=units:random_seed=3457361523:i=2020:sd=2:nm=6:av=off:ss=axioms_119 on p for (119ds/2020Mi)
% Refutation not found, incomplete strategy
% ------------------------------
% Version: Vampire 5.0.1 (Release build, commit 1b13eaf on 2026-01-18 12:14:50 +0000)
% Linked with Z3 4.14.0.0 3c47fd96cf5645d0c42b2c819d9e9a84380aa721 NOTFOUND
% CaDiCaL version: 2.1.3
% Termination reason: Refutation not found, incomplete strategy
% Time elapsed: 0.0000 s
% Peak memory usage: 9 MB
% ------------------------------
% ------------------------------
% dis+1002_1_to=kbo:sil=256000:plsq=on:sp=weighted_frequency:sos=on:erd=off:spb=units:acc=on:urr=ec_only:plsql=on:nwc=20:random_seed=2253036835:avsq=on:i=753:gtgl=2:avsqr=12,1:nicw=on:ep=RST:gtg=exists_sym:ss=axioms:sgt=8_119 on p for (119ds/753Mi)
% Instruction limit reached! 
% ------------------------------
% Version: Vampire 5.0.1 (Release build, commit 1b13eaf on 2026-01-18 12:14:50 +0000)
% Linked with Z3 4.14.0.0 3c47fd96cf5645d0c42b2c819d9e9a84380aa721 NOTFOUND
% CaDiCaL version: 2.1.3
% Termination reason: Instruction limit
% Termination phase: Saturation
% Time elapsed: 0.097 s
% Peak memory usage: 12 MB
% Instructions burned: 754 (million)
% lrs+10_128_sil=4000:sp=occurrence:sos=all:urr=full:br=off:random_seed=2250896150:st=4.8:s2a=on:i=1412:sd=4:sup=off:ss=included_118 on p for (118ds/1412Mi)
% Refutation not found, incomplete strategy
% ------------------------------
% Version: Vampire 5.0.1 (Release build, commit 1b13eaf on 2026-01-18 12:14:50 +0000)
% Linked with Z3 4.14.0.0 3c47fd96cf5645d0c42b2c819d9e9a84380aa721 NOTFOUND
% CaDiCaL version: 2.1.3
% Termination reason: Refutation not found, incomplete strategy
% Time elapsed: 0.0000 s
% Peak memory usage: 12 MB
% ------------------------------
% ------------------------------
% lrs+10_1_sil=128000:sp=occurrence:random_seed=66279956:st=3:i=37942:sd=4:ss=included:sgt=16_118 on p for (118ds/37942Mi)
% Solution written to "/tmp/vampire-proof-3875114"
% Refutation found. Thanks to Tanya!
% SZS status Theorem for p
% SZS output start Proof for p
fof(f1,axiom,(
  ! [X0,X1,X2] : X0 = f(f(f(f(X1,X1),f(X0,X2)),f(X1,X0)),X2)),
  file('/tmp/tmpfk6tsgmb/p.p',unknown)).
fof(f2,conjecture,(
  ! [X0,X1] : X0 = X1),
  file('/tmp/tmpfk6tsgmb/p.p',unknown)).
fof(f3,negated_conjecture,(
  ~! [X0,X1] : X0 = X1),
  inference(negated_conjecture,[status(cth)],[f2])).
fof(f4,plain,(
  ? [X0,X1] : X0 != X1),
  inference(ennf_transformation,[],[f3])).
fof(f5,plain,(
  ? [X0,X1] : X0 != X1 => sK0 != sK1),
  introduced(definition,[],[skolem_symbol_introduction])).
fof(f6,plain,(
  sK0 != sK1),
  inference(skolemisation,[status(esa),new_symbols(skolem,[sK0,sK1])],[f4,f5])).
fof(f7,plain,(
  ( ! [X2,X0,X1] : (f(f(f(f(X1,X1),f(X0,X2)),f(X1,X0)),X2) = X0) )),
  inference(cnf_transformation,[],[f1])).
fof(f8,plain,(
  sK0 != sK1),
  inference(cnf_transformation,[],[f6])).
fof(f9,plain,(
  ( ! [X2,X3,X0,X1] : (f(f(f(X2,X2),f(X0,X3)),f(X2,X0)) = f(f(f(f(X1,X1),X0),f(X1,f(f(f(X2,X2),f(X0,X3)),f(X2,X0)))),X3)) )),
  inference(superposition,[],[f7,f7])).
fof(f10,plain,(
  ( ! [X2,X3,X0,X1] : (f(f(f(f(f(f(f(X1,X1),f(X0,X2)),f(X1,X0)),f(f(f(X1,X1),f(X0,X2)),f(X1,X0))),f(X2,X3)),X0),X3) = X2) )),
  inference(superposition,[],[f7,f7])).
fof(f13,plain,(
  ( ! [X2,X3,X0,X1,X4] : (f(f(f(f(f(f(X1,X1),f(X0,X2)),f(X1,X0)),f(f(f(X1,X1),f(X0,X2)),f(X1,X0))),f(X2,X3)),X0) = f(f(f(f(X4,X4),X2),f(X4,f(f(f(f(f(f(X1,X1),f(X0,X2)),f(X1,X0)),f(f(f(X1,X1),f(X0,X2)),f(X1,X0))),f(X2,X3)),X0))),X3)) )),
  inference(superposition,[],[f9,f7])).
fof(f18,plain,(
  ( ! [X0,X1] : (f(f(f(f(X0,X0),f(f(X1,X1),f(f(X1,X1),X1))),f(X0,f(X1,X1))),f(f(f(X0,X0),f(f(X1,X1),f(f(X1,X1),X1))),f(X0,f(X1,X1)))) = X1) )),
  inference(superposition,[],[f7,f9])).
fof(f27,plain,(
  ( ! [X2,X0,X1] : (f(f(f(X0,X0),f(f(X1,X1),f(f(X1,X1),X1))),f(X0,f(X1,X1))) = f(f(f(f(f(f(f(X0,X0),f(f(X1,X1),f(f(X1,X1),X1))),f(X0,f(X1,X1))),f(f(f(X0,X0),f(f(X1,X1),f(f(X1,X1),X1))),f(X0,f(X1,X1)))),f(f(f(f(X0,X0),f(f(X1,X1),f(f(X1,X1),X1))),f(X0,f(X1,X1))),X2)),X1),X2)) )),
  inference(superposition,[],[f10,f9])).
fof(f32,plain,(
  ( ! [X2,X3,X0,X1,X4] : (f(f(f(f(f(f(f(f(f(f(X1,X1),f(X2,X0)),f(X1,X2)),f(f(f(X1,X1),f(X2,X0)),f(X1,X2))),f(X0,X3)),X2),f(f(f(f(f(f(X1,X1),f(X2,X0)),f(X1,X2)),f(f(f(X1,X1),f(X2,X0)),f(X1,X2))),f(X0,X3)),X2)),f(X3,X4)),X0),X4) = X3) )),
  inference(superposition,[],[f7,f10])).
fof(f36,plain,(
  ( ! [X2,X0,X1] : (f(f(f(X0,X0),f(f(X1,X1),f(f(X1,X1),X1))),f(X0,f(X1,X1))) = f(f(f(X1,f(f(f(f(X0,X0),f(f(X1,X1),f(f(X1,X1),X1))),f(X0,f(X1,X1))),X2)),X1),X2)) )),
  inference(forward_demodulation,[],[f27,f18])).
fof(f39,plain,(
  ( ! [X2,X0,X1] : (f(f(f(f(f(f(f(X1,X1),f(X0,f(X2,X2))),f(X1,X0)),f(f(f(X1,X1),f(X0,f(X2,X2))),f(X1,X0))),f(f(X2,X2),f(f(X2,X2),X2))),X0),f(f(f(f(f(f(X1,X1),f(X0,f(X2,X2))),f(X1,X0)),f(f(f(X1,X1),f(X0,f(X2,X2))),f(X1,X0))),f(f(X2,X2),f(f(X2,X2),X2))),X0)) = X2) )),
  inference(superposition,[],[f18,f7])).
fof(f42,plain,(
  ( ! [X2,X0] : (f(f(X0,X0),X0) = f(f(f(X0,f(f(f(X0,X0),X0),X2)),f(X0,X0)),X2)) )),
  inference(superposition,[],[f10,f18])).
fof(f43,plain,(
  ( ! [X0,X1] : (f(f(f(X1,X1),f(f(X0,X0),f(f(X0,X0),X0))),f(X1,f(X0,X0))) = f(f(f(X0,f(X0,X0)),X0),f(f(X0,X0),X0))) )),
  inference(superposition,[],[f9,f18])).
fof(f47,plain,(
  ( ! [X2,X3,X0,X1] : (f(f(f(X0,f(X2,X3)),f(f(f(f(X1,X1),f(f(X0,X0),f(f(X0,X0),X0))),f(X1,f(X0,X0))),X2)),X3) = X2) )),
  inference(superposition,[],[f7,f18])).
fof(f63,plain,(
  ( ! [X0,X1] : (f(f(f(X1,X1),f(f(X0,X0),f(f(X0,X0),X0))),f(X1,f(X0,X0))) = f(f(f(X0,X0),X0),f(f(f(X1,X1),f(f(X0,X0),f(f(X0,X0),X0))),f(X1,f(X0,X0))))) )),
  inference(superposition,[],[f36,f18])).
fof(f81,plain,(
  ( ! [X0] : (f(f(f(X0,f(X0,X0)),X0),f(f(X0,X0),X0)) = f(f(f(X0,X0),X0),f(f(f(X0,f(X0,X0)),X0),f(f(X0,X0),X0)))) )),
  inference(forward_demodulation,[],[f63,f43])).
fof(f250,plain,(
  ( ! [X2,X3,X0,X1,X4] : (f(f(f(X1,f(X2,X3)),f(f(f(f(f(f(f(X4,X4),f(X0,f(X1,X1))),f(X4,X0)),f(f(f(X4,X4),f(X0,f(X1,X1))),f(X4,X0))),f(f(X1,X1),f(f(X1,X1),X1))),X0),X2)),X3) = X2) )),
  inference(superposition,[],[f47,f7])).
fof(f414,plain,(
  ( ! [X2,X0,X1] : (f(f(f(f(f(f(X1,X1),f(X0,f(X2,X2))),f(X1,X0)),f(f(f(X1,X1),f(X0,f(X2,X2))),f(X1,X0))),f(f(X2,X2),f(f(X2,X2),X2))),X0) = f(f(f(X2,f(X2,X2)),X2),f(f(X2,X2),X2))) )),
  inference(superposition,[],[f43,f7])).
fof(f425,plain,(
  ( ! [X2,X0,X1] : (f(f(f(X0,f(X1,X2)),f(f(f(f(X0,f(X0,X0)),X0),f(f(X0,X0),X0)),X1)),X2) = X1) )),
  inference(superposition,[],[f47,f43])).
fof(f427,plain,(
  ( ! [X0] : (f(f(f(f(X0,f(X0,X0)),X0),f(f(X0,X0),X0)),f(f(f(X0,f(X0,X0)),X0),f(f(X0,X0),X0))) = X0) )),
  inference(superposition,[],[f18,f43])).
fof(f445,plain,(
  ( ! [X2,X0,X1] : (f(f(X2,X2),f(f(X0,X0),f(f(X0,X0),X0))) = f(f(f(f(X1,X1),f(f(f(X0,f(X0,X0)),X0),f(f(X0,X0),X0))),f(X1,f(f(X2,X2),f(f(X0,X0),f(f(X0,X0),X0))))),f(X2,f(X0,X0)))) )),
  inference(superposition,[],[f7,f43])).
fof(f637,plain,(
  ( ! [X2,X3,X0,X1,X4] : (f(f(f(f(f(f(f(f(f(X0,X0),f(X1,f(X2,X2))),f(X0,X1)),f(f(f(X0,X0),f(X1,f(X2,X2))),f(X0,X1))),f(f(X2,X2),f(f(X2,X2),X2))),X1),f(f(f(f(f(f(X0,X0),f(X1,f(X2,X2))),f(X0,X1)),f(f(f(X0,X0),f(X1,f(X2,X2))),f(X0,X1))),f(f(X2,X2),f(f(X2,X2),X2))),X1)),f(f(f(f(f(f(f(X0,X0),f(X1,f(X2,X2))),f(X0,X1)),f(f(f(X0,X0),f(X1,f(X2,X2))),f(X0,X1))),f(f(X2,X2),f(f(X2,X2),X2))),X1),X3)),X2) = f(f(f(f(X4,X4),f(f(f(f(f(f(X0,X0),f(X1,f(X2,X2))),f(X0,X1)),f(f(f(X0,X0),f(X1,f(X2,X2))),f(X0,X1))),f(f(X2,X2),f(f(X2,X2),X2))),X1)),f(X4,f(f(f(f(f(f(f(f(f(X0,X0),f(X1,f(X2,X2))),f(X0,X1)),f(f(f(X0,X0),f(X1,f(X2,X2))),f(X0,X1))),f(f(X2,X2),f(f(X2,X2),X2))),X1),f(f(f(f(f(f(X0,X0),f(X1,f(X2,X2))),f(X0,X1)),f(f(f(X0,X0),f(X1,f(X2,X2))),f(X0,X1))),f(f(X2,X2),f(f(X2,X2),X2))),X1)),f(f(f(f(f(f(f(X0,X0),f(X1,f(X2,X2))),f(X0,X1)),f(f(f(X0,X0),f(X1,f(X2,X2))),f(X0,X1))),f(f(X2,X2),f(f(X2,X2),X2))),X1),X3)),X2))),X3)) )),
  inference(superposition,[],[f13,f13])).
fof(f719,plain,(
  ( ! [X2,X3,X4] : (f(f(f(f(f(f(X2,f(X2,X2)),X2),f(f(X2,X2),X2)),f(f(f(X2,f(X2,X2)),X2),f(f(X2,X2),X2))),f(f(f(f(X2,f(X2,X2)),X2),f(f(X2,X2),X2)),X3)),X2) = f(f(f(f(X4,X4),f(f(f(X2,f(X2,X2)),X2),f(f(X2,X2),X2))),f(X4,f(f(f(f(f(f(X2,f(X2,X2)),X2),f(f(X2,X2),X2)),f(f(f(X2,f(X2,X2)),X2),f(f(X2,X2),X2))),f(f(f(f(X2,f(X2,X2)),X2),f(f(X2,X2),X2)),X3)),X2))),X3)) )),
  inference(forward_demodulation,[],[f637,f414])).
fof(f733,plain,(
  ( ! [X2,X3,X4] : (f(f(X2,f(f(f(f(X2,f(X2,X2)),X2),f(f(X2,X2),X2)),X3)),X2) = f(f(f(f(X4,X4),f(f(f(X2,f(X2,X2)),X2),f(f(X2,X2),X2))),f(X4,f(f(X2,f(f(f(f(X2,f(X2,X2)),X2),f(f(X2,X2),X2)),X3)),X2))),X3)) )),
  inference(forward_demodulation,[],[f719,f427])).
fof(f735,plain,(
  ( ! [X2,X3,X0,X1] : (f(f(f(X2,X2),f(X0,X3)),f(X2,X0)) = f(f(f(X1,X0),f(f(f(f(X1,f(X1,X1)),X1),f(f(X1,X1),X1)),f(f(f(X2,X2),f(X0,X3)),f(X2,X0)))),X3)) )),
  inference(superposition,[],[f425,f7])).
fof(f772,plain,(
  ( ! [X2,X3,X0,X1] : (f(f(f(f(f(f(X1,f(X0,X2)),f(f(f(f(X1,f(X1,X1)),X1),f(f(X1,X1),X1)),X0)),f(f(X1,f(X0,X2)),f(f(f(f(X1,f(X1,X1)),X1),f(f(X1,X1),X1)),X0))),f(X2,X3)),X0),X3) = X2) )),
  inference(superposition,[],[f7,f425])).
fof(f853,plain,(
  ( ! [X2,X3,X0,X1,X4] : (f(f(f(f(f(f(f(f(f(f(f(f(f(X0,X0),f(X1,f(X2,X2))),f(X0,X1)),f(f(f(X0,X0),f(X1,f(X2,X2))),f(X0,X1))),f(f(X2,X2),f(f(X2,X2),X2))),X1),f(f(f(f(f(f(X0,X0),f(X1,f(X2,X2))),f(X0,X1)),f(f(f(X0,X0),f(X1,f(X2,X2))),f(X0,X1))),f(f(X2,X2),f(f(X2,X2),X2))),X1)),f(f(f(f(f(f(f(X0,X0),f(X1,f(X2,X2))),f(X0,X1)),f(f(f(X0,X0),f(X1,f(X2,X2))),f(X0,X1))),f(f(X2,X2),f(f(X2,X2),X2))),X1),X3)),X2),f(f(f(f(f(f(f(f(f(X0,X0),f(X1,f(X2,X2))),f(X0,X1)),f(f(f(X0,X0),f(X1,f(X2,X2))),f(X0,X1))),f(f(X2,X2),f(f(X2,X2),X2))),X1),f(f(f(f(f(f(X0,X0),f(X1,f(X2,X2))),f(X0,X1)),f(f(f(X0,X0),f(X1,f(X2,X2))),f(X0,X1))),f(f(X2,X2),f(f(X2,X2),X2))),X1)),f(f(f(f(f(f(f(X0,X0),f(X1,f(X2,X2))),f(X0,X1)),f(f(f(X0,X0),f(X1,f(X2,X2))),f(X0,X1))),f(f(X2,X2),f(f(X2,X2),X2))),X1),X3)),X2)),f(X3,X4)),f(f(f(f(f(f(X0,X0),f(X1,f(X2,X2))),f(X0,X1)),f(f(f(X0,X0),f(X1,f(X2,X2))),f(X0,X1))),f(f(X2,X2),f(f(X2,X2),X2))),X1)),X4) = X3) )),
  inference(superposition,[],[f32,f13])).
fof(f937,plain,(
  ( ! [X2,X3,X4] : (f(f(f(f(f(f(f(f(f(f(X2,f(X2,X2)),X2),f(f(X2,X2),X2)),f(f(f(X2,f(X2,X2)),X2),f(f(X2,X2),X2))),f(f(f(f(X2,f(X2,X2)),X2),f(f(X2,X2),X2)),X3)),X2),f(f(f(f(f(f(X2,f(X2,X2)),X2),f(f(X2,X2),X2)),f(f(f(X2,f(X2,X2)),X2),f(f(X2,X2),X2))),f(f(f(f(X2,f(X2,X2)),X2),f(f(X2,X2),X2)),X3)),X2)),f(X3,X4)),f(f(f(X2,f(X2,X2)),X2),f(f(X2,X2),X2))),X4) = X3) )),
  inference(forward_demodulation,[],[f853,f414])).
fof(f949,plain,(
  ( ! [X2,X3,X4] : (f(f(f(f(f(f(X2,f(f(f(f(X2,f(X2,X2)),X2),f(f(X2,X2),X2)),X3)),X2),f(f(X2,f(f(f(f(X2,f(X2,X2)),X2),f(f(X2,X2),X2)),X3)),X2)),f(X3,X4)),f(f(f(X2,f(X2,X2)),X2),f(f(X2,X2),X2))),X4) = X3) )),
  inference(forward_demodulation,[],[f937,f427])).
fof(f1185,plain,(
  ( ! [X0,X1] : (f(f(X0,X0),X0) = f(f(f(f(X1,X1),f(f(f(X0,f(X0,X0)),X0),f(f(X0,X0),X0))),f(X1,f(f(X0,X0),X0))),f(f(f(X0,f(X0,X0)),X0),f(f(X0,X0),X0)))) )),
  inference(superposition,[],[f7,f81])).
fof(f1191,plain,(
  ( ! [X2,X0,X1] : (f(f(X0,X0),X0) = f(f(f(f(f(f(f(X1,X1),f(X2,f(f(X0,X0),X0))),f(X1,X2)),f(f(f(X1,X1),f(X2,f(f(X0,X0),X0))),f(X1,X2))),f(f(f(X0,f(X0,X0)),X0),f(f(X0,X0),X0))),X2),f(f(f(X0,f(X0,X0)),X0),f(f(X0,X0),X0)))) )),
  inference(superposition,[],[f10,f81])).
fof(f14417,plain,(
  ( ! [X2,X0,X1] : (f(X2,X2) = f(f(f(f(f(f(f(f(f(X0,X0),f(X1,f(f(f(f(X2,X2),f(X2,X2)),f(f(f(X2,f(X2,X2)),X2),f(f(X2,X2),X2))),f(f(f(X2,X2),f(X2,X2)),f(f(f(X2,f(X2,X2)),X2),f(f(X2,X2),X2)))))),f(X0,X1)),f(f(f(X0,X0),f(X1,f(f(f(f(X2,X2),f(X2,X2)),f(f(f(X2,f(X2,X2)),X2),f(f(X2,X2),X2))),f(f(f(X2,X2),f(X2,X2)),f(f(f(X2,f(X2,X2)),X2),f(f(X2,X2),X2)))))),f(X0,X1))),f(f(f(f(f(X2,X2),f(X2,X2)),f(f(f(X2,f(X2,X2)),X2),f(f(X2,X2),X2))),f(f(f(X2,X2),f(X2,X2)),f(f(f(X2,f(X2,X2)),X2),f(f(X2,X2),X2)))),f(f(f(f(f(X2,X2),f(X2,X2)),f(f(f(X2,f(X2,X2)),X2),f(f(X2,X2),X2))),f(f(f(X2,X2),f(X2,X2)),f(f(f(X2,f(X2,X2)),X2),f(f(X2,X2),X2)))),f(f(f(X2,X2),f(X2,X2)),f(f(f(X2,f(X2,X2)),X2),f(f(X2,X2),X2)))))),X1),f(f(f(f(f(f(X0,X0),f(X1,f(f(f(f(X2,X2),f(X2,X2)),f(f(f(X2,f(X2,X2)),X2),f(f(X2,X2),X2))),f(f(f(X2,X2),f(X2,X2)),f(f(f(X2,f(X2,X2)),X2),f(f(X2,X2),X2)))))),f(X0,X1)),f(f(f(X0,X0),f(X1,f(f(f(f(X2,X2),f(X2,X2)),f(f(f(X2,f(X2,X2)),X2),f(f(X2,X2),X2))),f(f(f(X2,X2),f(X2,X2)),f(f(f(X2,f(X2,X2)),X2),f(f(X2,X2),X2)))))),f(X0,X1))),f(f(f(f(f(X2,X2),f(X2,X2)),f(f(f(X2,f(X2,X2)),X2),f(f(X2,X2),X2))),f(f(f(X2,X2),f(X2,X2)),f(f(f(X2,f(X2,X2)),X2),f(f(X2,X2),X2)))),f(f(f(f(f(X2,X2),f(X2,X2)),f(f(f(X2,f(X2,X2)),X2),f(f(X2,X2),X2))),f(f(f(X2,X2),f(X2,X2)),f(f(f(X2,f(X2,X2)),X2),f(f(X2,X2),X2)))),f(f(f(X2,X2),f(X2,X2)),f(f(f(X2,f(X2,X2)),X2),f(f(X2,X2),X2)))))),X1)),f(f(X2,X2),f(f(X2,X2),X2))),f(f(f(f(f(f(f(f(X0,X0),f(X1,f(f(f(f(X2,X2),f(X2,X2)),f(f(f(X2,f(X2,X2)),X2),f(f(X2,X2),X2))),f(f(f(X2,X2),f(X2,X2)),f(f(f(X2,f(X2,X2)),X2),f(f(X2,X2),X2)))))),f(X0,X1)),f(f(f(X0,X0),f(X1,f(f(f(f(X2,X2),f(X2,X2)),f(f(f(X2,f(X2,X2)),X2),f(f(X2,X2),X2))),f(f(f(X2,X2),f(X2,X2)),f(f(f(X2,f(X2,X2)),X2),f(f(X2,X2),X2)))))),f(X0,X1))),f(f(f(f(f(X2,X2),f(X2,X2)),f(f(f(X2,f(X2,X2)),X2),f(f(X2,X2),X2))),f(f(f(X2,X2),f(X2,X2)),f(f(f(X2,f(X2,X2)),X2),f(f(X2,X2),X2)))),f(f(f(f(f(X2,X2),f(X2,X2)),f(f(f(X2,f(X2,X2)),X2),f(f(X2,X2),X2))),f(f(f(X2,X2),f(X2,X2)),f(f(f(X2,f(X2,X2)),X2),f(f(X2,X2),X2)))),f(f(f(X2,X2),f(X2,X2)),f(f(f(X2,f(X2,X2)),X2),f(f(X2,X2),X2)))))),X1),f(f(f(f(f(f(X0,X0),f(X1,f(f(f(f(X2,X2),f(X2,X2)),f(f(f(X2,f(X2,X2)),X2),f(f(X2,X2),X2))),f(f(f(X2,X2),f(X2,X2)),f(f(f(X2,f(X2,X2)),X2),f(f(X2,X2),X2)))))),f(X0,X1)),f(f(f(X0,X0),f(X1,f(f(f(f(X2,X2),f(X2,X2)),f(f(f(X2,f(X2,X2)),X2),f(f(X2,X2),X2))),f(f(f(X2,X2),f(X2,X2)),f(f(f(X2,f(X2,X2)),X2),f(f(X2,X2),X2)))))),f(X0,X1))),f(f(f(f(f(X2,X2),f(X2,X2)),f(f(f(X2,f(X2,X2)),X2),f(f(X2,X2),X2))),f(f(f(X2,X2),f(X2,X2)),f(f(f(X2,f(X2,X2)),X2),f(f(X2,X2),X2)))),f(f(f(f(f(X2,X2),f(X2,X2)),f(f(f(X2,f(X2,X2)),X2),f(f(X2,X2),X2))),f(f(f(X2,X2),f(X2,X2)),f(f(f(X2,f(X2,X2)),X2),f(f(X2,X2),X2)))),f(f(f(X2,X2),f(X2,X2)),f(f(f(X2,f(X2,X2)),X2),f(f(X2,X2),X2)))))),X1)),f(f(X2,X2),f(f(X2,X2),X2))))) )),
  inference(superposition,[],[f250,f445])).
fof(f14589,plain,(
  ( ! [X2] : (f(X2,X2) = f(f(f(f(f(X2,X2),f(X2,X2)),f(f(f(X2,f(X2,X2)),X2),f(f(X2,X2),X2))),f(f(X2,X2),f(f(X2,X2),X2))),f(f(f(f(X2,X2),f(X2,X2)),f(f(f(X2,f(X2,X2)),X2),f(f(X2,X2),X2))),f(f(X2,X2),f(f(X2,X2),X2))))) )),
  inference(forward_demodulation,[],[f14417,f39])).
fof(f19590,plain,(
  ( ! [X2,X0,X1] : (f(f(f(f(X0,X0),f(X1,X2)),f(f(f(f(f(X0,X0),f(X0,X0)),f(f(f(X0,f(X0,X0)),X0),f(f(X0,X0),X0))),f(f(X0,X0),f(f(X0,X0),X0))),X1)),X2) = X1) )),
  inference(superposition,[],[f7,f14589])).
fof(f19675,plain,(
  ( ! [X0,X1] : (f(f(f(X0,f(X0,X0)),X0),f(f(X0,X0),X0)) = f(f(f(f(X0,X0),f(f(f(f(X0,f(X0,X0)),X0),f(f(X0,X0),X0)),X1)),f(f(X0,X0),X0)),X1)) )),
  inference(superposition,[],[f19590,f1185])).
fof(f19676,plain,(
  ( ! [X0,X1] : (f(f(f(X1,f(X1,X1)),X1),f(f(X1,X1),X1)) = f(f(f(f(X0,X0),f(X1,f(f(f(f(f(X1,X1),f(X1,X1)),f(f(f(X1,f(X1,X1)),X1),f(f(X1,X1),X1))),f(f(X1,X1),f(f(X1,X1),X1))),f(f(f(X1,f(X1,X1)),X1),f(f(X1,X1),X1))))),f(X0,X1)),f(f(f(X0,X0),f(X1,f(f(f(f(f(X1,X1),f(X1,X1)),f(f(f(X1,f(X1,X1)),X1),f(f(X1,X1),X1))),f(f(X1,X1),f(f(X1,X1),X1))),f(f(f(X1,f(X1,X1)),X1),f(f(X1,X1),X1))))),f(X0,X1)))) )),
  inference(superposition,[],[f19590,f735])).
fof(f19695,plain,(
  ( ! [X0,X1] : (f(f(f(X1,f(X1,X1)),X1),f(f(X1,X1),X1)) = f(f(f(f(X0,X0),f(X1,f(f(X1,X1),X1))),f(X0,X1)),f(f(f(X0,X0),f(X1,f(f(X1,X1),X1))),f(X0,X1)))) )),
  inference(forward_demodulation,[],[f19676,f1185])).
fof(f19705,plain,(
  ( ! [X0] : (f(f(f(X0,f(X0,X0)),X0),f(f(X0,X0),X0)) = f(f(f(f(X0,X0),X0),f(f(X0,X0),X0)),f(f(f(X0,f(X0,X0)),X0),f(f(X0,X0),X0)))) )),
  inference(superposition,[],[f19675,f427])).
fof(f19829,plain,(
  ( ! [X0,X1] : (f(f(X0,f(f(f(f(X0,f(X0,X0)),X0),f(f(X0,X0),X0)),X1)),X0) = f(f(f(f(f(X0,f(X0,X0)),X0),f(f(X0,X0),X0)),f(f(f(X0,X0),X0),f(f(X0,f(f(f(f(X0,f(X0,X0)),X0),f(f(X0,X0),X0)),X1)),X0))),X1)) )),
  inference(superposition,[],[f733,f19705])).
fof(f19851,plain,(
  ( ! [X0,X1] : (f(f(f(X0,X0),X0),f(f(X0,X0),X0)) = f(f(f(f(X1,X1),f(f(f(X0,f(X0,X0)),X0),f(f(X0,X0),X0))),f(X1,f(f(f(X0,X0),X0),f(f(X0,X0),X0)))),f(f(f(X0,f(X0,X0)),X0),f(f(X0,X0),X0)))) )),
  inference(superposition,[],[f7,f19705])).
fof(f19937,plain,(
  ( ! [X0] : (f(f(X0,X0),X0) = f(f(f(f(f(f(X0,f(X0,X0)),X0),f(f(X0,X0),X0)),f(f(f(X0,f(X0,X0)),X0),f(f(X0,X0),X0))),X0),f(f(f(X0,f(X0,X0)),X0),f(f(X0,X0),X0)))) )),
  inference(superposition,[],[f1191,f19695])).
fof(f19938,plain,(
  ( ! [X2,X0] : (f(f(X0,X0),X0) = f(f(f(f(f(f(X0,f(X0,X0)),X0),f(f(X0,X0),X0)),f(f(f(X0,X0),X0),X2)),X0),X2)) )),
  inference(superposition,[],[f10,f19695])).
fof(f20033,plain,(
  ( ! [X0] : (f(f(X0,X0),X0) = f(f(X0,X0),f(f(f(X0,f(X0,X0)),X0),f(f(X0,X0),X0)))) )),
  inference(forward_demodulation,[],[f19937,f427])).
fof(f20045,plain,(
  ( ! [X0] : (f(f(X0,X0),X0) = f(f(f(f(X0,X0),X0),f(X0,f(f(X0,X0),X0))),f(f(f(X0,f(X0,X0)),X0),f(f(X0,X0),X0)))) )),
  inference(superposition,[],[f1185,f20033])).
fof(f20100,plain,(
  ( ! [X2,X0,X1] : (f(X0,X0) = f(f(f(f(f(f(f(X1,X1),f(X2,f(X0,X0))),f(X1,X2)),f(f(f(X1,X1),f(X2,f(X0,X0))),f(X1,X2))),f(f(X0,X0),X0)),X2),f(f(f(X0,f(X0,X0)),X0),f(f(X0,X0),X0)))) )),
  inference(superposition,[],[f10,f20033])).
fof(f21410,plain,(
  ( ! [X0] : (f(f(f(X0,X0),X0),f(f(X0,X0),X0)) = f(f(f(f(X0,X0),X0),f(X0,f(f(f(X0,X0),X0),f(f(X0,X0),X0)))),f(f(f(X0,f(X0,X0)),X0),f(f(X0,X0),X0)))) )),
  inference(superposition,[],[f19851,f20033])).
fof(f21879,plain,(
  ( ! [X0] : (f(f(X0,X0),X0) = f(f(f(X0,f(f(f(f(X0,f(X0,X0)),X0),f(f(X0,X0),X0)),X0)),X0),f(f(X0,f(f(f(f(X0,f(X0,X0)),X0),f(f(X0,X0),X0)),X0)),X0))) )),
  inference(superposition,[],[f19938,f19829])).
fof(f21882,plain,(
  ( ! [X0,X1] : (f(f(f(f(f(X0,X0),X0),f(X0,X1)),f(f(f(X0,f(X0,X0)),X0),f(f(X0,X0),X0))),X1) = X0) )),
  inference(superposition,[],[f949,f21879])).
fof(f21943,plain,(
  ( ! [X0] : (f(f(f(X0,X0),X0),f(f(X0,X0),X0)) = X0) )),
  inference(superposition,[],[f21882,f20045])).
fof(f21965,plain,(
  ( ! [X0] : (f(f(f(f(X0,X0),X0),f(X0,X0)),f(f(f(X0,f(X0,X0)),X0),f(f(X0,X0),X0))) = X0) )),
  inference(superposition,[],[f21410,f21943])).
fof(f21989,plain,(
  ( ! [X0] : (f(X0,X0) = f(f(f(f(f(X0,X0),f(X0,X0)),f(f(X0,X0),X0)),f(X0,X0)),f(f(f(X0,f(X0,X0)),X0),f(f(X0,X0),X0)))) )),
  inference(superposition,[],[f20100,f21943])).
fof(f21996,plain,(
  ( ! [X0] : (f(f(X0,X0),X0) = f(f(f(X0,X0),f(X0,X0)),f(f(X0,X0),X0))) )),
  inference(superposition,[],[f42,f21943])).
fof(f22296,plain,(
  ( ! [X0] : (f(X0,X0) = f(f(f(f(X0,X0),X0),f(X0,X0)),f(f(f(X0,f(X0,X0)),X0),f(f(X0,X0),X0)))) )),
  inference(forward_demodulation,[],[f21989,f21996])).
fof(f22299,plain,(
  ( ! [X0] : (f(X0,X0) = X0) )),
  inference(forward_demodulation,[],[f22296,f21965])).
fof(f22690,plain,(
  ( ! [X2,X0,X1] : (f(f(f(f(f(f(X1,X0),f(f(f(f(X1,f(X1,X1)),X1),f(f(X1,X1),X1)),X0)),f(f(X1,X0),f(f(f(f(X1,f(X1,X1)),X1),f(f(X1,X1),X1)),X0))),f(X0,X2)),X0),X2) = X0) )),
  inference(superposition,[],[f772,f22299])).
fof(f22691,plain,(
  ( ! [X2,X0,X1] : (f(f(f(f(f(f(X1,f(X2,X0)),f(f(f(f(X1,f(X1,X1)),X1),f(f(X1,X1),X1)),X2)),f(f(X1,f(X2,X0)),f(f(f(f(X1,f(X1,X1)),X1),f(f(X1,X1),X1)),X2))),X0),X2),X0) = X0) )),
  inference(superposition,[],[f772,f22299])).
fof(f23183,plain,(
  ( ! [X2,X0,X1] : (f(f(f(f(f(X1,f(X2,X0)),f(f(f(f(X1,f(X1,X1)),X1),f(f(X1,X1),X1)),X2)),X0),X2),X0) = X0) )),
  inference(forward_demodulation,[],[f22691,f22299])).
fof(f23184,plain,(
  ( ! [X2,X0,X1] : (f(f(f(f(f(X1,X0),f(f(f(f(X1,f(X1,X1)),X1),f(f(X1,X1),X1)),X0)),f(X0,X2)),X0),X2) = X0) )),
  inference(forward_demodulation,[],[f22690,f22299])).
fof(f23805,plain,(
  ( ! [X2,X0] : (f(f(X2,X2),X0) = X0) )),
  inference(forward_demodulation,[],[f23183,f425])).
fof(f23806,plain,(
  ( ! [X2,X0,X1] : (f(f(f(f(f(X1,X0),f(f(f(f(X1,X1),X1),f(X1,X1)),X0)),f(X0,X2)),X0),X2) = X0) )),
  inference(forward_demodulation,[],[f23184,f22299])).
fof(f24375,plain,(
  ( ! [X2,X0] : (f(X2,X0) = X0) )),
  inference(forward_demodulation,[],[f23805,f22299])).
fof(f24376,plain,(
  ( ! [X2,X0,X1] : (f(f(f(f(f(X1,X0),f(f(f(X1,X1),X1),X0)),f(X0,X2)),X0),X2) = X0) )),
  inference(forward_demodulation,[],[f23806,f22299])).
fof(f24887,plain,(
  ( ! [X2,X0] : (X0 = X2) )),
  inference(forward_demodulation,[],[f24376,f24375])).
fof(f28222,plain,(
  ( ! [X0] : (sK0 != X0) )),
  inference(superposition,[],[f8,f24887])).
fof(f31308,plain,(
  $false),
  inference(forward_subsumption_resolution,[],[f28222,f24887])).
% SZS output end Proof for p
% ------------------------------
% Version: Vampire 5.0.1 (Release build, commit 1b13eaf on 2026-01-18 12:14:50 +0000)
% Linked with Z3 4.14.0.0 3c47fd96cf5645d0c42b2c819d9e9a84380aa721 NOTFOUND
% CaDiCaL version: 2.1.3
% Termination reason: Refutation
% Time elapsed: 4.876 s
% Peak memory usage: 126 MB
% Instructions burned: 31132 (million)
% ------------------------------
% ------------------------------
% Success in time 23.069 s
