% law: x = ((((y ◇ w) ◇ ((x ◇ (z ◇ y)) ◇ y)) ◇ (x ◇ x)) ◇ y)
% config: vampire/triv/casc+lpo @ 30s

% Running in auto input_syntax mode. Trying TPTP
% Detected formulas, will run a generic FOF schedule.
% lrs+1011_32_to=lpo:sil=2000:tgt=full:alpa=true:random_seed=3548515248:st=5:i=107:sd=1:ss=included:er=filter_300 on p for (300ds/107Mi)
% Instruction limit reached! 
% ------------------------------
% Version: Vampire 5.0.1 (Release build, commit 1b13eaf on 2026-01-18 12:14:50 +0000)
% Linked with Z3 4.14.0.0 3c47fd96cf5645d0c42b2c819d9e9a84380aa721 NOTFOUND
% CaDiCaL version: 2.1.3
% Termination reason: Instruction limit
% Termination phase: Saturation
% Time elapsed: 0.032 s
% Peak memory usage: 13 MB
% Instructions burned: 113 (million)
% lrs+10_2:3_to=lpo:sil=16000:sp=arity:random_seed=2819033220:i=114:bd=all:ss=axioms:sgt=4_299 on p for (299ds/114Mi)
% Instruction limit reached! 
% ------------------------------
% Version: Vampire 5.0.1 (Release build, commit 1b13eaf on 2026-01-18 12:14:50 +0000)
% Linked with Z3 4.14.0.0 3c47fd96cf5645d0c42b2c819d9e9a84380aa721 NOTFOUND
% CaDiCaL version: 2.1.3
% Termination reason: Instruction limit
% Termination phase: Saturation
% Time elapsed: 0.033 s
% Peak memory usage: 12 MB
% Instructions burned: 120 (million)
% WARNING Broken Constraint: if kbo_weight_scheme(arity) has been set then term_ordering(lpo) is equal to kbo or term_ordering(lpo) is equal to auto_kbo
% ott+1011_2_to=lpo:sil=4000:lsd=20:rnwc=on:rp=on:sac=on:newcnf=on:random_seed=983296196:i=132:kws=arity:er=filter_299 on p for (299ds/132Mi)
% Instruction limit reached! 
% ------------------------------
% Version: Vampire 5.0.1 (Release build, commit 1b13eaf on 2026-01-18 12:14:50 +0000)
% Linked with Z3 4.14.0.0 3c47fd96cf5645d0c42b2c819d9e9a84380aa721 NOTFOUND
% CaDiCaL version: 2.1.3
% Termination reason: Instruction limit
% Termination phase: Saturation
% Time elapsed: 0.028 s
% Peak memory usage: 13 MB
% Instructions burned: 133 (million)
% WARNING Broken Constraint: if kbo_max_zero(on) has been set then term_ordering(lpo) is equal to kbo or term_ordering(lpo) is equal to auto_kbo
% dis+1011_1_slsqr=8,1:to=lpo:sil=2000:spb=units:fd=off:kmz=on:flr=on:sac=on:slsq=on:random_seed=1303750812:st=2:i=121:sd=30:aac=none:ep=RS:ss=axioms:sgt=10_298 on p for (298ds/121Mi)
% Refutation not found, incomplete strategy
% ------------------------------
% Version: Vampire 5.0.1 (Release build, commit 1b13eaf on 2026-01-18 12:14:50 +0000)
% Linked with Z3 4.14.0.0 3c47fd96cf5645d0c42b2c819d9e9a84380aa721 NOTFOUND
% CaDiCaL version: 2.1.3
% Termination reason: Refutation not found, incomplete strategy
% Time elapsed: 0.002 s
% Peak memory usage: 11 MB
% ------------------------------
% ------------------------------
% Aborted by signal SIGSEGV on /tmp/tmppx4z3ji_/p.p
% ------------------------------
% Version: Vampire 5.0.1 (Release build, commit 1b13eaf on 2026-01-18 12:14:50 +0000)
% Linked with Z3 4.14.0.0 3c47fd96cf5645d0c42b2c819d9e9a84380aa721 NOTFOUND
% CaDiCaL version: 2.1.3
% Termination reason: Refutation not found, incomplete strategy
% Time elapsed: 0.002 s
% Peak memory usage: 11 MB
% lrs+10_1_to=lpo:sil=2000:sos=on:random_seed=2058322735:i=135:sd=2:gtg=position:ss=axioms_298 on p for (298ds/135Mi)
% Refutation not found, incomplete strategy
% ------------------------------
% Version: Vampire 5.0.1 (Release build, commit 1b13eaf on 2026-01-18 12:14:50 +0000)
% Linked with Z3 4.14.0.0 3c47fd96cf5645d0c42b2c819d9e9a84380aa721 NOTFOUND
% CaDiCaL version: 2.1.3
% Termination reason: Refutation not found, incomplete strategy
% Time elapsed: 0.014 s
% Peak memory usage: 11 MB
% ------------------------------
% ------------------------------
% lrs+1011_1_to=lpo:sil=16000:random_seed=2946877028:i=269:sd=10:ss=axioms:sgt=16_297 on p for (297ds/269Mi)
% Instruction limit reached! 
% ------------------------------
% Version: Vampire 5.0.1 (Release build, commit 1b13eaf on 2026-01-18 12:14:50 +0000)
% Linked with Z3 4.14.0.0 3c47fd96cf5645d0c42b2c819d9e9a84380aa721 NOTFOUND
% CaDiCaL version: 2.1.3
% Termination reason: Instruction limit
% Termination phase: Saturation
% Time elapsed: 0.085 s
% Peak memory usage: 15 MB
% Instructions burned: 275 (million)
% dis+1010_4_to=lpo:sil=2000:sos=on:sac=on:random_seed=1663540620:i=140:sd=1:ss=axioms_296 on p for (296ds/140Mi)
% Refutation not found, incomplete strategy
% ------------------------------
% Version: Vampire 5.0.1 (Release build, commit 1b13eaf on 2026-01-18 12:14:50 +0000)
% Linked with Z3 4.14.0.0 3c47fd96cf5645d0c42b2c819d9e9a84380aa721 NOTFOUND
% CaDiCaL version: 2.1.3
% Termination reason: Refutation not found, incomplete strategy
% Time elapsed: 0.0000 s
% Peak memory usage: 11 MB
% ------------------------------
% ------------------------------
% ott+11_4:1_slsqr=8,1:to=kbo:sil=4000:spb=goal:bsr=on:slsq=on:random_seed=904960275:s2pl=on:st=3:s2a=on:i=124:gtgl=4:sd=1:kws=inv_arity:ep=RST:gtg=position:ss=axioms:fsd=on_296 on p for (296ds/124Mi)
% Aborted by signal SIGSEGV on /tmp/tmppx4z3ji_/p.p
% ------------------------------
% Version: Vampire 5.0.1 (Release build, commit 1b13eaf on 2026-01-18 12:14:50 +0000)
% Linked with Z3 4.14.0.0 3c47fd96cf5645d0c42b2c819d9e9a84380aa721 NOTFOUND
% CaDiCaL version: 2.1.3
% Termination reason: Unknown
% Termination phase: Saturation
% Time elapsed: 0.007 s
% Peak memory usage: 8 MB
% Instructions burned: 1 (million)
% ott+1010_1_to=lpo:sil=32000:fde=none:sos=on:spb=goal_then_units:urr=on:random_seed=1272993977:st=2.5:cts=off:i=297:sd=4:ins=10:gsp=on:ss=axioms_296 on p for (296ds/297Mi)
% Refutation not found, incomplete strategy
% ------------------------------
% Version: Vampire 5.0.1 (Release build, commit 1b13eaf on 2026-01-18 12:14:50 +0000)
% Linked with Z3 4.14.0.0 3c47fd96cf5645d0c42b2c819d9e9a84380aa721 NOTFOUND
% CaDiCaL version: 2.1.3
% Termination reason: Refutation not found, incomplete strategy
% Time elapsed: 0.0000 s
% Peak memory usage: 11 MB
% ------------------------------
% ------------------------------
% lrs-1002_1_to=lpo:sil=2000:random_seed=3227002536:i=641:sd=20:ss=axioms:sgt=8_296 on p for (296ds/641Mi)
% Instruction limit reached! 
% ------------------------------
% Version: Vampire 5.0.1 (Release build, commit 1b13eaf on 2026-01-18 12:14:50 +0000)
% Linked with Z3 4.14.0.0 3c47fd96cf5645d0c42b2c819d9e9a84380aa721 NOTFOUND
% CaDiCaL version: 2.1.3
% Termination reason: Instruction limit
% Termination phase: Saturation
% Time elapsed: 0.103 s
% Peak memory usage: 21 MB
% Instructions burned: 643 (million)
% lrs+1011_1_to=lpo:sil=4000:plsq=on:plsqr=32,1:sp=occurrence:sos=all:erd=off:random_seed=926549929:st=5:i=160:sup=off:ss=included_295 on p for (295ds/160Mi)
% Refutation not found, incomplete strategy
% ------------------------------
% Version: Vampire 5.0.1 (Release build, commit 1b13eaf on 2026-01-18 12:14:50 +0000)
% Linked with Z3 4.14.0.0 3c47fd96cf5645d0c42b2c819d9e9a84380aa721 NOTFOUND
% CaDiCaL version: 2.1.3
% Termination reason: Refutation not found, incomplete strategy
% Time elapsed: 0.0000 s
% Peak memory usage: 11 MB
% ------------------------------
% ------------------------------
% WARNING Broken Constraint: if kbo_weight_scheme(inv_frequency) has been set then term_ordering(lpo) is equal to kbo or term_ordering(lpo) is equal to auto_kbo
% lrs+10_16:1_to=lpo:sil=2000:sp=reverse_frequency:lcm=predicate:bsr=unit_only:random_seed=3355702979:avsq=on:i=433:kws=inv_frequency:bs=unit_only:gtg=exists_sym_295 on p for (295ds/433Mi)
% Instruction limit reached! 
% ------------------------------
% Version: Vampire 5.0.1 (Release build, commit 1b13eaf on 2026-01-18 12:14:50 +0000)
% Linked with Z3 4.14.0.0 3c47fd96cf5645d0c42b2c819d9e9a84380aa721 NOTFOUND
% CaDiCaL version: 2.1.3
% Termination reason: Instruction limit
% Termination phase: Saturation
% Time elapsed: 0.067 s
% Peak memory usage: 16 MB
% Instructions burned: 435 (million)
% lrs+1011_32_sfv=off:to=lpo:sil=128000:sos=all:newcnf=on:random_seed=1148712560:cond=fast:i=114:nm=2:fsr=off:gtg=all:ss=axioms_294 on p for (294ds/114Mi)
% Instruction limit reached! 
% ------------------------------
% Version: Vampire 5.0.1 (Release build, commit 1b13eaf on 2026-01-18 12:14:50 +0000)
% Linked with Z3 4.14.0.0 3c47fd96cf5645d0c42b2c819d9e9a84380aa721 NOTFOUND
% CaDiCaL version: 2.1.3
% Termination reason: Instruction limit
% Termination phase: Saturation
% Time elapsed: 0.018 s
% Peak memory usage: 13 MB
% Instructions burned: 119 (million)
% lrs+10_64_to=lpo:sil=16000:sos=on:urr=on:br=off:random_seed=2205301179:st=2.2:i=120:sd=1:nm=2:gtg=all:ss=axioms_294 on p for (294ds/120Mi)
% Instruction limit reached! 
% ------------------------------
% Version: Vampire 5.0.1 (Release build, commit 1b13eaf on 2026-01-18 12:14:50 +0000)
% Linked with Z3 4.14.0.0 3c47fd96cf5645d0c42b2c819d9e9a84380aa721 NOTFOUND
% CaDiCaL version: 2.1.3
% Termination reason: Instruction limit
% Termination phase: Saturation
% Time elapsed: 0.018 s
% Peak memory usage: 13 MB
% Instructions burned: 120 (million)
% lrs+21_1_slsqr=16,1:to=lpo:sil=4000:fs=off:acc=on:alpa=true:slsq=on:random_seed=3869704155:i=126:sd=3:aac=none:doe=on:fsr=off:sup=off:ss=included:er=filter:sgt=10_294 on p for (294ds/126Mi)
% Refutation not found, incomplete strategy
% ------------------------------
% Version: Vampire 5.0.1 (Release build, commit 1b13eaf on 2026-01-18 12:14:50 +0000)
% Linked with Z3 4.14.0.0 3c47fd96cf5645d0c42b2c819d9e9a84380aa721 NOTFOUND
% CaDiCaL version: 2.1.3
% Termination reason: Refutation not found, incomplete strategy
% Time elapsed: 0.0000 s
% Peak memory usage: 11 MB
% ------------------------------
% ------------------------------
% dis-1011_1_to=lpo:sil=64000:sp=occurrence:nwc=2:sac=on:random_seed=986034902:i=161:gtgl=2:gtg=exists_sym_294 on p for (294ds/161Mi)
% Instruction limit reached! 
% ------------------------------
% Version: Vampire 5.0.1 (Release build, commit 1b13eaf on 2026-01-18 12:14:50 +0000)
% Linked with Z3 4.14.0.0 3c47fd96cf5645d0c42b2c819d9e9a84380aa721 NOTFOUND
% CaDiCaL version: 2.1.3
% Termination reason: Instruction limit
% Termination phase: Saturation
% Time elapsed: 0.023 s
% Peak memory usage: 12 MB
% Instructions burned: 166 (million)
% lrs+11_1024_to=lpo:sil=2000:drc=off:gs=on:flr=on:random_seed=1147343016:s2a=on:i=137:sd=2:fgj=on:av=off:ss=axioms:sgt=4_293 on p for (293ds/137Mi)
% Instruction limit reached! 
% ------------------------------
% Version: Vampire 5.0.1 (Release build, commit 1b13eaf on 2026-01-18 12:14:50 +0000)
% Linked with Z3 4.14.0.0 3c47fd96cf5645d0c42b2c819d9e9a84380aa721 NOTFOUND
% CaDiCaL version: 2.1.3
% Termination reason: Instruction limit
% Termination phase: Saturation
% Time elapsed: 0.021 s
% Peak memory usage: 14 MB
% Instructions burned: 140 (million)
% WARNING Broken Constraint: if kbo_weight_scheme(arity) has been set then term_ordering(lpo) is equal to kbo or term_ordering(lpo) is equal to auto_kbo
% dis-1010_1_anc=none:to=lpo:sil=2000:sims=off:etr=on:sos=on:spb=units:nwc=2:random_seed=2290683198:i=698:sd=2:kws=arity:aac=none:ss=axioms:sgt=10_293 on p for (293ds/698Mi)
% Refutation not found, incomplete strategy
% ------------------------------
% Version: Vampire 5.0.1 (Release build, commit 1b13eaf on 2026-01-18 12:14:50 +0000)
% Linked with Z3 4.14.0.0 3c47fd96cf5645d0c42b2c819d9e9a84380aa721 NOTFOUND
% CaDiCaL version: 2.1.3
% Termination reason: Refutation not found, incomplete strategy
% Time elapsed: 0.0000 s
% Peak memory usage: 11 MB
% ------------------------------
% ------------------------------
% dis+10_1_to=lpo:sil=32000:s2agt=32:random_seed=553327341:st=3:s2a=on:i=183:sd=1:gtg=position:ss=axioms_293 on p for (293ds/183Mi)
% Instruction limit reached! 
% ------------------------------
% Version: Vampire 5.0.1 (Release build, commit 1b13eaf on 2026-01-18 12:14:50 +0000)
% Linked with Z3 4.14.0.0 3c47fd96cf5645d0c42b2c819d9e9a84380aa721 NOTFOUND
% CaDiCaL version: 2.1.3
% Termination reason: Instruction limit
% Termination phase: Saturation
% Time elapsed: 0.026 s
% Peak memory usage: 12 MB
% Instructions burned: 187 (million)
% dis+1010_2_to=lpo:sil=8000:plsq=on:plsqr=1,2:fd=off:random_seed=692728849:st=1.5:s2a=on:i=119:sd=2:sup=off:ss=axioms_293 on p for (293ds/119Mi)
% Refutation not found, incomplete strategy
% ------------------------------
% Version: Vampire 5.0.1 (Release build, commit 1b13eaf on 2026-01-18 12:14:50 +0000)
% Linked with Z3 4.14.0.0 3c47fd96cf5645d0c42b2c819d9e9a84380aa721 NOTFOUND
% CaDiCaL version: 2.1.3
% Termination reason: Refutation not found, incomplete strategy
% Time elapsed: 0.0000 s
% Peak memory usage: 11 MB
% ------------------------------
% ------------------------------
% dis+1010_3_to=lpo:sil=2000:tgt=full:plsq=on:drc=off:fde=unused:sp=arity:acc=on:nwc=20:flr=on:sac=on:avsqc=2:random_seed=879449593:s2pl=on:st=3:avsq=on:i=285:s2at=5:avsqr=52993,1048576:sd=10:gtg=exists_sym:ss=axioms_293 on p for (293ds/285Mi)
% Instruction limit reached! 
% ------------------------------
% Version: Vampire 5.0.1 (Release build, commit 1b13eaf on 2026-01-18 12:14:50 +0000)
% Linked with Z3 4.14.0.0 3c47fd96cf5645d0c42b2c819d9e9a84380aa721 NOTFOUND
% CaDiCaL version: 2.1.3
% Termination reason: Instruction limit
% Termination phase: Saturation
% Time elapsed: 0.044 s
% Peak memory usage: 14 MB
% Instructions burned: 291 (million)
% lrs+1011_1_to=lpo:sil=32000:sp=arity:spb=goal:urr=on:bsr=on:fd=preordered:nwc=0.968:br=off:newcnf=on:random_seed=2970644780:s2a=on:i=130:s2at=11:bd=preordered:nm=20:ins=10:gtg=position:gsp=on_292 on p for (292ds/130Mi)
% Instruction limit reached! 
% ------------------------------
% Version: Vampire 5.0.1 (Release build, commit 1b13eaf on 2026-01-18 12:14:50 +0000)
% Linked with Z3 4.14.0.0 3c47fd96cf5645d0c42b2c819d9e9a84380aa721 NOTFOUND
% CaDiCaL version: 2.1.3
% Termination reason: Instruction limit
% Termination phase: Saturation
% Time elapsed: 0.025 s
% Peak memory usage: 13 MB
% Instructions burned: 132 (million)
% lrs+11_128_to=lpo:sil=2000:spb=units:lcm=predicate:nwc=20:slsqc=4:slsq=on:random_seed=3336555985:cts=off:i=178:slsql=off:nm=2:av=off:fsr=off_292 on p for (292ds/178Mi)
% Instruction limit reached! 
% ------------------------------
% Version: Vampire 5.0.1 (Release build, commit 1b13eaf on 2026-01-18 12:14:50 +0000)
% Linked with Z3 4.14.0.0 3c47fd96cf5645d0c42b2c819d9e9a84380aa721 NOTFOUND
% CaDiCaL version: 2.1.3
% Termination reason: Instruction limit
% Termination phase: Saturation
% Time elapsed: 0.049 s
% Peak memory usage: 13 MB
% Instructions burned: 179 (million)
% lrs-10_3:2_anc=all:to=lpo:sil=8000:plsq=on:plsqc=1:plsqr=1,1:erd=off:urr=on:rp=on:br=off:sac=on:avsqc=3:random_seed=401044741:avsq=on:s2a=on:i=270:s2at=2:nicw=on:ss=axioms_291 on p for (291ds/270Mi)
% Refutation not found, incomplete strategy
% ------------------------------
% Version: Vampire 5.0.1 (Release build, commit 1b13eaf on 2026-01-18 12:14:50 +0000)
% Linked with Z3 4.14.0.0 3c47fd96cf5645d0c42b2c819d9e9a84380aa721 NOTFOUND
% CaDiCaL version: 2.1.3
% Termination reason: Refutation not found, incomplete strategy
% Time elapsed: 0.0000 s
% Peak memory usage: 11 MB
% ------------------------------
% ------------------------------
% WARNING Broken Constraint: if kbo_weight_scheme(precedence) has been set then term_ordering(lpo) is equal to kbo or term_ordering(lpo) is equal to auto_kbo
% dis-1011_1_to=lpo:sil=16000:tgt=full:prc=on:bsd=on:avsql=on:sp=unary_first:spb=intro:acc=on:fd=preordered:avsqc=1:random_seed=3536693075:st=4:avsq=on:i=960:avsqr=1,16:kws=precedence:bd=all:ins=10:ss=axioms_291 on p for (291ds/960Mi)
% Instruction limit reached! 
% ------------------------------
% Version: Vampire 5.0.1 (Release build, commit 1b13eaf on 2026-01-18 12:14:50 +0000)
% Linked with Z3 4.14.0.0 3c47fd96cf5645d0c42b2c819d9e9a84380aa721 NOTFOUND
% CaDiCaL version: 2.1.3
% Termination reason: Instruction limit
% Termination phase: Saturation
% Time elapsed: 0.130 s
% Peak memory usage: 22 MB
% Instructions burned: 963 (million)
% lrs+4_1_sfv=off:to=lpo:sil=16000:sos=all:random_seed=288069575:i=183:av=off_290 on p for (290ds/183Mi)
% Refutation not found, incomplete strategy
% ------------------------------
% Version: Vampire 5.0.1 (Release build, commit 1b13eaf on 2026-01-18 12:14:50 +0000)
% Linked with Z3 4.14.0.0 3c47fd96cf5645d0c42b2c819d9e9a84380aa721 NOTFOUND
% CaDiCaL version: 2.1.3
% Termination reason: Refutation not found, incomplete strategy
% Time elapsed: 0.002 s
% Peak memory usage: 8 MB
% ------------------------------
% ------------------------------
% lrs+11_8_slsqr=4,1:to=lpo:sil=2000:erd=off:spb=goal:lsd=50:s2agt=8:slsqc=3:slsq=on:random_seed=3863153310:s2pl=on:i=137:sd=2:ep=R:nm=6:av=off:ss=axioms:sgt=8_289 on p for (289ds/137Mi)
% Refutation not found, incomplete strategy
% ------------------------------
% Version: Vampire 5.0.1 (Release build, commit 1b13eaf on 2026-01-18 12:14:50 +0000)
% Linked with Z3 4.14.0.0 3c47fd96cf5645d0c42b2c819d9e9a84380aa721 NOTFOUND
% CaDiCaL version: 2.1.3
% Termination reason: Refutation not found, incomplete strategy
% Time elapsed: 0.001 s
% Peak memory usage: 8 MB
% ------------------------------
% ------------------------------
% WARNING Broken Constraint: if kbo_weight_scheme(arity_squared) has been set then term_ordering(lpo) is equal to kbo or term_ordering(lpo) is equal to auto_kbo
% lrs+1010_14_to=lpo:sil=4000:tgt=full:plsq=on:plsqc=3:plsqr=1,64:erd=off:spb=goal_then_units:plsql=on:slsqc=3:slsq=on:random_seed=334707708:i=274:s2at=3:sd=1:kws=arity_squared:gtg=exists_all:ss=axioms:fsd=on:sgt=16_289 on p for (289ds/274Mi)
% Instruction limit reached! 
% ------------------------------
% Version: Vampire 5.0.1 (Release build, commit 1b13eaf on 2026-01-18 12:14:50 +0000)
% Linked with Z3 4.14.0.0 3c47fd96cf5645d0c42b2c819d9e9a84380aa721 NOTFOUND
% CaDiCaL version: 2.1.3
% Termination reason: Instruction limit
% Termination phase: Saturation
% Time elapsed: 0.082 s
% Peak memory usage: 15 MB
% Instructions burned: 274 (million)
% lrs+34_16:1_anc=all_dependent:to=lpo:sil=2000:sp=unary_first:sos=on:urr=full:fd=off:sac=on:random_seed=1277674629:i=259:aac=none:bd=preordered:ss=axioms_288 on p for (288ds/259Mi)
% Refutation not found, incomplete strategy
% ------------------------------
% Version: Vampire 5.0.1 (Release build, commit 1b13eaf on 2026-01-18 12:14:50 +0000)
% Linked with Z3 4.14.0.0 3c47fd96cf5645d0c42b2c819d9e9a84380aa721 NOTFOUND
% CaDiCaL version: 2.1.3
% Termination reason: Refutation not found, incomplete strategy
% Time elapsed: 0.002 s
% Peak memory usage: 11 MB
% ------------------------------
% ------------------------------
% ott+10_1_to=lpo:sil=8000:drc=ordering:urr=on:br=off:random_seed=1126625155:s2a=on:cond=on:i=1197:gtg=position:ss=axioms:sgt=8_288 on p for (288ds/1197Mi)
% Instruction limit reached! 
% ------------------------------
% Version: Vampire 5.0.1 (Release build, commit 1b13eaf on 2026-01-18 12:14:50 +0000)
% Linked with Z3 4.14.0.0 3c47fd96cf5645d0c42b2c819d9e9a84380aa721 NOTFOUND
% CaDiCaL version: 2.1.3
% Termination reason: Instruction limit
% Termination phase: Saturation
% Time elapsed: 0.312 s
% Peak memory usage: 32 MB
% Instructions burned: 1198 (million)
% lrs+22_32_to=lpo:sil=4000:plsq=on:rp=on:newcnf=on:random_seed=2004618589:st=2.5:s2a=on:i=132:sd=5:ss=included_285 on p for (285ds/132Mi)
% Instruction limit reached! 
% ------------------------------
% Version: Vampire 5.0.1 (Release build, commit 1b13eaf on 2026-01-18 12:14:50 +0000)
% Linked with Z3 4.14.0.0 3c47fd96cf5645d0c42b2c819d9e9a84380aa721 NOTFOUND
% CaDiCaL version: 2.1.3
% Termination reason: Instruction limit
% Termination phase: Saturation
% Time elapsed: 0.040 s
% Peak memory usage: 13 MB
% Instructions burned: 133 (million)
% dis-1011_1_anc=none:to=lpo:sil=4000:plsq=on:prc=on:plsqc=3:plsqr=2804223,1048576:fdtod=off:sp=reverse_frequency:sos=on:lsd=20:nwc=1:flr=on:random_seed=1641981945:st=3:cond=fast:prac=on:i=179:gtgl=2:bs=unit_only:ep=RS:nm=10:ins=25:amm=off:gtg=all:ss=included_284 on p for (284ds/179Mi)
% Refutation not found, incomplete strategy
% ------------------------------
% Version: Vampire 5.0.1 (Release build, commit 1b13eaf on 2026-01-18 12:14:50 +0000)
% Linked with Z3 4.14.0.0 3c47fd96cf5645d0c42b2c819d9e9a84380aa721 NOTFOUND
% CaDiCaL version: 2.1.3
% Termination reason: Refutation not found, incomplete strategy
% Time elapsed: 0.004 s
% Peak memory usage: 11 MB
% ------------------------------
% ------------------------------
% lrs+1002_16:1_to=lpo:sil=2000:sos=on:acc=on:urr=full:fd=off:newcnf=on:random_seed=236158062:i=1517:sd=1:sup=off:ss=included_284 on p for (284ds/1517Mi)
% Refutation not found, incomplete strategy
% ------------------------------
% Version: Vampire 5.0.1 (Release build, commit 1b13eaf on 2026-01-18 12:14:50 +0000)
% Linked with Z3 4.14.0.0 3c47fd96cf5645d0c42b2c819d9e9a84380aa721 NOTFOUND
% CaDiCaL version: 2.1.3
% Termination reason: Refutation not found, incomplete strategy
% Time elapsed: 0.0000 s
% Peak memory usage: 11 MB
% ------------------------------
% ------------------------------
% ott+11_1_slsqr=12,1:to=lpo:sil=4000:erd=off:spb=goal:urr=on:br=off:slsq=on:random_seed=1689308910:cts=off:i=159:slsql=off:nm=6:gsp=on_283 on p for (283ds/159Mi)
% Instruction limit reached! 
% ------------------------------
% Version: Vampire 5.0.1 (Release build, commit 1b13eaf on 2026-01-18 12:14:50 +0000)
% Linked with Z3 4.14.0.0 3c47fd96cf5645d0c42b2c819d9e9a84380aa721 NOTFOUND
% CaDiCaL version: 2.1.3
% Termination reason: Instruction limit
% Termination phase: Saturation
% Time elapsed: 0.025 s
% Peak memory usage: 14 MB
% Instructions burned: 164 (million)
% lrs-1011_1_to=lpo:sil=2000:random_seed=3096807765:st=5:avsq=on:i=175:avsqr=1,16:ep=R:ss=included_283 on p for (283ds/175Mi)
% Refutation not found, incomplete strategy
% ------------------------------
% Version: Vampire 5.0.1 (Release build, commit 1b13eaf on 2026-01-18 12:14:50 +0000)
% Linked with Z3 4.14.0.0 3c47fd96cf5645d0c42b2c819d9e9a84380aa721 NOTFOUND
% CaDiCaL version: 2.1.3
% Termination reason: Refutation not found, incomplete strategy
% Time elapsed: 0.0000 s
% Peak memory usage: 11 MB
% ------------------------------
% ------------------------------
% WARNING Broken Constraint: if kbo_weight_scheme(frequency) has been set then term_ordering(lpo) is equal to kbo or term_ordering(lpo) is equal to auto_kbo
% lrs-1010_8_to=lpo:sil=4000:tgt=ground:drc=off:br=off:slsq=on:random_seed=3320575036:i=176:kws=frequency:ss=axioms_283 on p for (283ds/176Mi)
% Refutation not found, incomplete strategy
% ------------------------------
% Version: Vampire 5.0.1 (Release build, commit 1b13eaf on 2026-01-18 12:14:50 +0000)
% Linked with Z3 4.14.0.0 3c47fd96cf5645d0c42b2c819d9e9a84380aa721 NOTFOUND
% CaDiCaL version: 2.1.3
% Termination reason: Refutation not found, incomplete strategy
% Time elapsed: 0.0000 s
% Peak memory usage: 11 MB
% ------------------------------
% ------------------------------
% lrs+1011_3:1_to=lpo:sil=2000:plsq=on:plsqc=1:plsqr=64,1:sp=reverse_frequency:sos=on:fd=preordered:rp=on:random_seed=3127460222:i=574:aac=none:bd=all:ins=1_283 on p for (283ds/574Mi)
% Refutation not found, incomplete strategy
% ------------------------------
% Version: Vampire 5.0.1 (Release build, commit 1b13eaf on 2026-01-18 12:14:50 +0000)
% Linked with Z3 4.14.0.0 3c47fd96cf5645d0c42b2c819d9e9a84380aa721 NOTFOUND
% CaDiCaL version: 2.1.3
% Termination reason: Refutation not found, incomplete strategy
% Time elapsed: 0.0000 s
% Peak memory usage: 11 MB
% ------------------------------
% ------------------------------
% dis+1010_7_anc=all_dependent:to=lpo:sil=64000:plsq=on:plsqr=8,1:sp=occurrence:sos=on:urr=ec_only:bsr=on:alpa=true:flr=on:slsq=on:random_seed=523994175:avsq=on:cond=on:i=116:gtgl=5:avsqr=1,32:aac=none:amm=off:gtg=all:rawr=on_283 on p for (283ds/116Mi)
% Instruction limit reached! 
% ------------------------------
% Version: Vampire 5.0.1 (Release build, commit 1b13eaf on 2026-01-18 12:14:50 +0000)
% Linked with Z3 4.14.0.0 3c47fd96cf5645d0c42b2c819d9e9a84380aa721 NOTFOUND
% CaDiCaL version: 2.1.3
% Termination reason: Instruction limit
% Termination phase: Saturation
% Time elapsed: 0.018 s
% Peak memory usage: 12 MB
% Instructions burned: 124 (million)
% lrs+10_1_to=lpo:sil=4000:plsq=on:s2agt=16:slsqc=1:slsq=on:random_seed=1999279944:st=5:s2a=on:i=879:sd=3:av=off:gtg=exists_top:ss=axioms_283 on p for (283ds/879Mi)
% Instruction limit reached! 
% ------------------------------
% Version: Vampire 5.0.1 (Release build, commit 1b13eaf on 2026-01-18 12:14:50 +0000)
% Linked with Z3 4.14.0.0 3c47fd96cf5645d0c42b2c819d9e9a84380aa721 NOTFOUND
% CaDiCaL version: 2.1.3
% Termination reason: Instruction limit
% Termination phase: Saturation
% Time elapsed: 0.128 s
% Peak memory usage: 26 MB
% Instructions burned: 883 (million)
% dis+10_3:10_to=lpo:sil=32000:flr=on:sac=on:random_seed=1435419332:i=382:ep=RST_281 on p for (281ds/382Mi)
% Instruction limit reached! 
% ------------------------------
% Version: Vampire 5.0.1 (Release build, commit 1b13eaf on 2026-01-18 12:14:50 +0000)
% Linked with Z3 4.14.0.0 3c47fd96cf5645d0c42b2c819d9e9a84380aa721 NOTFOUND
% CaDiCaL version: 2.1.3
% Termination reason: Instruction limit
% Termination phase: Saturation
% Time elapsed: 0.067 s
% Peak memory usage: 36 MB
% Instructions burned: 394 (million)
% WARNING Broken Constraint: if kbo_weight_scheme(precedence) has been set then term_ordering(lpo) is equal to kbo or term_ordering(lpo) is equal to auto_kbo
% lrs+1011_8:1_to=lpo:sil=4000:plsq=on:plsqc=3:plsqr=32,1:sp=reverse_arity:erd=off:lcm=reverse:acc=on:flr=on:slsq=on:random_seed=3991473007:s2a=on:i=178:kws=precedence:ep=RS:nm=32_281 on p for (281ds/178Mi)
% Refutation not found, incomplete strategy
% ------------------------------
% Version: Vampire 5.0.1 (Release build, commit 1b13eaf on 2026-01-18 12:14:50 +0000)
% Linked with Z3 4.14.0.0 3c47fd96cf5645d0c42b2c819d9e9a84380aa721 NOTFOUND
% CaDiCaL version: 2.1.3
% Termination reason: Refutation not found, incomplete strategy
% Time elapsed: 0.001 s
% Peak memory usage: 11 MB
% ------------------------------
% ------------------------------
% Aborted by signal SIGSEGV on /tmp/tmppx4z3ji_/p.p
% ------------------------------
% Version: Vampire 5.0.1 (Release build, commit 1b13eaf on 2026-01-18 12:14:50 +0000)
% Linked with Z3 4.14.0.0 3c47fd96cf5645d0c42b2c819d9e9a84380aa721 NOTFOUND
% CaDiCaL version: 2.1.3
% Termination reason: Refutation not found, incomplete strategy
% Time elapsed: 0.001 s
% Peak memory usage: 11 MB
% dis-1004_1024_slsqr=1,4:to=lpo:sil=128000:tgt=ground:irw=on:erd=off:spb=goal:bsr=on:rnwc=on:nwc=0.5:slsq=on:random_seed=3535129565:st=1.5:i=120:doe=on:bs=unit_only:ins=7:av=off:ss=axioms_281 on p for (281ds/120Mi)
% Refutation not found, incomplete strategy
% ------------------------------
% Version: Vampire 5.0.1 (Release build, commit 1b13eaf on 2026-01-18 12:14:50 +0000)
% Linked with Z3 4.14.0.0 3c47fd96cf5645d0c42b2c819d9e9a84380aa721 NOTFOUND
% CaDiCaL version: 2.1.3
% Termination reason: Refutation not found, incomplete strategy
% Time elapsed: 0.0000 s
% Peak memory usage: 8 MB
% ------------------------------
% ------------------------------
% WARNING Broken Constraint: if kbo_max_zero(on) has been set then term_ordering(lpo) is equal to kbo or term_ordering(lpo) is equal to auto_kbo
% lrs-1011_12_anc=all:to=lpo:sil=16000:plsq=on:fde=none:plsqc=2:plsqr=1,32:sp=unary_frequency:fs=off:spb=goal:bsr=unit_only:plsql=on:gs=on:nwc=2:kmz=on:sac=on:slsq=on:random_seed=3007243960:st=5:avsq=on:i=141:sd=1:fsr=off:gtg=exists_sym:ss=axioms:fsd=on_281 on p for (281ds/141Mi)
% Instruction limit reached! 
% ------------------------------
% Version: Vampire 5.0.1 (Release build, commit 1b13eaf on 2026-01-18 12:14:50 +0000)
% Linked with Z3 4.14.0.0 3c47fd96cf5645d0c42b2c819d9e9a84380aa721 NOTFOUND
% CaDiCaL version: 2.1.3
% Termination reason: Instruction limit
% Termination phase: Saturation
% Time elapsed: 0.020 s
% Peak memory usage: 14 MB
% Instructions burned: 143 (million)
% lrs-1010_128_to=lpo:sil=4000:rp=on:nwc=0.6:alpa=false:random_seed=2596726133:i=625:aac=none:nm=2:gsp=on_280 on p for (280ds/625Mi)
% Instruction limit reached! 
% ------------------------------
% Version: Vampire 5.0.1 (Release build, commit 1b13eaf on 2026-01-18 12:14:50 +0000)
% Linked with Z3 4.14.0.0 3c47fd96cf5645d0c42b2c819d9e9a84380aa721 NOTFOUND
% CaDiCaL version: 2.1.3
% Termination reason: Instruction limit
% Termination phase: Saturation
% Time elapsed: 0.099 s
% Peak memory usage: 22 MB
% Instructions burned: 632 (million)
% dis+1010_1024_to=lpo:sil=4000:tgt=ground:sp=reverse_frequency:random_seed=1873038145:i=292:nm=16:av=off:ss=axioms_279 on p for (279ds/292Mi)
% Refutation not found, incomplete strategy
% ------------------------------
% Version: Vampire 5.0.1 (Release build, commit 1b13eaf on 2026-01-18 12:14:50 +0000)
% Linked with Z3 4.14.0.0 3c47fd96cf5645d0c42b2c819d9e9a84380aa721 NOTFOUND
% CaDiCaL version: 2.1.3
% Termination reason: Refutation not found, incomplete strategy
% Time elapsed: 0.0000 s
% Peak memory usage: 8 MB
% ------------------------------
% ------------------------------
% lrs-1010_4_to=lpo:sil=4000:fde=unused:sp=reverse_frequency:sos=on:erd=off:fs=off:fd=off:sac=on:random_seed=115842182:i=324:aac=none:fsr=off_279 on p for (279ds/324Mi)
% Refutation not found, incomplete strategy
% ------------------------------
% Version: Vampire 5.0.1 (Release build, commit 1b13eaf on 2026-01-18 12:14:50 +0000)
% Linked with Z3 4.14.0.0 3c47fd96cf5645d0c42b2c819d9e9a84380aa721 NOTFOUND
% CaDiCaL version: 2.1.3
% Termination reason: Refutation not found, incomplete strategy
% Time elapsed: 0.0000 s
% Peak memory usage: 11 MB
% ------------------------------
% ------------------------------
% dis+1011_32_anc=all:to=lpo:sil=16000:drc=off:sp=reverse_frequency:fs=off:fd=preordered:sac=on:random_seed=1458297894:avsq=on:i=168:add=on:nicw=on:bd=preordered:fsr=off_279 on p for (279ds/168Mi)
% Instruction limit reached! 
% ------------------------------
% Version: Vampire 5.0.1 (Release build, commit 1b13eaf on 2026-01-18 12:14:50 +0000)
% Linked with Z3 4.14.0.0 3c47fd96cf5645d0c42b2c819d9e9a84380aa721 NOTFOUND
% CaDiCaL version: 2.1.3
% Termination reason: Instruction limit
% Termination phase: Saturation
% Time elapsed: 0.043 s
% Peak memory usage: 12 MB
% Instructions burned: 175 (million)
% dis-1011_10_to=lpo:sil=2000:tgt=ground:plsq=on:lsd=10:nwc=5:s2agt=64:random_seed=3124178730:s2a=on:i=123:av=off:ss=axioms:sgt=20_278 on p for (278ds/123Mi)
% Instruction limit reached! 
% ------------------------------
% Version: Vampire 5.0.1 (Release build, commit 1b13eaf on 2026-01-18 12:14:50 +0000)
% Linked with Z3 4.14.0.0 3c47fd96cf5645d0c42b2c819d9e9a84380aa721 NOTFOUND
% CaDiCaL version: 2.1.3
% Termination reason: Instruction limit
% Termination phase: Saturation
% Time elapsed: 0.025 s
% Peak memory usage: 12 MB
% Instructions burned: 129 (million)
% dis-1011_1_to=lpo:sil=2000:plsq=on:drc=off:fde=none:bsd=on:plsqr=1,2:sp=weighted_frequency:lma=off:bce=on:rp=on:nwc=20:random_seed=4086513111:st=10:i=123:doe=on:bs=unit_only:av=off:ss=included:er=filter:sgt=88_278 on p for (278ds/123Mi)
% Instruction limit reached! 
% ------------------------------
% Version: Vampire 5.0.1 (Release build, commit 1b13eaf on 2026-01-18 12:14:50 +0000)
% Linked with Z3 4.14.0.0 3c47fd96cf5645d0c42b2c819d9e9a84380aa721 NOTFOUND
% CaDiCaL version: 2.1.3
% Termination reason: Instruction limit
% Termination phase: Saturation
% Time elapsed: 0.017 s
% Peak memory usage: 12 MB
% Instructions burned: 127 (million)
% WARNING Broken Constraint: if kbo_weight_scheme(arity_squared) has been set then term_ordering(lpo) is equal to kbo or term_ordering(lpo) is equal to auto_kbo
% dis+11_4_to=lpo:sil=4000:prc=on:fd=preordered:random_seed=1460144124:i=1091:kws=arity_squared:av=off_278 on p for (278ds/1091Mi)
% Instruction limit reached! 
% ------------------------------
% Version: Vampire 5.0.1 (Release build, commit 1b13eaf on 2026-01-18 12:14:50 +0000)
% Linked with Z3 4.14.0.0 3c47fd96cf5645d0c42b2c819d9e9a84380aa721 NOTFOUND
% CaDiCaL version: 2.1.3
% Termination reason: Instruction limit
% Termination phase: Saturation
% Time elapsed: 0.146 s
% Peak memory usage: 22 MB
% Instructions burned: 1093 (million)
% lrs+1002_1_to=lpo:sil=2000:sos=on:random_seed=3013207523:i=1674:sd=3:ss=axioms:sgt=16_276 on p for (276ds/1674Mi)
% Refutation not found, incomplete strategy
% ------------------------------
% Version: Vampire 5.0.1 (Release build, commit 1b13eaf on 2026-01-18 12:14:50 +0000)
% Linked with Z3 4.14.0.0 3c47fd96cf5645d0c42b2c819d9e9a84380aa721 NOTFOUND
% CaDiCaL version: 2.1.3
% Termination reason: Refutation not found, incomplete strategy
% Time elapsed: 0.001 s
% Peak memory usage: 11 MB
% ------------------------------
% ------------------------------
% dis+10_1_to=lpo:sil=4000:lcm=reverse:urr=ec_only:gs=on:br=off:random_seed=642228890:cts=off:i=340:nm=0:av=off:fsr=off_276 on p for (276ds/340Mi)
% Instruction limit reached! 
% ------------------------------
% Version: Vampire 5.0.1 (Release build, commit 1b13eaf on 2026-01-18 12:14:50 +0000)
% Linked with Z3 4.14.0.0 3c47fd96cf5645d0c42b2c819d9e9a84380aa721 NOTFOUND
% CaDiCaL version: 2.1.3
% Termination reason: Instruction limit
% Termination phase: Saturation
% Time elapsed: 0.045 s
% Peak memory usage: 13 MB
% Instructions burned: 345 (million)
% lrs+1002_5:4_to=lpo:sil=4000:plsq=on:sims=off:plsqr=256,1:sp=const_frequency:sos=on:fs=off:acc=on:fd=off:s2agt=32:random_seed=4245017046:s2a=on:i=124:aac=none:fsr=off_275 on p for (275ds/124Mi)
% Refutation not found, incomplete strategy
% ------------------------------
% Version: Vampire 5.0.1 (Release build, commit 1b13eaf on 2026-01-18 12:14:50 +0000)
% Linked with Z3 4.14.0.0 3c47fd96cf5645d0c42b2c819d9e9a84380aa721 NOTFOUND
% CaDiCaL version: 2.1.3
% Termination reason: Refutation not found, incomplete strategy
% Time elapsed: 0.0000 s
% Peak memory usage: 11 MB
% ------------------------------
% ------------------------------
% lrs-1004_1024_to=lpo:sil=2000:tgt=ground:sos=on:newcnf=on:random_seed=2782162018:i=125:sd=1:aac=none:fsr=off:gtg=position:ss=axioms_275 on p for (275ds/125Mi)
% Refutation not found, incomplete strategy
% ------------------------------
% Version: Vampire 5.0.1 (Release build, commit 1b13eaf on 2026-01-18 12:14:50 +0000)
% Linked with Z3 4.14.0.0 3c47fd96cf5645d0c42b2c819d9e9a84380aa721 NOTFOUND
% CaDiCaL version: 2.1.3
% Termination reason: Refutation not found, incomplete strategy
% Time elapsed: 0.0000 s
% Peak memory usage: 11 MB
% ------------------------------
% ------------------------------
% lrs+11_1_to=lpo:sil=2000:random_seed=1680206082:i=328:sd=2:ep=RS:nm=0:av=off:ss=included_275 on p for (275ds/328Mi)
% Refutation not found, incomplete strategy
% ------------------------------
% Version: Vampire 5.0.1 (Release build, commit 1b13eaf on 2026-01-18 12:14:50 +0000)
% Linked with Z3 4.14.0.0 3c47fd96cf5645d0c42b2c819d9e9a84380aa721 NOTFOUND
% CaDiCaL version: 2.1.3
% Termination reason: Refutation not found, incomplete strategy
% Time elapsed: 0.0000 s
% Peak memory usage: 8 MB
% ------------------------------
% ------------------------------
% lrs+1010_1_to=lpo:sil=4000:fde=unused:sos=on:urr=ec_only:sac=on:random_seed=2729084220:i=2032:gtgl=3:sd=2:gtg=exists_all:ss=axioms_275 on p for (275ds/2032Mi)
% Instruction limit reached! 
% ------------------------------
% Version: Vampire 5.0.1 (Release build, commit 1b13eaf on 2026-01-18 12:14:50 +0000)
% Linked with Z3 4.14.0.0 3c47fd96cf5645d0c42b2c819d9e9a84380aa721 NOTFOUND
% CaDiCaL version: 2.1.3
% Termination reason: Instruction limit
% Termination phase: Saturation
% Time elapsed: 0.288 s
% Peak memory usage: 49 MB
% Instructions burned: 2038 (million)
% dis-1010_2:3_sfv=off:to=lpo:sil=2000:fde=unused:sp=reverse_frequency:flr=on:random_seed=1811806229:st=9:i=237:av=off:ss=axioms_272 on p for (272ds/237Mi)
% Instruction limit reached! 
% ------------------------------
% Version: Vampire 5.0.1 (Release build, commit 1b13eaf on 2026-01-18 12:14:50 +0000)
% Linked with Z3 4.14.0.0 3c47fd96cf5645d0c42b2c819d9e9a84380aa721 NOTFOUND
% CaDiCaL version: 2.1.3
% Termination reason: Instruction limit
% Termination phase: Saturation
% Time elapsed: 0.033 s
% Peak memory usage: 12 MB
% Instructions burned: 242 (million)
% dis+10_1_to=lpo:sil=4000:plsq=on:plsqc=1:plsqr=32,1:random_seed=4127151824:st=2:i=185:sd=1:bd=all:sup=off:ss=axioms_272 on p for (272ds/185Mi)
% Refutation not found, incomplete strategy
% ------------------------------
% Version: Vampire 5.0.1 (Release build, commit 1b13eaf on 2026-01-18 12:14:50 +0000)
% Linked with Z3 4.14.0.0 3c47fd96cf5645d0c42b2c819d9e9a84380aa721 NOTFOUND
% CaDiCaL version: 2.1.3
% Termination reason: Refutation not found, incomplete strategy
% Time elapsed: 0.0000 s
% Peak memory usage: 11 MB
% ------------------------------
% ------------------------------
% dis-1011_128_to=lpo:sil=16000:urr=on:bce=on:fd=off:random_seed=3360844849:i=187:av=off:fsr=off_272 on p for (272ds/187Mi)
% Instruction limit reached! 
% ------------------------------
% Version: Vampire 5.0.1 (Release build, commit 1b13eaf on 2026-01-18 12:14:50 +0000)
% Linked with Z3 4.14.0.0 3c47fd96cf5645d0c42b2c819d9e9a84380aa721 NOTFOUND
% CaDiCaL version: 2.1.3
% Termination reason: Instruction limit
% Termination phase: Saturation
% Time elapsed: 0.028 s
% Peak memory usage: 12 MB
% Instructions burned: 192 (million)
% WARNING Broken Constraint: if kbo_weight_scheme(inv_precedence) has been set then term_ordering(lpo) is equal to kbo or term_ordering(lpo) is equal to auto_kbo
% dis+1011_93_to=lpo:sil=16000:tgt=ground:spb=goal_then_units:lsd=100:nwc=1.2:lftc=20:random_seed=909885587:i=1283:kws=inv_precedence:bs=on:av=off_272 on p for (272ds/1283Mi)
% Instruction limit reached! 
% ------------------------------
% Version: Vampire 5.0.1 (Release build, commit 1b13eaf on 2026-01-18 12:14:50 +0000)
% Linked with Z3 4.14.0.0 3c47fd96cf5645d0c42b2c819d9e9a84380aa721 NOTFOUND
% CaDiCaL version: 2.1.3
% Termination reason: Instruction limit
% Termination phase: Saturation
% Time elapsed: 0.167 s
% Peak memory usage: 18 MB
% Instructions burned: 1288 (million)
% dis+1010_16_to=lpo:sil=4000:fde=none:sos=on:spb=non_intro:random_seed=3060829429:st=1.8:i=311:sd=1:aac=none:gtg=exists_top:ss=axioms_270 on p for (270ds/311Mi)
% Refutation not found, incomplete strategy
% ------------------------------
% Version: Vampire 5.0.1 (Release build, commit 1b13eaf on 2026-01-18 12:14:50 +0000)
% Linked with Z3 4.14.0.0 3c47fd96cf5645d0c42b2c819d9e9a84380aa721 NOTFOUND
% CaDiCaL version: 2.1.3
% Termination reason: Refutation not found, incomplete strategy
% Time elapsed: 0.002 s
% Peak memory usage: 11 MB
% ------------------------------
% ------------------------------
% dis+10_1_sfv=off:to=lpo:sil=4000:plsq=on:fde=none:plsqc=1:avsql=on:plsqr=10,1:sos=all:lma=off:acc=on:avsqc=3:random_seed=185342407:avsq=on:i=161:aac=none_270 on p for (270ds/161Mi)
% Refutation not found, incomplete strategy
% ------------------------------
% Version: Vampire 5.0.1 (Release build, commit 1b13eaf on 2026-01-18 12:14:50 +0000)
% Linked with Z3 4.14.0.0 3c47fd96cf5645d0c42b2c819d9e9a84380aa721 NOTFOUND
% CaDiCaL version: 2.1.3
% Termination reason: Refutation not found, incomplete strategy
% Time elapsed: 0.0000 s
% Peak memory usage: 11 MB
% ------------------------------
% ------------------------------
% WARNING Broken Constraint: if kbo_weight_scheme(frequency) has been set then term_ordering(lpo) is equal to kbo or term_ordering(lpo) is equal to auto_kbo
% lrs+11_1024_to=lpo:sil=4000:plsq=on:plsqc=1:plsqr=64,1:fs=off:lsd=100:alpa=true:random_seed=866113701:i=192:kws=frequency:nm=7:fsr=off_270 on p for (270ds/192Mi)
% Instruction limit reached! 
% ------------------------------
% Version: Vampire 5.0.1 (Release build, commit 1b13eaf on 2026-01-18 12:14:50 +0000)
% Linked with Z3 4.14.0.0 3c47fd96cf5645d0c42b2c819d9e9a84380aa721 NOTFOUND
% CaDiCaL version: 2.1.3
% Termination reason: Instruction limit
% Termination phase: Saturation
% Time elapsed: 0.019 s
% Peak memory usage: 11 MB
% Instructions burned: 195 (million)
% dis-1010_4096_to=lpo:sil=64000:sp=occurrence:erd=off:newcnf=on:random_seed=2247608721:st=-1:i=2238:gtgl=4:sd=1:av=off:gtg=exists_sym:ss=included_269 on p for (269ds/2238Mi)
% Instruction limit reached! 
% ------------------------------
% Version: Vampire 5.0.1 (Release build, commit 1b13eaf on 2026-01-18 12:14:50 +0000)
% Linked with Z3 4.14.0.0 3c47fd96cf5645d0c42b2c819d9e9a84380aa721 NOTFOUND
% CaDiCaL version: 2.1.3
% Termination reason: Instruction limit
% Termination phase: Saturation
% Time elapsed: 0.325 s
% Peak memory usage: 22 MB
% Instructions burned: 2239 (million)
% dis+10_4_sfv=off:to=lpo:sil=4000:random_seed=586669181:s2pl=no:i=224:sd=1:nm=16:ss=axioms:er=filter:sgt=4_266 on p for (266ds/224Mi)
% Instruction limit reached! 
% ------------------------------
% Version: Vampire 5.0.1 (Release build, commit 1b13eaf on 2026-01-18 12:14:50 +0000)
% Linked with Z3 4.14.0.0 3c47fd96cf5645d0c42b2c819d9e9a84380aa721 NOTFOUND
% CaDiCaL version: 2.1.3
% Termination reason: Instruction limit
% Termination phase: Saturation
% Time elapsed: 0.032 s
% Peak memory usage: 12 MB
% Instructions burned: 226 (million)
% lrs+1011_8:1_to=lpo:sil=2000:plsq=on:plsqc=1:plsqr=10,1:sos=on:lsd=1:urr=on:bsr=unit_only:rp=on:alpa=false:updr=off:sac=on:newcnf=on:slsq=on:random_seed=1110841708:cts=off:avsq=on:s2a=on:i=292:avsqr=1,16:sd=3:slsql=off:bd=preordered:nm=4:gsp=on:sup=off:ss=included:sgt=8:rawr=on_266 on p for (266ds/292Mi)
% Refutation not found, incomplete strategy
% ------------------------------
% Version: Vampire 5.0.1 (Release build, commit 1b13eaf on 2026-01-18 12:14:50 +0000)
% Linked with Z3 4.14.0.0 3c47fd96cf5645d0c42b2c819d9e9a84380aa721 NOTFOUND
% CaDiCaL version: 2.1.3
% Termination reason: Refutation not found, incomplete strategy
% Time elapsed: 0.002 s
% Peak memory usage: 11 MB
% ------------------------------
% ------------------------------
% lrs+2_64_to=lpo:sil=4000:sas=cadical:sos=on:spb=goal:sac=on:random_seed=2217638864:st=1.5:i=165:aac=none:ss=included_265 on p for (265ds/165Mi)
% Refutation not found, incomplete strategy
% ------------------------------
% Version: Vampire 5.0.1 (Release build, commit 1b13eaf on 2026-01-18 12:14:50 +0000)
% Linked with Z3 4.14.0.0 3c47fd96cf5645d0c42b2c819d9e9a84380aa721 NOTFOUND
% CaDiCaL version: 2.1.3
% Termination reason: Refutation not found, incomplete strategy
% Time elapsed: 0.0000 s
% Peak memory usage: 12 MB
% ------------------------------
% ------------------------------
% dis+1011_12:1_to=lpo:sil=32000:plsq=on:plsqc=2:plsqr=32,1:sos=on:fs=off:lsd=20:bsr=unit_only:fd=off:random_seed=3500901583:s2a=on:i=167:nm=16:fsr=off:amm=off_265 on p for (265ds/167Mi)
% Refutation not found, incomplete strategy
% ------------------------------
% Version: Vampire 5.0.1 (Release build, commit 1b13eaf on 2026-01-18 12:14:50 +0000)
% Linked with Z3 4.14.0.0 3c47fd96cf5645d0c42b2c819d9e9a84380aa721 NOTFOUND
% CaDiCaL version: 2.1.3
% Termination reason: Refutation not found, incomplete strategy
% Time elapsed: 0.0000 s
% Peak memory usage: 11 MB
% ------------------------------
% ------------------------------
% lrs+1010_2:1_to=lpo:sil=16000:spb=goal:slsq=on:random_seed=896163513:i=170:ins=10:av=off:fsd=on_265 on p for (265ds/170Mi)
% Instruction limit reached! 
% ------------------------------
% Version: Vampire 5.0.1 (Release build, commit 1b13eaf on 2026-01-18 12:14:50 +0000)
% Linked with Z3 4.14.0.0 3c47fd96cf5645d0c42b2c819d9e9a84380aa721 NOTFOUND
% CaDiCaL version: 2.1.3
% Termination reason: Instruction limit
% Termination phase: Saturation
% Time elapsed: 0.030 s
% Peak memory usage: 14 MB
% Instructions burned: 174 (million)
% WARNING Broken Constraint: if kbo_weight_scheme(inv_arity) has been set then term_ordering(lpo) is equal to kbo or term_ordering(lpo) is equal to auto_kbo
% ott+1002_10_sfv=off:to=lpo:sil=4000:tgt=full:nwc=1:newcnf=on:random_seed=1350917015:i=178:kws=inv_arity:bd=preordered:fsd=on_265 on p for (265ds/178Mi)
% Instruction limit reached! 
% ------------------------------
% Version: Vampire 5.0.1 (Release build, commit 1b13eaf on 2026-01-18 12:14:50 +0000)
% Linked with Z3 4.14.0.0 3c47fd96cf5645d0c42b2c819d9e9a84380aa721 NOTFOUND
% CaDiCaL version: 2.1.3
% Termination reason: Instruction limit
% Termination phase: Saturation
% Time elapsed: 0.027 s
% Peak memory usage: 13 MB
% Instructions burned: 180 (million)
% lrs+1004_1_to=lpo:sil=2000:sp=occurrence:sos=all:erd=off:random_seed=4076098417:i=218:aac=none:ep=RS_264 on p for (264ds/218Mi)
% Refutation not found, incomplete strategy
% ------------------------------
% Version: Vampire 5.0.1 (Release build, commit 1b13eaf on 2026-01-18 12:14:50 +0000)
% Linked with Z3 4.14.0.0 3c47fd96cf5645d0c42b2c819d9e9a84380aa721 NOTFOUND
% CaDiCaL version: 2.1.3
% Termination reason: Refutation not found, incomplete strategy
% Time elapsed: 0.001 s
% Peak memory usage: 11 MB
% ------------------------------
% ------------------------------
% lrs-1011_1_to=lpo:sil=2000:sos=on:random_seed=1108597002:i=2073:sd=1:ss=axioms:sgt=64_264 on p for (264ds/2073Mi)
% Refutation not found, incomplete strategy
% ------------------------------
% Version: Vampire 5.0.1 (Release build, commit 1b13eaf on 2026-01-18 12:14:50 +0000)
% Linked with Z3 4.14.0.0 3c47fd96cf5645d0c42b2c819d9e9a84380aa721 NOTFOUND
% CaDiCaL version: 2.1.3
% Termination reason: Refutation not found, incomplete strategy
% Time elapsed: 0.0000 s
% Peak memory usage: 11 MB
% ------------------------------
% ------------------------------
% dis+1011_1_to=lpo:sil=4000:plsq=on:plsqc=2:plsqr=64,1:sos=on:lsd=1:alpa=false:random_seed=2628210157:avsq=on:i=140:avsqr=1,16:aac=none:ep=RS:nm=4:gsp=on_264 on p for (264ds/140Mi)
% Refutation not found, incomplete strategy
% ------------------------------
% Version: Vampire 5.0.1 (Release build, commit 1b13eaf on 2026-01-18 12:14:50 +0000)
% Linked with Z3 4.14.0.0 3c47fd96cf5645d0c42b2c819d9e9a84380aa721 NOTFOUND
% CaDiCaL version: 2.1.3
% Termination reason: Refutation not found, incomplete strategy
% Time elapsed: 0.0000 s
% Peak memory usage: 11 MB
% ------------------------------
% ------------------------------
% lrs+11_1_sfv=off:to=lpo:sil=2000:plsq=on:plsqc=1:bsd=on:plsqr=128,1:sos=all:newcnf=on:random_seed=1242899518:s2pl=on:i=142:sd=1:ss=axioms:fsd=on:sgt=32_264 on p for (264ds/142Mi)
% Refutation not found, incomplete strategy
% ------------------------------
% Version: Vampire 5.0.1 (Release build, commit 1b13eaf on 2026-01-18 12:14:50 +0000)
% Linked with Z3 4.14.0.0 3c47fd96cf5645d0c42b2c819d9e9a84380aa721 NOTFOUND
% CaDiCaL version: 2.1.3
% Termination reason: Refutation not found, incomplete strategy
% Time elapsed: 0.0000 s
% Peak memory usage: 11 MB
% ------------------------------
% ------------------------------
% dis-1010_1_to=lpo:sil=4000:random_seed=2892500059:i=184:sd=1:ep=RS:nm=2:av=off:ss=axioms_264 on p for (264ds/184Mi)
% Refutation not found, incomplete strategy
% ------------------------------
% Version: Vampire 5.0.1 (Release build, commit 1b13eaf on 2026-01-18 12:14:50 +0000)
% Linked with Z3 4.14.0.0 3c47fd96cf5645d0c42b2c819d9e9a84380aa721 NOTFOUND
% CaDiCaL version: 2.1.3
% Termination reason: Refutation not found, incomplete strategy
% Time elapsed: 0.0000 s
% Peak memory usage: 8 MB
% ------------------------------
% ------------------------------
% lrs+3_11:1_to=lpo:sil=4000:plsq=on:erd=off:urr=on:br=off:random_seed=2471947778:s2a=on:i=142:s2at=7:sd=1:ep=RS:ss=axioms:sgt=16_264 on p for (264ds/142Mi)
% Refutation not found, incomplete strategy
% ------------------------------
% Version: Vampire 5.0.1 (Release build, commit 1b13eaf on 2026-01-18 12:14:50 +0000)
% Linked with Z3 4.14.0.0 3c47fd96cf5645d0c42b2c819d9e9a84380aa721 NOTFOUND
% CaDiCaL version: 2.1.3
% Termination reason: Refutation not found, incomplete strategy
% Time elapsed: 0.002 s
% Peak memory usage: 11 MB
% ------------------------------
% ------------------------------
% lrs-1010_1_to=lpo:sil=4000:fde=none:sos=on:erd=off:random_seed=2921329077:cts=off:i=278:sd=1:av=off:ss=included_264 on p for (264ds/278Mi)
% Refutation not found, incomplete strategy
% ------------------------------
% Version: Vampire 5.0.1 (Release build, commit 1b13eaf on 2026-01-18 12:14:50 +0000)
% Linked with Z3 4.14.0.0 3c47fd96cf5645d0c42b2c819d9e9a84380aa721 NOTFOUND
% CaDiCaL version: 2.1.3
% Termination reason: Refutation not found, incomplete strategy
% Time elapsed: 0.001 s
% Peak memory usage: 8 MB
% ------------------------------
% ------------------------------
% ott-1010_32:1_to=lpo:sil=2000:sp=arity:sos=all:s2agt=16:random_seed=411487243:st=2:s2a=on:cond=fast:i=194:av=off:gsp=on:ss=axioms_264 on p for (264ds/194Mi)
% Refutation not found, incomplete strategy
% ------------------------------
% Version: Vampire 5.0.1 (Release build, commit 1b13eaf on 2026-01-18 12:14:50 +0000)
% Linked with Z3 4.14.0.0 3c47fd96cf5645d0c42b2c819d9e9a84380aa721 NOTFOUND
% CaDiCaL version: 2.1.3
% Termination reason: Refutation not found, incomplete strategy
% Time elapsed: 0.001 s
% Peak memory usage: 8 MB
% ------------------------------
% ------------------------------
% dis+10_1_sfv=off:slsqr=1,2:to=lpo:sil=2000:tgt=full:urr=on:br=off:flr=on:slsq=on:random_seed=2813203770:st=2:i=292:sd=2:slsql=off:nm=0:ins=20:gsp=on:ss=axioms:fsd=on_264 on p for (264ds/292Mi)
% Instruction limit reached! 
% ------------------------------
% Version: Vampire 5.0.1 (Release build, commit 1b13eaf on 2026-01-18 12:14:50 +0000)
% Linked with Z3 4.14.0.0 3c47fd96cf5645d0c42b2c819d9e9a84380aa721 NOTFOUND
% CaDiCaL version: 2.1.3
% Termination reason: Instruction limit
% Termination phase: Saturation
% Time elapsed: 0.042 s
% Peak memory usage: 13 MB
% Instructions burned: 292 (million)
% lrs+10_1_to=lpo:sil=4000:plsq=on:plsqc=1:plsqr=64,1:etr=on:sp=const_min:sos=on:spb=goal_then_units:br=off:sac=on:random_seed=2003312235:i=196:nm=0_263 on p for (263ds/196Mi)
% Refutation not found, incomplete strategy
% ------------------------------
% Version: Vampire 5.0.1 (Release build, commit 1b13eaf on 2026-01-18 12:14:50 +0000)
% Linked with Z3 4.14.0.0 3c47fd96cf5645d0c42b2c819d9e9a84380aa721 NOTFOUND
% CaDiCaL version: 2.1.3
% Termination reason: Refutation not found, incomplete strategy
% Time elapsed: 0.001 s
% Peak memory usage: 11 MB
% ------------------------------
% ------------------------------
% lrs+1010_6:1_to=lpo:sil=32000:plsq=on:plsqr=128,1:sos=on:urr=on:plsql=on:flr=on:newcnf=on:lwlo=on:random_seed=211975479:lrd=on:s2pl=on:i=148:ep=RS_263 on p for (263ds/148Mi)
% Refutation not found, incomplete strategy
% ------------------------------
% Version: Vampire 5.0.1 (Release build, commit 1b13eaf on 2026-01-18 12:14:50 +0000)
% Linked with Z3 4.14.0.0 3c47fd96cf5645d0c42b2c819d9e9a84380aa721 NOTFOUND
% CaDiCaL version: 2.1.3
% Termination reason: Refutation not found, incomplete strategy
% Time elapsed: 0.001 s
% Peak memory usage: 11 MB
% ------------------------------
% ------------------------------
% dis+10_1_slsqr=4,1:to=lpo:sil=8000:urr=ec_only:br=off:slsqc=2:slsq=on:random_seed=3184728004:s2a=on:i=148:s2at=2:ins=1:gtg=position:fsd=on_263 on p for (263ds/148Mi)
% Instruction limit reached! 
% ------------------------------
% Version: Vampire 5.0.1 (Release build, commit 1b13eaf on 2026-01-18 12:14:50 +0000)
% Linked with Z3 4.14.0.0 3c47fd96cf5645d0c42b2c819d9e9a84380aa721 NOTFOUND
% CaDiCaL version: 2.1.3
% Termination reason: Instruction limit
% Termination phase: Saturation
% Time elapsed: 0.038 s
% Peak memory usage: 12 MB
% Instructions burned: 153 (million)
% lrs+10_1_to=lpo:sil=16000:irw=on:sos=all:spb=goal:acc=on:urr=on:br=off:newcnf=on:random_seed=1418946290:s2a=on:i=148:bd=preordered:nm=6:ins=10_262 on p for (262ds/148Mi)
% Refutation not found, incomplete strategy
% ------------------------------
% Version: Vampire 5.0.1 (Release build, commit 1b13eaf on 2026-01-18 12:14:50 +0000)
% Linked with Z3 4.14.0.0 3c47fd96cf5645d0c42b2c819d9e9a84380aa721 NOTFOUND
% CaDiCaL version: 2.1.3
% Termination reason: Refutation not found, incomplete strategy
% Time elapsed: 0.0000 s
% Peak memory usage: 12 MB
% ------------------------------
% ------------------------------
% lrs+1011_32_to=lpo:sil=2000:bce=on:nwc=5:alpa=false:slsq=on:random_seed=3424264480:cts=off:i=543:aac=none:fsr=off:amm=off:rawr=on_262 on p for (262ds/543Mi)
% Instruction limit reached! 
% ------------------------------
% Version: Vampire 5.0.1 (Release build, commit 1b13eaf on 2026-01-18 12:14:50 +0000)
% Linked with Z3 4.14.0.0 3c47fd96cf5645d0c42b2c819d9e9a84380aa721 NOTFOUND
% CaDiCaL version: 2.1.3
% Termination reason: Instruction limit
% Termination phase: Saturation
% Time elapsed: 0.096 s
% Peak memory usage: 20 MB
% Instructions burned: 549 (million)
% dis-1011_128_to=lpo:sil=4000:tgt=full:sas=cadical:bce=on:fd=off:rp=on:slsqc=2:sac=on:slsq=on:random_seed=3701446671:i=153:s2at=3:ins=1_261 on p for (261ds/153Mi)
% Instruction limit reached! 
% ------------------------------
% Version: Vampire 5.0.1 (Release build, commit 1b13eaf on 2026-01-18 12:14:50 +0000)
% Linked with Z3 4.14.0.0 3c47fd96cf5645d0c42b2c819d9e9a84380aa721 NOTFOUND
% CaDiCaL version: 2.1.3
% Termination reason: Instruction limit
% Termination phase: Saturation
% Time elapsed: 0.024 s
% Peak memory usage: 14 MB
% Instructions burned: 157 (million)
% dis-1002_3:2_to=lpo:sil=16000:plsq=on:plsqc=1:plsqr=3,1:plsql=on:newcnf=on:random_seed=4268234344:s2a=on:i=632:av=off:gtg=position_261 on p for (261ds/632Mi)
% Instruction limit reached! 
% ------------------------------
% Version: Vampire 5.0.1 (Release build, commit 1b13eaf on 2026-01-18 12:14:50 +0000)
% Linked with Z3 4.14.0.0 3c47fd96cf5645d0c42b2c819d9e9a84380aa721 NOTFOUND
% CaDiCaL version: 2.1.3
% Termination reason: Instruction limit
% Termination phase: Saturation
% Time elapsed: 0.084 s
% Peak memory usage: 15 MB
% Instructions burned: 632 (million)
% ott+10_14_to=lpo:sil=8000:tgt=full:prc=on:random_seed=22428565:i=2501:fsr=off_260 on p for (260ds/2501Mi)
% Instruction limit reached! 
% ------------------------------
% Version: Vampire 5.0.1 (Release build, commit 1b13eaf on 2026-01-18 12:14:50 +0000)
% Linked with Z3 4.14.0.0 3c47fd96cf5645d0c42b2c819d9e9a84380aa721 NOTFOUND
% CaDiCaL version: 2.1.3
% Termination reason: Instruction limit
% Termination phase: Saturation
% Time elapsed: 0.381 s
% Peak memory usage: 60 MB
% Instructions burned: 2502 (million)
% dis+1011_1024_slsqr=1,128:to=lpo:sil=8000:gs=on:br=off:slsqc=1:slsq=on:random_seed=3051459836:i=367:s2at=5:sd=3:slsql=off:ss=axioms:sgt=10_256 on p for (256ds/367Mi)
% Instruction limit reached! 
% ------------------------------
% Version: Vampire 5.0.1 (Release build, commit 1b13eaf on 2026-01-18 12:14:50 +0000)
% Linked with Z3 4.14.0.0 3c47fd96cf5645d0c42b2c819d9e9a84380aa721 NOTFOUND
% CaDiCaL version: 2.1.3
% Termination reason: Instruction limit
% Termination phase: Saturation
% Time elapsed: 0.066 s
% Peak memory usage: 14 MB
% Instructions burned: 376 (million)
% lrs+10_8_to=lpo:sil=4000:plsq=on:plsqc=1:urr=on:br=off:flr=on:newcnf=on:random_seed=687457663:st=4:i=207:sd=1:fsr=off:gsp=on:ss=axioms_255 on p for (255ds/207Mi)
% Instruction limit reached! 
% ------------------------------
% Version: Vampire 5.0.1 (Release build, commit 1b13eaf on 2026-01-18 12:14:50 +0000)
% Linked with Z3 4.14.0.0 3c47fd96cf5645d0c42b2c819d9e9a84380aa721 NOTFOUND
% CaDiCaL version: 2.1.3
% Termination reason: Instruction limit
% Termination phase: Saturation
% Time elapsed: 0.034 s
% Peak memory usage: 15 MB
% Instructions burned: 213 (million)
% lrs-1010_1_to=lpo:sil=4000:sos=on:random_seed=1768393840:i=3739:sd=2:ins=10:ss=axioms_255 on p for (255ds/3739Mi)
% Refutation not found, incomplete strategy
% ------------------------------
% Version: Vampire 5.0.1 (Release build, commit 1b13eaf on 2026-01-18 12:14:50 +0000)
% Linked with Z3 4.14.0.0 3c47fd96cf5645d0c42b2c819d9e9a84380aa721 NOTFOUND
% CaDiCaL version: 2.1.3
% Termination reason: Refutation not found, incomplete strategy
% Time elapsed: 0.0000 s
% Peak memory usage: 11 MB
% ------------------------------
% ------------------------------
% dis-1011_1_to=lpo:sil=4000:plsq=on:plsqr=32,1:sos=on:erd=off:lsd=5:fd=off:random_seed=883883911:i=157:nm=16:av=off_255 on p for (255ds/157Mi)
% Refutation not found, incomplete strategy
% ------------------------------
% Version: Vampire 5.0.1 (Release build, commit 1b13eaf on 2026-01-18 12:14:50 +0000)
% Linked with Z3 4.14.0.0 3c47fd96cf5645d0c42b2c819d9e9a84380aa721 NOTFOUND
% CaDiCaL version: 2.1.3
% Termination reason: Refutation not found, incomplete strategy
% Time elapsed: 0.0000 s
% Peak memory usage: 8 MB
% ------------------------------
% ------------------------------
% lrs+10_1_to=lpo:sil=4000:sp=occurrence:urr=on:br=off:random_seed=1054424515:st=1.2:s2a=on:i=1800:s2at=2:sd=3:ss=included:sgt=20_255 on p for (255ds/1800Mi)
% Instruction limit reached! 
% ------------------------------
% Version: Vampire 5.0.1 (Release build, commit 1b13eaf on 2026-01-18 12:14:50 +0000)
% Linked with Z3 4.14.0.0 3c47fd96cf5645d0c42b2c819d9e9a84380aa721 NOTFOUND
% CaDiCaL version: 2.1.3
% Termination reason: Instruction limit
% Termination phase: Saturation
% Time elapsed: 0.307 s
% Peak memory usage: 42 MB
% Instructions burned: 1807 (million)
% lrs+1010_4_to=lpo:sil=2000:plsq=on:prc=on:plsqr=18,1:sp=occurrence:fd=off:sac=on:random_seed=1805757725:s2a=on:i=163:nm=7:rawr=on_251 on p for (251ds/163Mi)
% Instruction limit reached! 
% ------------------------------
% Version: Vampire 5.0.1 (Release build, commit 1b13eaf on 2026-01-18 12:14:50 +0000)
% Linked with Z3 4.14.0.0 3c47fd96cf5645d0c42b2c819d9e9a84380aa721 NOTFOUND
% CaDiCaL version: 2.1.3
% Termination reason: Instruction limit
% Termination phase: Saturation
% Time elapsed: 0.028 s
% Peak memory usage: 15 MB
% Instructions burned: 169 (million)
% lrs-1011_4:1_anc=all_dependent:slsqr=5,4:to=kbo:sil=16000:tgt=ground:fde=none:sas=cadical:erd=off:fd=preordered:nwc=3:s2agt=16:alpa=true:flr=on:sac=on:lftc=80:slsq=on:avsqc=2:random_seed=4188436786:avsq=on:s2a=on:i=163:avsqr=7,8:ep=RST:fdi=8_251 on p for (251ds/163Mi)
% Aborted by signal SIGSEGV on /tmp/tmppx4z3ji_/p.p
% ------------------------------
% Version: Vampire 5.0.1 (Release build, commit 1b13eaf on 2026-01-18 12:14:50 +0000)
% Linked with Z3 4.14.0.0 3c47fd96cf5645d0c42b2c819d9e9a84380aa721 NOTFOUND
% CaDiCaL version: 2.1.3
% Termination reason: Unknown
% Termination phase: Saturation
% Time elapsed: 0.0000 s
% Peak memory usage: 11 MB
% dis-1011_2:1_to=lpo:sil=8000:plsq=on:plsqr=1,8:sos=on:erd=off:gs=on:random_seed=2922754557:st=10:i=164:sd=1:aac=none:bd=all:nm=3:ss=included:rawr=on_251 on p for (251ds/164Mi)
% Refutation not found, incomplete strategy
% ------------------------------
% Version: Vampire 5.0.1 (Release build, commit 1b13eaf on 2026-01-18 12:14:50 +0000)
% Linked with Z3 4.14.0.0 3c47fd96cf5645d0c42b2c819d9e9a84380aa721 NOTFOUND
% CaDiCaL version: 2.1.3
% Termination reason: Refutation not found, incomplete strategy
% Time elapsed: 0.0000 s
% Peak memory usage: 11 MB
% ------------------------------
% ------------------------------
% lrs+10_2:5_slsqr=2,1:to=lpo:sil=2000:plsq=on:plsqc=1:sas=cadical:plsqr=64,1:sp=const_min:acc=on:bce=on:plsql=on:alpa=random:flr=on:sac=on:slsq=on:random_seed=4147849038:s2a=on:i=230:s2at=2:slsql=off:fsr=off:gsp=on:ss=included:sgt=32:rawr=on_251 on p for (251ds/230Mi)
% Instruction limit reached! 
% ------------------------------
% Version: Vampire 5.0.1 (Release build, commit 1b13eaf on 2026-01-18 12:14:50 +0000)
% Linked with Z3 4.14.0.0 3c47fd96cf5645d0c42b2c819d9e9a84380aa721 NOTFOUND
% CaDiCaL version: 2.1.3
% Termination reason: Instruction limit
% Termination phase: Saturation
% Time elapsed: 0.038 s
% Peak memory usage: 16 MB
% Instructions burned: 234 (million)
% dis+1010_16_anc=all_dependent:to=lpo:sil=8000:sp=arity:fd=off:sac=on:random_seed=94592511:st=5:i=165:sd=2:aac=none:ins=10:fsr=off:ss=axioms:fsd=on_250 on p for (250ds/165Mi)
% Instruction limit reached! 
% ------------------------------
% Version: Vampire 5.0.1 (Release build, commit 1b13eaf on 2026-01-18 12:14:50 +0000)
% Linked with Z3 4.14.0.0 3c47fd96cf5645d0c42b2c819d9e9a84380aa721 NOTFOUND
% CaDiCaL version: 2.1.3
% Termination reason: Instruction limit
% Termination phase: Saturation
% Time elapsed: 0.033 s
% Peak memory usage: 12 MB
% Instructions burned: 168 (million)
% lrs-2_64_to=lpo:sil=4000:sos=on:lcm=predicate:random_seed=712281461:st=3:i=361:sd=5:av=off:ss=included_250 on p for (250ds/361Mi)
% Refutation not found, incomplete strategy
% ------------------------------
% Version: Vampire 5.0.1 (Release build, commit 1b13eaf on 2026-01-18 12:14:50 +0000)
% Linked with Z3 4.14.0.0 3c47fd96cf5645d0c42b2c819d9e9a84380aa721 NOTFOUND
% CaDiCaL version: 2.1.3
% Termination reason: Refutation not found, incomplete strategy
% Time elapsed: 0.0000 s
% Peak memory usage: 8 MB
% ------------------------------
% ------------------------------
% dis-1011_8_to=lpo:sil=4000:fde=none:nwc=2:random_seed=491753212:st=5:s2a=on:i=231:s2at=2:sd=6:ep=RS:ins=1:ss=axioms_250 on p for (250ds/231Mi)
% Refutation not found, incomplete strategy
% ------------------------------
% Version: Vampire 5.0.1 (Release build, commit 1b13eaf on 2026-01-18 12:14:50 +0000)
% Linked with Z3 4.14.0.0 3c47fd96cf5645d0c42b2c819d9e9a84380aa721 NOTFOUND
% CaDiCaL version: 2.1.3
% Termination reason: Refutation not found, incomplete strategy
% Time elapsed: 0.0000 s
% Peak memory usage: 11 MB
% ------------------------------
% ------------------------------
% Aborted by signal SIGSEGV on /tmp/tmppx4z3ji_/p.p
% ------------------------------
% Version: Vampire 5.0.1 (Release build, commit 1b13eaf on 2026-01-18 12:14:50 +0000)
% Linked with Z3 4.14.0.0 3c47fd96cf5645d0c42b2c819d9e9a84380aa721 NOTFOUND
% CaDiCaL version: 2.1.3
% Termination reason: Refutation not found, incomplete strategy
% Time elapsed: 0.0000 s
% Peak memory usage: 11 MB
% lrs-1010_8:1_anc=none:slsqr=4,1:to=lpo:sil=4000:tgt=ground:plsq=on:plsqc=1:plsqr=32,1:nwc=3:slsqc=1:slsq=on:avsqc=1:random_seed=998440478:avsq=on:i=169:doe=on:nicw=on:nm=16:ss=axioms_250 on p for (250ds/169Mi)
% Refutation not found, incomplete strategy
% ------------------------------
% Version: Vampire 5.0.1 (Release build, commit 1b13eaf on 2026-01-18 12:14:50 +0000)
% Linked with Z3 4.14.0.0 3c47fd96cf5645d0c42b2c819d9e9a84380aa721 NOTFOUND
% CaDiCaL version: 2.1.3
% Termination reason: Refutation not found, incomplete strategy
% Time elapsed: 0.0000 s
% Peak memory usage: 11 MB
% ------------------------------
% ------------------------------
% lrs+11_32_anc=all:to=lpo:sil=4000:sos=all:erd=off:urr=on:sac=on:random_seed=428144200:s2a=on:i=169:nicw=on:gtg=position:gsp=on:ss=axioms:sgt=8_250 on p for (250ds/169Mi)
% Refutation not found, incomplete strategy
% ------------------------------
% Version: Vampire 5.0.1 (Release build, commit 1b13eaf on 2026-01-18 12:14:50 +0000)
% Linked with Z3 4.14.0.0 3c47fd96cf5645d0c42b2c819d9e9a84380aa721 NOTFOUND
% CaDiCaL version: 2.1.3
% Termination reason: Refutation not found, incomplete strategy
% Time elapsed: 0.0000 s
% Peak memory usage: 12 MB
% ------------------------------
% ------------------------------
% ott+1011_16_to=lpo:sil=2000:lsd=100:newcnf=on:random_seed=511911552:st=3:s2a=on:i=169:sd=1:av=off:fsr=off:ss=axioms_250 on p for (250ds/169Mi)
% Instruction limit reached! 
% ------------------------------
% Version: Vampire 5.0.1 (Release build, commit 1b13eaf on 2026-01-18 12:14:50 +0000)
% Linked with Z3 4.14.0.0 3c47fd96cf5645d0c42b2c819d9e9a84380aa721 NOTFOUND
% CaDiCaL version: 2.1.3
% Termination reason: Instruction limit
% Termination phase: Saturation
% Time elapsed: 0.026 s
% Peak memory usage: 14 MB
% Instructions burned: 171 (million)
% lrs+1002_1_to=lpo:sil=128000:sos=on:random_seed=1131778415:st=1.5:i=170:sd=2:nm=2:gtg=all:ss=axioms:fsd=on_249 on p for (249ds/170Mi)
% Instruction limit reached! 
% ------------------------------
% Version: Vampire 5.0.1 (Release build, commit 1b13eaf on 2026-01-18 12:14:50 +0000)
% Linked with Z3 4.14.0.0 3c47fd96cf5645d0c42b2c819d9e9a84380aa721 NOTFOUND
% CaDiCaL version: 2.1.3
% Termination reason: Instruction limit
% Termination phase: Saturation
% Time elapsed: 0.029 s
% Peak memory usage: 14 MB
% Instructions burned: 177 (million)
% dis+4_4_to=lpo:sil=16000:plsq=on:plsqr=1,32:sp=unary_frequency:lcm=predicate:fd=off:rp=on:random_seed=1344598292:i=170:bd=preordered:nm=2:av=off:sup=off_249 on p for (249ds/170Mi)
% Refutation not found, incomplete strategy
% ------------------------------
% Version: Vampire 5.0.1 (Release build, commit 1b13eaf on 2026-01-18 12:14:50 +0000)
% Linked with Z3 4.14.0.0 3c47fd96cf5645d0c42b2c819d9e9a84380aa721 NOTFOUND
% CaDiCaL version: 2.1.3
% Termination reason: Refutation not found, incomplete strategy
% Time elapsed: 0.0000 s
% Peak memory usage: 8 MB
% ------------------------------
% ------------------------------
% dis-1011_5:1_to=lpo:sil=4000:lsd=50:random_seed=3186144904:s2a=on:i=171:s2at=1.2:ep=R:gtg=position_249 on p for (249ds/171Mi)
% Refutation not found, incomplete strategy
% ------------------------------
% Version: Vampire 5.0.1 (Release build, commit 1b13eaf on 2026-01-18 12:14:50 +0000)
% Linked with Z3 4.14.0.0 3c47fd96cf5645d0c42b2c819d9e9a84380aa721 NOTFOUND
% CaDiCaL version: 2.1.3
% Termination reason: Refutation not found, incomplete strategy
% Time elapsed: 0.0000 s
% Peak memory usage: 11 MB
% ------------------------------
% ------------------------------
% lrs+10_1_to=lpo:sil=4000:plsq=on:plsqr=32,1:sos=on:fs=off:acc=on:urr=ec_only:gs=on:sac=on:random_seed=3937329805:i=530:nm=0:fsr=off_249 on p for (249ds/530Mi)
% Refutation not found, incomplete strategy
% ------------------------------
% Version: Vampire 5.0.1 (Release build, commit 1b13eaf on 2026-01-18 12:14:50 +0000)
% Linked with Z3 4.14.0.0 3c47fd96cf5645d0c42b2c819d9e9a84380aa721 NOTFOUND
% CaDiCaL version: 2.1.3
% Termination reason: Refutation not found, incomplete strategy
% Time elapsed: 0.0000 s
% Peak memory usage: 12 MB
% ------------------------------
% ------------------------------
% lrs+1002_1_to=lpo:sil=8000:sos=on:erd=off:sac=on:random_seed=1046068589:st=6:i=1370:sd=4:aac=none:sup=off:ss=axioms:sgt=16_249 on p for (249ds/1370Mi)
% Refutation not found, incomplete strategy
% ------------------------------
% Version: Vampire 5.0.1 (Release build, commit 1b13eaf on 2026-01-18 12:14:50 +0000)
% Linked with Z3 4.14.0.0 3c47fd96cf5645d0c42b2c819d9e9a84380aa721 NOTFOUND
% CaDiCaL version: 2.1.3
% Termination reason: Refutation not found, incomplete strategy
% Time elapsed: 0.0000 s
% Peak memory usage: 11 MB
% ------------------------------
% ------------------------------
% WARNING Broken Constraint: if kbo_weight_scheme(arity_squared) has been set then term_ordering(lpo) is equal to kbo or term_ordering(lpo) is equal to auto_kbo
% dis+1011_64_to=lpo:sil=128000:bsd=on:sp=arity:sos=on:lsd=50:fd=off:random_seed=2731922207:i=252:gtgl=4:kws=arity_squared:nm=16:av=off:gtg=exists_sym:gsp=on:fsd=on_249 on p for (249ds/252Mi)
% Instruction limit reached! 
% ------------------------------
% Version: Vampire 5.0.1 (Release build, commit 1b13eaf on 2026-01-18 12:14:50 +0000)
% Linked with Z3 4.14.0.0 3c47fd96cf5645d0c42b2c819d9e9a84380aa721 NOTFOUND
% CaDiCaL version: 2.1.3
% Termination reason: Instruction limit
% Termination phase: Saturation
% Time elapsed: 0.041 s
% Peak memory usage: 13 MB
% Instructions burned: 260 (million)
% WARNING Broken Constraint: if kbo_weight_scheme(precedence) has been set then term_ordering(lpo) is equal to kbo or term_ordering(lpo) is equal to auto_kbo
% dis+1010_3:1_to=lpo:sil=2000:tgt=full:prc=on:drc=off:fde=none:bsd=on:sp=unary_first:gs=on:br=off:random_seed=1310167826:i=178:kws=precedence:av=off:fsd=on_248 on p for (248ds/178Mi)
% Instruction limit reached! 
% ------------------------------
% Version: Vampire 5.0.1 (Release build, commit 1b13eaf on 2026-01-18 12:14:50 +0000)
% Linked with Z3 4.14.0.0 3c47fd96cf5645d0c42b2c819d9e9a84380aa721 NOTFOUND
% CaDiCaL version: 2.1.3
% Termination reason: Instruction limit
% Termination phase: Saturation
% Time elapsed: 0.025 s
% Peak memory usage: 15 MB
% Instructions burned: 180 (million)
% dis+10_8:1_to=lpo:sil=4000:sp=arity:sos=on:acc=on:fd=off:random_seed=3703315237:s2a=on:i=927:sd=2:ss=axioms_248 on p for (248ds/927Mi)
% Refutation not found, incomplete strategy
% ------------------------------
% Version: Vampire 5.0.1 (Release build, commit 1b13eaf on 2026-01-18 12:14:50 +0000)
% Linked with Z3 4.14.0.0 3c47fd96cf5645d0c42b2c819d9e9a84380aa721 NOTFOUND
% CaDiCaL version: 2.1.3
% Termination reason: Refutation not found, incomplete strategy
% Time elapsed: 0.0000 s
% Peak memory usage: 11 MB
% ------------------------------
% ------------------------------
% lrs+10_1_to=lpo:sil=4000:sos=on:spb=goal:lcm=predicate:urr=on:s2agt=8:sac=on:slsq=on:random_seed=1492558218:st=3.3:s2a=on:i=269:sd=2:doe=on:nm=2:gtg=position:sup=off:ss=axioms_248 on p for (248ds/269Mi)
% Refutation not found, incomplete strategy
% ------------------------------
% Version: Vampire 5.0.1 (Release build, commit 1b13eaf on 2026-01-18 12:14:50 +0000)
% Linked with Z3 4.14.0.0 3c47fd96cf5645d0c42b2c819d9e9a84380aa721 NOTFOUND
% CaDiCaL version: 2.1.3
% Termination reason: Refutation not found, incomplete strategy
% Time elapsed: 0.0000 s
% Peak memory usage: 11 MB
% ------------------------------
% ------------------------------
% WARNING Broken Constraint: if kbo_weight_scheme(arity_squared) has been set then term_ordering(lpo) is equal to kbo or term_ordering(lpo) is equal to auto_kbo
% lrs+21_32:1_to=lpo:sil=16000:bsd=on:sos=on:spb=goal_then_units:lcm=predicate:flr=on:random_seed=2062806951:s2a=on:i=185:s2at=3.5:kws=arity_squared_248 on p for (248ds/185Mi)
% Refutation not found, incomplete strategy
% ------------------------------
% Version: Vampire 5.0.1 (Release build, commit 1b13eaf on 2026-01-18 12:14:50 +0000)
% Linked with Z3 4.14.0.0 3c47fd96cf5645d0c42b2c819d9e9a84380aa721 NOTFOUND
% CaDiCaL version: 2.1.3
% Termination reason: Refutation not found, incomplete strategy
% Time elapsed: 0.0000 s
% Peak memory usage: 11 MB
% ------------------------------
% ------------------------------
% lrs+1010_64_to=lpo:sil=2000:sos=on:erd=off:bce=on:bsr=on:nwc=1:flr=on:newcnf=on:random_seed=3132547047:i=277:av=off:fdi=64_248 on p for (248ds/277Mi)
% Refutation not found, incomplete strategy
% ------------------------------
% Version: Vampire 5.0.1 (Release build, commit 1b13eaf on 2026-01-18 12:14:50 +0000)
% Linked with Z3 4.14.0.0 3c47fd96cf5645d0c42b2c819d9e9a84380aa721 NOTFOUND
% CaDiCaL version: 2.1.3
% Termination reason: Refutation not found, incomplete strategy
% Time elapsed: 0.0000 s
% Peak memory usage: 8 MB
% ------------------------------
% ------------------------------
% lrs-1011_64_to=lpo:sil=4000:fd=preordered:br=off:random_seed=2111609265:i=456:sd=2:av=off:ss=axioms:sgt=32_248 on p for (248ds/456Mi)
% Instruction limit reached! 
% ------------------------------
% Version: Vampire 5.0.1 (Release build, commit 1b13eaf on 2026-01-18 12:14:50 +0000)
% Linked with Z3 4.14.0.0 3c47fd96cf5645d0c42b2c819d9e9a84380aa721 NOTFOUND
% CaDiCaL version: 2.1.3
% Termination reason: Instruction limit
% Termination phase: Saturation
% Time elapsed: 0.067 s
% Peak memory usage: 19 MB
% Instructions burned: 460 (million)
% lrs+10_32_to=lpo:sil=2000:sp=occurrence:sos=all:urr=on:br=off:random_seed=691090177:st=3:i=635:sd=5:sup=off:ss=included_247 on p for (247ds/635Mi)
% Refutation not found, incomplete strategy
% ------------------------------
% Version: Vampire 5.0.1 (Release build, commit 1b13eaf on 2026-01-18 12:14:50 +0000)
% Linked with Z3 4.14.0.0 3c47fd96cf5645d0c42b2c819d9e9a84380aa721 NOTFOUND
% CaDiCaL version: 2.1.3
% Termination reason: Refutation not found, incomplete strategy
% Time elapsed: 0.0000 s
% Peak memory usage: 11 MB
% ------------------------------
% ------------------------------
% lrs+1011_23:4_slsqr=8,1:to=lpo:sil=32000:plsq=on:fde=none:plsqc=4:plsqr=64,1:spb=goal_then_units:acc=on:urr=on:plsql=on:gs=on:slsqc=4:alpa=true:slsq=on:random_seed=3536867089:cond=on:i=190:add=on:aac=none:doe=on:slsql=off:bd=preordered:nm=2:sup=off:ss=axioms_247 on p for (247ds/190Mi)
% Refutation not found, incomplete strategy
% ------------------------------
% Version: Vampire 5.0.1 (Release build, commit 1b13eaf on 2026-01-18 12:14:50 +0000)
% Linked with Z3 4.14.0.0 3c47fd96cf5645d0c42b2c819d9e9a84380aa721 NOTFOUND
% CaDiCaL version: 2.1.3
% Termination reason: Refutation not found, incomplete strategy
% Time elapsed: 0.0000 s
% Peak memory usage: 12 MB
% ------------------------------
% ------------------------------
% dis+1010_32:1_to=lpo:sil=2000:bsd=on:fd=off:slsq=on:random_seed=2402868695:cts=off:i=1282:sd=1:av=off:gtg=position:ss=axioms_247 on p for (247ds/1282Mi)
% Refutation not found, incomplete strategy
% ------------------------------
% Version: Vampire 5.0.1 (Release build, commit 1b13eaf on 2026-01-18 12:14:50 +0000)
% Linked with Z3 4.14.0.0 3c47fd96cf5645d0c42b2c819d9e9a84380aa721 NOTFOUND
% CaDiCaL version: 2.1.3
% Termination reason: Refutation not found, incomplete strategy
% Time elapsed: 0.0000 s
% Peak memory usage: 8 MB
% ------------------------------
% ------------------------------
% lrs+1011_16_anc=all_dependent:to=lpo:sil=4000:plsq=on:fde=none:plsqc=1:sas=cadical:plsqr=64,1:sos=on:spb=non_intro:plsql=on:fd=off:alpa=random:sac=on:random_seed=2231387445:avsq=on:i=191:avsqr=1,16:nm=16:ins=1:rawr=on_247 on p for (247ds/191Mi)
% Refutation not found, incomplete strategy
% ------------------------------
% Version: Vampire 5.0.1 (Release build, commit 1b13eaf on 2026-01-18 12:14:50 +0000)
% Linked with Z3 4.14.0.0 3c47fd96cf5645d0c42b2c819d9e9a84380aa721 NOTFOUND
% CaDiCaL version: 2.1.3
% Termination reason: Refutation not found, incomplete strategy
% Time elapsed: 0.0000 s
% Peak memory usage: 11 MB
% ------------------------------
% ------------------------------
% WARNING Broken Constraint: if kbo_max_zero(on) has been set then term_ordering(lpo) is equal to kbo or term_ordering(lpo) is equal to auto_kbo
% WARNING Broken Constraint: if kbo_weight_scheme(precedence) has been set then term_ordering(lpo) is equal to kbo or term_ordering(lpo) is equal to auto_kbo
% lrs+11_1_anc=all_dependent:to=lpo:sil=2000:plsq=on:fde=unused:plsqr=32,1:spb=intro:bsr=unit_only:gs=on:kmz=on:newcnf=on:random_seed=1329303307:st=1.2:i=564:gtgl=3:sd=3:kws=precedence:gtg=exists_top:fdi=4:ss=axioms:sgt=10_247 on p for (247ds/564Mi)
% Instruction limit reached! 
% ------------------------------
% Version: Vampire 5.0.1 (Release build, commit 1b13eaf on 2026-01-18 12:14:50 +0000)
% Linked with Z3 4.14.0.0 3c47fd96cf5645d0c42b2c819d9e9a84380aa721 NOTFOUND
% CaDiCaL version: 2.1.3
% Termination reason: Instruction limit
% Termination phase: Saturation
% Time elapsed: 0.088 s
% Peak memory usage: 19 MB
% Instructions burned: 566 (million)
% dis-1011_25:7_to=lpo:sil=4000:sas=cadical:avsql=on:lsd=50:acc=on:bsr=unit_only:nwc=4:newcnf=on:avsqc=2:random_seed=1299265820:avsq=on:s2a=on:i=193:s2at=-1:avsqr=2,3:aac=none:ep=RSTC:rawr=on_246 on p for (246ds/193Mi)
% Aborted by signal SIGSEGV on /tmp/tmppx4z3ji_/p.p
% ------------------------------
% Version: Vampire 5.0.1 (Release build, commit 1b13eaf on 2026-01-18 12:14:50 +0000)
% Linked with Z3 4.14.0.0 3c47fd96cf5645d0c42b2c819d9e9a84380aa721 NOTFOUND
% CaDiCaL version: 2.1.3
% Termination reason: Unknown
% Termination phase: Saturation
% Time elapsed: 0.003 s
% Peak memory usage: 12 MB
% Instructions burned: 15 (million)
% dis+1003_12_to=lpo:sil=4000:plsq=on:plsqr=32,1:sp=weighted_frequency:sos=all:erd=off:lma=off:spb=intro:lcm=predicate:acc=on:urr=full:slsqc=2:updr=off:newcnf=on:slsq=on:random_seed=429281851:i=195:ins=10:fsr=off:fdi=4:gsp=on_246 on p for (246ds/195Mi)
% Refutation not found, incomplete strategy
% ------------------------------
% Version: Vampire 5.0.1 (Release build, commit 1b13eaf on 2026-01-18 12:14:50 +0000)
% Linked with Z3 4.14.0.0 3c47fd96cf5645d0c42b2c819d9e9a84380aa721 NOTFOUND
% CaDiCaL version: 2.1.3
% Termination reason: Refutation not found, incomplete strategy
% Time elapsed: 0.0000 s
% Peak memory usage: 11 MB
% ------------------------------
% ------------------------------
% lrs+1010_4_to=lpo:sil=4000:drc=off:sp=weighted_frequency:spb=goal_then_units:nwc=5:lftc=50:random_seed=2987510807:s2a=on:i=302:fgj=on:bd=all_246 on p for (246ds/302Mi)
% Instruction limit reached! 
% ------------------------------
% Version: Vampire 5.0.1 (Release build, commit 1b13eaf on 2026-01-18 12:14:50 +0000)
% Linked with Z3 4.14.0.0 3c47fd96cf5645d0c42b2c819d9e9a84380aa721 NOTFOUND
% CaDiCaL version: 2.1.3
% Termination reason: Instruction limit
% Termination phase: Saturation
% Time elapsed: 0.044 s
% Peak memory usage: 15 MB
% Instructions burned: 307 (million)
% lrs+1011_1_sfv=off:to=lpo:sil=4000:sp=arity:sos=all:spb=goal:urr=ec_only:br=off:random_seed=2592344845:i=2020:sd=1:ss=included_245 on p for (245ds/2020Mi)
% Refutation not found, incomplete strategy
% ------------------------------
% Version: Vampire 5.0.1 (Release build, commit 1b13eaf on 2026-01-18 12:14:50 +0000)
% Linked with Z3 4.14.0.0 3c47fd96cf5645d0c42b2c819d9e9a84380aa721 NOTFOUND
% CaDiCaL version: 2.1.3
% Termination reason: Refutation not found, incomplete strategy
% Time elapsed: 0.001 s
% Peak memory usage: 11 MB
% ------------------------------
% ------------------------------
% dis+1011_32_slsqr=1,4:to=lpo:sil=4000:erd=off:s2agt=8:slsqc=3:slsq=on:random_seed=1981122780:i=912:sd=4:nicw=on:ep=RS:ss=axioms:sgt=32_245 on p for (245ds/912Mi)
% Refutation not found, incomplete strategy
% ------------------------------
% Version: Vampire 5.0.1 (Release build, commit 1b13eaf on 2026-01-18 12:14:50 +0000)
% Linked with Z3 4.14.0.0 3c47fd96cf5645d0c42b2c819d9e9a84380aa721 NOTFOUND
% CaDiCaL version: 2.1.3
% Termination reason: Refutation not found, incomplete strategy
% Time elapsed: 0.0000 s
% Peak memory usage: 11 MB
% ------------------------------
% ------------------------------
% Aborted by signal SIGSEGV on /tmp/tmppx4z3ji_/p.p
% ------------------------------
% Version: Vampire 5.0.1 (Release build, commit 1b13eaf on 2026-01-18 12:14:50 +0000)
% Linked with Z3 4.14.0.0 3c47fd96cf5645d0c42b2c819d9e9a84380aa721 NOTFOUND
% CaDiCaL version: 2.1.3
% Termination reason: Refutation not found, incomplete strategy
% Time elapsed: 0.001 s
% Peak memory usage: 11 MB
% lrs-11_23:64_sfv=off:to=lpo:sil=4000:tgt=ground:sp=const_min:sos=all:spb=goal:lcm=predicate:urr=on:fd=preordered:nwc=1:flr=on:lftc=40:random_seed=134215957:st=1.38385:i=303:add=off:aac=none:ss=axioms_245 on p for (245ds/303Mi)
% Refutation not found, incomplete strategy
% ------------------------------
% Version: Vampire 5.0.1 (Release build, commit 1b13eaf on 2026-01-18 12:14:50 +0000)
% Linked with Z3 4.14.0.0 3c47fd96cf5645d0c42b2c819d9e9a84380aa721 NOTFOUND
% CaDiCaL version: 2.1.3
% Termination reason: Refutation not found, incomplete strategy
% Time elapsed: 0.0000 s
% Peak memory usage: 11 MB
% ------------------------------
% ------------------------------
% dis+1011_3:1_to=lpo:sil=8000:prc=on:drc=off:fde=unused:sp=reverse_arity:spb=non_intro:random_seed=2292835130:i=817:ins=20:av=off_245 on p for (245ds/817Mi)
% Instruction limit reached! 
% ------------------------------
% Version: Vampire 5.0.1 (Release build, commit 1b13eaf on 2026-01-18 12:14:50 +0000)
% Linked with Z3 4.14.0.0 3c47fd96cf5645d0c42b2c819d9e9a84380aa721 NOTFOUND
% CaDiCaL version: 2.1.3
% Termination reason: Instruction limit
% Termination phase: Saturation
% Time elapsed: 0.144 s
% Peak memory usage: 16 MB
% Instructions burned: 821 (million)
% dis+1_32:1_to=lpo:sil=128000:sp=occurrence:acc=on:s2agt=30:random_seed=812984619:s2pl=no:s2a=on:i=1164:sd=2:nicw=on:fsr=off:ss=included_243 on p for (243ds/1164Mi)
% Instruction limit reached! 
% ------------------------------
% Version: Vampire 5.0.1 (Release build, commit 1b13eaf on 2026-01-18 12:14:50 +0000)
% Linked with Z3 4.14.0.0 3c47fd96cf5645d0c42b2c819d9e9a84380aa721 NOTFOUND
% CaDiCaL version: 2.1.3
% Termination reason: Instruction limit
% Termination phase: Saturation
% Time elapsed: 0.168 s
% Peak memory usage: 16 MB
% Instructions burned: 1168 (million)
% lrs-1011_1_to=lpo:sil=2000:sos=all:spb=goal_then_units:random_seed=196209057:i=208_241 on p for (241ds/208Mi)
% Refutation not found, incomplete strategy
% ------------------------------
% Version: Vampire 5.0.1 (Release build, commit 1b13eaf on 2026-01-18 12:14:50 +0000)
% Linked with Z3 4.14.0.0 3c47fd96cf5645d0c42b2c819d9e9a84380aa721 NOTFOUND
% CaDiCaL version: 2.1.3
% Termination reason: Refutation not found, incomplete strategy
% Time elapsed: 0.0000 s
% Peak memory usage: 11 MB
% ------------------------------
% ------------------------------
% lrs+1011_1_to=lpo:sil=32000:sp=occurrence:sos=all:random_seed=1843314033:st=2.3:i=7185:sd=14:ss=axioms:sgt=16_241 on p for (241ds/7185Mi)
% Refutation not found, incomplete strategy
% ------------------------------
% Version: Vampire 5.0.1 (Release build, commit 1b13eaf on 2026-01-18 12:14:50 +0000)
% Linked with Z3 4.14.0.0 3c47fd96cf5645d0c42b2c819d9e9a84380aa721 NOTFOUND
% CaDiCaL version: 2.1.3
% Termination reason: Refutation not found, incomplete strategy
% Time elapsed: 0.0000 s
% Peak memory usage: 11 MB
% ------------------------------
% ------------------------------
% dis+1002_2_to=lpo:sil=8000:sos=on:random_seed=3216145596:i=322:sd=2:ep=R:nm=4:gtg=position:ss=axioms:sgt=4_241 on p for (241ds/322Mi)
% Refutation not found, incomplete strategy
% ------------------------------
% Version: Vampire 5.0.1 (Release build, commit 1b13eaf on 2026-01-18 12:14:50 +0000)
% Linked with Z3 4.14.0.0 3c47fd96cf5645d0c42b2c819d9e9a84380aa721 NOTFOUND
% CaDiCaL version: 2.1.3
% Termination reason: Refutation not found, incomplete strategy
% Time elapsed: 0.0000 s
% Peak memory usage: 11 MB
% ------------------------------
% ------------------------------
% WARNING Broken Constraint: if kbo_weight_scheme(inv_arity_squared) has been set then term_ordering(lpo) is equal to kbo or term_ordering(lpo) is equal to auto_kbo
% lrs-1010_1_to=lpo:sil=2000:plsq=on:plsqr=50755291,524288:urr=on:rp=on:s2agt=40:br=off:random_seed=2647720029:s2a=on:i=329:add=off:sd=1:kws=inv_arity_squared:gsp=on:ss=axioms:sgt=8_241 on p for (241ds/329Mi)
% Instruction limit reached! 
% ------------------------------
% Version: Vampire 5.0.1 (Release build, commit 1b13eaf on 2026-01-18 12:14:50 +0000)
% Linked with Z3 4.14.0.0 3c47fd96cf5645d0c42b2c819d9e9a84380aa721 NOTFOUND
% CaDiCaL version: 2.1.3
% Termination reason: Instruction limit
% Termination phase: Saturation
% Time elapsed: 0.054 s
% Peak memory usage: 17 MB
% Instructions burned: 333 (million)
% lrs-1011_1_to=lpo:sil=2000:erd=off:random_seed=277569373:i=215:ep=RS:nm=2_240 on p for (240ds/215Mi)
% Refutation not found, incomplete strategy
% ------------------------------
% Version: Vampire 5.0.1 (Release build, commit 1b13eaf on 2026-01-18 12:14:50 +0000)
% Linked with Z3 4.14.0.0 3c47fd96cf5645d0c42b2c819d9e9a84380aa721 NOTFOUND
% CaDiCaL version: 2.1.3
% Termination reason: Refutation not found, incomplete strategy
% Time elapsed: 0.0000 s
% Peak memory usage: 11 MB
% ------------------------------
% ------------------------------
% Aborted by signal SIGSEGV on /tmp/tmppx4z3ji_/p.p
% ------------------------------
% Version: Vampire 5.0.1 (Release build, commit 1b13eaf on 2026-01-18 12:14:50 +0000)
% Linked with Z3 4.14.0.0 3c47fd96cf5645d0c42b2c819d9e9a84380aa721 NOTFOUND
% CaDiCaL version: 2.1.3
% Termination reason: Refutation not found, incomplete strategy
% Time elapsed: 0.001 s
% Peak memory usage: 11 MB
% dis+1011_20_to=lpo:sil=4000:bsd=on:newcnf=on:slsq=on:random_seed=2350764007:i=215:sd=1:slsql=off:ss=axioms:fsd=on_240 on p for (240ds/215Mi)
% Refutation not found, incomplete strategy
% ------------------------------
% Version: Vampire 5.0.1 (Release build, commit 1b13eaf on 2026-01-18 12:14:50 +0000)
% Linked with Z3 4.14.0.0 3c47fd96cf5645d0c42b2c819d9e9a84380aa721 NOTFOUND
% CaDiCaL version: 2.1.3
% Termination reason: Refutation not found, incomplete strategy
% Time elapsed: 0.0000 s
% Peak memory usage: 11 MB
% ------------------------------
% ------------------------------
% lrs+1011_1_to=lpo:sil=256000:plsq=on:newcnf=on:random_seed=2218041442:st=2:i=216:sd=3:ep=R:av=off:ss=included:sgt=16_240 on p for (240ds/216Mi)
% Refutation not found, incomplete strategy
% ------------------------------
% Version: Vampire 5.0.1 (Release build, commit 1b13eaf on 2026-01-18 12:14:50 +0000)
% Linked with Z3 4.14.0.0 3c47fd96cf5645d0c42b2c819d9e9a84380aa721 NOTFOUND
% CaDiCaL version: 2.1.3
% Termination reason: Refutation not found, incomplete strategy
% Time elapsed: 0.0000 s
% Peak memory usage: 8 MB
% ------------------------------
% ------------------------------
% lrs-1002_50_to=lpo:sil=2000:sas=cadical:sos=on:spb=non_intro:random_seed=95547552:i=223:doe=on:bd=all:fsr=off:fsd=on:fsdmm=1_240 on p for (240ds/223Mi)
% Refutation not found, incomplete strategy
% ------------------------------
% Version: Vampire 5.0.1 (Release build, commit 1b13eaf on 2026-01-18 12:14:50 +0000)
% Linked with Z3 4.14.0.0 3c47fd96cf5645d0c42b2c819d9e9a84380aa721 NOTFOUND
% CaDiCaL version: 2.1.3
% Termination reason: Refutation not found, incomplete strategy
% Time elapsed: 0.0000 s
% Peak memory usage: 12 MB
% ------------------------------
% ------------------------------
% lrs+1010_1_to=lpo:sil=16000:plsq=on:fde=none:plsqr=32,1:sos=on:erd=off:random_seed=2806689179:cts=off:i=227:av=off_240 on p for (240ds/227Mi)
% Refutation not found, incomplete strategy
% ------------------------------
% Version: Vampire 5.0.1 (Release build, commit 1b13eaf on 2026-01-18 12:14:50 +0000)
% Linked with Z3 4.14.0.0 3c47fd96cf5645d0c42b2c819d9e9a84380aa721 NOTFOUND
% CaDiCaL version: 2.1.3
% Termination reason: Refutation not found, incomplete strategy
% Time elapsed: 0.0000 s
% Peak memory usage: 8 MB
% ------------------------------
% ------------------------------
% lrs+1002_1_to=lpo:sil=4000:sp=occurrence:sos=on:erd=off:random_seed=948114194:i=1636:sd=2:ep=RS:av=off:ss=axioms_240 on p for (240ds/1636Mi)
% Refutation not found, incomplete strategy
% ------------------------------
% Version: Vampire 5.0.1 (Release build, commit 1b13eaf on 2026-01-18 12:14:50 +0000)
% Linked with Z3 4.14.0.0 3c47fd96cf5645d0c42b2c819d9e9a84380aa721 NOTFOUND
% CaDiCaL version: 2.1.3
% Termination reason: Refutation not found, incomplete strategy
% Time elapsed: 0.001 s
% Peak memory usage: 8 MB
% ------------------------------
% ------------------------------
% dis-30_1_to=lpo:sil=16000:random_seed=2917364282:st=3:i=6010:ep=RST:av=off:ss=included_240 on p for (240ds/6010Mi)
% Instruction limit reached! 
% ------------------------------
% Version: Vampire 5.0.1 (Release build, commit 1b13eaf on 2026-01-18 12:14:50 +0000)
% Linked with Z3 4.14.0.0 3c47fd96cf5645d0c42b2c819d9e9a84380aa721 NOTFOUND
% CaDiCaL version: 2.1.3
% Termination reason: Instruction limit
% Termination phase: Saturation
% Time elapsed: 0.763 s
% Peak memory usage: 15 MB
% Instructions burned: 6019 (million)
% WARNING Broken Constraint: if kbo_weight_scheme(precedence) has been set then term_ordering(lpo) is equal to kbo or term_ordering(lpo) is equal to auto_kbo
% lrs+2_1_to=lpo:sil=2000:random_seed=1771182434:i=1044:kws=precedence:fsr=off_232 on p for (232ds/1044Mi)
% Instruction limit reached! 
% ------------------------------
% Version: Vampire 5.0.1 (Release build, commit 1b13eaf on 2026-01-18 12:14:50 +0000)
% Linked with Z3 4.14.0.0 3c47fd96cf5645d0c42b2c819d9e9a84380aa721 NOTFOUND
% CaDiCaL version: 2.1.3
% Termination reason: Instruction limit
% Termination phase: Saturation
% Time elapsed: 0.153 s
% Peak memory usage: 29 MB
% Instructions burned: 1050 (million)
% lrs+0_32:1_to=lpo:sil=64000:tgt=ground:irw=on:prc=on:sp=reverse_frequency:bce=on:bsr=on:random_seed=4139872732:i=372:sd=1:erml=2:bs=unit_only:bd=all:av=off:gtg=exists_sym:ss=axioms:er=filter_230 on p for (230ds/372Mi)
% Instruction limit reached! 
% ------------------------------
% Version: Vampire 5.0.1 (Release build, commit 1b13eaf on 2026-01-18 12:14:50 +0000)
% Linked with Z3 4.14.0.0 3c47fd96cf5645d0c42b2c819d9e9a84380aa721 NOTFOUND
% CaDiCaL version: 2.1.3
% Termination reason: Instruction limit
% Termination phase: Saturation
% Time elapsed: 0.062 s
% Peak memory usage: 16 MB
% Instructions burned: 375 (million)
% lrs+1010_32_to=lpo:sil=4000:plsq=on:bsr=unit_only:nwc=3:newcnf=on:random_seed=3269991105:cts=off:i=516:gtgl=5:nm=16:av=off:gtg=exists_sym_230 on p for (230ds/516Mi)
% Instruction limit reached! 
% ------------------------------
% Version: Vampire 5.0.1 (Release build, commit 1b13eaf on 2026-01-18 12:14:50 +0000)
% Linked with Z3 4.14.0.0 3c47fd96cf5645d0c42b2c819d9e9a84380aa721 NOTFOUND
% CaDiCaL version: 2.1.3
% Termination reason: Instruction limit
% Termination phase: Saturation
% Time elapsed: 0.082 s
% Peak memory usage: 20 MB
% Instructions burned: 517 (million)
% lrs-1010_3:2_to=lpo:sil=4000:irw=on:plsq=on:plsqc=4:fd=preordered:updr=off:lwlo=on:random_seed=3755474661:lrd=on:i=2469:bd=preordered_229 on p for (229ds/2469Mi)
% Instruction limit reached! 
% ------------------------------
% Version: Vampire 5.0.1 (Release build, commit 1b13eaf on 2026-01-18 12:14:50 +0000)
% Linked with Z3 4.14.0.0 3c47fd96cf5645d0c42b2c819d9e9a84380aa721 NOTFOUND
% CaDiCaL version: 2.1.3
% Termination reason: Instruction limit
% Termination phase: Saturation
% Time elapsed: 0.351 s
% Peak memory usage: 39 MB
% Instructions burned: 2472 (million)
% dis+1011_128_to=lpo:sil=4000:tgt=full:sos=on:spb=goal:lsd=100:bsr=on:br=off:random_seed=3627517681:i=242:sd=1:gtg=position:ss=axioms:sgt=64_225 on p for (225ds/242Mi)
% Refutation not found, incomplete strategy
% ------------------------------
% Version: Vampire 5.0.1 (Release build, commit 1b13eaf on 2026-01-18 12:14:50 +0000)
% Linked with Z3 4.14.0.0 3c47fd96cf5645d0c42b2c819d9e9a84380aa721 NOTFOUND
% CaDiCaL version: 2.1.3
% Termination reason: Refutation not found, incomplete strategy
% Time elapsed: 0.0000 s
% Peak memory usage: 11 MB
% ------------------------------
% ------------------------------
% lrs-1011_12_to=lpo:sil=8000:prc=on:drc=off:sp=reverse_frequency:erd=off:lsd=1:urr=on:bce=on:rp=on:nwc=0.6:newcnf=on:avsqc=1:random_seed=1570825647:avsq=on:s2a=on:i=242:bd=preordered:nm=2:fsd=on_225 on p for (225ds/242Mi)
% Instruction limit reached! 
% ------------------------------
% Version: Vampire 5.0.1 (Release build, commit 1b13eaf on 2026-01-18 12:14:50 +0000)
% Linked with Z3 4.14.0.0 3c47fd96cf5645d0c42b2c819d9e9a84380aa721 NOTFOUND
% CaDiCaL version: 2.1.3
% Termination reason: Instruction limit
% Termination phase: Saturation
% Time elapsed: 0.034 s
% Peak memory usage: 15 MB
% Instructions burned: 244 (million)
% dis+1010_6_to=lpo:sil=16000:tgt=full:sp=unary_first:nwc=2:random_seed=1906613717:s2a=on:i=2051:sd=1:nm=4:gsp=on:ss=included_225 on p for (225ds/2051Mi)
% Instruction limit reached! 
% ------------------------------
% Version: Vampire 5.0.1 (Release build, commit 1b13eaf on 2026-01-18 12:14:50 +0000)
% Linked with Z3 4.14.0.0 3c47fd96cf5645d0c42b2c819d9e9a84380aa721 NOTFOUND
% CaDiCaL version: 2.1.3
% Termination reason: Instruction limit
% Termination phase: Saturation
% Time elapsed: 0.292 s
% Peak memory usage: 21 MB
% Instructions burned: 2059 (million)
% lrs-1011_1_to=lpo:sil=2000:plsq=on:plsqr=128,1:flr=on:random_seed=2489477611:i=253:gtgl=2:sd=1:gtg=exists_all:ss=axioms_222 on p for (222ds/253Mi)
% Instruction limit reached! 
% ------------------------------
% Version: Vampire 5.0.1 (Release build, commit 1b13eaf on 2026-01-18 12:14:50 +0000)
% Linked with Z3 4.14.0.0 3c47fd96cf5645d0c42b2c819d9e9a84380aa721 NOTFOUND
% CaDiCaL version: 2.1.3
% Termination reason: Instruction limit
% Termination phase: Saturation
% Time elapsed: 0.070 s
% Peak memory usage: 15 MB
% Instructions burned: 255 (million)
% lrs+10_1_slsqr=8,1:to=lpo:sil=16000:plsq=on:plsqr=32,1:sp=unary_first:erd=off:spb=units:lcm=reverse:urr=on:slsqc=1:flr=on:slsq=on:random_seed=19149758:i=256:s2at=9:bd=preordered:av=off:fsr=off:fdi=8_221 on p for (221ds/256Mi)
% Instruction limit reached! 
% ------------------------------
% Version: Vampire 5.0.1 (Release build, commit 1b13eaf on 2026-01-18 12:14:50 +0000)
% Linked with Z3 4.14.0.0 3c47fd96cf5645d0c42b2c819d9e9a84380aa721 NOTFOUND
% CaDiCaL version: 2.1.3
% Termination reason: Instruction limit
% Termination phase: Saturation
% Time elapsed: 0.045 s
% Peak memory usage: 15 MB
% Instructions burned: 259 (million)
% dis+11_1_to=lpo:sil=32000:tgt=full:plsq=on:fde=unused:plsqc=1:plsqr=128,1:sos=on:erd=off:plsql=on:newcnf=on:random_seed=1789158846:s2pl=on:cts=off:i=259:bs=on:av=off:fsr=off:ss=axioms:fsd=on:sgt=32:rawr=on_221 on p for (221ds/259Mi)
% Refutation not found, incomplete strategy
% ------------------------------
% Version: Vampire 5.0.1 (Release build, commit 1b13eaf on 2026-01-18 12:14:50 +0000)
% Linked with Z3 4.14.0.0 3c47fd96cf5645d0c42b2c819d9e9a84380aa721 NOTFOUND
% CaDiCaL version: 2.1.3
% Termination reason: Refutation not found, incomplete strategy
% Time elapsed: 0.0000 s
% Peak memory usage: 8 MB
% ------------------------------
% ------------------------------
% lrs-1010_16:1_to=lpo:sil=8000:sp=occurrence:sos=on:acc=on:random_seed=4180585924:i=1549:sd=1:nm=12:fsr=off:ss=included_220 on p for (220ds/1549Mi)
% Refutation not found, incomplete strategy
% ------------------------------
% Version: Vampire 5.0.1 (Release build, commit 1b13eaf on 2026-01-18 12:14:50 +0000)
% Linked with Z3 4.14.0.0 3c47fd96cf5645d0c42b2c819d9e9a84380aa721 NOTFOUND
% CaDiCaL version: 2.1.3
% Termination reason: Refutation not found, incomplete strategy
% Time elapsed: 0.0000 s
% Peak memory usage: 11 MB
% ------------------------------
% ------------------------------
% lrs+33_2003:644_to=lpo:sil=4000:sp=reverse_frequency:lcm=predicate:urr=on:s2agt=10:random_seed=1349865307:s2a=on:i=751:bd=preordered:ins=1:fdi=8:gsp=on_220 on p for (220ds/751Mi)
% Instruction limit reached! 
% ------------------------------
% Version: Vampire 5.0.1 (Release build, commit 1b13eaf on 2026-01-18 12:14:50 +0000)
% Linked with Z3 4.14.0.0 3c47fd96cf5645d0c42b2c819d9e9a84380aa721 NOTFOUND
% CaDiCaL version: 2.1.3
% Termination reason: Instruction limit
% Termination phase: Saturation
% Time elapsed: 0.110 s
% Peak memory usage: 20 MB
% Instructions burned: 752 (million)
% lrs+10_1_to=lpo:sil=16000:sp=occurrence:urr=on:br=off:random_seed=3290441225:st=5:s2a=on:i=758:s2at=2:sd=2:nm=2:gtg=exists_top:sup=off:ss=axioms_219 on p for (219ds/758Mi)
% Refutation not found, incomplete strategy
% ------------------------------
% Version: Vampire 5.0.1 (Release build, commit 1b13eaf on 2026-01-18 12:14:50 +0000)
% Linked with Z3 4.14.0.0 3c47fd96cf5645d0c42b2c819d9e9a84380aa721 NOTFOUND
% CaDiCaL version: 2.1.3
% Termination reason: Refutation not found, incomplete strategy
% Time elapsed: 0.002 s
% Peak memory usage: 11 MB
% ------------------------------
% ------------------------------
% lrs+1010_64_to=lpo:sil=2000:fde=none:sp=const_max:sos=on:urr=ec_only:bsr=unit_only:fd=off:rp=on:br=off:alpa=true:sac=on:random_seed=1710803108:avsq=on:i=596:avsqr=8,1:ins=2:fdi=1024:rawr=on_219 on p for (219ds/596Mi)
% Refutation not found, incomplete strategy
% ------------------------------
% Version: Vampire 5.0.1 (Release build, commit 1b13eaf on 2026-01-18 12:14:50 +0000)
% Linked with Z3 4.14.0.0 3c47fd96cf5645d0c42b2c819d9e9a84380aa721 NOTFOUND
% CaDiCaL version: 2.1.3
% Termination reason: Refutation not found, incomplete strategy
% Time elapsed: 0.0000 s
% Peak memory usage: 11 MB
% ------------------------------
% ------------------------------
% ott+1011_2:7_to=lpo:sil=2000:tgt=full:plsq=on:fde=none:plsqc=5:sims=off:sp=unary_first:spb=non_intro:lsd=10:plsql=on:nwc=20:s2agt=128:random_seed=2877532703:s2a=on:i=1443:s2at=3:bd=preordered:av=off:gtg=exists_top:fdi=8_219 on p for (219ds/1443Mi)
% Instruction limit reached! 
% ------------------------------
% Version: Vampire 5.0.1 (Release build, commit 1b13eaf on 2026-01-18 12:14:50 +0000)
% Linked with Z3 4.14.0.0 3c47fd96cf5645d0c42b2c819d9e9a84380aa721 NOTFOUND
% CaDiCaL version: 2.1.3
% Termination reason: Instruction limit
% Termination phase: Saturation
% Time elapsed: 0.248 s
% Peak memory usage: 28 MB
% Instructions burned: 1445 (million)
% lrs-1011_4_to=lpo:sil=2000:sp=arity:flr=on:random_seed=569960332:st=3:i=268:bd=preordered:ss=axioms_216 on p for (216ds/268Mi)
% Instruction limit reached! 
% ------------------------------
% Version: Vampire 5.0.1 (Release build, commit 1b13eaf on 2026-01-18 12:14:50 +0000)
% Linked with Z3 4.14.0.0 3c47fd96cf5645d0c42b2c819d9e9a84380aa721 NOTFOUND
% CaDiCaL version: 2.1.3
% Termination reason: Instruction limit
% Termination phase: Saturation
% Time elapsed: 0.060 s
% Peak memory usage: 15 MB
% Instructions burned: 272 (million)
% lrs+1011_4_sfv=off:to=lpo:sil=2000:fde=none:sp=const_frequency:sos=all:br=off:random_seed=1239378858:st=4:i=269:sd=3:doe=on:ins=10:av=off:ss=axioms_215 on p for (215ds/269Mi)
% Refutation not found, incomplete strategy
% ------------------------------
% Version: Vampire 5.0.1 (Release build, commit 1b13eaf on 2026-01-18 12:14:50 +0000)
% Linked with Z3 4.14.0.0 3c47fd96cf5645d0c42b2c819d9e9a84380aa721 NOTFOUND
% CaDiCaL version: 2.1.3
% Termination reason: Refutation not found, incomplete strategy
% Time elapsed: 0.001 s
% Peak memory usage: 8 MB
% ------------------------------
% ------------------------------
% dis+1011_10_to=lpo:sil=4000:sp=const_min:erd=off:spb=non_intro:bsr=unit_only:rp=on:flr=on:newcnf=on:random_seed=984178598:cts=off:s2a=on:i=269:s2at=5:bd=preordered:av=off:fsr=off:rawr=on_215 on p for (215ds/269Mi)
% Instruction limit reached! 
% ------------------------------
% Version: Vampire 5.0.1 (Release build, commit 1b13eaf on 2026-01-18 12:14:50 +0000)
% Linked with Z3 4.14.0.0 3c47fd96cf5645d0c42b2c819d9e9a84380aa721 NOTFOUND
% CaDiCaL version: 2.1.3
% Termination reason: Instruction limit
% Termination phase: Saturation
% Time elapsed: 0.076 s
% Peak memory usage: 13 MB
% Instructions burned: 270 (million)
% lrs+10_3_to=lpo:sil=8000:tgt=ground:fde=none:sp=reverse_arity:lcm=predicate:random_seed=391302324:i=3317:sd=1:av=off:ss=axioms:sgt=50_214 on p for (214ds/3317Mi)
% Instruction limit reached! 
% ------------------------------
% Version: Vampire 5.0.1 (Release build, commit 1b13eaf on 2026-01-18 12:14:50 +0000)
% Linked with Z3 4.14.0.0 3c47fd96cf5645d0c42b2c819d9e9a84380aa721 NOTFOUND
% CaDiCaL version: 2.1.3
% Termination reason: Instruction limit
% Termination phase: Saturation
% Time elapsed: 0.511 s
% Peak memory usage: 72 MB
% Instructions burned: 3322 (million)
% WARNING Broken Constraint: if kbo_max_zero(on) has been set then term_ordering(lpo) is equal to kbo or term_ordering(lpo) is equal to auto_kbo
% WARNING Broken Constraint: if kbo_weight_scheme(precedence) has been set then term_ordering(lpo) is equal to kbo or term_ordering(lpo) is equal to auto_kbo
% ott+11_3_sfv=off:to=lpo:sil=2000:tgt=full:sp=reverse_frequency:spb=goal_then_units:urr=on:nwc=5:s2agt=100:br=off:kmz=on:updr=off:slsq=on:random_seed=3876635656:s2a=on:i=286:kws=precedence:bd=preordered:ins=20:av=off_209 on p for (209ds/286Mi)
% Instruction limit reached! 
% ------------------------------
% Version: Vampire 5.0.1 (Release build, commit 1b13eaf on 2026-01-18 12:14:50 +0000)
% Linked with Z3 4.14.0.0 3c47fd96cf5645d0c42b2c819d9e9a84380aa721 NOTFOUND
% CaDiCaL version: 2.1.3
% Termination reason: Instruction limit
% Termination phase: Saturation
% Time elapsed: 0.059 s
% Peak memory usage: 15 MB
% Instructions burned: 287 (million)
% lrs+1010_1_to=lpo:sil=4000:plsq=on:plsqr=64,1:sos=on:spb=goal:alpa=true:random_seed=1233825078:st=2:i=1238:sd=2:fsr=off:ss=axioms:fsd=on_208 on p for (208ds/1238Mi)
% Refutation not found, incomplete strategy
% ------------------------------
% Version: Vampire 5.0.1 (Release build, commit 1b13eaf on 2026-01-18 12:14:50 +0000)
% Linked with Z3 4.14.0.0 3c47fd96cf5645d0c42b2c819d9e9a84380aa721 NOTFOUND
% CaDiCaL version: 2.1.3
% Termination reason: Refutation not found, incomplete strategy
% Time elapsed: 0.0000 s
% Peak memory usage: 11 MB
% ------------------------------
% ------------------------------
% lrs+1002_8:1_to=lpo:sil=4000:urr=on:br=off:random_seed=4098343452:st=3:s2a=on:i=291:s2at=2:sd=1:doe=on:av=off:ss=axioms_208 on p for (208ds/291Mi)
% Instruction limit reached! 
% ------------------------------
% Version: Vampire 5.0.1 (Release build, commit 1b13eaf on 2026-01-18 12:14:50 +0000)
% Linked with Z3 4.14.0.0 3c47fd96cf5645d0c42b2c819d9e9a84380aa721 NOTFOUND
% CaDiCaL version: 2.1.3
% Termination reason: Instruction limit
% Termination phase: Saturation
% Time elapsed: 0.045 s
% Peak memory usage: 16 MB
% Instructions burned: 297 (million)
% lrs+10_1_sfv=off:to=lpo:sil=2000:sos=all:lma=off:random_seed=4035959437:st=1.5:i=291:gtgl=2:sd=2:av=off:gtg=exists_sym:ss=axioms_208 on p for (208ds/291Mi)
% Instruction limit reached! 
% ------------------------------
% Version: Vampire 5.0.1 (Release build, commit 1b13eaf on 2026-01-18 12:14:50 +0000)
% Linked with Z3 4.14.0.0 3c47fd96cf5645d0c42b2c819d9e9a84380aa721 NOTFOUND
% CaDiCaL version: 2.1.3
% Termination reason: Instruction limit
% Termination phase: Saturation
% Time elapsed: 0.047 s
% Peak memory usage: 16 MB
% Instructions burned: 293 (million)
% dis-1011_5:1_anc=all_dependent:to=lpo:sil=4000:erd=off:lsd=60:alpa=true:sac=on:random_seed=1624017939:avsq=on:i=300:ep=R:gsp=on_207 on p for (207ds/300Mi)
% Refutation not found, incomplete strategy
% ------------------------------
% Version: Vampire 5.0.1 (Release build, commit 1b13eaf on 2026-01-18 12:14:50 +0000)
% Linked with Z3 4.14.0.0 3c47fd96cf5645d0c42b2c819d9e9a84380aa721 NOTFOUND
% CaDiCaL version: 2.1.3
% Termination reason: Refutation not found, incomplete strategy
% Time elapsed: 0.0000 s
% Peak memory usage: 11 MB
% ------------------------------
% ------------------------------
% lrs-1011_8:1_to=lpo:sil=8000:sp=unary_first:bsr=on:fd=off:random_seed=2369121124:i=305_207 on p for (207ds/305Mi)
% Instruction limit reached! 
% ------------------------------
% Version: Vampire 5.0.1 (Release build, commit 1b13eaf on 2026-01-18 12:14:50 +0000)
% Linked with Z3 4.14.0.0 3c47fd96cf5645d0c42b2c819d9e9a84380aa721 NOTFOUND
% CaDiCaL version: 2.1.3
% Termination reason: Instruction limit
% Termination phase: Saturation
% Time elapsed: 0.046 s
% Peak memory usage: 17 MB
% Instructions burned: 310 (million)
% lrs+1011_3:1_to=lpo:sil=2000:plsq=on:plsqc=1:plsqr=32,1:sos=all:bsr=unit_only:s2agt=8:random_seed=2203082828:s2a=on:i=511:bd=all:nm=4:av=off:ss=axioms:sgt=8_207 on p for (207ds/511Mi)
% Refutation not found, incomplete strategy
% ------------------------------
% Version: Vampire 5.0.1 (Release build, commit 1b13eaf on 2026-01-18 12:14:50 +0000)
% Linked with Z3 4.14.0.0 3c47fd96cf5645d0c42b2c819d9e9a84380aa721 NOTFOUND
% CaDiCaL version: 2.1.3
% Termination reason: Refutation not found, incomplete strategy
% Time elapsed: 0.0000 s
% Peak memory usage: 8 MB
% ------------------------------
% ------------------------------
% dis-1010_16:1_to=lpo:sil=16000:fde=unused:fd=off:newcnf=on:slsq=on:random_seed=1981389344:s2a=on:i=1555:nm=2:gtg=position:ss=axioms_207 on p for (207ds/1555Mi)
% Refutation not found, incomplete strategy
% ------------------------------
% Version: Vampire 5.0.1 (Release build, commit 1b13eaf on 2026-01-18 12:14:50 +0000)
% Linked with Z3 4.14.0.0 3c47fd96cf5645d0c42b2c819d9e9a84380aa721 NOTFOUND
% CaDiCaL version: 2.1.3
% Termination reason: Refutation not found, incomplete strategy
% Time elapsed: 0.0000 s
% Peak memory usage: 11 MB
% ------------------------------
% ------------------------------
% lrs-1010_20_to=lpo:sil=4000:prc=on:drc=ordering:fde=unused:sp=const_min:sos=all:spb=goal:urr=ec_only:nwc=8:br=off:lftc=40:random_seed=2772383652:s2a=on:i=744:aac=none:doe=on:bd=preordered:amm=off:fdi=8_206 on p for (206ds/744Mi)
% Refutation not found, incomplete strategy
% ------------------------------
% Version: Vampire 5.0.1 (Release build, commit 1b13eaf on 2026-01-18 12:14:50 +0000)
% Linked with Z3 4.14.0.0 3c47fd96cf5645d0c42b2c819d9e9a84380aa721 NOTFOUND
% CaDiCaL version: 2.1.3
% Termination reason: Refutation not found, incomplete strategy
% Time elapsed: 0.0000 s
% Peak memory usage: 11 MB
% ------------------------------
% ------------------------------
% lrs+10_7_to=lpo:sil=64000:tgt=ground:drc=off:fde=none:sp=const_frequency:slsqc=4:slsq=on:random_seed=2948975698:i=10680:bd=all:gtg=exists_sym_206 on p for (206ds/10680Mi)
% Instruction limit reached! 
% ------------------------------
% Version: Vampire 5.0.1 (Release build, commit 1b13eaf on 2026-01-18 12:14:50 +0000)
% Linked with Z3 4.14.0.0 3c47fd96cf5645d0c42b2c819d9e9a84380aa721 NOTFOUND
% CaDiCaL version: 2.1.3
% Termination reason: Instruction limit
% Termination phase: Saturation
% Time elapsed: 1.834 s
% Peak memory usage: 77 MB
% Instructions burned: 10684 (million)
% dis-1002_7_anc=all_dependent:to=kbo:sil=16000:drc=off:etr=on:sos=on:nwc=1:kmz=on:newcnf=on:random_seed=1813655339:i=317:kws=frequency:doe=on:bs=unit_only:nm=0:ins=10:amm=off:gtg=exists_sym_188 on p for (188ds/317Mi)
% Instruction limit reached! 
% ------------------------------
% Version: Vampire 5.0.1 (Release build, commit 1b13eaf on 2026-01-18 12:14:50 +0000)
% Linked with Z3 4.14.0.0 3c47fd96cf5645d0c42b2c819d9e9a84380aa721 NOTFOUND
% CaDiCaL version: 2.1.3
% Termination reason: Instruction limit
% Termination phase: Saturation
% Time elapsed: 0.043 s
% Peak memory usage: 13 MB
% Instructions burned: 323 (million)
% dis+1010_3_to=lpo:sil=4000:sp=const_frequency:sos=on:rnwc=on:nwc=3:flr=on:random_seed=314293884:i=317:add=off:doe=on:nicw=on_188 on p for (188ds/317Mi)
% Refutation not found, incomplete strategy
% ------------------------------
% Version: Vampire 5.0.1 (Release build, commit 1b13eaf on 2026-01-18 12:14:50 +0000)
% Linked with Z3 4.14.0.0 3c47fd96cf5645d0c42b2c819d9e9a84380aa721 NOTFOUND
% CaDiCaL version: 2.1.3
% Termination reason: Refutation not found, incomplete strategy
% Time elapsed: 0.0000 s
% Peak memory usage: 11 MB
% ------------------------------
% ------------------------------
% dis+1002_2_to=lpo:sil=4000:nwc=1:slsqc=2:flr=on:newcnf=on:slsq=on:random_seed=2191106219:s2a=on:i=2524:s2at=1.5:sd=5:ep=R:ss=axioms:sgt=16_188 on p for (188ds/2524Mi)
% Refutation not found, incomplete strategy
% ------------------------------
% Version: Vampire 5.0.1 (Release build, commit 1b13eaf on 2026-01-18 12:14:50 +0000)
% Linked with Z3 4.14.0.0 3c47fd96cf5645d0c42b2c819d9e9a84380aa721 NOTFOUND
% CaDiCaL version: 2.1.3
% Termination reason: Refutation not found, incomplete strategy
% Time elapsed: 0.0000 s
% Peak memory usage: 11 MB
% ------------------------------
% ------------------------------
% lrs+1002_1_to=lpo:sil=4000:sims=off:sos=on:bsr=on:fd=off:slsqc=1:slsq=on:random_seed=797216043:i=544:s2at=2:gtg=all_187 on p for (187ds/544Mi)
% Instruction limit reached! 
% ------------------------------
% Version: Vampire 5.0.1 (Release build, commit 1b13eaf on 2026-01-18 12:14:50 +0000)
% Linked with Z3 4.14.0.0 3c47fd96cf5645d0c42b2c819d9e9a84380aa721 NOTFOUND
% CaDiCaL version: 2.1.3
% Termination reason: Instruction limit
% Termination phase: Saturation
% Time elapsed: 0.083 s
% Peak memory usage: 21 MB
% Instructions burned: 548 (million)
% lrs+1002_32_to=lpo:sil=2000:sp=occurrence:sos=on:erd=off:random_seed=2958316119:st=3:cts=off:i=548:sd=5:ss=included_186 on p for (186ds/548Mi)
% Refutation not found, incomplete strategy
% ------------------------------
% Version: Vampire 5.0.1 (Release build, commit 1b13eaf on 2026-01-18 12:14:50 +0000)
% Linked with Z3 4.14.0.0 3c47fd96cf5645d0c42b2c819d9e9a84380aa721 NOTFOUND
% CaDiCaL version: 2.1.3
% Termination reason: Refutation not found, incomplete strategy
% Time elapsed: 0.0000 s
% Peak memory usage: 11 MB
% ------------------------------
% ------------------------------
% lrs+1_1_to=lpo:sil=8000:plsq=on:sos=on:lcm=reverse:random_seed=2947097622:s2a=on:i=6200:s2at=2:sd=1:ss=included_186 on p for (186ds/6200Mi)
% Refutation not found, incomplete strategy
% ------------------------------
% Version: Vampire 5.0.1 (Release build, commit 1b13eaf on 2026-01-18 12:14:50 +0000)
% Linked with Z3 4.14.0.0 3c47fd96cf5645d0c42b2c819d9e9a84380aa721 NOTFOUND
% CaDiCaL version: 2.1.3
% Termination reason: Refutation not found, incomplete strategy
% Time elapsed: 0.0000 s
% Peak memory usage: 11 MB
% ------------------------------
% ------------------------------
% lrs-1011_16:1_to=lpo:sil=8000:fde=none:sp=occurrence:urr=on:s2agt=64:newcnf=on:random_seed=3212859887:s2a=on:i=567:sd=2:av=off:ss=axioms_186 on p for (186ds/567Mi)
% Refutation not found, incomplete strategy
% ------------------------------
% Version: Vampire 5.0.1 (Release build, commit 1b13eaf on 2026-01-18 12:14:50 +0000)
% Linked with Z3 4.14.0.0 3c47fd96cf5645d0c42b2c819d9e9a84380aa721 NOTFOUND
% CaDiCaL version: 2.1.3
% Termination reason: Refutation not found, incomplete strategy
% Time elapsed: 0.002 s
% Peak memory usage: 8 MB
% ------------------------------
% ------------------------------
% lrs+10_1024_to=lpo:sil=4000:sp=occurrence:sos=all:urr=on:rnwc=on:nwc=0.5:br=off:random_seed=1801334341:st=4:i=335:sd=4:ep=RST:ss=included_186 on p for (186ds/335Mi)
% Instruction limit reached! 
% ------------------------------
% Version: Vampire 5.0.1 (Release build, commit 1b13eaf on 2026-01-18 12:14:50 +0000)
% Linked with Z3 4.14.0.0 3c47fd96cf5645d0c42b2c819d9e9a84380aa721 NOTFOUND
% CaDiCaL version: 2.1.3
% Termination reason: Instruction limit
% Termination phase: Saturation
% Time elapsed: 0.038 s
% Peak memory usage: 17 MB
% Instructions burned: 338 (million)
% lrs-1010_1_to=lpo:sil=4000:fde=none:sp=unary_frequency:sos=on:spb=units:random_seed=2236954137:st=2:cts=off:i=2004:sd=2:ins=10:av=off:ss=included_186 on p for (186ds/2004Mi)
% Refutation not found, incomplete strategy
% ------------------------------
% Version: Vampire 5.0.1 (Release build, commit 1b13eaf on 2026-01-18 12:14:50 +0000)
% Linked with Z3 4.14.0.0 3c47fd96cf5645d0c42b2c819d9e9a84380aa721 NOTFOUND
% CaDiCaL version: 2.1.3
% Termination reason: Refutation not found, incomplete strategy
% Time elapsed: 0.0000 s
% Peak memory usage: 8 MB
% ------------------------------
% ------------------------------
% lrs+1002_128_anc=all:to=lpo:sil=16000:drc=ordering:sp=reverse_frequency:fd=off:sac=on:random_seed=344722594:lrd=on:i=338:fgj=on:bd=all:ins=7_186 on p for (186ds/338Mi)
% Instruction limit reached! 
% ------------------------------
% Version: Vampire 5.0.1 (Release build, commit 1b13eaf on 2026-01-18 12:14:50 +0000)
% Linked with Z3 4.14.0.0 3c47fd96cf5645d0c42b2c819d9e9a84380aa721 NOTFOUND
% CaDiCaL version: 2.1.3
% Termination reason: Instruction limit
% Termination phase: Saturation
% Time elapsed: 0.048 s
% Peak memory usage: 16 MB
% Instructions burned: 342 (million)
% dis+1011_4_to=lpo:sil=4000:fde=unused:bsr=on:nwc=5:slsqc=1:slsq=on:random_seed=1815324723:i=819:s2at=-1:slsql=off:ep=R:ins=1:av=off:gsp=on_185 on p for (185ds/819Mi)
% Refutation not found, incomplete strategy
% ------------------------------
% Version: Vampire 5.0.1 (Release build, commit 1b13eaf on 2026-01-18 12:14:50 +0000)
% Linked with Z3 4.14.0.0 3c47fd96cf5645d0c42b2c819d9e9a84380aa721 NOTFOUND
% CaDiCaL version: 2.1.3
% Termination reason: Refutation not found, incomplete strategy
% Time elapsed: 0.0000 s
% Peak memory usage: 8 MB
% ------------------------------
% ------------------------------
% dis+10_16:1_to=lpo:sil=4000:urr=on:bce=on:rnwc=on:br=off:slsq=on:random_seed=3277580208:st=1.78:s2a=on:i=608:s2at=7.4:sd=11:av=off:ss=included_185 on p for (185ds/608Mi)
% Instruction limit reached! 
% ------------------------------
% Version: Vampire 5.0.1 (Release build, commit 1b13eaf on 2026-01-18 12:14:50 +0000)
% Linked with Z3 4.14.0.0 3c47fd96cf5645d0c42b2c819d9e9a84380aa721 NOTFOUND
% CaDiCaL version: 2.1.3
% Termination reason: Instruction limit
% Termination phase: Saturation
% Time elapsed: 0.083 s
% Peak memory usage: 15 MB
% Instructions burned: 609 (million)
% WARNING Broken Constraint: if kbo_weight_scheme(inv_arity_squared) has been set then term_ordering(lpo) is equal to kbo or term_ordering(lpo) is equal to auto_kbo
% dis+1002_24_anc=all_dependent:slsqr=4,3:to=lpo:sil=2000:tgt=ground:sims=off:sas=cadical:spb=non_intro:acc=on:bsr=on:gs=on:slsqc=1:alpa=random:flr=on:sac=on:slsq=on:random_seed=4133484225:st=1.2:cts=off:s2a=on:i=363:add=on:kws=inv_arity_squared:nm=16:ins=1:ss=axioms:rawr=on_184 on p for (184ds/363Mi)
% Refutation not found, incomplete strategy
% ------------------------------
% Version: Vampire 5.0.1 (Release build, commit 1b13eaf on 2026-01-18 12:14:50 +0000)
% Linked with Z3 4.14.0.0 3c47fd96cf5645d0c42b2c819d9e9a84380aa721 NOTFOUND
% CaDiCaL version: 2.1.3
% Termination reason: Refutation not found, incomplete strategy
% Time elapsed: 0.001 s
% Peak memory usage: 12 MB
% ------------------------------
% ------------------------------
% lrs+10_10_to=lpo:sil=4000:tgt=full:prc=on:drc=off:sp=const_min:sos=on:urr=on:rnwc=on:br=off:random_seed=1808463326:i=646:av=off:proc=on_184 on p for (184ds/646Mi)
% Refutation not found, incomplete strategy
% ------------------------------
% Version: Vampire 5.0.1 (Release build, commit 1b13eaf on 2026-01-18 12:14:50 +0000)
% Linked with Z3 4.14.0.0 3c47fd96cf5645d0c42b2c819d9e9a84380aa721 NOTFOUND
% CaDiCaL version: 2.1.3
% Termination reason: Refutation not found, incomplete strategy
% Time elapsed: 0.0000 s
% Peak memory usage: 8 MB
% ------------------------------
% ------------------------------
% ott+1002_24_to=lpo:sil=2000:sp=occurrence:urr=on:bce=on:s2agt=32:br=off:slsqc=1:slsq=on:random_seed=3173429551:st=2.7:s2a=on:i=382:s2at=1.1:sd=3:nm=0:ins=25:av=off:ss=axioms:sgt=15_184 on p for (184ds/382Mi)
% Instruction limit reached! 
% ------------------------------
% Version: Vampire 5.0.1 (Release build, commit 1b13eaf on 2026-01-18 12:14:50 +0000)
% Linked with Z3 4.14.0.0 3c47fd96cf5645d0c42b2c819d9e9a84380aa721 NOTFOUND
% CaDiCaL version: 2.1.3
% Termination reason: Instruction limit
% Termination phase: Saturation
% Time elapsed: 0.056 s
% Peak memory usage: 17 MB
% Instructions burned: 385 (million)
% dis+1011_2:3_anc=all_dependent:to=lpo:sil=2000:plsq=on:plsqc=2:sas=cadical:plsqr=44827,1048576:sos=on:erd=off:bsr=unit_only:plsql=on:sac=on:avsqc=1:random_seed=2409116817:avsq=on:i=666:avsqr=1,16:bs=unit_only:bd=all_183 on p for (183ds/666Mi)
% Refutation not found, incomplete strategy
% ------------------------------
% Version: Vampire 5.0.1 (Release build, commit 1b13eaf on 2026-01-18 12:14:50 +0000)
% Linked with Z3 4.14.0.0 3c47fd96cf5645d0c42b2c819d9e9a84380aa721 NOTFOUND
% CaDiCaL version: 2.1.3
% Termination reason: Refutation not found, incomplete strategy
% Time elapsed: 0.0000 s
% Peak memory usage: 12 MB
% ------------------------------
% ------------------------------
% lrs-1010_1_to=lpo:sil=2000:sp=occurrence:random_seed=2407890931:st=2:i=953:sd=3:ss=axioms:sgt=10_183 on p for (183ds/953Mi)
% Instruction limit reached! 
% ------------------------------
% Version: Vampire 5.0.1 (Release build, commit 1b13eaf on 2026-01-18 12:14:50 +0000)
% Linked with Z3 4.14.0.0 3c47fd96cf5645d0c42b2c819d9e9a84380aa721 NOTFOUND
% CaDiCaL version: 2.1.3
% Termination reason: Instruction limit
% Termination phase: Saturation
% Time elapsed: 0.138 s
% Peak memory usage: 26 MB
% Instructions burned: 958 (million)
% lrs+1002_1_to=lpo:sil=8000:sp=occurrence:sos=on:random_seed=2328361837:st=4:cts=off:i=708:sd=2:ep=R:ss=axioms_182 on p for (182ds/708Mi)
% Refutation not found, incomplete strategy
% ------------------------------
% Version: Vampire 5.0.1 (Release build, commit 1b13eaf on 2026-01-18 12:14:50 +0000)
% Linked with Z3 4.14.0.0 3c47fd96cf5645d0c42b2c819d9e9a84380aa721 NOTFOUND
% CaDiCaL version: 2.1.3
% Termination reason: Refutation not found, incomplete strategy
% Time elapsed: 0.0000 s
% Peak memory usage: 11 MB
% ------------------------------
% ------------------------------
% WARNING Broken Constraint: if kbo_max_zero(on) has been set then term_ordering(lpo) is equal to kbo or term_ordering(lpo) is equal to auto_kbo
% WARNING Broken Constraint: if kbo_weight_scheme(inv_arity) has been set then term_ordering(lpo) is equal to kbo or term_ordering(lpo) is equal to auto_kbo
% dis-1011_8_to=lpo:sil=4000:plsq=on:prc=on:fde=unused:plsqr=64,1:sp=reverse_frequency:erd=off:spb=goal_then_units:bsr=unit_only:s2agt=60:kmz=on:flr=on:random_seed=1600774005:s2a=on:i=413:kws=inv_arity:doe=on:bs=on:bd=preordered:nm=32:av=off:fsr=off:fsd=on_182 on p for (182ds/413Mi)
% Instruction limit reached! 
% ------------------------------
% Version: Vampire 5.0.1 (Release build, commit 1b13eaf on 2026-01-18 12:14:50 +0000)
% Linked with Z3 4.14.0.0 3c47fd96cf5645d0c42b2c819d9e9a84380aa721 NOTFOUND
% CaDiCaL version: 2.1.3
% Termination reason: Instruction limit
% Termination phase: Saturation
% Time elapsed: 0.065 s
% Peak memory usage: 15 MB
% Instructions burned: 413 (million)
% lrs+10_5:1_to=lpo:sil=2000:plsq=on:plsqc=1:plsqr=64,1:sp=reverse_frequency:urr=on:fd=preordered:nwc=1:br=off:flr=on:random_seed=2119400126:s2a=on:i=429:s2at=5:nm=2:ins=1:sup=off_181 on p for (181ds/429Mi)
% Refutation not found, incomplete strategy
% ------------------------------
% Version: Vampire 5.0.1 (Release build, commit 1b13eaf on 2026-01-18 12:14:50 +0000)
% Linked with Z3 4.14.0.0 3c47fd96cf5645d0c42b2c819d9e9a84380aa721 NOTFOUND
% CaDiCaL version: 2.1.3
% Termination reason: Refutation not found, incomplete strategy
% Time elapsed: 0.0000 s
% Peak memory usage: 11 MB
% ------------------------------
% ------------------------------
% dis+10_4096_to=lpo:sil=2000:drc=ordering:urr=ec_only:fd=preordered:nwc=5:br=off:random_seed=1871787389:i=432:gtgl=4:fgj=on:gtg=exists_all:ss=axioms_181 on p for (181ds/432Mi)
% Instruction limit reached! 
% ------------------------------
% Version: Vampire 5.0.1 (Release build, commit 1b13eaf on 2026-01-18 12:14:50 +0000)
% Linked with Z3 4.14.0.0 3c47fd96cf5645d0c42b2c819d9e9a84380aa721 NOTFOUND
% CaDiCaL version: 2.1.3
% Termination reason: Instruction limit
% Termination phase: Saturation
% Time elapsed: 0.058 s
% Peak memory usage: 14 MB
% Instructions burned: 438 (million)
% lrs+1010_2_to=lpo:sil=4000:tgt=full:sp=reverse_frequency:spb=goal_then_units:acc=on:fd=preordered:sac=on:random_seed=22118292:i=3109:gtgl=2:gtg=exists_sym_181 on p for (181ds/3109Mi)
% Instruction limit reached! 
% ------------------------------
% Version: Vampire 5.0.1 (Release build, commit 1b13eaf on 2026-01-18 12:14:50 +0000)
% Linked with Z3 4.14.0.0 3c47fd96cf5645d0c42b2c819d9e9a84380aa721 NOTFOUND
% CaDiCaL version: 2.1.3
% Termination reason: Instruction limit
% Termination phase: Saturation
% Time elapsed: 0.526 s
% Peak memory usage: 43 MB
% Instructions burned: 3109 (million)
% dis+1011_32:1_slsqr=1,16:to=lpo:sil=4000:lcm=reverse:urr=on:slsqc=4:flr=on:slsq=on:random_seed=3010100883:st=4:i=438:s2at=2:sd=3:slsql=off:ep=RST:fdi=2:ss=axioms_175 on p for (175ds/438Mi)
% Aborted by signal SIGSEGV on /tmp/tmppx4z3ji_/p.p
% ------------------------------
% Version: Vampire 5.0.1 (Release build, commit 1b13eaf on 2026-01-18 12:14:50 +0000)
% Linked with Z3 4.14.0.0 3c47fd96cf5645d0c42b2c819d9e9a84380aa721 NOTFOUND
% CaDiCaL version: 2.1.3
% Termination reason: Unknown
% Termination phase: Saturation
% Time elapsed: 0.0000 s
% Peak memory usage: 8 MB
% lrs+10_64_to=lpo:sil=16000:plsq=on:sp=occurrence:sos=on:urr=full:random_seed=2311454376:st=3.6:i=1466:sd=5:nm=4:ss=included_175 on p for (175ds/1466Mi)
% Refutation not found, incomplete strategy
% ------------------------------
% Version: Vampire 5.0.1 (Release build, commit 1b13eaf on 2026-01-18 12:14:50 +0000)
% Linked with Z3 4.14.0.0 3c47fd96cf5645d0c42b2c819d9e9a84380aa721 NOTFOUND
% CaDiCaL version: 2.1.3
% Termination reason: Refutation not found, incomplete strategy
% Time elapsed: 0.0000 s
% Peak memory usage: 11 MB
% ------------------------------
% ------------------------------
% lrs+1010_2_to=lpo:sil=16000:plsq=on:plsqc=1:erd=off:urr=ec_only:nwc=1:random_seed=2216726176:i=445:fgj=on:ep=RS:av=off:sup=off_175 on p for (175ds/445Mi)
% Refutation not found, incomplete strategy
% ------------------------------
% Version: Vampire 5.0.1 (Release build, commit 1b13eaf on 2026-01-18 12:14:50 +0000)
% Linked with Z3 4.14.0.0 3c47fd96cf5645d0c42b2c819d9e9a84380aa721 NOTFOUND
% CaDiCaL version: 2.1.3
% Termination reason: Refutation not found, incomplete strategy
% Time elapsed: 0.0000 s
% Peak memory usage: 8 MB
% ------------------------------
% ------------------------------
% WARNING Broken Constraint: if kbo_weight_scheme(frequency) has been set then term_ordering(lpo) is equal to kbo or term_ordering(lpo) is equal to auto_kbo
% lrs+1011_4_to=lpo:sil=128000:tgt=ground:acc=on:rp=on:s2agt=23:slsqc=1:alpa=false:flr=on:sac=on:newcnf=on:slsq=on:random_seed=2922489099:cts=off:s2a=on:i=448:add=off:kws=frequency:aac=none:slsql=off:nicw=on:bs=on:bd=preordered:fsr=off:fsd=on_175 on p for (175ds/448Mi)
% Instruction limit reached! 
% ------------------------------
% Version: Vampire 5.0.1 (Release build, commit 1b13eaf on 2026-01-18 12:14:50 +0000)
% Linked with Z3 4.14.0.0 3c47fd96cf5645d0c42b2c819d9e9a84380aa721 NOTFOUND
% CaDiCaL version: 2.1.3
% Termination reason: Instruction limit
% Termination phase: Saturation
% Time elapsed: 0.066 s
% Peak memory usage: 17 MB
% Instructions burned: 453 (million)
% lrs-1010_1_to=lpo:sil=4000:sp=occurrence:sos=on:random_seed=1439974075:i=3603:ss=axioms_174 on p for (174ds/3603Mi)
% Refutation not found, incomplete strategy
% ------------------------------
% Version: Vampire 5.0.1 (Release build, commit 1b13eaf on 2026-01-18 12:14:50 +0000)
% Linked with Z3 4.14.0.0 3c47fd96cf5645d0c42b2c819d9e9a84380aa721 NOTFOUND
% CaDiCaL version: 2.1.3
% Termination reason: Refutation not found, incomplete strategy
% Time elapsed: 0.001 s
% Peak memory usage: 11 MB
% ------------------------------
% ------------------------------
% WARNING Broken Constraint: if kbo_weight_scheme(inv_frequency) has been set then term_ordering(lpo) is equal to kbo or term_ordering(lpo) is equal to auto_kbo
% ott+10_1_to=lpo:sil=8000:fde=none:sp=occurrence:sos=all:urr=on:br=off:random_seed=3113805604:i=4064:sd=2:kws=inv_frequency:bd=all:gsp=on:sup=off:ss=axioms_174 on p for (174ds/4064Mi)
% Refutation not found, incomplete strategy
% ------------------------------
% Version: Vampire 5.0.1 (Release build, commit 1b13eaf on 2026-01-18 12:14:50 +0000)
% Linked with Z3 4.14.0.0 3c47fd96cf5645d0c42b2c819d9e9a84380aa721 NOTFOUND
% CaDiCaL version: 2.1.3
% Termination reason: Refutation not found, incomplete strategy
% Time elapsed: 0.001 s
% Peak memory usage: 11 MB
% ------------------------------
% ------------------------------
% lrs+1010_32_to=lpo:sil=2000:fde=none:sas=cadical:sp=occurrence:sos=on:urr=ec_only:br=off:random_seed=1881258927:avsq=on:i=464:avsqr=1,16:bd=preordered:gtg=exists_top_174 on p for (174ds/464Mi)
% Refutation not found, incomplete strategy
% ------------------------------
% Version: Vampire 5.0.1 (Release build, commit 1b13eaf on 2026-01-18 12:14:50 +0000)
% Linked with Z3 4.14.0.0 3c47fd96cf5645d0c42b2c819d9e9a84380aa721 NOTFOUND
% CaDiCaL version: 2.1.3
% Termination reason: Refutation not found, incomplete strategy
% Time elapsed: 0.001 s
% Peak memory usage: 11 MB
% ------------------------------
% ------------------------------
% dis+35_1024_to=lpo:sil=32000:sos=on:spb=goal:updr=off:random_seed=2364673405:s2pl=on:i=828:nm=4:av=off_174 on p for (174ds/828Mi)
% Refutation not found, incomplete strategy
% ------------------------------
% Version: Vampire 5.0.1 (Release build, commit 1b13eaf on 2026-01-18 12:14:50 +0000)
% Linked with Z3 4.14.0.0 3c47fd96cf5645d0c42b2c819d9e9a84380aa721 NOTFOUND
% CaDiCaL version: 2.1.3
% Termination reason: Refutation not found, incomplete strategy
% Time elapsed: 0.0000 s
% Peak memory usage: 8 MB
% ------------------------------
% ------------------------------
% dis-1011_1024_to=lpo:sil=2000:rp=on:nwc=1:random_seed=1894966830:st=5:i=466:sd=3:av=off:gtg=exists_top:fdi=32:sup=off:ss=axioms:fsd=on_174 on p for (174ds/466Mi)
% Refutation not found, incomplete strategy
% ------------------------------
% Version: Vampire 5.0.1 (Release build, commit 1b13eaf on 2026-01-18 12:14:50 +0000)
% Linked with Z3 4.14.0.0 3c47fd96cf5645d0c42b2c819d9e9a84380aa721 NOTFOUND
% CaDiCaL version: 2.1.3
% Termination reason: Refutation not found, incomplete strategy
% Time elapsed: 0.0000 s
% Peak memory usage: 8 MB
% ------------------------------
% ------------------------------
% lrs-1010_5:4_to=lpo:sil=2000:sp=const_frequency:sos=on:random_seed=2712873599:st=2:cond=fast:i=1578:ss=included:sgt=10_174 on p for (174ds/1578Mi)
% Refutation not found, incomplete strategy
% ------------------------------
% Version: Vampire 5.0.1 (Release build, commit 1b13eaf on 2026-01-18 12:14:50 +0000)
% Linked with Z3 4.14.0.0 3c47fd96cf5645d0c42b2c819d9e9a84380aa721 NOTFOUND
% CaDiCaL version: 2.1.3
% Termination reason: Refutation not found, incomplete strategy
% Time elapsed: 0.0000 s
% Peak memory usage: 11 MB
% ------------------------------
% ------------------------------
% lrs-1011_1_to=lpo:sil=16000:sos=on:lsd=10:newcnf=on:random_seed=379687428:i=852:sd=1:sup=off:ss=axioms_174 on p for (174ds/852Mi)
% Refutation not found, incomplete strategy
% ------------------------------
% Version: Vampire 5.0.1 (Release build, commit 1b13eaf on 2026-01-18 12:14:50 +0000)
% Linked with Z3 4.14.0.0 3c47fd96cf5645d0c42b2c819d9e9a84380aa721 NOTFOUND
% CaDiCaL version: 2.1.3
% Termination reason: Refutation not found, incomplete strategy
% Time elapsed: 0.0000 s
% Peak memory usage: 11 MB
% ------------------------------
% ------------------------------
% lrs+1010_1_to=lpo:sil=4000:fde=none:sp=arity:sos=on:erd=off:fs=off:random_seed=3695909083:st=1.5:i=488:sd=2:fsr=off:ss=axioms_174 on p for (174ds/488Mi)
% Refutation not found, incomplete strategy
% ------------------------------
% Version: Vampire 5.0.1 (Release build, commit 1b13eaf on 2026-01-18 12:14:50 +0000)
% Linked with Z3 4.14.0.0 3c47fd96cf5645d0c42b2c819d9e9a84380aa721 NOTFOUND
% CaDiCaL version: 2.1.3
% Termination reason: Refutation not found, incomplete strategy
% Time elapsed: 0.0000 s
% Peak memory usage: 11 MB
% ------------------------------
% ------------------------------
% WARNING Broken Constraint: if kbo_weight_scheme(precedence) has been set then term_ordering(lpo) is equal to kbo or term_ordering(lpo) is equal to auto_kbo
% lrs+10_16_anc=all:to=lpo:sil=128000:tgt=full:drc=off:spb=goal:nwc=1:random_seed=3836594767:i=6037:kws=precedence:bd=preordered_174 on p for (174ds/6037Mi)
% Instruction limit reached! 
% ------------------------------
% Version: Vampire 5.0.1 (Release build, commit 1b13eaf on 2026-01-18 12:14:50 +0000)
% Linked with Z3 4.14.0.0 3c47fd96cf5645d0c42b2c819d9e9a84380aa721 NOTFOUND
% CaDiCaL version: 2.1.3
% Termination reason: Instruction limit
% Termination phase: Saturation
% Time elapsed: 0.854 s
% Peak memory usage: 67 MB
% Instructions burned: 6039 (million)
% dis+1010_2_to=lpo:sil=4000:spb=units:rp=on:s2agt=10:slsqc=1:flr=on:slsq=on:random_seed=2895706296:s2pl=no:s2a=on:i=2942:s2at=6:sd=3:ep=R:nm=4:ss=axioms:sgt=40_165 on p for (165ds/2942Mi)
% Refutation not found, incomplete strategy
% ------------------------------
% Version: Vampire 5.0.1 (Release build, commit 1b13eaf on 2026-01-18 12:14:50 +0000)
% Linked with Z3 4.14.0.0 3c47fd96cf5645d0c42b2c819d9e9a84380aa721 NOTFOUND
% CaDiCaL version: 2.1.3
% Termination reason: Refutation not found, incomplete strategy
% Time elapsed: 0.001 s
% Peak memory usage: 11 MB
% ------------------------------
% ------------------------------
% lrs-1011_128_to=lpo:sil=4000:sos=on:erd=off:lsd=10:rnwc=on:fd=off:nwc=3:random_seed=951509600:cts=off:i=511:av=off:fsr=off_165 on p for (165ds/511Mi)
% Refutation not found, incomplete strategy
% ------------------------------
% Version: Vampire 5.0.1 (Release build, commit 1b13eaf on 2026-01-18 12:14:50 +0000)
% Linked with Z3 4.14.0.0 3c47fd96cf5645d0c42b2c819d9e9a84380aa721 NOTFOUND
% CaDiCaL version: 2.1.3
% Termination reason: Refutation not found, incomplete strategy
% Time elapsed: 0.0000 s
% Peak memory usage: 8 MB
% ------------------------------
% ------------------------------
% WARNING Broken Constraint: if kbo_weight_scheme(inv_frequency) has been set then term_ordering(lpo) is equal to kbo or term_ordering(lpo) is equal to auto_kbo
% dis-1011_81:16_to=lpo:sil=16000:tgt=full:plsq=on:bsd=on:plsqr=32,1:acc=on:bce=on:random_seed=1931645994:i=3459:kws=inv_frequency:nicw=on:gsp=on:fsd=on_165 on p for (165ds/3459Mi)
% Instruction limit reached! 
% ------------------------------
% Version: Vampire 5.0.1 (Release build, commit 1b13eaf on 2026-01-18 12:14:50 +0000)
% Linked with Z3 4.14.0.0 3c47fd96cf5645d0c42b2c819d9e9a84380aa721 NOTFOUND
% CaDiCaL version: 2.1.3
% Termination reason: Instruction limit
% Termination phase: Saturation
% Time elapsed: 0.414 s
% Peak memory usage: 23 MB
% Instructions burned: 3463 (million)
% lrs+10_64:1_sfv=off:to=lpo:sil=4000:fde=none:sos=all:spb=non_intro:urr=on:random_seed=232570897:i=948:aac=none:doe=on:bd=preordered:ins=4:ss=included_160 on p for (160ds/948Mi)
% Refutation not found, incomplete strategy
% ------------------------------
% Version: Vampire 5.0.1 (Release build, commit 1b13eaf on 2026-01-18 12:14:50 +0000)
% Linked with Z3 4.14.0.0 3c47fd96cf5645d0c42b2c819d9e9a84380aa721 NOTFOUND
% CaDiCaL version: 2.1.3
% Termination reason: Refutation not found, incomplete strategy
% Time elapsed: 0.0000 s
% Peak memory usage: 11 MB
% ------------------------------
% ------------------------------
% lrs+21_6_anc=none:to=lpo:sil=16000:fde=none:avsql=on:sos=on:sac=on:random_seed=3350796751:avsq=on:i=526:add=off:ep=RSTC_160 on p for (160ds/526Mi)
% Refutation not found, incomplete strategy
% ------------------------------
% Version: Vampire 5.0.1 (Release build, commit 1b13eaf on 2026-01-18 12:14:50 +0000)
% Linked with Z3 4.14.0.0 3c47fd96cf5645d0c42b2c819d9e9a84380aa721 NOTFOUND
% CaDiCaL version: 2.1.3
% Termination reason: Refutation not found, incomplete strategy
% Time elapsed: 0.0000 s
% Peak memory usage: 11 MB
% ------------------------------
% ------------------------------
% lrs+21_1_to=lpo:sil=16000:sp=arity:sos=on:lcm=predicate:urr=on:random_seed=2604443668:avsq=on:i=1389:avsqr=1,32:sd=2:ep=RS:ss=axioms_160 on p for (160ds/1389Mi)
% Refutation not found, incomplete strategy
% ------------------------------
% Version: Vampire 5.0.1 (Release build, commit 1b13eaf on 2026-01-18 12:14:50 +0000)
% Linked with Z3 4.14.0.0 3c47fd96cf5645d0c42b2c819d9e9a84380aa721 NOTFOUND
% CaDiCaL version: 2.1.3
% Termination reason: Refutation not found, incomplete strategy
% Time elapsed: 0.0000 s
% Peak memory usage: 11 MB
% ------------------------------
% ------------------------------
% WARNING Broken Constraint: if kbo_max_zero(on) has been set then term_ordering(lpo) is equal to kbo or term_ordering(lpo) is equal to auto_kbo
% lrs+11_3:1_anc=all_dependent:slsqr=11,2:to=lpo:sil=32000:fde=none:etr=on:erd=off:lma=off:lsd=100:urr=on:slsqc=1:kmz=on:flr=on:slsq=on:avsqc=5:random_seed=2136622837:st=1.326:avsq=on:i=538:s2at=2.3:gtgl=5:avsqr=46,3:bd=preordered:ins=10:gtg=exists_top:sup=off:ss=axioms:sgt=20_160 on p for (160ds/538Mi)
% Refutation not found, incomplete strategy
% ------------------------------
% Version: Vampire 5.0.1 (Release build, commit 1b13eaf on 2026-01-18 12:14:50 +0000)
% Linked with Z3 4.14.0.0 3c47fd96cf5645d0c42b2c819d9e9a84380aa721 NOTFOUND
% CaDiCaL version: 2.1.3
% Termination reason: Refutation not found, incomplete strategy
% Time elapsed: 0.0000 s
% Peak memory usage: 11 MB
% ------------------------------
% ------------------------------
% dis+1011_1_to=lpo:sil=2000:tgt=full:prc=on:drc=off:random_seed=442634889:i=988:av=off:fsr=off_160 on p for (160ds/988Mi)
% Instruction limit reached! 
% ------------------------------
% Version: Vampire 5.0.1 (Release build, commit 1b13eaf on 2026-01-18 12:14:50 +0000)
% Linked with Z3 4.14.0.0 3c47fd96cf5645d0c42b2c819d9e9a84380aa721 NOTFOUND
% CaDiCaL version: 2.1.3
% Termination reason: Instruction limit
% Termination phase: Saturation
% Time elapsed: 0.138 s
% Peak memory usage: 15 MB
% Instructions burned: 991 (million)
% WARNING Broken Constraint: if kbo_weight_scheme(inv_frequency) has been set then term_ordering(lpo) is equal to kbo or term_ordering(lpo) is equal to auto_kbo
% dis-1010_2:3_to=lpo:sil=16000:prc=on:bsd=on:acc=on:bce=on:gs=on:nwc=5:s2agt=8:newcnf=on:random_seed=3069299140:avsq=on:s2a=on:i=552:avsqr=8,1:kws=inv_frequency:doe=on:nm=16:fsd=on_159 on p for (159ds/552Mi)
% Instruction limit reached! 
% ------------------------------
% Version: Vampire 5.0.1 (Release build, commit 1b13eaf on 2026-01-18 12:14:50 +0000)
% Linked with Z3 4.14.0.0 3c47fd96cf5645d0c42b2c819d9e9a84380aa721 NOTFOUND
% CaDiCaL version: 2.1.3
% Termination reason: Instruction limit
% Termination phase: Saturation
% Time elapsed: 0.075 s
% Peak memory usage: 17 MB
% Instructions burned: 556 (million)
% dis+3_1_to=lpo:sil=4000:plsq=on:plsqc=1:plsqr=64,1:sac=on:random_seed=3241974859:i=1469:nm=5:amm=off_158 on p for (158ds/1469Mi)
% Instruction limit reached! 
% ------------------------------
% Version: Vampire 5.0.1 (Release build, commit 1b13eaf on 2026-01-18 12:14:50 +0000)
% Linked with Z3 4.14.0.0 3c47fd96cf5645d0c42b2c819d9e9a84380aa721 NOTFOUND
% CaDiCaL version: 2.1.3
% Termination reason: Instruction limit
% Termination phase: Saturation
% Time elapsed: 0.198 s
% Peak memory usage: 19 MB
% Instructions burned: 1474 (million)
% dis+10_1024_to=lpo:sil=8000:prc=on:drc=off:sp=arity:random_seed=535139659:i=7157:bd=preordered_156 on p for (156ds/7157Mi)
% Instruction limit reached! 
% ------------------------------
% Version: Vampire 5.0.1 (Release build, commit 1b13eaf on 2026-01-18 12:14:50 +0000)
% Linked with Z3 4.14.0.0 3c47fd96cf5645d0c42b2c819d9e9a84380aa721 NOTFOUND
% CaDiCaL version: 2.1.3
% Termination reason: Instruction limit
% Termination phase: Saturation
% Time elapsed: 0.988 s
% Peak memory usage: 22 MB
% Instructions burned: 7161 (million)
% lrs+1011_3:1_to=lpo:sil=4000:sp=occurrence:random_seed=1094858621:i=4424:sd=1:ep=R:ss=axioms:sgt=64_146 on p for (146ds/4424Mi)
% Refutation not found, incomplete strategy
% ------------------------------
% Version: Vampire 5.0.1 (Release build, commit 1b13eaf on 2026-01-18 12:14:50 +0000)
% Linked with Z3 4.14.0.0 3c47fd96cf5645d0c42b2c819d9e9a84380aa721 NOTFOUND
% CaDiCaL version: 2.1.3
% Termination reason: Refutation not found, incomplete strategy
% Time elapsed: 0.001 s
% Peak memory usage: 11 MB
% ------------------------------
% ------------------------------
% WARNING Broken Constraint: if kbo_weight_scheme(inv_frequency) has been set then term_ordering(lpo) is equal to kbo or term_ordering(lpo) is equal to auto_kbo
% lrs+10_1_to=lpo:sil=4000:erd=off:random_seed=3393024114:i=1077:sd=3:kws=inv_frequency:bd=preordered:ss=axioms:sgt=16_146 on p for (146ds/1077Mi)
% Instruction limit reached! 
% ------------------------------
% Version: Vampire 5.0.1 (Release build, commit 1b13eaf on 2026-01-18 12:14:50 +0000)
% Linked with Z3 4.14.0.0 3c47fd96cf5645d0c42b2c819d9e9a84380aa721 NOTFOUND
% CaDiCaL version: 2.1.3
% Termination reason: Instruction limit
% Termination phase: Saturation
% Time elapsed: 0.234 s
% Peak memory usage: 25 MB
% Instructions burned: 1077 (million)
% WARNING Broken Constraint: if kbo_weight_scheme(precedence) has been set then term_ordering(lpo) is equal to kbo or term_ordering(lpo) is equal to auto_kbo
% lrs+21_1_to=lpo:sil=4000:fde=none:sos=on:lcm=predicate:random_seed=4059399706:i=3573:kws=precedence:ss=included:sgt=14_143 on p for (143ds/3573Mi)
% Refutation not found, incomplete strategy
% ------------------------------
% Version: Vampire 5.0.1 (Release build, commit 1b13eaf on 2026-01-18 12:14:50 +0000)
% Linked with Z3 4.14.0.0 3c47fd96cf5645d0c42b2c819d9e9a84380aa721 NOTFOUND
% CaDiCaL version: 2.1.3
% Termination reason: Refutation not found, incomplete strategy
% Time elapsed: 0.0000 s
% Peak memory usage: 11 MB
% ------------------------------
% ------------------------------
% lrs+1011_1_to=kbo:sil=4000:drc=ordering:sas=cadical:lma=off:spb=non_intro:lcm=reverse:foolp=on:rp=on:nwc=20:flr=on:slsq=on:random_seed=356095542:avsq=on:s2a=on:i=1625:add=on:ep=R:ins=5_143 on p for (143ds/1625Mi)
% Refutation not found, incomplete strategy
% ------------------------------
% Version: Vampire 5.0.1 (Release build, commit 1b13eaf on 2026-01-18 12:14:50 +0000)
% Linked with Z3 4.14.0.0 3c47fd96cf5645d0c42b2c819d9e9a84380aa721 NOTFOUND
% CaDiCaL version: 2.1.3
% Termination reason: Refutation not found, incomplete strategy
% Time elapsed: 0.0000 s
% Peak memory usage: 11 MB
% ------------------------------
% ------------------------------
% lrs-35_1_slsqr=1,64:to=lpo:sil=128000:bsr=unit_only:nwc=0.5:slsq=on:random_seed=3093235539:i=1120:bd=preordered:av=off:fdi=32_143 on p for (143ds/1120Mi)
% Instruction limit reached! 
% ------------------------------
% Version: Vampire 5.0.1 (Release build, commit 1b13eaf on 2026-01-18 12:14:50 +0000)
% Linked with Z3 4.14.0.0 3c47fd96cf5645d0c42b2c819d9e9a84380aa721 NOTFOUND
% CaDiCaL version: 2.1.3
% Termination reason: Instruction limit
% Termination phase: Saturation
% Time elapsed: 0.158 s
% Peak memory usage: 24 MB
% Instructions burned: 1123 (million)
% WARNING Broken Constraint: if kbo_weight_scheme(inv_arity_squared) has been set then term_ordering(lpo) is equal to kbo or term_ordering(lpo) is equal to auto_kbo
% dis+1002_2048_to=lpo:sil=4000:sp=arity:sos=on:spb=goal_then_units:flr=on:avsqc=1:random_seed=32328816:avsq=on:i=1637:add=on:sd=2:kws=inv_arity_squared:ss=axioms_142 on p for (142ds/1637Mi)
% Refutation not found, incomplete strategy
% ------------------------------
% Version: Vampire 5.0.1 (Release build, commit 1b13eaf on 2026-01-18 12:14:50 +0000)
% Linked with Z3 4.14.0.0 3c47fd96cf5645d0c42b2c819d9e9a84380aa721 NOTFOUND
% CaDiCaL version: 2.1.3
% Termination reason: Refutation not found, incomplete strategy
% Time elapsed: 0.002 s
% Peak memory usage: 11 MB
% ------------------------------
% ------------------------------
% lrs+31_1024_to=lpo:sil=128000:drc=ordering:sp=unary_frequency:bsr=unit_only:random_seed=177131115:cond=fast:i=652:fgj=on:bd=preordered_141 on p for (141ds/652Mi)
% Instruction limit reached! 
% ------------------------------
% Version: Vampire 5.0.1 (Release build, commit 1b13eaf on 2026-01-18 12:14:50 +0000)
% Linked with Z3 4.14.0.0 3c47fd96cf5645d0c42b2c819d9e9a84380aa721 NOTFOUND
% CaDiCaL version: 2.1.3
% Termination reason: Instruction limit
% Termination phase: Saturation
% Time elapsed: 0.174 s
% Peak memory usage: 20 MB
% Instructions burned: 654 (million)
% lrs+10_4_to=lpo:sil=16000:spb=goal_then_units:nwc=2:random_seed=126516656:s2pl=no:st=1.8:i=660:gtgl=3:sd=6:av=off:gtg=all:ss=included:sgt=2_140 on p for (140ds/660Mi)
% Instruction limit reached! 
% ------------------------------
% Version: Vampire 5.0.1 (Release build, commit 1b13eaf on 2026-01-18 12:14:50 +0000)
% Linked with Z3 4.14.0.0 3c47fd96cf5645d0c42b2c819d9e9a84380aa721 NOTFOUND
% CaDiCaL version: 2.1.3
% Termination reason: Instruction limit
% Termination phase: Saturation
% Time elapsed: 0.099 s
% Peak memory usage: 23 MB
% Instructions burned: 666 (million)
% lrs+1010_1_to=lpo:sil=8000:fde=none:sos=on:random_seed=3198666103:i=1786:sd=2:ss=axioms_139 on p for (139ds/1786Mi)
% Refutation not found, incomplete strategy
% ------------------------------
% Version: Vampire 5.0.1 (Release build, commit 1b13eaf on 2026-01-18 12:14:50 +0000)
% Linked with Z3 4.14.0.0 3c47fd96cf5645d0c42b2c819d9e9a84380aa721 NOTFOUND
% CaDiCaL version: 2.1.3
% Termination reason: Refutation not found, incomplete strategy
% Time elapsed: 0.001 s
% Peak memory usage: 11 MB
% ------------------------------
% ------------------------------
% WARNING Broken Constraint: if kbo_weight_scheme(inv_frequency) has been set then term_ordering(lpo) is equal to kbo or term_ordering(lpo) is equal to auto_kbo
% lrs-1011_3_to=lpo:sil=8000:fde=unused:sp=occurrence:urr=on:nwc=1:random_seed=70014151:s2a=on:i=2383:sd=1:kws=inv_frequency:nm=0:ss=included_138 on p for (138ds/2383Mi)
% Instruction limit reached! 
% ------------------------------
% Version: Vampire 5.0.1 (Release build, commit 1b13eaf on 2026-01-18 12:14:50 +0000)
% Linked with Z3 4.14.0.0 3c47fd96cf5645d0c42b2c819d9e9a84380aa721 NOTFOUND
% CaDiCaL version: 2.1.3
% Termination reason: Instruction limit
% Termination phase: Saturation
% Time elapsed: 0.372 s
% Peak memory usage: 54 MB
% Instructions burned: 2386 (million)
% dis+1002_1_to=lpo:sil=8000:sp=occurrence:fd=off:sac=on:random_seed=1508815479:s2a=on:i=1267:s2at=5:sd=2:nm=3:ss=included_135 on p for (135ds/1267Mi)
% Instruction limit reached! 
% ------------------------------
% Version: Vampire 5.0.1 (Release build, commit 1b13eaf on 2026-01-18 12:14:50 +0000)
% Linked with Z3 4.14.0.0 3c47fd96cf5645d0c42b2c819d9e9a84380aa721 NOTFOUND
% CaDiCaL version: 2.1.3
% Termination reason: Instruction limit
% Termination phase: Saturation
% Time elapsed: 0.176 s
% Peak memory usage: 20 MB
% Instructions burned: 1268 (million)
% WARNING Broken Constraint: if kbo_weight_scheme(inv_arity) has been set then term_ordering(lpo) is equal to kbo or term_ordering(lpo) is equal to auto_kbo
% dis+2_8_anc=none:to=lpo:sil=32000:plsq=on:prc=on:drc=off:bsd=on:plsqr=7,8:sp=const_min:sos=all:lma=off:lcm=reverse:updr=off:slsq=on:random_seed=3048601994:avsq=on:cond=fast:i=689:avsqr=11,4:kws=inv_arity:fgj=on:bs=unit_only:bd=all:rawr=on_133 on p for (133ds/689Mi)
% Refutation not found, incomplete strategy
% ------------------------------
% Version: Vampire 5.0.1 (Release build, commit 1b13eaf on 2026-01-18 12:14:50 +0000)
% Linked with Z3 4.14.0.0 3c47fd96cf5645d0c42b2c819d9e9a84380aa721 NOTFOUND
% CaDiCaL version: 2.1.3
% Termination reason: Refutation not found, incomplete strategy
% Time elapsed: 0.001 s
% Peak memory usage: 11 MB
% ------------------------------
% ------------------------------
% WARNING Broken Constraint: if kbo_weight_scheme(inv_frequency) has been set then term_ordering(lpo) is equal to kbo or term_ordering(lpo) is equal to auto_kbo
% ott+1010_1_to=lpo:sil=4000:sos=on:acc=on:urr=on:bsr=on:rnwc=on:fd=preordered:slsqc=1:slsq=on:random_seed=3419085601:i=691:kws=inv_frequency:aac=none:bd=all:ins=5:fsr=off_133 on p for (133ds/691Mi)
% Refutation not found, incomplete strategy
% ------------------------------
% Version: Vampire 5.0.1 (Release build, commit 1b13eaf on 2026-01-18 12:14:50 +0000)
% Linked with Z3 4.14.0.0 3c47fd96cf5645d0c42b2c819d9e9a84380aa721 NOTFOUND
% CaDiCaL version: 2.1.3
% Termination reason: Refutation not found, incomplete strategy
% Time elapsed: 0.001 s
% Peak memory usage: 12 MB
% ------------------------------
% ------------------------------
% WARNING Broken Constraint: if kbo_weight_scheme(frequency) has been set then term_ordering(lpo) is equal to kbo or term_ordering(lpo) is equal to auto_kbo
% lrs+34_4096_to=lpo:sil=8000:tgt=ground:prc=on:drc=off:sp=reverse_frequency:sos=on:fd=preordered:random_seed=2310704774:s2pl=no:s2a=on:i=1287:kws=frequency:fsr=off_133 on p for (133ds/1287Mi)
% Refutation not found, incomplete strategy
% ------------------------------
% Version: Vampire 5.0.1 (Release build, commit 1b13eaf on 2026-01-18 12:14:50 +0000)
% Linked with Z3 4.14.0.0 3c47fd96cf5645d0c42b2c819d9e9a84380aa721 NOTFOUND
% CaDiCaL version: 2.1.3
% Termination reason: Refutation not found, incomplete strategy
% Time elapsed: 0.0000 s
% Peak memory usage: 11 MB
% ------------------------------
% ------------------------------
% lrs+10_1_to=lpo:sil=16000:tgt=ground:sims=off:erd=off:urr=ec_only:rnwc=on:lftc=10:lwlo=on:random_seed=311620920:lrd=on:st=2:s2a=on:i=1903:s2at=3:doe=on:fgj=on:gtg=exists_top:ss=included_133 on p for (133ds/1903Mi)
% Instruction limit reached! 
% ------------------------------
% Version: Vampire 5.0.1 (Release build, commit 1b13eaf on 2026-01-18 12:14:50 +0000)
% Linked with Z3 4.14.0.0 3c47fd96cf5645d0c42b2c819d9e9a84380aa721 NOTFOUND
% CaDiCaL version: 2.1.3
% Termination reason: Instruction limit
% Termination phase: Saturation
% Time elapsed: 0.272 s
% Peak memory usage: 46 MB
% Instructions burned: 1906 (million)
% lrs-1002_7_anc=none:sfv=off:to=lpo:sil=128000:tgt=ground:prc=on:drc=off:fde=unused:etr=on:spb=non_intro:bce=on:bsr=unit_only:flr=on:updr=off:random_seed=2992009494:prac=on:i=710:doe=on:nicw=on:bd=preordered:fsr=off:gsp=on:proc=on:rawr=on_130 on p for (130ds/710Mi)
% Instruction limit reached! 
% ------------------------------
% Version: Vampire 5.0.1 (Release build, commit 1b13eaf on 2026-01-18 12:14:50 +0000)
% Linked with Z3 4.14.0.0 3c47fd96cf5645d0c42b2c819d9e9a84380aa721 NOTFOUND
% CaDiCaL version: 2.1.3
% Termination reason: Instruction limit
% Termination phase: Saturation
% Time elapsed: 0.088 s
% Peak memory usage: 21 MB
% Instructions burned: 719 (million)
% lrs+1011_256_to=kbo:sil=2000:tgt=ground:irw=on:drc=off:fde=none:lma=off:rnwc=on:fd=preordered:br=off:slsqc=1:slsq=on:random_seed=578000466:st=1.2:i=714:s2at=3:sd=10:kws=inv_arity:fgj=on:nicw=on:amm=off:ss=included_129 on p for (129ds/714Mi)
% Instruction limit reached! 
% ------------------------------
% Version: Vampire 5.0.1 (Release build, commit 1b13eaf on 2026-01-18 12:14:50 +0000)
% Linked with Z3 4.14.0.0 3c47fd96cf5645d0c42b2c819d9e9a84380aa721 NOTFOUND
% CaDiCaL version: 2.1.3
% Termination reason: Instruction limit
% Termination phase: Saturation
% Time elapsed: 0.106 s
% Peak memory usage: 22 MB
% Instructions burned: 714 (million)
% lrs+10_4:1_to=lpo:sil=4000:erd=off:urr=on:s2agt=8:br=off:random_seed=230731922:s2a=on:i=1975:bd=all_128 on p for (128ds/1975Mi)
% Instruction limit reached! 
% ------------------------------
% Version: Vampire 5.0.1 (Release build, commit 1b13eaf on 2026-01-18 12:14:50 +0000)
% Linked with Z3 4.14.0.0 3c47fd96cf5645d0c42b2c819d9e9a84380aa721 NOTFOUND
% CaDiCaL version: 2.1.3
% Termination reason: Instruction limit
% Termination phase: Saturation
% Time elapsed: 0.354 s
% Peak memory usage: 36 MB
% Instructions burned: 1978 (million)
% ott-1010_8_to=lpo:sil=4000:fde=none:sp=arity:spb=goal_then_units:nwc=3:s2agt=16:flr=on:slsq=on:random_seed=404357353:s2a=on:i=4528:bd=all_124 on p for (124ds/4528Mi)
% Instruction limit reached! 
% ------------------------------
% Version: Vampire 5.0.1 (Release build, commit 1b13eaf on 2026-01-18 12:14:50 +0000)
% Linked with Z3 4.14.0.0 3c47fd96cf5645d0c42b2c819d9e9a84380aa721 NOTFOUND
% CaDiCaL version: 2.1.3
% Termination reason: Instruction limit
% Termination phase: Saturation
% Time elapsed: 0.643 s
% Peak memory usage: 57 MB
% Instructions burned: 4528 (million)
% lrs+1002_1_to=lpo:sil=4000:sp=unary_first:sos=on:spb=units:random_seed=299016298:i=2020:sd=2:nm=6:av=off:ss=axioms_117 on p for (117ds/2020Mi)
% Refutation not found, incomplete strategy
% ------------------------------
% Version: Vampire 5.0.1 (Release build, commit 1b13eaf on 2026-01-18 12:14:50 +0000)
% Linked with Z3 4.14.0.0 3c47fd96cf5645d0c42b2c819d9e9a84380aa721 NOTFOUND
% CaDiCaL version: 2.1.3
% Termination reason: Refutation not found, incomplete strategy
% Time elapsed: 0.001 s
% Peak memory usage: 8 MB
% ------------------------------
% ------------------------------
% dis+1002_1_to=kbo:sil=256000:plsq=on:sp=weighted_frequency:sos=on:erd=off:spb=units:acc=on:urr=ec_only:plsql=on:nwc=20:random_seed=1383322963:avsq=on:i=753:gtgl=2:avsqr=12,1:nicw=on:ep=RST:gtg=exists_sym:ss=axioms:sgt=8_117 on p for (117ds/753Mi)
% Instruction limit reached! 
% ------------------------------
% Version: Vampire 5.0.1 (Release build, commit 1b13eaf on 2026-01-18 12:14:50 +0000)
% Linked with Z3 4.14.0.0 3c47fd96cf5645d0c42b2c819d9e9a84380aa721 NOTFOUND
% CaDiCaL version: 2.1.3
% Termination reason: Instruction limit
% Termination phase: Saturation
% Time elapsed: 0.187 s
% Peak memory usage: 12 MB
% Instructions burned: 760 (million)
% lrs+10_128_to=lpo:sil=4000:sp=occurrence:sos=all:urr=full:br=off:random_seed=3856084968:st=4.8:s2a=on:i=1412:sd=4:sup=off:ss=included_115 on p for (115ds/1412Mi)
% Refutation not found, incomplete strategy
% ------------------------------
% Version: Vampire 5.0.1 (Release build, commit 1b13eaf on 2026-01-18 12:14:50 +0000)
% Linked with Z3 4.14.0.0 3c47fd96cf5645d0c42b2c819d9e9a84380aa721 NOTFOUND
% CaDiCaL version: 2.1.3
% Termination reason: Refutation not found, incomplete strategy
% Time elapsed: 0.0000 s
% Peak memory usage: 11 MB
% ------------------------------
% ------------------------------
% lrs+10_1_to=lpo:sil=128000:sp=occurrence:random_seed=1847056889:st=3:i=37942:sd=4:ss=included:sgt=16_115 on p for (115ds/37942Mi)
% Instruction limit reached! 
% ------------------------------
% Version: Vampire 5.0.1 (Release build, commit 1b13eaf on 2026-01-18 12:14:50 +0000)
% Linked with Z3 4.14.0.0 3c47fd96cf5645d0c42b2c819d9e9a84380aa721 NOTFOUND
% CaDiCaL version: 2.1.3
% Termination reason: Instruction limit
% Termination phase: Saturation
% Time elapsed: 6.404 s
% Peak memory usage: 172 MB
% Instructions burned: 37945 (million)
% lrs+11_1_to=lpo:sil=2000:tgt=full:plsq=on:sp=reverse_frequency:sos=all:erd=off:plsql=on:nwc=3:random_seed=3821410069:s2pl=on:i=1495:s2at=5:bd=preordered:av=off_51 on p for (51ds/1495Mi)
% Refutation not found, incomplete strategy
% ------------------------------
% Version: Vampire 5.0.1 (Release build, commit 1b13eaf on 2026-01-18 12:14:50 +0000)
% Linked with Z3 4.14.0.0 3c47fd96cf5645d0c42b2c819d9e9a84380aa721 NOTFOUND
% CaDiCaL version: 2.1.3
% Termination reason: Refutation not found, incomplete strategy
% Time elapsed: 0.001 s
% Peak memory usage: 8 MB
% ------------------------------
% ------------------------------
% lrs+1002_16_anc=all_dependent:to=lpo:sil=16000:sas=cadical:sos=on:rp=on:s2agt=10:sac=on:random_seed=2201894303:st=5:s2a=on:i=798:sd=5:bs=unit_only:ep=RS:ss=included_51 on p for (51ds/798Mi)
% Refutation not found, incomplete strategy
% ------------------------------
% Version: Vampire 5.0.1 (Release build, commit 1b13eaf on 2026-01-18 12:14:50 +0000)
% Linked with Z3 4.14.0.0 3c47fd96cf5645d0c42b2c819d9e9a84380aa721 NOTFOUND
% CaDiCaL version: 2.1.3
% Termination reason: Refutation not found, incomplete strategy
% Time elapsed: 0.001 s
% Peak memory usage: 12 MB
% ------------------------------
% ------------------------------
% lrs+1002_512_to=lpo:sil=4000:plsq=on:plsqc=2:plsqr=64,1:rp=on:gs=on:random_seed=2698947499:i=861:aac=none:nm=2:gsp=on_51 on p for (51ds/861Mi)
% Instruction limit reached! 
% ------------------------------
% Version: Vampire 5.0.1 (Release build, commit 1b13eaf on 2026-01-18 12:14:50 +0000)
% Linked with Z3 4.14.0.0 3c47fd96cf5645d0c42b2c819d9e9a84380aa721 NOTFOUND
% CaDiCaL version: 2.1.3
% Termination reason: Instruction limit
% Termination phase: Saturation
% Time elapsed: 0.122 s
% Peak memory usage: 25 MB
% Instructions burned: 866 (million)
% dis-1010_2_sfv=off:to=lpo:sil=4000:plsq=on:plsqc=1:plsqr=64,1:erd=off:newcnf=on:random_seed=246165552:cond=fast:i=1675:doe=on:av=off_50 on p for (50ds/1675Mi)
% Instruction limit reached! 
% ------------------------------
% Version: Vampire 5.0.1 (Release build, commit 1b13eaf on 2026-01-18 12:14:50 +0000)
% Linked with Z3 4.14.0.0 3c47fd96cf5645d0c42b2c819d9e9a84380aa721 NOTFOUND
% CaDiCaL version: 2.1.3
% Termination reason: Instruction limit
% Termination phase: Saturation
% Time elapsed: 0.223 s
% Peak memory usage: 20 MB
% Instructions burned: 1682 (million)
% lrs+1011_2_to=lpo:sil=16000:prc=on:drc=off:sp=const_frequency:nwc=1:random_seed=2923965207:i=897:sd=3:doe=on:bd=preordered:nm=4:ins=2:av=off:gtg=exists_all:ss=axioms:sgt=27_47 on p for (47ds/897Mi)
% Instruction limit reached! 
% ------------------------------
% Version: Vampire 5.0.1 (Release build, commit 1b13eaf on 2026-01-18 12:14:50 +0000)
% Linked with Z3 4.14.0.0 3c47fd96cf5645d0c42b2c819d9e9a84380aa721 NOTFOUND
% CaDiCaL version: 2.1.3
% Termination reason: Instruction limit
% Termination phase: Saturation
% Time elapsed: 0.118 s
% Peak memory usage: 22 MB
% Instructions burned: 905 (million)
% lrs-1010_1_to=lpo:sil=8000:sos=on:random_seed=1645295379:st=2:i=3392:sd=2:ss=axioms_46 on p for (46ds/3392Mi)
% Refutation not found, incomplete strategy
% ------------------------------
% Version: Vampire 5.0.1 (Release build, commit 1b13eaf on 2026-01-18 12:14:50 +0000)
% Linked with Z3 4.14.0.0 3c47fd96cf5645d0c42b2c819d9e9a84380aa721 NOTFOUND
% CaDiCaL version: 2.1.3
% Termination reason: Refutation not found, incomplete strategy
% Time elapsed: 0.0000 s
% Peak memory usage: 11 MB
% ------------------------------
% ------------------------------
% lrs-1011_4_to=lpo:sil=4000:sos=all:lsd=10:random_seed=237947873:s2a=on:i=2612:s2at=5:ep=RS:av=off:ss=included:sgt=10_46 on p for (46ds/2612Mi)
% Refutation not found, incomplete strategy
% ------------------------------
% Version: Vampire 5.0.1 (Release build, commit 1b13eaf on 2026-01-18 12:14:50 +0000)
% Linked with Z3 4.14.0.0 3c47fd96cf5645d0c42b2c819d9e9a84380aa721 NOTFOUND
% CaDiCaL version: 2.1.3
% Termination reason: Refutation not found, incomplete strategy
% Time elapsed: 0.0000 s
% Peak memory usage: 8 MB
% ------------------------------
% ------------------------------
% dis+1011_8_to=lpo:sil=4000:lsd=50:nwc=2:random_seed=3318513382:cond=fast:i=948:gtgl=2:ep=RS:av=off:gtg=exists_all_46 on p for (46ds/948Mi)
% Refutation not found, incomplete strategy
% ------------------------------
% Version: Vampire 5.0.1 (Release build, commit 1b13eaf on 2026-01-18 12:14:50 +0000)
% Linked with Z3 4.14.0.0 3c47fd96cf5645d0c42b2c819d9e9a84380aa721 NOTFOUND
% CaDiCaL version: 2.1.3
% Termination reason: Refutation not found, incomplete strategy
% Time elapsed: 0.0000 s
% Peak memory usage: 8 MB
% ------------------------------
% ------------------------------
% lrs+1011_6:5_sfv=off:to=lpo:sil=32000:tgt=ground:sos=all:erd=off:urr=on:rnwc=on:gs=on:flr=on:random_seed=1928000378:s2a=on:i=951:s2at=2:sd=2:av=off:fsr=off:ss=axioms_46 on p for (46ds/951Mi)
% Refutation not found, incomplete strategy
% ------------------------------
% Version: Vampire 5.0.1 (Release build, commit 1b13eaf on 2026-01-18 12:14:50 +0000)
% Linked with Z3 4.14.0.0 3c47fd96cf5645d0c42b2c819d9e9a84380aa721 NOTFOUND
% CaDiCaL version: 2.1.3
% Termination reason: Refutation not found, incomplete strategy
% Time elapsed: 0.0000 s
% Peak memory usage: 12 MB
% ------------------------------
% ------------------------------
% lrs+11_1_to=lpo:sil=8000:flr=on:random_seed=2080822655:i=982:sd=2:sup=off:ss=axioms:sgt=8_46 on p for (46ds/982Mi)
% Refutation not found, incomplete strategy
% ------------------------------
% Version: Vampire 5.0.1 (Release build, commit 1b13eaf on 2026-01-18 12:14:50 +0000)
% Linked with Z3 4.14.0.0 3c47fd96cf5645d0c42b2c819d9e9a84380aa721 NOTFOUND
% CaDiCaL version: 2.1.3
% Termination reason: Refutation not found, incomplete strategy
% Time elapsed: 0.0000 s
% Peak memory usage: 11 MB
% ------------------------------
% ------------------------------
% lrs+10_1_to=lpo:sil=8000:sp=occurrence:sos=on:fs=off:random_seed=3219866299:st=1.2:i=2778:sd=2:ep=R:fsr=off:ss=included_46 on p for (46ds/2778Mi)
% Refutation not found, incomplete strategy
% ------------------------------
% Version: Vampire 5.0.1 (Release build, commit 1b13eaf on 2026-01-18 12:14:50 +0000)
% Linked with Z3 4.14.0.0 3c47fd96cf5645d0c42b2c819d9e9a84380aa721 NOTFOUND
% CaDiCaL version: 2.1.3
% Termination reason: Refutation not found, incomplete strategy
% Time elapsed: 0.0000 s
% Peak memory usage: 11 MB
% ------------------------------
% ------------------------------
% lrs-1002_32_to=lpo:sil=4000:sp=occurrence:nwc=1:random_seed=4148738423:st=3.4:i=1009:sd=4:ep=RST:ss=axioms:sgt=8_46 on p for (46ds/1009Mi)
% Instruction limit reached! 
% ------------------------------
% Version: Vampire 5.0.1 (Release build, commit 1b13eaf on 2026-01-18 12:14:50 +0000)
% Linked with Z3 4.14.0.0 3c47fd96cf5645d0c42b2c819d9e9a84380aa721 NOTFOUND
% CaDiCaL version: 2.1.3
% Termination reason: Instruction limit
% Termination phase: Saturation
% Time elapsed: 0.205 s
% Peak memory usage: 11 MB
% Instructions burned: 1011 (million)
% dis+10_2:13_anc=all_dependent:sfv=off:to=lpo:sil=2000:sos=on:rnwc=on:sac=on:random_seed=1901002364:st=2:avsq=on:s2a=on:i=1019:sd=2:aac=none:doe=on:nicw=on:bs=unit_only:nm=2:amm=off:ss=axioms_44 on p for (44ds/1019Mi)
% Refutation not found, incomplete strategy
% ------------------------------
% Version: Vampire 5.0.1 (Release build, commit 1b13eaf on 2026-01-18 12:14:50 +0000)
% Linked with Z3 4.14.0.0 3c47fd96cf5645d0c42b2c819d9e9a84380aa721 NOTFOUND
% CaDiCaL version: 2.1.3
% Termination reason: Refutation not found, incomplete strategy
% Time elapsed: 0.001 s
% Peak memory usage: 11 MB
% ------------------------------
% ------------------------------
% dis+1010_2_slsqr=3,53:to=lpo:sil=8000:tgt=full:plsq=on:plsqc=1:sims=off:sas=cadical:plsqr=5241031,262144:sp=arity:sos=on:spb=units:bsr=unit_only:rp=on:nwc=1:slsqc=1:newcnf=on:slsq=on:random_seed=3405368795:i=1040:s2at=5:doe=on:bs=on_44 on p for (44ds/1040Mi)
% Refutation not found, incomplete strategy
% ------------------------------
% Version: Vampire 5.0.1 (Release build, commit 1b13eaf on 2026-01-18 12:14:50 +0000)
% Linked with Z3 4.14.0.0 3c47fd96cf5645d0c42b2c819d9e9a84380aa721 NOTFOUND
% CaDiCaL version: 2.1.3
% Termination reason: Refutation not found, incomplete strategy
% Time elapsed: 0.0000 s
% Peak memory usage: 11 MB
% ------------------------------
% ------------------------------
% ott+1011_1024_to=lpo:sil=8000:prc=on:sos=on:fd=off:br=off:random_seed=3331146981:cts=off:i=1043:gtgl=4:sd=1:gtg=exists_sym:ss=axioms_44 on p for (44ds/1043Mi)
% Instruction limit reached! 
% ------------------------------
% Version: Vampire 5.0.1 (Release build, commit 1b13eaf on 2026-01-18 12:14:50 +0000)
% Linked with Z3 4.14.0.0 3c47fd96cf5645d0c42b2c819d9e9a84380aa721 NOTFOUND
% CaDiCaL version: 2.1.3
% Termination reason: Instruction limit
% Termination phase: Saturation
% Time elapsed: 0.168 s
% Peak memory usage: 30 MB
% Instructions burned: 1048 (million)
% WARNING Broken Constraint: if kbo_weight_scheme(inv_precedence) has been set then term_ordering(lpo) is equal to kbo or term_ordering(lpo) is equal to auto_kbo
% lrs+1011_1_to=lpo:sil=32000:fde=unused:sp=unary_frequency:spb=goal_then_units:lsd=100:sac=on:random_seed=1754257584:i=1045:kws=inv_precedence:bd=all:nm=2:fsr=off_42 on p for (42ds/1045Mi)
% Instruction limit reached! 
% ------------------------------
% Version: Vampire 5.0.1 (Release build, commit 1b13eaf on 2026-01-18 12:14:50 +0000)
% Linked with Z3 4.14.0.0 3c47fd96cf5645d0c42b2c819d9e9a84380aa721 NOTFOUND
% CaDiCaL version: 2.1.3
% Termination reason: Instruction limit
% Termination phase: Saturation
% Time elapsed: 0.201 s
% Peak memory usage: 24 MB
% Instructions burned: 1045 (million)
% WARNING Broken Constraint: if kbo_weight_scheme(inv_frequency) has been set then term_ordering(lpo) is equal to kbo or term_ordering(lpo) is equal to auto_kbo
% dis+1002_8_sfv=off:to=lpo:sil=16000:tgt=full:plsq=on:sos=on:erd=off:spb=goal_then_units:gs=on:nwc=9:random_seed=2097146394:cond=on:i=12085:sd=2:kws=inv_frequency:bd=preordered:nm=20:gtg=position:gsp=on:ss=included_40 on p for (40ds/12085Mi)
% Refutation not found, incomplete strategy
% ------------------------------
% Version: Vampire 5.0.1 (Release build, commit 1b13eaf on 2026-01-18 12:14:50 +0000)
% Linked with Z3 4.14.0.0 3c47fd96cf5645d0c42b2c819d9e9a84380aa721 NOTFOUND
% CaDiCaL version: 2.1.3
% Termination reason: Refutation not found, incomplete strategy
% Time elapsed: 0.0000 s
% Peak memory usage: 11 MB
% ------------------------------
% ------------------------------
% dis+1010_2_to=lpo:sil=8000:fde=none:sp=const_frequency:bce=on:sac=on:random_seed=3423893758:s2a=on:cond=on:i=1111:s2at=1.5:fsr=off_40 on p for (40ds/1111Mi)
% Instruction limit reached! 
% ------------------------------
% Version: Vampire 5.0.1 (Release build, commit 1b13eaf on 2026-01-18 12:14:50 +0000)
% Linked with Z3 4.14.0.0 3c47fd96cf5645d0c42b2c819d9e9a84380aa721 NOTFOUND
% CaDiCaL version: 2.1.3
% Termination reason: Instruction limit
% Termination phase: Saturation
% Time elapsed: 0.151 s
% Peak memory usage: 18 MB
% Instructions burned: 1113 (million)
% dis+10_1_to=lpo:sil=8000:plsq=on:sp=occurrence:acc=on:urr=on:s2agt=16:br=off:random_seed=452710711:s2a=on:i=2126:sd=3:nm=16:ss=axioms_38 on p for (38ds/2126Mi)
% Refutation not found, incomplete strategy
% ------------------------------
% Version: Vampire 5.0.1 (Release build, commit 1b13eaf on 2026-01-18 12:14:50 +0000)
% Linked with Z3 4.14.0.0 3c47fd96cf5645d0c42b2c819d9e9a84380aa721 NOTFOUND
% CaDiCaL version: 2.1.3
% Termination reason: Refutation not found, incomplete strategy
% Time elapsed: 0.001 s
% Peak memory usage: 11 MB
% ------------------------------
% ------------------------------
% lrs-1011_1_to=lpo:sil=32000:plsq=on:fde=none:plsqr=2,1:gs=on:slsqc=3:slsq=on:random_seed=1888783289:s2a=on:i=1118:gtgl=2:slsql=off:ep=R:av=off:fsr=off:gtg=exists_sym:gsp=on_38 on p for (38ds/1118Mi)
% Refutation not found, incomplete strategy
% ------------------------------
% Version: Vampire 5.0.1 (Release build, commit 1b13eaf on 2026-01-18 12:14:50 +0000)
% Linked with Z3 4.14.0.0 3c47fd96cf5645d0c42b2c819d9e9a84380aa721 NOTFOUND
% CaDiCaL version: 2.1.3
% Termination reason: Refutation not found, incomplete strategy
% Time elapsed: 0.0000 s
% Peak memory usage: 11 MB
% ------------------------------
% ------------------------------
% lrs+1002_1_to=lpo:sil=32000:fde=unused:bsd=on:random_seed=3408716336:s2a=on:i=1125:s2at=5:bs=unit_only:bsdmm=1:av=off:gtg=exists_all:fsd=on_38 on p for (38ds/1125Mi)
% Instruction limit reached! 
% ------------------------------
% Version: Vampire 5.0.1 (Release build, commit 1b13eaf on 2026-01-18 12:14:50 +0000)
% Linked with Z3 4.14.0.0 3c47fd96cf5645d0c42b2c819d9e9a84380aa721 NOTFOUND
% CaDiCaL version: 2.1.3
% Termination reason: Instruction limit
% Termination phase: Saturation
% Time elapsed: 0.170 s
% Peak memory usage: 23 MB
% Instructions burned: 1132 (million)
% lrs-1010_1_to=lpo:sil=2000:sp=occurrence:sos=on:urr=ec_only:random_seed=3521542405:st=2:i=1131:sd=2:aac=none:ss=axioms:sgt=40_37 on p for (37ds/1131Mi)
% Refutation not found, incomplete strategy
% ------------------------------
% Version: Vampire 5.0.1 (Release build, commit 1b13eaf on 2026-01-18 12:14:50 +0000)
% Linked with Z3 4.14.0.0 3c47fd96cf5645d0c42b2c819d9e9a84380aa721 NOTFOUND
% CaDiCaL version: 2.1.3
% Termination reason: Refutation not found, incomplete strategy
% Time elapsed: 0.002 s
% Peak memory usage: 11 MB
% ------------------------------
% ------------------------------
% dis+1011_1_slsqr=4,1:to=lpo:sil=4000:fde=none:erd=off:newcnf=on:slsq=on:random_seed=1255483143:cond=fast:i=3294:bs=unit_only:ep=RST:nm=2:ins=1:av=off:rawr=on_36 on p for (36ds/3294Mi)
% Aborted by signal SIGSEGV on /tmp/tmppx4z3ji_/p.p
% ------------------------------
% Version: Vampire 5.0.1 (Release build, commit 1b13eaf on 2026-01-18 12:14:50 +0000)
% Linked with Z3 4.14.0.0 3c47fd96cf5645d0c42b2c819d9e9a84380aa721 NOTFOUND
% CaDiCaL version: 2.1.3
% Termination reason: Unknown
% Termination phase: Saturation
% Time elapsed: 0.002 s
% Peak memory usage: 8 MB
% lrs-21_8:1_to=lpo:sil=8000:sos=on:lcm=predicate:acc=on:fd=off:random_seed=2269917899:i=1213:sd=1:fsr=off:amm=off:gsp=on:ss=included_36 on p for (36ds/1213Mi)
% Refutation not found, incomplete strategy
% ------------------------------
% Version: Vampire 5.0.1 (Release build, commit 1b13eaf on 2026-01-18 12:14:50 +0000)
% Linked with Z3 4.14.0.0 3c47fd96cf5645d0c42b2c819d9e9a84380aa721 NOTFOUND
% CaDiCaL version: 2.1.3
% Termination reason: Refutation not found, incomplete strategy
% Time elapsed: 0.0000 s
% Peak memory usage: 11 MB
% ------------------------------
% ------------------------------
% lrs+10_4096_to=lpo:sil=16000:sos=on:acc=on:urr=on:s2agt=16:sac=on:random_seed=567510990:s2a=on:i=1231:sd=3:nicw=on:ep=RS:ss=axioms:sgt=16_36 on p for (36ds/1231Mi)
% Refutation not found, incomplete strategy
% ------------------------------
% Version: Vampire 5.0.1 (Release build, commit 1b13eaf on 2026-01-18 12:14:50 +0000)
% Linked with Z3 4.14.0.0 3c47fd96cf5645d0c42b2c819d9e9a84380aa721 NOTFOUND
% CaDiCaL version: 2.1.3
% Termination reason: Refutation not found, incomplete strategy
% Time elapsed: 0.0000 s
% Peak memory usage: 12 MB
% ------------------------------
% ------------------------------
% lrs+10_28_to=lpo:sil=64000:tgt=full:drc=off:fde=none:spb=goal:acc=on:nwc=1:random_seed=2683741171:i=35242:fgj=on:nicw=on:bd=all:fsr=off:ss=axioms:sgt=8_36 on p for (36ds/35242Mi)
% Solution written to "/tmp/vampire-proof-649825"
% Refutation found. Thanks to Tanya!
% SZS status Theorem for p
% SZS output start Proof for p
fof(f1,axiom,(
  ! [X0,X1,X2,X3] : X1 = f(f(f(f(X2,X0),f(f(X1,f(X3,X2)),X2)),f(X1,X1)),X2)),
  file('/tmp/tmppx4z3ji_/p.p',unknown)).
fof(f2,conjecture,(
  ! [X0,X1] : X0 = X1),
  file('/tmp/tmppx4z3ji_/p.p',unknown)).
fof(f3,negated_conjecture,(
  ~! [X0,X1] : X0 = X1),
  inference(negated_conjecture,[status(cth)],[f2])).
fof(f4,plain,(
  ? [X0,X1] : X0 != X1),
  inference(ennf_transformation,[],[f3])).
fof(f5,plain,(
  ? [X0,X1] : X0 != X1 => sK0 != sK1),
  introduced(definition,[],[skolem_symbol_introduction])).
fof(f6,plain,(
  sK0 != sK1),
  inference(skolemisation,[status(esa),new_symbols(skolem,[sK0,sK1])],[f4,f5])).
fof(f7,plain,(
  sK0 != sK1),
  inference(cnf_transformation,[],[f6])).
fof(f8,plain,(
  ( ! [X2,X3,X0,X1] : (f(f(f(f(X2,X0),f(f(X1,f(X3,X2)),X2)),f(X1,X1)),X2) = X1) )),
  inference(cnf_transformation,[],[f1])).
fof(f10,definition,(
  spl2_1 <=> sK0 = sK1),
  introduced(definition,[new_symbols(naming,[spl2_1])],[avatar_definition])).
fof(f12,plain,(
  sK0 != sK1 | spl2_1),
  inference(avatar_component_clause,[],[f10])).
fof(f13,plain,(
  ~spl2_1),
  inference(avatar_split_clause,[],[f7,f10])).
fof(f15,plain,(
  ( ! [X2,X3,X0,X1] : (f(f(f(f(X1,X2),f(f(X3,X0),X1)),f(X3,X3)),X1) = X3) )),
  inference(superposition,[],[f8,f8])).
fof(f19,plain,(
  ( ! [X2,X3,X0,X1,X4,X5] : (f(f(f(X3,X4),f(f(X0,X5),X3)),f(X0,X0)) = f(f(f(f(X1,X2),f(X0,X1)),f(f(f(f(X3,X4),f(f(X0,X5),X3)),f(X0,X0)),f(f(f(X3,X4),f(f(X0,X5),X3)),f(X0,X0)))),X1)) )),
  inference(superposition,[],[f15,f15])).
fof(f20,plain,(
  ( ! [X2,X3,X0,X1,X4] : (f(f(X1,X3),f(f(X0,X4),X1)) = f(f(f(f(X1,X2),X0),f(f(f(X1,X3),f(f(X0,X4),X1)),f(f(X1,X3),f(f(X0,X4),X1)))),X1)) )),
  inference(superposition,[],[f15,f15])).
fof(f260,plain,(
  ( ! [X2,X3,X0,X1,X6,X7,X4,X5] : (f(f(f(f(X4,X5),f(X2,X4)),X6),f(f(X4,X7),f(f(X4,X5),f(X2,X4)))) = f(f(f(f(f(X0,X1),f(f(X2,X3),X0)),f(X2,X2)),f(f(f(f(f(X4,X5),f(X2,X4)),X6),f(f(X4,X7),f(f(X4,X5),f(X2,X4)))),f(f(f(f(X4,X5),f(X2,X4)),X6),f(f(X4,X7),f(f(X4,X5),f(X2,X4)))))),f(f(X4,X5),f(X2,X4)))) )),
  inference(superposition,[],[f20,f19])).
fof(f2962,plain,(
  ( ! [X2,X3,X0,X1,X4] : (f(f(f(f(X1,X2),f(X0,X1)),X3),f(f(X1,X4),f(f(X1,X2),f(X0,X1)))) = f(X0,f(f(X1,X2),f(X0,X1)))) )),
  inference(superposition,[],[f260,f15])).
fof(f3136,plain,(
  ( ! [X2,X3,X0,X1,X5] : (f(X3,f(f(f(X1,X2),f(X0,X1)),f(X3,f(X1,X2)))) = f(f(X0,f(f(X1,X2),f(X0,X1))),f(f(f(X1,X2),X5),f(f(f(X1,X2),f(X0,X1)),f(X3,f(X1,X2)))))) )),
  inference(superposition,[],[f2962,f2962])).
fof(f3162,plain,(
  ( ! [X2,X0,X1] : (f(f(f(X0,f(f(X1,X2),f(X0,X1))),f(X1,X1)),f(f(X1,X2),f(X0,X1))) = X1) )),
  inference(superposition,[],[f15,f2962])).
fof(f3164,plain,(
  ( ! [X2,X0,X1,X6,X5] : (f(f(X0,f(f(X1,X2),f(X0,X1))),f(X1,X1)) = f(f(f(f(X5,X6),f(X1,X5)),f(f(f(X0,f(f(X1,X2),f(X0,X1))),f(X1,X1)),f(f(X0,f(f(X1,X2),f(X0,X1))),f(X1,X1)))),X5)) )),
  inference(superposition,[],[f19,f2962])).
fof(f3269,plain,(
  ( ! [X2,X3,X0,X1,X6,X5] : (f(f(f(f(X0,f(f(X1,X2),f(X0,X1))),f(f(X5,X6),f(f(f(X1,X2),f(X0,X1)),X3))),f(X5,X5)),f(f(f(X1,X2),f(X0,X1)),X3)) = X5) )),
  inference(superposition,[],[f15,f2962])).
fof(f3349,plain,(
  ( ! [X2,X0,X1] : (f(X0,f(f(X0,f(f(X0,X1),f(X0,X0))),f(X0,X0))) = f(X0,f(f(X0,X2),f(f(X0,f(f(X0,X1),f(X0,X0))),f(X0,X0))))) )),
  inference(superposition,[],[f2962,f3162])).
fof(f3497,plain,(
  ( ! [X2,X3,X0,X1,X6,X7,X5] : (f(f(f(f(f(X1,X3),f(X0,f(f(X1,X2),f(X0,X1)))),f(f(X5,X6),f(f(X0,f(f(X1,X2),f(X0,X1))),X7))),f(X5,X5)),f(f(X0,f(f(X1,X2),f(X0,X1))),X7)) = X5) )),
  inference(superposition,[],[f3269,f2962])).
fof(f3523,plain,(
  ( ! [X2,X3,X0,X1,X4,X5] : (f(f(X1,X3),f(X0,f(f(X1,X2),f(X0,X1)))) = f(f(X4,f(f(f(X1,X2),f(X0,X1)),f(X4,f(X1,X2)))),f(f(f(f(X1,X2),f(X0,X1)),X5),f(X0,f(f(X1,X2),f(X0,X1)))))) )),
  inference(superposition,[],[f3136,f2962])).
fof(f3528,plain,(
  ( ! [X2,X3,X0,X1,X6,X4,X5] : (f(f(f(f(X5,X6),f(f(f(X0,f(f(X1,X2),f(X0,X1))),f(f(f(X1,X2),X3),f(f(f(X1,X2),f(X0,X1)),f(X4,f(X1,X2))))),X5)),f(X4,X4)),X5) = X4) )),
  inference(superposition,[],[f15,f3136])).
fof(f3703,plain,(
  ( ! [X2,X3,X0,X1,X4] : (f(f(X0,X1),f(X2,f(f(X0,X3),f(X2,X0)))) = f(f(X0,X4),f(X2,f(f(X0,X3),f(X2,X0))))) )),
  inference(superposition,[],[f3523,f3523])).
fof(f3852,plain,(
  ( ! [X2,X3,X0,X1] : (f(f(f(X0,X1),X3),f(f(f(X0,X1),f(f(X0,X1),X0)),f(f(f(X0,X1),X3),f(X0,X1)))) = f(f(f(X0,X1),X2),f(f(f(X0,X1),X3),f(f(f(X0,X1),f(f(X0,X1),X0)),f(f(f(X0,X1),X3),f(X0,X1)))))) )),
  inference(superposition,[],[f3136,f3703])).
fof(f3866,plain,(
  ( ! [X2,X3,X0,X1,X6,X4,X5] : (f(X0,X6) = f(f(f(f(X4,X5),f(f(f(X0,X1),f(X2,f(f(X0,X3),f(X2,X0)))),X4)),f(f(X0,X6),f(X0,X6))),X4)) )),
  inference(superposition,[],[f15,f3703])).
fof(f3977,plain,(
  ( ! [X2,X0,X1] : (f(X0,f(f(X0,X2),f(X0,X0))) = f(f(f(X0,X1),f(X0,f(f(X0,X2),f(X0,X0)))),f(f(X0,X1),f(X0,f(f(X0,X2),f(X0,X0)))))) )),
  inference(superposition,[],[f3866,f3497])).
fof(f3991,plain,(
  ( ! [X0,X1] : (f(f(f(X0,f(f(X0,X1),f(X0,X0))),f(X0,X0)),f(X0,f(f(X0,X1),f(X0,X0)))) = X0) )),
  inference(superposition,[],[f15,f3977])).
fof(f4002,plain,(
  ( ! [X2,X3,X0,X1,X4] : (f(f(X0,X4),f(X0,f(f(X0,X1),f(X0,X0)))) = f(f(f(f(X2,X3),f(f(X0,f(f(X0,X1),f(X0,X0))),X2)),f(X0,f(f(X0,X1),f(X0,X0)))),X2)) )),
  inference(superposition,[],[f15,f3977])).
fof(f4098,plain,(
  ( ! [X2,X3,X0,X1,X4] : (f(f(X1,X3),f(X1,f(f(X1,X4),f(X1,X1)))) = f(f(f(X0,f(f(X1,X2),f(X0,X1))),f(X1,f(f(X1,X4),f(X1,X1)))),f(f(X1,X2),f(X0,X1)))) )),
  inference(superposition,[],[f4002,f2962])).
fof(f4100,plain,(
  ( ! [X2,X3,X0,X1,X4] : (f(f(f(X0,X1),X4),f(f(X0,X1),f(f(f(X0,X1),X3),f(f(X0,X1),f(X0,X1))))) = f(f(f(f(X0,X1),X2),f(f(X0,X1),f(f(f(X0,X1),X3),f(f(X0,X1),f(X0,X1))))),X0)) )),
  inference(superposition,[],[f4002,f3703])).
fof(f4119,plain,(
  ( ! [X2,X3,X0,X1,X4] : (f(f(X0,X3),f(X0,f(f(X0,X2),f(X0,X0)))) = f(f(f(X0,X1),f(X0,f(f(X0,X2),f(X0,X0)))),f(f(X0,X4),f(X0,X0)))) )),
  inference(superposition,[],[f4098,f3703])).
fof(f4190,plain,(
  ( ! [X2,X3,X0,X1,X6,X4,X5] : (f(f(f(f(f(f(X0,X1),f(X0,f(f(X0,X2),f(X0,X0)))),f(f(X0,X3),f(X0,X0))),f(f(X5,X6),f(X0,X4))),f(X5,X5)),f(X0,X4)) = X5) )),
  inference(superposition,[],[f15,f4119])).
fof(f4221,plain,(
  ( ! [X2,X3,X0,X1,X4] : (f(X0,X4) = f(f(f(f(f(X0,X1),X2),f(f(X0,X1),f(f(f(X0,X1),X3),f(f(X0,X1),f(X0,X1))))),f(f(X0,X4),f(X0,X4))),f(f(X0,X1),f(X0,X1)))) )),
  inference(superposition,[],[f3866,f4119])).
fof(f4308,plain,(
  ( ! [X2,X3,X0,X1] : (f(X0,f(f(X1,X2),f(X0,X1))) = f(f(f(X0,f(f(X1,X2),f(X0,X1))),X3),f(f(X0,f(f(X1,X2),f(X0,X1))),X3))) )),
  inference(superposition,[],[f4190,f3528])).
fof(f4313,plain,(
  ( ! [X2,X0,X1,X6,X5] : (f(f(X0,f(f(X1,X2),f(X0,X1))),f(X1,X1)) = f(f(f(f(X5,X6),f(X1,X5)),f(X0,f(f(X1,X2),f(X0,X1)))),X5)) )),
  inference(backward_demodulation,[],[f3164,f4308])).
fof(f4319,plain,(
  ( ! [X2,X0,X1] : (f(f(X1,f(f(X0,X2),f(X1,X0))),f(X0,X0)) = f(f(f(X0,f(f(X1,f(f(X0,X2),f(X1,X0))),f(X0,X1))),f(X1,X1)),f(f(X1,f(f(X0,X2),f(X1,X0))),f(X0,X1)))) )),
  inference(superposition,[],[f4313,f4313])).
fof(f4320,plain,(
  ( ! [X0,X1] : (f(X0,X0) = f(f(X0,f(f(X0,X1),f(X0,X0))),f(X0,X0))) )),
  inference(superposition,[],[f4313,f3991])).
fof(f4323,plain,(
  ( ! [X2,X3,X0,X1,X4] : (f(f(f(f(X0,X1),X2),f(X3,f(f(f(X0,X1),X4),f(X3,f(X0,X1))))),X0) = f(f(X3,f(f(f(X0,X1),X4),f(X3,f(X0,X1)))),f(f(X0,X1),f(X0,X1)))) )),
  inference(superposition,[],[f4313,f3703])).
fof(f4331,plain,(
  ( ! [X3,X0,X1,X4] : (f(f(f(X0,X1),f(f(f(X0,X1),X3),f(f(X0,X1),f(X0,X1)))),f(f(X0,X1),f(X0,X1))) = f(f(f(X0,X1),X4),f(f(X0,X1),f(f(f(X0,X1),X3),f(f(X0,X1),f(X0,X1)))))) )),
  inference(backward_demodulation,[],[f4100,f4323])).
fof(f4334,plain,(
  ( ! [X2,X0] : (f(X0,f(X0,X0)) = f(X0,f(f(X0,X2),f(X0,X0)))) )),
  inference(backward_demodulation,[],[f3349,f4320])).
fof(f4345,plain,(
  ( ! [X2,X0,X1] : (f(f(X1,f(f(X0,X2),f(X1,X0))),f(X0,X0)) = X1) )),
  inference(forward_demodulation,[],[f4319,f3162])).
fof(f4347,plain,(
  ( ! [X3,X0,X1,X4] : (f(f(X0,X1),f(X0,X1)) = f(f(f(X0,X1),X4),f(f(X0,X1),f(f(f(X0,X1),X3),f(f(X0,X1),f(X0,X1)))))) )),
  inference(forward_demodulation,[],[f4331,f4320])).
fof(f4365,plain,(
  ( ! [X2,X0,X1,X4] : (f(X0,X4) = f(f(f(f(f(X0,X1),X2),f(f(X0,X1),f(f(X0,X1),f(X0,X1)))),f(f(X0,X4),f(X0,X4))),f(f(X0,X1),f(X0,X1)))) )),
  inference(backward_demodulation,[],[f4221,f4334])).
fof(f4503,plain,(
  ( ! [X2,X0,X1] : (f(X0,f(f(X1,X2),f(X0,X1))) = X1) )),
  inference(backward_demodulation,[],[f3162,f4345])).
fof(f4574,plain,(
  ( ! [X0,X1,X4] : (f(f(X0,X1),f(X0,X1)) = f(f(f(X0,X1),X4),f(f(X0,X1),f(f(X0,X1),f(X0,X1))))) )),
  inference(forward_demodulation,[],[f4347,f4334])).
fof(f4593,plain,(
  ( ! [X2,X0,X1] : (f(X0,X1) = f(f(f(X0,X1),X2),f(X0,X1))) )),
  inference(backward_demodulation,[],[f3852,f4503])).
fof(f4716,plain,(
  ( ! [X3,X1] : (f(f(X1,X3),f(X1,X3)) = X1) )),
  inference(backward_demodulation,[],[f4308,f4503])).
fof(f4720,plain,(
  ( ! [X0,X1] : (f(X0,f(X0,X0)) = X1) )),
  inference(backward_demodulation,[],[f4345,f4503])).
fof(f4773,plain,(
  ( ! [X0,X1,X4] : (f(X0,X4) = f(f(f(f(X0,X1),f(X0,X1)),f(f(X0,X4),f(X0,X4))),f(f(X0,X1),f(X0,X1)))) )),
  inference(backward_demodulation,[],[f4365,f4574])).
fof(f5717,plain,(
  ( ! [X0,X1,X4] : (f(X0,X4) = f(f(X0,X1),f(X0,X1))) )),
  inference(forward_demodulation,[],[f4773,f4593])).
fof(f5788,plain,(
  ( ! [X0,X4] : (f(X0,X4) = X0) )),
  inference(forward_demodulation,[],[f5717,f4716])).
fof(f5926,plain,(
  ( ! [X0,X1] : (f(X0,X0) = X1) )),
  inference(backward_demodulation,[],[f4720,f5788])).
fof(f5971,plain,(
  ( ! [X0,X1] : (X0 = X1) )),
  inference(forward_demodulation,[],[f5926,f5788])).
fof(f6089,plain,(
  ( ! [X0] : (sK0 != X0) ) | spl2_1),
  inference(superposition,[],[f12,f5971])).
fof(f6092,plain,(
  $false | spl2_1),
  inference(equality_resolution,[],[f6089])).
fof(f6093,plain,(
  spl2_1),
  inference(avatar_contradiction_clause,[],[f6092])).
cnf(s1, plain, ~spl2_1, inference(sat_conversion,[],[f13])).
cnf(s2, plain, spl2_1, inference(sat_conversion,[],[f6093])).
cnf(s3, plain, $false, inference(rat,[],[s1,s2])).
fof(f6094,plain,(
  $false),
  inference(avatar_sat_refutation,[],[s3])).
% SZS output end Proof for p
% ------------------------------
% Version: Vampire 5.0.1 (Release build, commit 1b13eaf on 2026-01-18 12:14:50 +0000)
% Linked with Z3 4.14.0.0 3c47fd96cf5645d0c42b2c819d9e9a84380aa721 NOTFOUND
% CaDiCaL version: 2.1.3
% Termination reason: Refutation
% Time elapsed: 2.532 s
% Peak memory usage: 58 MB
% Instructions burned: 14253 (million)
% ------------------------------
% ------------------------------
% Success in time 28.898 s
