% law: x = (((y ◇ x) ◇ (y ◇ ((x ◇ (y ◇ z)) ◇ (z ◇ w)))) ◇ z)
% config: vampire/triv/casc+lpo @ 30s

% Running in auto input_syntax mode. Trying TPTP
% Detected formulas, will run a generic FOF schedule.
% lrs+1011_32_to=lpo:sil=2000:tgt=full:alpa=true:random_seed=1084606061:st=5:i=107:sd=1:ss=included:er=filter_299 on p for (299ds/107Mi)
% Instruction limit reached! 
% ------------------------------
% Version: Vampire 5.0.1 (Release build, commit 1b13eaf on 2026-01-18 12:14:50 +0000)
% Linked with Z3 4.14.0.0 3c47fd96cf5645d0c42b2c819d9e9a84380aa721 NOTFOUND
% CaDiCaL version: 2.1.3
% Termination reason: Instruction limit
% Termination phase: Saturation
% Time elapsed: 0.037 s
% Peak memory usage: 13 MB
% Instructions burned: 113 (million)
% lrs+10_2:3_to=lpo:sil=16000:sp=arity:random_seed=3456892097:i=114:bd=all:ss=axioms:sgt=4_299 on p for (299ds/114Mi)
% Instruction limit reached! 
% ------------------------------
% Version: Vampire 5.0.1 (Release build, commit 1b13eaf on 2026-01-18 12:14:50 +0000)
% Linked with Z3 4.14.0.0 3c47fd96cf5645d0c42b2c819d9e9a84380aa721 NOTFOUND
% CaDiCaL version: 2.1.3
% Termination reason: Instruction limit
% Termination phase: Saturation
% Time elapsed: 0.034 s
% Peak memory usage: 12 MB
% Instructions burned: 119 (million)
% WARNING Broken Constraint: if kbo_weight_scheme(arity) has been set then term_ordering(lpo) is equal to kbo or term_ordering(lpo) is equal to auto_kbo
% ott+1011_2_to=lpo:sil=4000:lsd=20:rnwc=on:rp=on:sac=on:newcnf=on:random_seed=2138341507:i=132:kws=arity:er=filter_298 on p for (298ds/132Mi)
% Instruction limit reached! 
% ------------------------------
% Version: Vampire 5.0.1 (Release build, commit 1b13eaf on 2026-01-18 12:14:50 +0000)
% Linked with Z3 4.14.0.0 3c47fd96cf5645d0c42b2c819d9e9a84380aa721 NOTFOUND
% CaDiCaL version: 2.1.3
% Termination reason: Instruction limit
% Termination phase: Saturation
% Time elapsed: 0.028 s
% Peak memory usage: 13 MB
% Instructions burned: 133 (million)
% WARNING Broken Constraint: if kbo_max_zero(on) has been set then term_ordering(lpo) is equal to kbo or term_ordering(lpo) is equal to auto_kbo
% dis+1011_1_slsqr=8,1:to=lpo:sil=2000:spb=units:fd=off:kmz=on:flr=on:sac=on:slsq=on:random_seed=1792413866:st=2:i=121:sd=30:aac=none:ep=RS:ss=axioms:sgt=10_298 on p for (298ds/121Mi)
% Refutation not found, incomplete strategy
% ------------------------------
% Version: Vampire 5.0.1 (Release build, commit 1b13eaf on 2026-01-18 12:14:50 +0000)
% Linked with Z3 4.14.0.0 3c47fd96cf5645d0c42b2c819d9e9a84380aa721 NOTFOUND
% CaDiCaL version: 2.1.3
% Termination reason: Refutation not found, incomplete strategy
% Time elapsed: 0.002 s
% Peak memory usage: 11 MB
% ------------------------------
% ------------------------------
% Aborted by signal SIGSEGV on /tmp/tmpb1ws6ar4/p.p
% ------------------------------
% Version: Vampire 5.0.1 (Release build, commit 1b13eaf on 2026-01-18 12:14:50 +0000)
% Linked with Z3 4.14.0.0 3c47fd96cf5645d0c42b2c819d9e9a84380aa721 NOTFOUND
% CaDiCaL version: 2.1.3
% Termination reason: Refutation not found, incomplete strategy
% Time elapsed: 0.002 s
% Peak memory usage: 11 MB
% lrs+10_1_to=lpo:sil=2000:sos=on:random_seed=1257359846:i=135:sd=2:gtg=position:ss=axioms_298 on p for (298ds/135Mi)
% Refutation not found, incomplete strategy
% ------------------------------
% Version: Vampire 5.0.1 (Release build, commit 1b13eaf on 2026-01-18 12:14:50 +0000)
% Linked with Z3 4.14.0.0 3c47fd96cf5645d0c42b2c819d9e9a84380aa721 NOTFOUND
% CaDiCaL version: 2.1.3
% Termination reason: Refutation not found, incomplete strategy
% Time elapsed: 0.0000 s
% Peak memory usage: 11 MB
% ------------------------------
% ------------------------------
% lrs+1011_1_to=lpo:sil=16000:random_seed=4139676174:i=269:sd=10:ss=axioms:sgt=16_298 on p for (298ds/269Mi)
% Instruction limit reached! 
% ------------------------------
% Version: Vampire 5.0.1 (Release build, commit 1b13eaf on 2026-01-18 12:14:50 +0000)
% Linked with Z3 4.14.0.0 3c47fd96cf5645d0c42b2c819d9e9a84380aa721 NOTFOUND
% CaDiCaL version: 2.1.3
% Termination reason: Instruction limit
% Termination phase: Saturation
% Time elapsed: 0.085 s
% Peak memory usage: 16 MB
% Instructions burned: 269 (million)
% dis+1010_4_to=lpo:sil=2000:sos=on:sac=on:random_seed=542649139:i=140:sd=1:ss=axioms_297 on p for (297ds/140Mi)
% Refutation not found, incomplete strategy
% ------------------------------
% Version: Vampire 5.0.1 (Release build, commit 1b13eaf on 2026-01-18 12:14:50 +0000)
% Linked with Z3 4.14.0.0 3c47fd96cf5645d0c42b2c819d9e9a84380aa721 NOTFOUND
% CaDiCaL version: 2.1.3
% Termination reason: Refutation not found, incomplete strategy
% Time elapsed: 0.001 s
% Peak memory usage: 11 MB
% ------------------------------
% ------------------------------
% ott+11_4:1_slsqr=8,1:to=kbo:sil=4000:spb=goal:bsr=on:slsq=on:random_seed=1062913049:s2pl=on:st=3:s2a=on:i=124:gtgl=4:sd=1:kws=inv_arity:ep=RST:gtg=position:ss=axioms:fsd=on_296 on p for (296ds/124Mi)
% Aborted by signal SIGSEGV on /tmp/tmpb1ws6ar4/p.p
% ------------------------------
% Version: Vampire 5.0.1 (Release build, commit 1b13eaf on 2026-01-18 12:14:50 +0000)
% Linked with Z3 4.14.0.0 3c47fd96cf5645d0c42b2c819d9e9a84380aa721 NOTFOUND
% CaDiCaL version: 2.1.3
% Termination reason: Unknown
% Termination phase: Saturation
% Time elapsed: 0.002 s
% Peak memory usage: 8 MB
% Instructions burned: 1 (million)
% ott+1010_1_to=lpo:sil=32000:fde=none:sos=on:spb=goal_then_units:urr=on:random_seed=1139478377:st=2.5:cts=off:i=297:sd=4:ins=10:gsp=on:ss=axioms_296 on p for (296ds/297Mi)
% Refutation not found, incomplete strategy
% ------------------------------
% Version: Vampire 5.0.1 (Release build, commit 1b13eaf on 2026-01-18 12:14:50 +0000)
% Linked with Z3 4.14.0.0 3c47fd96cf5645d0c42b2c819d9e9a84380aa721 NOTFOUND
% CaDiCaL version: 2.1.3
% Termination reason: Refutation not found, incomplete strategy
% Time elapsed: 0.002 s
% Peak memory usage: 11 MB
% ------------------------------
% ------------------------------
% lrs-1002_1_to=lpo:sil=2000:random_seed=1185720500:i=641:sd=20:ss=axioms:sgt=8_296 on p for (296ds/641Mi)
% Instruction limit reached! 
% ------------------------------
% Version: Vampire 5.0.1 (Release build, commit 1b13eaf on 2026-01-18 12:14:50 +0000)
% Linked with Z3 4.14.0.0 3c47fd96cf5645d0c42b2c819d9e9a84380aa721 NOTFOUND
% CaDiCaL version: 2.1.3
% Termination reason: Instruction limit
% Termination phase: Saturation
% Time elapsed: 0.167 s
% Peak memory usage: 23 MB
% Instructions burned: 641 (million)
% lrs+1011_1_to=lpo:sil=4000:plsq=on:plsqr=32,1:sp=occurrence:sos=all:erd=off:random_seed=2223283851:st=5:i=160:sup=off:ss=included_294 on p for (294ds/160Mi)
% Refutation not found, incomplete strategy
% ------------------------------
% Version: Vampire 5.0.1 (Release build, commit 1b13eaf on 2026-01-18 12:14:50 +0000)
% Linked with Z3 4.14.0.0 3c47fd96cf5645d0c42b2c819d9e9a84380aa721 NOTFOUND
% CaDiCaL version: 2.1.3
% Termination reason: Refutation not found, incomplete strategy
% Time elapsed: 0.001 s
% Peak memory usage: 11 MB
% ------------------------------
% ------------------------------
% WARNING Broken Constraint: if kbo_weight_scheme(inv_frequency) has been set then term_ordering(lpo) is equal to kbo or term_ordering(lpo) is equal to auto_kbo
% lrs+10_16:1_to=lpo:sil=2000:sp=reverse_frequency:lcm=predicate:bsr=unit_only:random_seed=3623117330:avsq=on:i=433:kws=inv_frequency:bs=unit_only:gtg=exists_sym_294 on p for (294ds/433Mi)
% Instruction limit reached! 
% ------------------------------
% Version: Vampire 5.0.1 (Release build, commit 1b13eaf on 2026-01-18 12:14:50 +0000)
% Linked with Z3 4.14.0.0 3c47fd96cf5645d0c42b2c819d9e9a84380aa721 NOTFOUND
% CaDiCaL version: 2.1.3
% Termination reason: Instruction limit
% Termination phase: Saturation
% Time elapsed: 0.125 s
% Peak memory usage: 15 MB
% Instructions burned: 436 (million)
% lrs+1011_32_sfv=off:to=lpo:sil=128000:sos=all:newcnf=on:random_seed=528370063:cond=fast:i=114:nm=2:fsr=off:gtg=all:ss=axioms_292 on p for (292ds/114Mi)
% Instruction limit reached! 
% ------------------------------
% Version: Vampire 5.0.1 (Release build, commit 1b13eaf on 2026-01-18 12:14:50 +0000)
% Linked with Z3 4.14.0.0 3c47fd96cf5645d0c42b2c819d9e9a84380aa721 NOTFOUND
% CaDiCaL version: 2.1.3
% Termination reason: Instruction limit
% Termination phase: Saturation
% Time elapsed: 0.039 s
% Peak memory usage: 13 MB
% Instructions burned: 115 (million)
% lrs+10_64_to=lpo:sil=16000:sos=on:urr=on:br=off:random_seed=1913602320:st=2.2:i=120:sd=1:nm=2:gtg=all:ss=axioms_292 on p for (292ds/120Mi)
% Instruction limit reached! 
% ------------------------------
% Version: Vampire 5.0.1 (Release build, commit 1b13eaf on 2026-01-18 12:14:50 +0000)
% Linked with Z3 4.14.0.0 3c47fd96cf5645d0c42b2c819d9e9a84380aa721 NOTFOUND
% CaDiCaL version: 2.1.3
% Termination reason: Instruction limit
% Termination phase: Saturation
% Time elapsed: 0.038 s
% Peak memory usage: 13 MB
% Instructions burned: 123 (million)
% lrs+21_1_slsqr=16,1:to=lpo:sil=4000:fs=off:acc=on:alpa=true:slsq=on:random_seed=1086592580:i=126:sd=3:aac=none:doe=on:fsr=off:sup=off:ss=included:er=filter:sgt=10_291 on p for (291ds/126Mi)
% Refutation not found, incomplete strategy
% ------------------------------
% Version: Vampire 5.0.1 (Release build, commit 1b13eaf on 2026-01-18 12:14:50 +0000)
% Linked with Z3 4.14.0.0 3c47fd96cf5645d0c42b2c819d9e9a84380aa721 NOTFOUND
% CaDiCaL version: 2.1.3
% Termination reason: Refutation not found, incomplete strategy
% Time elapsed: 0.002 s
% Peak memory usage: 11 MB
% ------------------------------
% ------------------------------
% dis-1011_1_to=lpo:sil=64000:sp=occurrence:nwc=2:sac=on:random_seed=3891114293:i=161:gtgl=2:gtg=exists_sym_291 on p for (291ds/161Mi)
% Instruction limit reached! 
% ------------------------------
% Version: Vampire 5.0.1 (Release build, commit 1b13eaf on 2026-01-18 12:14:50 +0000)
% Linked with Z3 4.14.0.0 3c47fd96cf5645d0c42b2c819d9e9a84380aa721 NOTFOUND
% CaDiCaL version: 2.1.3
% Termination reason: Instruction limit
% Termination phase: Saturation
% Time elapsed: 0.049 s
% Peak memory usage: 13 MB
% Instructions burned: 165 (million)
% lrs+11_1024_to=lpo:sil=2000:drc=off:gs=on:flr=on:random_seed=877751071:s2a=on:i=137:sd=2:fgj=on:av=off:ss=axioms:sgt=4_290 on p for (290ds/137Mi)
% Instruction limit reached! 
% ------------------------------
% Version: Vampire 5.0.1 (Release build, commit 1b13eaf on 2026-01-18 12:14:50 +0000)
% Linked with Z3 4.14.0.0 3c47fd96cf5645d0c42b2c819d9e9a84380aa721 NOTFOUND
% CaDiCaL version: 2.1.3
% Termination reason: Instruction limit
% Termination phase: Saturation
% Time elapsed: 0.035 s
% Peak memory usage: 14 MB
% Instructions burned: 140 (million)
% WARNING Broken Constraint: if kbo_weight_scheme(arity) has been set then term_ordering(lpo) is equal to kbo or term_ordering(lpo) is equal to auto_kbo
% dis-1010_1_anc=none:to=lpo:sil=2000:sims=off:etr=on:sos=on:spb=units:nwc=2:random_seed=1727193533:i=698:sd=2:kws=arity:aac=none:ss=axioms:sgt=10_290 on p for (290ds/698Mi)
% Refutation not found, incomplete strategy
% ------------------------------
% Version: Vampire 5.0.1 (Release build, commit 1b13eaf on 2026-01-18 12:14:50 +0000)
% Linked with Z3 4.14.0.0 3c47fd96cf5645d0c42b2c819d9e9a84380aa721 NOTFOUND
% CaDiCaL version: 2.1.3
% Termination reason: Refutation not found, incomplete strategy
% Time elapsed: 0.0000 s
% Peak memory usage: 11 MB
% ------------------------------
% ------------------------------
% dis+10_1_to=lpo:sil=32000:s2agt=32:random_seed=861153172:st=3:s2a=on:i=183:sd=1:gtg=position:ss=axioms_290 on p for (290ds/183Mi)
% Instruction limit reached! 
% ------------------------------
% Version: Vampire 5.0.1 (Release build, commit 1b13eaf on 2026-01-18 12:14:50 +0000)
% Linked with Z3 4.14.0.0 3c47fd96cf5645d0c42b2c819d9e9a84380aa721 NOTFOUND
% CaDiCaL version: 2.1.3
% Termination reason: Instruction limit
% Termination phase: Saturation
% Time elapsed: 0.051 s
% Peak memory usage: 13 MB
% Instructions burned: 183 (million)
% dis+1010_2_to=lpo:sil=8000:plsq=on:plsqr=1,2:fd=off:random_seed=814571857:st=1.5:s2a=on:i=119:sd=2:sup=off:ss=axioms_289 on p for (289ds/119Mi)
% Refutation not found, incomplete strategy
% ------------------------------
% Version: Vampire 5.0.1 (Release build, commit 1b13eaf on 2026-01-18 12:14:50 +0000)
% Linked with Z3 4.14.0.0 3c47fd96cf5645d0c42b2c819d9e9a84380aa721 NOTFOUND
% CaDiCaL version: 2.1.3
% Termination reason: Refutation not found, incomplete strategy
% Time elapsed: 0.002 s
% Peak memory usage: 11 MB
% ------------------------------
% ------------------------------
% dis+1010_3_to=lpo:sil=2000:tgt=full:plsq=on:drc=off:fde=unused:sp=arity:acc=on:nwc=20:flr=on:sac=on:avsqc=2:random_seed=972228969:s2pl=on:st=3:avsq=on:i=285:s2at=5:avsqr=52993,1048576:sd=10:gtg=exists_sym:ss=axioms_289 on p for (289ds/285Mi)
% Instruction limit reached! 
% ------------------------------
% Version: Vampire 5.0.1 (Release build, commit 1b13eaf on 2026-01-18 12:14:50 +0000)
% Linked with Z3 4.14.0.0 3c47fd96cf5645d0c42b2c819d9e9a84380aa721 NOTFOUND
% CaDiCaL version: 2.1.3
% Termination reason: Instruction limit
% Termination phase: Saturation
% Time elapsed: 0.076 s
% Peak memory usage: 14 MB
% Instructions burned: 291 (million)
% lrs+1011_1_to=lpo:sil=32000:sp=arity:spb=goal:urr=on:bsr=on:fd=preordered:nwc=0.968:br=off:newcnf=on:random_seed=157850907:s2a=on:i=130:s2at=11:bd=preordered:nm=20:ins=10:gtg=position:gsp=on_288 on p for (288ds/130Mi)
% Instruction limit reached! 
% ------------------------------
% Version: Vampire 5.0.1 (Release build, commit 1b13eaf on 2026-01-18 12:14:50 +0000)
% Linked with Z3 4.14.0.0 3c47fd96cf5645d0c42b2c819d9e9a84380aa721 NOTFOUND
% CaDiCaL version: 2.1.3
% Termination reason: Instruction limit
% Termination phase: Saturation
% Time elapsed: 0.038 s
% Peak memory usage: 13 MB
% Instructions burned: 131 (million)
% lrs+11_128_to=lpo:sil=2000:spb=units:lcm=predicate:nwc=20:slsqc=4:slsq=on:random_seed=6349013:cts=off:i=178:slsql=off:nm=2:av=off:fsr=off_287 on p for (287ds/178Mi)
% Instruction limit reached! 
% ------------------------------
% Version: Vampire 5.0.1 (Release build, commit 1b13eaf on 2026-01-18 12:14:50 +0000)
% Linked with Z3 4.14.0.0 3c47fd96cf5645d0c42b2c819d9e9a84380aa721 NOTFOUND
% CaDiCaL version: 2.1.3
% Termination reason: Instruction limit
% Termination phase: Saturation
% Time elapsed: 0.057 s
% Peak memory usage: 14 MB
% Instructions burned: 181 (million)
% lrs-10_3:2_anc=all:to=lpo:sil=8000:plsq=on:plsqc=1:plsqr=1,1:erd=off:urr=on:rp=on:br=off:sac=on:avsqc=3:random_seed=4252496546:avsq=on:s2a=on:i=270:s2at=2:nicw=on:ss=axioms_287 on p for (287ds/270Mi)
% Refutation not found, incomplete strategy
% ------------------------------
% Version: Vampire 5.0.1 (Release build, commit 1b13eaf on 2026-01-18 12:14:50 +0000)
% Linked with Z3 4.14.0.0 3c47fd96cf5645d0c42b2c819d9e9a84380aa721 NOTFOUND
% CaDiCaL version: 2.1.3
% Termination reason: Refutation not found, incomplete strategy
% Time elapsed: 0.001 s
% Peak memory usage: 11 MB
% ------------------------------
% ------------------------------
% WARNING Broken Constraint: if kbo_weight_scheme(precedence) has been set then term_ordering(lpo) is equal to kbo or term_ordering(lpo) is equal to auto_kbo
% dis-1011_1_to=lpo:sil=16000:tgt=full:prc=on:bsd=on:avsql=on:sp=unary_first:spb=intro:acc=on:fd=preordered:avsqc=1:random_seed=3274942268:st=4:avsq=on:i=960:avsqr=1,16:kws=precedence:bd=all:ins=10:ss=axioms_286 on p for (286ds/960Mi)
% Instruction limit reached! 
% ------------------------------
% Version: Vampire 5.0.1 (Release build, commit 1b13eaf on 2026-01-18 12:14:50 +0000)
% Linked with Z3 4.14.0.0 3c47fd96cf5645d0c42b2c819d9e9a84380aa721 NOTFOUND
% CaDiCaL version: 2.1.3
% Termination reason: Instruction limit
% Termination phase: Saturation
% Time elapsed: 0.202 s
% Peak memory usage: 24 MB
% Instructions burned: 966 (million)
% lrs+4_1_sfv=off:to=lpo:sil=16000:sos=all:random_seed=683944949:i=183:av=off_284 on p for (284ds/183Mi)
% Refutation not found, incomplete strategy
% ------------------------------
% Version: Vampire 5.0.1 (Release build, commit 1b13eaf on 2026-01-18 12:14:50 +0000)
% Linked with Z3 4.14.0.0 3c47fd96cf5645d0c42b2c819d9e9a84380aa721 NOTFOUND
% CaDiCaL version: 2.1.3
% Termination reason: Refutation not found, incomplete strategy
% Time elapsed: 0.001 s
% Peak memory usage: 8 MB
% ------------------------------
% ------------------------------
% lrs+11_8_slsqr=4,1:to=lpo:sil=2000:erd=off:spb=goal:lsd=50:s2agt=8:slsqc=3:slsq=on:random_seed=608030912:s2pl=on:i=137:sd=2:ep=R:nm=6:av=off:ss=axioms:sgt=8_284 on p for (284ds/137Mi)
% Refutation not found, incomplete strategy
% ------------------------------
% Version: Vampire 5.0.1 (Release build, commit 1b13eaf on 2026-01-18 12:14:50 +0000)
% Linked with Z3 4.14.0.0 3c47fd96cf5645d0c42b2c819d9e9a84380aa721 NOTFOUND
% CaDiCaL version: 2.1.3
% Termination reason: Refutation not found, incomplete strategy
% Time elapsed: 0.002 s
% Peak memory usage: 8 MB
% ------------------------------
% ------------------------------
% WARNING Broken Constraint: if kbo_weight_scheme(arity_squared) has been set then term_ordering(lpo) is equal to kbo or term_ordering(lpo) is equal to auto_kbo
% lrs+1010_14_to=lpo:sil=4000:tgt=full:plsq=on:plsqc=3:plsqr=1,64:erd=off:spb=goal_then_units:plsql=on:slsqc=3:slsq=on:random_seed=507203675:i=274:s2at=3:sd=1:kws=arity_squared:gtg=exists_all:ss=axioms:fsd=on:sgt=16_284 on p for (284ds/274Mi)
% Instruction limit reached! 
% ------------------------------
% Version: Vampire 5.0.1 (Release build, commit 1b13eaf on 2026-01-18 12:14:50 +0000)
% Linked with Z3 4.14.0.0 3c47fd96cf5645d0c42b2c819d9e9a84380aa721 NOTFOUND
% CaDiCaL version: 2.1.3
% Termination reason: Instruction limit
% Termination phase: Saturation
% Time elapsed: 0.095 s
% Peak memory usage: 15 MB
% Instructions burned: 276 (million)
% lrs+34_16:1_anc=all_dependent:to=lpo:sil=2000:sp=unary_first:sos=on:urr=full:fd=off:sac=on:random_seed=745257923:i=259:aac=none:bd=preordered:ss=axioms_283 on p for (283ds/259Mi)
% Refutation not found, incomplete strategy
% ------------------------------
% Version: Vampire 5.0.1 (Release build, commit 1b13eaf on 2026-01-18 12:14:50 +0000)
% Linked with Z3 4.14.0.0 3c47fd96cf5645d0c42b2c819d9e9a84380aa721 NOTFOUND
% CaDiCaL version: 2.1.3
% Termination reason: Refutation not found, incomplete strategy
% Time elapsed: 0.002 s
% Peak memory usage: 11 MB
% ------------------------------
% ------------------------------
% ott+10_1_to=lpo:sil=8000:drc=ordering:urr=on:br=off:random_seed=856214538:s2a=on:cond=on:i=1197:gtg=position:ss=axioms:sgt=8_282 on p for (282ds/1197Mi)
% Instruction limit reached! 
% ------------------------------
% Version: Vampire 5.0.1 (Release build, commit 1b13eaf on 2026-01-18 12:14:50 +0000)
% Linked with Z3 4.14.0.0 3c47fd96cf5645d0c42b2c819d9e9a84380aa721 NOTFOUND
% CaDiCaL version: 2.1.3
% Termination reason: Instruction limit
% Termination phase: Saturation
% Time elapsed: 0.308 s
% Peak memory usage: 35 MB
% Instructions burned: 1200 (million)
% lrs+22_32_to=lpo:sil=4000:plsq=on:rp=on:newcnf=on:random_seed=71564400:st=2.5:s2a=on:i=132:sd=5:ss=included_279 on p for (279ds/132Mi)
% Instruction limit reached! 
% ------------------------------
% Version: Vampire 5.0.1 (Release build, commit 1b13eaf on 2026-01-18 12:14:50 +0000)
% Linked with Z3 4.14.0.0 3c47fd96cf5645d0c42b2c819d9e9a84380aa721 NOTFOUND
% CaDiCaL version: 2.1.3
% Termination reason: Instruction limit
% Termination phase: Saturation
% Time elapsed: 0.054 s
% Peak memory usage: 13 MB
% Instructions burned: 135 (million)
% dis-1011_1_anc=none:to=lpo:sil=4000:plsq=on:prc=on:plsqc=3:plsqr=2804223,1048576:fdtod=off:sp=reverse_frequency:sos=on:lsd=20:nwc=1:flr=on:random_seed=2085322059:st=3:cond=fast:prac=on:i=179:gtgl=2:bs=unit_only:ep=RS:nm=10:ins=25:amm=off:gtg=all:ss=included_278 on p for (278ds/179Mi)
% Refutation not found, incomplete strategy
% ------------------------------
% Version: Vampire 5.0.1 (Release build, commit 1b13eaf on 2026-01-18 12:14:50 +0000)
% Linked with Z3 4.14.0.0 3c47fd96cf5645d0c42b2c819d9e9a84380aa721 NOTFOUND
% CaDiCaL version: 2.1.3
% Termination reason: Refutation not found, incomplete strategy
% Time elapsed: 0.002 s
% Peak memory usage: 11 MB
% ------------------------------
% ------------------------------
% lrs+1002_16:1_to=lpo:sil=2000:sos=on:acc=on:urr=full:fd=off:newcnf=on:random_seed=911280841:i=1517:sd=1:sup=off:ss=included_278 on p for (278ds/1517Mi)
% Refutation not found, incomplete strategy
% ------------------------------
% Version: Vampire 5.0.1 (Release build, commit 1b13eaf on 2026-01-18 12:14:50 +0000)
% Linked with Z3 4.14.0.0 3c47fd96cf5645d0c42b2c819d9e9a84380aa721 NOTFOUND
% CaDiCaL version: 2.1.3
% Termination reason: Refutation not found, incomplete strategy
% Time elapsed: 0.002 s
% Peak memory usage: 11 MB
% ------------------------------
% ------------------------------
% ott+11_1_slsqr=12,1:to=lpo:sil=4000:erd=off:spb=goal:urr=on:br=off:slsq=on:random_seed=3470441278:cts=off:i=159:slsql=off:nm=6:gsp=on_278 on p for (278ds/159Mi)
% Instruction limit reached! 
% ------------------------------
% Version: Vampire 5.0.1 (Release build, commit 1b13eaf on 2026-01-18 12:14:50 +0000)
% Linked with Z3 4.14.0.0 3c47fd96cf5645d0c42b2c819d9e9a84380aa721 NOTFOUND
% CaDiCaL version: 2.1.3
% Termination reason: Instruction limit
% Termination phase: Saturation
% Time elapsed: 0.053 s
% Peak memory usage: 14 MB
% Instructions burned: 159 (million)
% lrs-1011_1_to=lpo:sil=2000:random_seed=2009505193:st=5:avsq=on:i=175:avsqr=1,16:ep=R:ss=included_277 on p for (277ds/175Mi)
% Refutation not found, incomplete strategy
% ------------------------------
% Version: Vampire 5.0.1 (Release build, commit 1b13eaf on 2026-01-18 12:14:50 +0000)
% Linked with Z3 4.14.0.0 3c47fd96cf5645d0c42b2c819d9e9a84380aa721 NOTFOUND
% CaDiCaL version: 2.1.3
% Termination reason: Refutation not found, incomplete strategy
% Time elapsed: 0.001 s
% Peak memory usage: 11 MB
% ------------------------------
% ------------------------------
% WARNING Broken Constraint: if kbo_weight_scheme(frequency) has been set then term_ordering(lpo) is equal to kbo or term_ordering(lpo) is equal to auto_kbo
% lrs-1010_8_to=lpo:sil=4000:tgt=ground:drc=off:br=off:slsq=on:random_seed=1506418035:i=176:kws=frequency:ss=axioms_277 on p for (277ds/176Mi)
% Refutation not found, incomplete strategy
% ------------------------------
% Version: Vampire 5.0.1 (Release build, commit 1b13eaf on 2026-01-18 12:14:50 +0000)
% Linked with Z3 4.14.0.0 3c47fd96cf5645d0c42b2c819d9e9a84380aa721 NOTFOUND
% CaDiCaL version: 2.1.3
% Termination reason: Refutation not found, incomplete strategy
% Time elapsed: 0.0000 s
% Peak memory usage: 11 MB
% ------------------------------
% ------------------------------
% lrs+1011_3:1_to=lpo:sil=2000:plsq=on:plsqc=1:plsqr=64,1:sp=reverse_frequency:sos=on:fd=preordered:rp=on:random_seed=323819471:i=574:aac=none:bd=all:ins=1_277 on p for (277ds/574Mi)
% Refutation not found, incomplete strategy
% ------------------------------
% Version: Vampire 5.0.1 (Release build, commit 1b13eaf on 2026-01-18 12:14:50 +0000)
% Linked with Z3 4.14.0.0 3c47fd96cf5645d0c42b2c819d9e9a84380aa721 NOTFOUND
% CaDiCaL version: 2.1.3
% Termination reason: Refutation not found, incomplete strategy
% Time elapsed: 0.002 s
% Peak memory usage: 11 MB
% ------------------------------
% ------------------------------
% dis+1010_7_anc=all_dependent:to=lpo:sil=64000:plsq=on:plsqr=8,1:sp=occurrence:sos=on:urr=ec_only:bsr=on:alpa=true:flr=on:slsq=on:random_seed=2287837222:avsq=on:cond=on:i=116:gtgl=5:avsqr=1,32:aac=none:amm=off:gtg=all:rawr=on_277 on p for (277ds/116Mi)
% Instruction limit reached! 
% ------------------------------
% Version: Vampire 5.0.1 (Release build, commit 1b13eaf on 2026-01-18 12:14:50 +0000)
% Linked with Z3 4.14.0.0 3c47fd96cf5645d0c42b2c819d9e9a84380aa721 NOTFOUND
% CaDiCaL version: 2.1.3
% Termination reason: Instruction limit
% Termination phase: Saturation
% Time elapsed: 0.038 s
% Peak memory usage: 12 MB
% Instructions burned: 119 (million)
% lrs+10_1_to=lpo:sil=4000:plsq=on:s2agt=16:slsqc=1:slsq=on:random_seed=1338287937:st=5:s2a=on:i=879:sd=3:av=off:gtg=exists_top:ss=axioms_276 on p for (276ds/879Mi)
% Instruction limit reached! 
% ------------------------------
% Version: Vampire 5.0.1 (Release build, commit 1b13eaf on 2026-01-18 12:14:50 +0000)
% Linked with Z3 4.14.0.0 3c47fd96cf5645d0c42b2c819d9e9a84380aa721 NOTFOUND
% CaDiCaL version: 2.1.3
% Termination reason: Instruction limit
% Termination phase: Saturation
% Time elapsed: 0.273 s
% Peak memory usage: 29 MB
% Instructions burned: 880 (million)
% dis+10_3:10_to=lpo:sil=32000:flr=on:sac=on:random_seed=3585052047:i=382:ep=RST_273 on p for (273ds/382Mi)
% Instruction limit reached! 
% ------------------------------
% Version: Vampire 5.0.1 (Release build, commit 1b13eaf on 2026-01-18 12:14:50 +0000)
% Linked with Z3 4.14.0.0 3c47fd96cf5645d0c42b2c819d9e9a84380aa721 NOTFOUND
% CaDiCaL version: 2.1.3
% Termination reason: Instruction limit
% Termination phase: Saturation
% Time elapsed: 0.113 s
% Peak memory usage: 19 MB
% Instructions burned: 382 (million)
% WARNING Broken Constraint: if kbo_weight_scheme(precedence) has been set then term_ordering(lpo) is equal to kbo or term_ordering(lpo) is equal to auto_kbo
% lrs+1011_8:1_to=lpo:sil=4000:plsq=on:plsqc=3:plsqr=32,1:sp=reverse_arity:erd=off:lcm=reverse:acc=on:flr=on:slsq=on:random_seed=458376952:s2a=on:i=178:kws=precedence:ep=RS:nm=32_272 on p for (272ds/178Mi)
% Refutation not found, incomplete strategy
% ------------------------------
% Version: Vampire 5.0.1 (Release build, commit 1b13eaf on 2026-01-18 12:14:50 +0000)
% Linked with Z3 4.14.0.0 3c47fd96cf5645d0c42b2c819d9e9a84380aa721 NOTFOUND
% CaDiCaL version: 2.1.3
% Termination reason: Refutation not found, incomplete strategy
% Time elapsed: 0.002 s
% Peak memory usage: 12 MB
% ------------------------------
% ------------------------------
% Aborted by signal SIGSEGV on /tmp/tmpb1ws6ar4/p.p
% ------------------------------
% Version: Vampire 5.0.1 (Release build, commit 1b13eaf on 2026-01-18 12:14:50 +0000)
% Linked with Z3 4.14.0.0 3c47fd96cf5645d0c42b2c819d9e9a84380aa721 NOTFOUND
% CaDiCaL version: 2.1.3
% Termination reason: Refutation not found, incomplete strategy
% Time elapsed: 0.002 s
% Peak memory usage: 12 MB
% dis-1004_1024_slsqr=1,4:to=lpo:sil=128000:tgt=ground:irw=on:erd=off:spb=goal:bsr=on:rnwc=on:nwc=0.5:slsq=on:random_seed=3340619822:st=1.5:i=120:doe=on:bs=unit_only:ins=7:av=off:ss=axioms_272 on p for (272ds/120Mi)
% Refutation not found, incomplete strategy
% ------------------------------
% Version: Vampire 5.0.1 (Release build, commit 1b13eaf on 2026-01-18 12:14:50 +0000)
% Linked with Z3 4.14.0.0 3c47fd96cf5645d0c42b2c819d9e9a84380aa721 NOTFOUND
% CaDiCaL version: 2.1.3
% Termination reason: Refutation not found, incomplete strategy
% Time elapsed: 0.002 s
% Peak memory usage: 8 MB
% ------------------------------
% ------------------------------
% WARNING Broken Constraint: if kbo_max_zero(on) has been set then term_ordering(lpo) is equal to kbo or term_ordering(lpo) is equal to auto_kbo
% lrs-1011_12_anc=all:to=lpo:sil=16000:plsq=on:fde=none:plsqc=2:plsqr=1,32:sp=unary_frequency:fs=off:spb=goal:bsr=unit_only:plsql=on:gs=on:nwc=2:kmz=on:sac=on:slsq=on:random_seed=1942955830:st=5:avsq=on:i=141:sd=1:fsr=off:gtg=exists_sym:ss=axioms:fsd=on_271 on p for (271ds/141Mi)
% Instruction limit reached! 
% ------------------------------
% Version: Vampire 5.0.1 (Release build, commit 1b13eaf on 2026-01-18 12:14:50 +0000)
% Linked with Z3 4.14.0.0 3c47fd96cf5645d0c42b2c819d9e9a84380aa721 NOTFOUND
% CaDiCaL version: 2.1.3
% Termination reason: Instruction limit
% Termination phase: Saturation
% Time elapsed: 0.046 s
% Peak memory usage: 14 MB
% Instructions burned: 146 (million)
% lrs-1010_128_to=lpo:sil=4000:rp=on:nwc=0.6:alpa=false:random_seed=1101801839:i=625:aac=none:nm=2:gsp=on_271 on p for (271ds/625Mi)
% Instruction limit reached! 
% ------------------------------
% Version: Vampire 5.0.1 (Release build, commit 1b13eaf on 2026-01-18 12:14:50 +0000)
% Linked with Z3 4.14.0.0 3c47fd96cf5645d0c42b2c819d9e9a84380aa721 NOTFOUND
% CaDiCaL version: 2.1.3
% Termination reason: Instruction limit
% Termination phase: Saturation
% Time elapsed: 0.199 s
% Peak memory usage: 22 MB
% Instructions burned: 628 (million)
% dis+1010_1024_to=lpo:sil=4000:tgt=ground:sp=reverse_frequency:random_seed=3638050409:i=292:nm=16:av=off:ss=axioms_269 on p for (269ds/292Mi)
% Refutation not found, incomplete strategy
% ------------------------------
% Version: Vampire 5.0.1 (Release build, commit 1b13eaf on 2026-01-18 12:14:50 +0000)
% Linked with Z3 4.14.0.0 3c47fd96cf5645d0c42b2c819d9e9a84380aa721 NOTFOUND
% CaDiCaL version: 2.1.3
% Termination reason: Refutation not found, incomplete strategy
% Time elapsed: 0.0000 s
% Peak memory usage: 8 MB
% ------------------------------
% ------------------------------
% lrs-1010_4_to=lpo:sil=4000:fde=unused:sp=reverse_frequency:sos=on:erd=off:fs=off:fd=off:sac=on:random_seed=4189888653:i=324:aac=none:fsr=off_268 on p for (268ds/324Mi)
% Refutation not found, incomplete strategy
% ------------------------------
% Version: Vampire 5.0.1 (Release build, commit 1b13eaf on 2026-01-18 12:14:50 +0000)
% Linked with Z3 4.14.0.0 3c47fd96cf5645d0c42b2c819d9e9a84380aa721 NOTFOUND
% CaDiCaL version: 2.1.3
% Termination reason: Refutation not found, incomplete strategy
% Time elapsed: 0.001 s
% Peak memory usage: 11 MB
% ------------------------------
% ------------------------------
% dis+1011_32_anc=all:to=lpo:sil=16000:drc=off:sp=reverse_frequency:fs=off:fd=preordered:sac=on:random_seed=1069042830:avsq=on:i=168:add=on:nicw=on:bd=preordered:fsr=off_268 on p for (268ds/168Mi)
% Instruction limit reached! 
% ------------------------------
% Version: Vampire 5.0.1 (Release build, commit 1b13eaf on 2026-01-18 12:14:50 +0000)
% Linked with Z3 4.14.0.0 3c47fd96cf5645d0c42b2c819d9e9a84380aa721 NOTFOUND
% CaDiCaL version: 2.1.3
% Termination reason: Instruction limit
% Termination phase: Saturation
% Time elapsed: 0.048 s
% Peak memory usage: 13 MB
% Instructions burned: 174 (million)
% dis-1011_10_to=lpo:sil=2000:tgt=ground:plsq=on:lsd=10:nwc=5:s2agt=64:random_seed=1946645673:s2a=on:i=123:av=off:ss=axioms:sgt=20_268 on p for (268ds/123Mi)
% Instruction limit reached! 
% ------------------------------
% Version: Vampire 5.0.1 (Release build, commit 1b13eaf on 2026-01-18 12:14:50 +0000)
% Linked with Z3 4.14.0.0 3c47fd96cf5645d0c42b2c819d9e9a84380aa721 NOTFOUND
% CaDiCaL version: 2.1.3
% Termination reason: Instruction limit
% Termination phase: Saturation
% Time elapsed: 0.019 s
% Peak memory usage: 12 MB
% Instructions burned: 123 (million)
% dis-1011_1_to=lpo:sil=2000:plsq=on:drc=off:fde=none:bsd=on:plsqr=1,2:sp=weighted_frequency:lma=off:bce=on:rp=on:nwc=20:random_seed=2258930590:st=10:i=123:doe=on:bs=unit_only:av=off:ss=included:er=filter:sgt=88_267 on p for (267ds/123Mi)
% Instruction limit reached! 
% ------------------------------
% Version: Vampire 5.0.1 (Release build, commit 1b13eaf on 2026-01-18 12:14:50 +0000)
% Linked with Z3 4.14.0.0 3c47fd96cf5645d0c42b2c819d9e9a84380aa721 NOTFOUND
% CaDiCaL version: 2.1.3
% Termination reason: Instruction limit
% Termination phase: Saturation
% Time elapsed: 0.019 s
% Peak memory usage: 12 MB
% Instructions burned: 129 (million)
% WARNING Broken Constraint: if kbo_weight_scheme(arity_squared) has been set then term_ordering(lpo) is equal to kbo or term_ordering(lpo) is equal to auto_kbo
% dis+11_4_to=lpo:sil=4000:prc=on:fd=preordered:random_seed=1409167:i=1091:kws=arity_squared:av=off_267 on p for (267ds/1091Mi)
% Instruction limit reached! 
% ------------------------------
% Version: Vampire 5.0.1 (Release build, commit 1b13eaf on 2026-01-18 12:14:50 +0000)
% Linked with Z3 4.14.0.0 3c47fd96cf5645d0c42b2c819d9e9a84380aa721 NOTFOUND
% CaDiCaL version: 2.1.3
% Termination reason: Instruction limit
% Termination phase: Saturation
% Time elapsed: 0.168 s
% Peak memory usage: 25 MB
% Instructions burned: 1096 (million)
% lrs+1002_1_to=lpo:sil=2000:sos=on:random_seed=2667107124:i=1674:sd=3:ss=axioms:sgt=16_265 on p for (265ds/1674Mi)
% Refutation not found, incomplete strategy
% ------------------------------
% Version: Vampire 5.0.1 (Release build, commit 1b13eaf on 2026-01-18 12:14:50 +0000)
% Linked with Z3 4.14.0.0 3c47fd96cf5645d0c42b2c819d9e9a84380aa721 NOTFOUND
% CaDiCaL version: 2.1.3
% Termination reason: Refutation not found, incomplete strategy
% Time elapsed: 0.0000 s
% Peak memory usage: 11 MB
% ------------------------------
% ------------------------------
% dis+10_1_to=lpo:sil=4000:lcm=reverse:urr=ec_only:gs=on:br=off:random_seed=2503849061:cts=off:i=340:nm=0:av=off:fsr=off_265 on p for (265ds/340Mi)
% Instruction limit reached! 
% ------------------------------
% Version: Vampire 5.0.1 (Release build, commit 1b13eaf on 2026-01-18 12:14:50 +0000)
% Linked with Z3 4.14.0.0 3c47fd96cf5645d0c42b2c819d9e9a84380aa721 NOTFOUND
% CaDiCaL version: 2.1.3
% Termination reason: Instruction limit
% Termination phase: Saturation
% Time elapsed: 0.046 s
% Peak memory usage: 15 MB
% Instructions burned: 342 (million)
% lrs+1002_5:4_to=lpo:sil=4000:plsq=on:sims=off:plsqr=256,1:sp=const_frequency:sos=on:fs=off:acc=on:fd=off:s2agt=32:random_seed=192276064:s2a=on:i=124:aac=none:fsr=off_265 on p for (265ds/124Mi)
% Refutation not found, incomplete strategy
% ------------------------------
% Version: Vampire 5.0.1 (Release build, commit 1b13eaf on 2026-01-18 12:14:50 +0000)
% Linked with Z3 4.14.0.0 3c47fd96cf5645d0c42b2c819d9e9a84380aa721 NOTFOUND
% CaDiCaL version: 2.1.3
% Termination reason: Refutation not found, incomplete strategy
% Time elapsed: 0.0000 s
% Peak memory usage: 11 MB
% ------------------------------
% ------------------------------
% lrs-1004_1024_to=lpo:sil=2000:tgt=ground:sos=on:newcnf=on:random_seed=3831440415:i=125:sd=1:aac=none:fsr=off:gtg=position:ss=axioms_265 on p for (265ds/125Mi)
% Refutation not found, incomplete strategy
% ------------------------------
% Version: Vampire 5.0.1 (Release build, commit 1b13eaf on 2026-01-18 12:14:50 +0000)
% Linked with Z3 4.14.0.0 3c47fd96cf5645d0c42b2c819d9e9a84380aa721 NOTFOUND
% CaDiCaL version: 2.1.3
% Termination reason: Refutation not found, incomplete strategy
% Time elapsed: 0.0000 s
% Peak memory usage: 11 MB
% ------------------------------
% ------------------------------
% lrs+11_1_to=lpo:sil=2000:random_seed=3086580276:i=328:sd=2:ep=RS:nm=0:av=off:ss=included_265 on p for (265ds/328Mi)
% Refutation not found, incomplete strategy
% ------------------------------
% Version: Vampire 5.0.1 (Release build, commit 1b13eaf on 2026-01-18 12:14:50 +0000)
% Linked with Z3 4.14.0.0 3c47fd96cf5645d0c42b2c819d9e9a84380aa721 NOTFOUND
% CaDiCaL version: 2.1.3
% Termination reason: Refutation not found, incomplete strategy
% Time elapsed: 0.0000 s
% Peak memory usage: 8 MB
% ------------------------------
% ------------------------------
% lrs+1010_1_to=lpo:sil=4000:fde=unused:sos=on:urr=ec_only:sac=on:random_seed=1855228047:i=2032:gtgl=3:sd=2:gtg=exists_all:ss=axioms_265 on p for (265ds/2032Mi)
% Instruction limit reached! 
% ------------------------------
% Version: Vampire 5.0.1 (Release build, commit 1b13eaf on 2026-01-18 12:14:50 +0000)
% Linked with Z3 4.14.0.0 3c47fd96cf5645d0c42b2c819d9e9a84380aa721 NOTFOUND
% CaDiCaL version: 2.1.3
% Termination reason: Instruction limit
% Termination phase: Saturation
% Time elapsed: 0.316 s
% Peak memory usage: 53 MB
% Instructions burned: 2033 (million)
% dis-1010_2:3_sfv=off:to=lpo:sil=2000:fde=unused:sp=reverse_frequency:flr=on:random_seed=1742364312:st=9:i=237:av=off:ss=axioms_261 on p for (261ds/237Mi)
% Instruction limit reached! 
% ------------------------------
% Version: Vampire 5.0.1 (Release build, commit 1b13eaf on 2026-01-18 12:14:50 +0000)
% Linked with Z3 4.14.0.0 3c47fd96cf5645d0c42b2c819d9e9a84380aa721 NOTFOUND
% CaDiCaL version: 2.1.3
% Termination reason: Instruction limit
% Termination phase: Saturation
% Time elapsed: 0.034 s
% Peak memory usage: 13 MB
% Instructions burned: 237 (million)
% dis+10_1_to=lpo:sil=4000:plsq=on:plsqc=1:plsqr=32,1:random_seed=3044474029:st=2:i=185:sd=1:bd=all:sup=off:ss=axioms_261 on p for (261ds/185Mi)
% Refutation not found, incomplete strategy
% ------------------------------
% Version: Vampire 5.0.1 (Release build, commit 1b13eaf on 2026-01-18 12:14:50 +0000)
% Linked with Z3 4.14.0.0 3c47fd96cf5645d0c42b2c819d9e9a84380aa721 NOTFOUND
% CaDiCaL version: 2.1.3
% Termination reason: Refutation not found, incomplete strategy
% Time elapsed: 0.0000 s
% Peak memory usage: 11 MB
% ------------------------------
% ------------------------------
% dis-1011_128_to=lpo:sil=16000:urr=on:bce=on:fd=off:random_seed=2080102562:i=187:av=off:fsr=off_261 on p for (261ds/187Mi)
% Instruction limit reached! 
% ------------------------------
% Version: Vampire 5.0.1 (Release build, commit 1b13eaf on 2026-01-18 12:14:50 +0000)
% Linked with Z3 4.14.0.0 3c47fd96cf5645d0c42b2c819d9e9a84380aa721 NOTFOUND
% CaDiCaL version: 2.1.3
% Termination reason: Instruction limit
% Termination phase: Saturation
% Time elapsed: 0.031 s
% Peak memory usage: 13 MB
% Instructions burned: 193 (million)
% WARNING Broken Constraint: if kbo_weight_scheme(inv_precedence) has been set then term_ordering(lpo) is equal to kbo or term_ordering(lpo) is equal to auto_kbo
% dis+1011_93_to=lpo:sil=16000:tgt=ground:spb=goal_then_units:lsd=100:nwc=1.2:lftc=20:random_seed=4246202981:i=1283:kws=inv_precedence:bs=on:av=off_261 on p for (261ds/1283Mi)
% Instruction limit reached! 
% ------------------------------
% Version: Vampire 5.0.1 (Release build, commit 1b13eaf on 2026-01-18 12:14:50 +0000)
% Linked with Z3 4.14.0.0 3c47fd96cf5645d0c42b2c819d9e9a84380aa721 NOTFOUND
% CaDiCaL version: 2.1.3
% Termination reason: Instruction limit
% Termination phase: Saturation
% Time elapsed: 0.195 s
% Peak memory usage: 21 MB
% Instructions burned: 1286 (million)
% dis+1010_16_to=lpo:sil=4000:fde=none:sos=on:spb=non_intro:random_seed=2234710760:st=1.8:i=311:sd=1:aac=none:gtg=exists_top:ss=axioms_259 on p for (259ds/311Mi)
% Refutation not found, incomplete strategy
% ------------------------------
% Version: Vampire 5.0.1 (Release build, commit 1b13eaf on 2026-01-18 12:14:50 +0000)
% Linked with Z3 4.14.0.0 3c47fd96cf5645d0c42b2c819d9e9a84380aa721 NOTFOUND
% CaDiCaL version: 2.1.3
% Termination reason: Refutation not found, incomplete strategy
% Time elapsed: 0.0000 s
% Peak memory usage: 11 MB
% ------------------------------
% ------------------------------
% dis+10_1_sfv=off:to=lpo:sil=4000:plsq=on:fde=none:plsqc=1:avsql=on:plsqr=10,1:sos=all:lma=off:acc=on:avsqc=3:random_seed=3453021085:avsq=on:i=161:aac=none_259 on p for (259ds/161Mi)
% Refutation not found, incomplete strategy
% ------------------------------
% Version: Vampire 5.0.1 (Release build, commit 1b13eaf on 2026-01-18 12:14:50 +0000)
% Linked with Z3 4.14.0.0 3c47fd96cf5645d0c42b2c819d9e9a84380aa721 NOTFOUND
% CaDiCaL version: 2.1.3
% Termination reason: Refutation not found, incomplete strategy
% Time elapsed: 0.0000 s
% Peak memory usage: 11 MB
% ------------------------------
% ------------------------------
% WARNING Broken Constraint: if kbo_weight_scheme(frequency) has been set then term_ordering(lpo) is equal to kbo or term_ordering(lpo) is equal to auto_kbo
% lrs+11_1024_to=lpo:sil=4000:plsq=on:plsqc=1:plsqr=64,1:fs=off:lsd=100:alpa=true:random_seed=3975320195:i=192:kws=frequency:nm=7:fsr=off_259 on p for (259ds/192Mi)
% Instruction limit reached! 
% ------------------------------
% Version: Vampire 5.0.1 (Release build, commit 1b13eaf on 2026-01-18 12:14:50 +0000)
% Linked with Z3 4.14.0.0 3c47fd96cf5645d0c42b2c819d9e9a84380aa721 NOTFOUND
% CaDiCaL version: 2.1.3
% Termination reason: Instruction limit
% Termination phase: Saturation
% Time elapsed: 0.027 s
% Peak memory usage: 12 MB
% Instructions burned: 198 (million)
% dis-1010_4096_to=lpo:sil=64000:sp=occurrence:erd=off:newcnf=on:random_seed=1791893215:st=-1:i=2238:gtgl=4:sd=1:av=off:gtg=exists_sym:ss=included_258 on p for (258ds/2238Mi)
% Instruction limit reached! 
% ------------------------------
% Version: Vampire 5.0.1 (Release build, commit 1b13eaf on 2026-01-18 12:14:50 +0000)
% Linked with Z3 4.14.0.0 3c47fd96cf5645d0c42b2c819d9e9a84380aa721 NOTFOUND
% CaDiCaL version: 2.1.3
% Termination reason: Instruction limit
% Termination phase: Saturation
% Time elapsed: 0.334 s
% Peak memory usage: 29 MB
% Instructions burned: 2244 (million)
% dis+10_4_sfv=off:to=lpo:sil=4000:random_seed=2981498604:s2pl=no:i=224:sd=1:nm=16:ss=axioms:er=filter:sgt=4_255 on p for (255ds/224Mi)
% Instruction limit reached! 
% ------------------------------
% Version: Vampire 5.0.1 (Release build, commit 1b13eaf on 2026-01-18 12:14:50 +0000)
% Linked with Z3 4.14.0.0 3c47fd96cf5645d0c42b2c819d9e9a84380aa721 NOTFOUND
% CaDiCaL version: 2.1.3
% Termination reason: Instruction limit
% Termination phase: Saturation
% Time elapsed: 0.065 s
% Peak memory usage: 13 MB
% Instructions burned: 225 (million)
% lrs+1011_8:1_to=lpo:sil=2000:plsq=on:plsqc=1:plsqr=10,1:sos=on:lsd=1:urr=on:bsr=unit_only:rp=on:alpa=false:updr=off:sac=on:newcnf=on:slsq=on:random_seed=3046731625:cts=off:avsq=on:s2a=on:i=292:avsqr=1,16:sd=3:slsql=off:bd=preordered:nm=4:gsp=on:sup=off:ss=included:sgt=8:rawr=on_254 on p for (254ds/292Mi)
% Refutation not found, incomplete strategy
% ------------------------------
% Version: Vampire 5.0.1 (Release build, commit 1b13eaf on 2026-01-18 12:14:50 +0000)
% Linked with Z3 4.14.0.0 3c47fd96cf5645d0c42b2c819d9e9a84380aa721 NOTFOUND
% CaDiCaL version: 2.1.3
% Termination reason: Refutation not found, incomplete strategy
% Time elapsed: 0.002 s
% Peak memory usage: 11 MB
% ------------------------------
% ------------------------------
% lrs+2_64_to=lpo:sil=4000:sas=cadical:sos=on:spb=goal:sac=on:random_seed=2331049914:st=1.5:i=165:aac=none:ss=included_254 on p for (254ds/165Mi)
% Refutation not found, incomplete strategy
% ------------------------------
% Version: Vampire 5.0.1 (Release build, commit 1b13eaf on 2026-01-18 12:14:50 +0000)
% Linked with Z3 4.14.0.0 3c47fd96cf5645d0c42b2c819d9e9a84380aa721 NOTFOUND
% CaDiCaL version: 2.1.3
% Termination reason: Refutation not found, incomplete strategy
% Time elapsed: 0.001 s
% Peak memory usage: 12 MB
% ------------------------------
% ------------------------------
% dis+1011_12:1_to=lpo:sil=32000:plsq=on:plsqc=2:plsqr=32,1:sos=on:fs=off:lsd=20:bsr=unit_only:fd=off:random_seed=3849480771:s2a=on:i=167:nm=16:fsr=off:amm=off_254 on p for (254ds/167Mi)
% Refutation not found, incomplete strategy
% ------------------------------
% Version: Vampire 5.0.1 (Release build, commit 1b13eaf on 2026-01-18 12:14:50 +0000)
% Linked with Z3 4.14.0.0 3c47fd96cf5645d0c42b2c819d9e9a84380aa721 NOTFOUND
% CaDiCaL version: 2.1.3
% Termination reason: Refutation not found, incomplete strategy
% Time elapsed: 0.001 s
% Peak memory usage: 11 MB
% ------------------------------
% ------------------------------
% lrs+1010_2:1_to=lpo:sil=16000:spb=goal:slsq=on:random_seed=1478128528:i=170:ins=10:av=off:fsd=on_253 on p for (253ds/170Mi)
% Instruction limit reached! 
% ------------------------------
% Version: Vampire 5.0.1 (Release build, commit 1b13eaf on 2026-01-18 12:14:50 +0000)
% Linked with Z3 4.14.0.0 3c47fd96cf5645d0c42b2c819d9e9a84380aa721 NOTFOUND
% CaDiCaL version: 2.1.3
% Termination reason: Instruction limit
% Termination phase: Saturation
% Time elapsed: 0.054 s
% Peak memory usage: 14 MB
% Instructions burned: 175 (million)
% WARNING Broken Constraint: if kbo_weight_scheme(inv_arity) has been set then term_ordering(lpo) is equal to kbo or term_ordering(lpo) is equal to auto_kbo
% ott+1002_10_sfv=off:to=lpo:sil=4000:tgt=full:nwc=1:newcnf=on:random_seed=1991544106:i=178:kws=inv_arity:bd=preordered:fsd=on_253 on p for (253ds/178Mi)
% Instruction limit reached! 
% ------------------------------
% Version: Vampire 5.0.1 (Release build, commit 1b13eaf on 2026-01-18 12:14:50 +0000)
% Linked with Z3 4.14.0.0 3c47fd96cf5645d0c42b2c819d9e9a84380aa721 NOTFOUND
% CaDiCaL version: 2.1.3
% Termination reason: Instruction limit
% Termination phase: Saturation
% Time elapsed: 0.035 s
% Peak memory usage: 14 MB
% Instructions burned: 181 (million)
% lrs+1004_1_to=lpo:sil=2000:sp=occurrence:sos=all:erd=off:random_seed=1625073946:i=218:aac=none:ep=RS_252 on p for (252ds/218Mi)
% Refutation not found, incomplete strategy
% ------------------------------
% Version: Vampire 5.0.1 (Release build, commit 1b13eaf on 2026-01-18 12:14:50 +0000)
% Linked with Z3 4.14.0.0 3c47fd96cf5645d0c42b2c819d9e9a84380aa721 NOTFOUND
% CaDiCaL version: 2.1.3
% Termination reason: Refutation not found, incomplete strategy
% Time elapsed: 0.001 s
% Peak memory usage: 11 MB
% ------------------------------
% ------------------------------
% lrs-1011_1_to=lpo:sil=2000:sos=on:random_seed=3905309941:i=2073:sd=1:ss=axioms:sgt=64_252 on p for (252ds/2073Mi)
% Refutation not found, incomplete strategy
% ------------------------------
% Version: Vampire 5.0.1 (Release build, commit 1b13eaf on 2026-01-18 12:14:50 +0000)
% Linked with Z3 4.14.0.0 3c47fd96cf5645d0c42b2c819d9e9a84380aa721 NOTFOUND
% CaDiCaL version: 2.1.3
% Termination reason: Refutation not found, incomplete strategy
% Time elapsed: 0.002 s
% Peak memory usage: 11 MB
% ------------------------------
% ------------------------------
% dis+1011_1_to=lpo:sil=4000:plsq=on:plsqc=2:plsqr=64,1:sos=on:lsd=1:alpa=false:random_seed=1273844811:avsq=on:i=140:avsqr=1,16:aac=none:ep=RS:nm=4:gsp=on_252 on p for (252ds/140Mi)
% Refutation not found, incomplete strategy
% ------------------------------
% Version: Vampire 5.0.1 (Release build, commit 1b13eaf on 2026-01-18 12:14:50 +0000)
% Linked with Z3 4.14.0.0 3c47fd96cf5645d0c42b2c819d9e9a84380aa721 NOTFOUND
% CaDiCaL version: 2.1.3
% Termination reason: Refutation not found, incomplete strategy
% Time elapsed: 0.0000 s
% Peak memory usage: 11 MB
% ------------------------------
% ------------------------------
% lrs+11_1_sfv=off:to=lpo:sil=2000:plsq=on:plsqc=1:bsd=on:plsqr=128,1:sos=all:newcnf=on:random_seed=4152026748:s2pl=on:i=142:sd=1:ss=axioms:fsd=on:sgt=32_252 on p for (252ds/142Mi)
% Refutation not found, incomplete strategy
% ------------------------------
% Version: Vampire 5.0.1 (Release build, commit 1b13eaf on 2026-01-18 12:14:50 +0000)
% Linked with Z3 4.14.0.0 3c47fd96cf5645d0c42b2c819d9e9a84380aa721 NOTFOUND
% CaDiCaL version: 2.1.3
% Termination reason: Refutation not found, incomplete strategy
% Time elapsed: 0.002 s
% Peak memory usage: 11 MB
% ------------------------------
% ------------------------------
% dis-1010_1_to=lpo:sil=4000:random_seed=1744305429:i=184:sd=1:ep=RS:nm=2:av=off:ss=axioms_251 on p for (251ds/184Mi)
% Refutation not found, incomplete strategy
% ------------------------------
% Version: Vampire 5.0.1 (Release build, commit 1b13eaf on 2026-01-18 12:14:50 +0000)
% Linked with Z3 4.14.0.0 3c47fd96cf5645d0c42b2c819d9e9a84380aa721 NOTFOUND
% CaDiCaL version: 2.1.3
% Termination reason: Refutation not found, incomplete strategy
% Time elapsed: 0.001 s
% Peak memory usage: 8 MB
% ------------------------------
% ------------------------------
% lrs+3_11:1_to=lpo:sil=4000:plsq=on:erd=off:urr=on:br=off:random_seed=3723138461:s2a=on:i=142:s2at=7:sd=1:ep=RS:ss=axioms:sgt=16_251 on p for (251ds/142Mi)
% Refutation not found, incomplete strategy
% ------------------------------
% Version: Vampire 5.0.1 (Release build, commit 1b13eaf on 2026-01-18 12:14:50 +0000)
% Linked with Z3 4.14.0.0 3c47fd96cf5645d0c42b2c819d9e9a84380aa721 NOTFOUND
% CaDiCaL version: 2.1.3
% Termination reason: Refutation not found, incomplete strategy
% Time elapsed: 0.002 s
% Peak memory usage: 11 MB
% ------------------------------
% ------------------------------
% lrs-1010_1_to=lpo:sil=4000:fde=none:sos=on:erd=off:random_seed=3420186296:cts=off:i=278:sd=1:av=off:ss=included_251 on p for (251ds/278Mi)
% Refutation not found, incomplete strategy
% ------------------------------
% Version: Vampire 5.0.1 (Release build, commit 1b13eaf on 2026-01-18 12:14:50 +0000)
% Linked with Z3 4.14.0.0 3c47fd96cf5645d0c42b2c819d9e9a84380aa721 NOTFOUND
% CaDiCaL version: 2.1.3
% Termination reason: Refutation not found, incomplete strategy
% Time elapsed: 0.001 s
% Peak memory usage: 8 MB
% ------------------------------
% ------------------------------
% ott-1010_32:1_to=lpo:sil=2000:sp=arity:sos=all:s2agt=16:random_seed=3325902668:st=2:s2a=on:cond=fast:i=194:av=off:gsp=on:ss=axioms_251 on p for (251ds/194Mi)
% Refutation not found, incomplete strategy
% ------------------------------
% Version: Vampire 5.0.1 (Release build, commit 1b13eaf on 2026-01-18 12:14:50 +0000)
% Linked with Z3 4.14.0.0 3c47fd96cf5645d0c42b2c819d9e9a84380aa721 NOTFOUND
% CaDiCaL version: 2.1.3
% Termination reason: Refutation not found, incomplete strategy
% Time elapsed: 0.0000 s
% Peak memory usage: 8 MB
% ------------------------------
% ------------------------------
% dis+10_1_sfv=off:slsqr=1,2:to=lpo:sil=2000:tgt=full:urr=on:br=off:flr=on:slsq=on:random_seed=2401144248:st=2:i=292:sd=2:slsql=off:nm=0:ins=20:gsp=on:ss=axioms:fsd=on_250 on p for (250ds/292Mi)
% Instruction limit reached! 
% ------------------------------
% Version: Vampire 5.0.1 (Release build, commit 1b13eaf on 2026-01-18 12:14:50 +0000)
% Linked with Z3 4.14.0.0 3c47fd96cf5645d0c42b2c819d9e9a84380aa721 NOTFOUND
% CaDiCaL version: 2.1.3
% Termination reason: Instruction limit
% Termination phase: Saturation
% Time elapsed: 0.084 s
% Peak memory usage: 13 MB
% Instructions burned: 292 (million)
% lrs+10_1_to=lpo:sil=4000:plsq=on:plsqc=1:plsqr=64,1:etr=on:sp=const_min:sos=on:spb=goal_then_units:br=off:sac=on:random_seed=618158069:i=196:nm=0_249 on p for (249ds/196Mi)
% Refutation not found, incomplete strategy
% ------------------------------
% Version: Vampire 5.0.1 (Release build, commit 1b13eaf on 2026-01-18 12:14:50 +0000)
% Linked with Z3 4.14.0.0 3c47fd96cf5645d0c42b2c819d9e9a84380aa721 NOTFOUND
% CaDiCaL version: 2.1.3
% Termination reason: Refutation not found, incomplete strategy
% Time elapsed: 0.001 s
% Peak memory usage: 11 MB
% ------------------------------
% ------------------------------
% lrs+1010_6:1_to=lpo:sil=32000:plsq=on:plsqr=128,1:sos=on:urr=on:plsql=on:flr=on:newcnf=on:lwlo=on:random_seed=1310982153:lrd=on:s2pl=on:i=148:ep=RS_249 on p for (249ds/148Mi)
% Refutation not found, incomplete strategy
% ------------------------------
% Version: Vampire 5.0.1 (Release build, commit 1b13eaf on 2026-01-18 12:14:50 +0000)
% Linked with Z3 4.14.0.0 3c47fd96cf5645d0c42b2c819d9e9a84380aa721 NOTFOUND
% CaDiCaL version: 2.1.3
% Termination reason: Refutation not found, incomplete strategy
% Time elapsed: 0.001 s
% Peak memory usage: 11 MB
% ------------------------------
% ------------------------------
% dis+10_1_slsqr=4,1:to=lpo:sil=8000:urr=ec_only:br=off:slsqc=2:slsq=on:random_seed=1934157076:s2a=on:i=148:s2at=2:ins=1:gtg=position:fsd=on_249 on p for (249ds/148Mi)
% Instruction limit reached! 
% ------------------------------
% Version: Vampire 5.0.1 (Release build, commit 1b13eaf on 2026-01-18 12:14:50 +0000)
% Linked with Z3 4.14.0.0 3c47fd96cf5645d0c42b2c819d9e9a84380aa721 NOTFOUND
% CaDiCaL version: 2.1.3
% Termination reason: Instruction limit
% Termination phase: Saturation
% Time elapsed: 0.022 s
% Peak memory usage: 12 MB
% Instructions burned: 150 (million)
% lrs+10_1_to=lpo:sil=16000:irw=on:sos=all:spb=goal:acc=on:urr=on:br=off:newcnf=on:random_seed=2265747619:s2a=on:i=148:bd=preordered:nm=6:ins=10_248 on p for (248ds/148Mi)
% Refutation not found, incomplete strategy
% ------------------------------
% Version: Vampire 5.0.1 (Release build, commit 1b13eaf on 2026-01-18 12:14:50 +0000)
% Linked with Z3 4.14.0.0 3c47fd96cf5645d0c42b2c819d9e9a84380aa721 NOTFOUND
% CaDiCaL version: 2.1.3
% Termination reason: Refutation not found, incomplete strategy
% Time elapsed: 0.001 s
% Peak memory usage: 12 MB
% ------------------------------
% ------------------------------
% lrs+1011_32_to=lpo:sil=2000:bce=on:nwc=5:alpa=false:slsq=on:random_seed=1263466595:cts=off:i=543:aac=none:fsr=off:amm=off:rawr=on_248 on p for (248ds/543Mi)
% Instruction limit reached! 
% ------------------------------
% Version: Vampire 5.0.1 (Release build, commit 1b13eaf on 2026-01-18 12:14:50 +0000)
% Linked with Z3 4.14.0.0 3c47fd96cf5645d0c42b2c819d9e9a84380aa721 NOTFOUND
% CaDiCaL version: 2.1.3
% Termination reason: Instruction limit
% Termination phase: Saturation
% Time elapsed: 0.161 s
% Peak memory usage: 19 MB
% Instructions burned: 543 (million)
% dis-1011_128_to=lpo:sil=4000:tgt=full:sas=cadical:bce=on:fd=off:rp=on:slsqc=2:sac=on:slsq=on:random_seed=983858304:i=153:s2at=3:ins=1_246 on p for (246ds/153Mi)
% Instruction limit reached! 
% ------------------------------
% Version: Vampire 5.0.1 (Release build, commit 1b13eaf on 2026-01-18 12:14:50 +0000)
% Linked with Z3 4.14.0.0 3c47fd96cf5645d0c42b2c819d9e9a84380aa721 NOTFOUND
% CaDiCaL version: 2.1.3
% Termination reason: Instruction limit
% Termination phase: Saturation
% Time elapsed: 0.058 s
% Peak memory usage: 14 MB
% Instructions burned: 158 (million)
% dis-1002_3:2_to=lpo:sil=16000:plsq=on:plsqc=1:plsqr=3,1:plsql=on:newcnf=on:random_seed=3389247892:s2a=on:i=632:av=off:gtg=position_245 on p for (245ds/632Mi)
% Instruction limit reached! 
% ------------------------------
% Version: Vampire 5.0.1 (Release build, commit 1b13eaf on 2026-01-18 12:14:50 +0000)
% Linked with Z3 4.14.0.0 3c47fd96cf5645d0c42b2c819d9e9a84380aa721 NOTFOUND
% CaDiCaL version: 2.1.3
% Termination reason: Instruction limit
% Termination phase: Saturation
% Time elapsed: 0.154 s
% Peak memory usage: 16 MB
% Instructions burned: 632 (million)
% ott+10_14_to=lpo:sil=8000:tgt=full:prc=on:random_seed=3526909369:i=2501:fsr=off_244 on p for (244ds/2501Mi)
% Instruction limit reached! 
% ------------------------------
% Version: Vampire 5.0.1 (Release build, commit 1b13eaf on 2026-01-18 12:14:50 +0000)
% Linked with Z3 4.14.0.0 3c47fd96cf5645d0c42b2c819d9e9a84380aa721 NOTFOUND
% CaDiCaL version: 2.1.3
% Termination reason: Instruction limit
% Termination phase: Saturation
% Time elapsed: 0.454 s
% Peak memory usage: 63 MB
% Instructions burned: 2502 (million)
% dis+1011_1024_slsqr=1,128:to=lpo:sil=8000:gs=on:br=off:slsqc=1:slsq=on:random_seed=1028457746:i=367:s2at=5:sd=3:slsql=off:ss=axioms:sgt=10_239 on p for (239ds/367Mi)
% Instruction limit reached! 
% ------------------------------
% Version: Vampire 5.0.1 (Release build, commit 1b13eaf on 2026-01-18 12:14:50 +0000)
% Linked with Z3 4.14.0.0 3c47fd96cf5645d0c42b2c819d9e9a84380aa721 NOTFOUND
% CaDiCaL version: 2.1.3
% Termination reason: Instruction limit
% Termination phase: Saturation
% Time elapsed: 0.101 s
% Peak memory usage: 15 MB
% Instructions burned: 370 (million)
% lrs+10_8_to=lpo:sil=4000:plsq=on:plsqc=1:urr=on:br=off:flr=on:newcnf=on:random_seed=3919611119:st=4:i=207:sd=1:fsr=off:gsp=on:ss=axioms_238 on p for (238ds/207Mi)
% Instruction limit reached! 
% ------------------------------
% Version: Vampire 5.0.1 (Release build, commit 1b13eaf on 2026-01-18 12:14:50 +0000)
% Linked with Z3 4.14.0.0 3c47fd96cf5645d0c42b2c819d9e9a84380aa721 NOTFOUND
% CaDiCaL version: 2.1.3
% Termination reason: Instruction limit
% Termination phase: Saturation
% Time elapsed: 0.066 s
% Peak memory usage: 15 MB
% Instructions burned: 209 (million)
% lrs-1010_1_to=lpo:sil=4000:sos=on:random_seed=2922006809:i=3739:sd=2:ins=10:ss=axioms_237 on p for (237ds/3739Mi)
% Refutation not found, incomplete strategy
% ------------------------------
% Version: Vampire 5.0.1 (Release build, commit 1b13eaf on 2026-01-18 12:14:50 +0000)
% Linked with Z3 4.14.0.0 3c47fd96cf5645d0c42b2c819d9e9a84380aa721 NOTFOUND
% CaDiCaL version: 2.1.3
% Termination reason: Refutation not found, incomplete strategy
% Time elapsed: 0.001 s
% Peak memory usage: 11 MB
% ------------------------------
% ------------------------------
% dis-1011_1_to=lpo:sil=4000:plsq=on:plsqr=32,1:sos=on:erd=off:lsd=5:fd=off:random_seed=3709251554:i=157:nm=16:av=off_237 on p for (237ds/157Mi)
% Refutation not found, incomplete strategy
% ------------------------------
% Version: Vampire 5.0.1 (Release build, commit 1b13eaf on 2026-01-18 12:14:50 +0000)
% Linked with Z3 4.14.0.0 3c47fd96cf5645d0c42b2c819d9e9a84380aa721 NOTFOUND
% CaDiCaL version: 2.1.3
% Termination reason: Refutation not found, incomplete strategy
% Time elapsed: 0.0000 s
% Peak memory usage: 8 MB
% ------------------------------
% ------------------------------
% lrs+10_1_to=lpo:sil=4000:sp=occurrence:urr=on:br=off:random_seed=3617650624:st=1.2:s2a=on:i=1800:s2at=2:sd=3:ss=included:sgt=20_237 on p for (237ds/1800Mi)
% Instruction limit reached! 
% ------------------------------
% Version: Vampire 5.0.1 (Release build, commit 1b13eaf on 2026-01-18 12:14:50 +0000)
% Linked with Z3 4.14.0.0 3c47fd96cf5645d0c42b2c819d9e9a84380aa721 NOTFOUND
% CaDiCaL version: 2.1.3
% Termination reason: Instruction limit
% Termination phase: Saturation
% Time elapsed: 0.322 s
% Peak memory usage: 48 MB
% Instructions burned: 1801 (million)
% lrs+1010_4_to=lpo:sil=2000:plsq=on:prc=on:plsqr=18,1:sp=occurrence:fd=off:sac=on:random_seed=2901388975:s2a=on:i=163:nm=7:rawr=on_233 on p for (233ds/163Mi)
% Instruction limit reached! 
% ------------------------------
% Version: Vampire 5.0.1 (Release build, commit 1b13eaf on 2026-01-18 12:14:50 +0000)
% Linked with Z3 4.14.0.0 3c47fd96cf5645d0c42b2c819d9e9a84380aa721 NOTFOUND
% CaDiCaL version: 2.1.3
% Termination reason: Instruction limit
% Termination phase: Saturation
% Time elapsed: 0.058 s
% Peak memory usage: 15 MB
% Instructions burned: 164 (million)
% lrs-1011_4:1_anc=all_dependent:slsqr=5,4:to=kbo:sil=16000:tgt=ground:fde=none:sas=cadical:erd=off:fd=preordered:nwc=3:s2agt=16:alpa=true:flr=on:sac=on:lftc=80:slsq=on:avsqc=2:random_seed=3649294687:avsq=on:s2a=on:i=163:avsqr=7,8:ep=RST:fdi=8_232 on p for (232ds/163Mi)
% Aborted by signal SIGSEGV on /tmp/tmpb1ws6ar4/p.p
% ------------------------------
% Version: Vampire 5.0.1 (Release build, commit 1b13eaf on 2026-01-18 12:14:50 +0000)
% Linked with Z3 4.14.0.0 3c47fd96cf5645d0c42b2c819d9e9a84380aa721 NOTFOUND
% CaDiCaL version: 2.1.3
% Termination reason: Unknown
% Termination phase: Saturation
% Time elapsed: 0.002 s
% Peak memory usage: 12 MB
% dis-1011_2:1_to=lpo:sil=8000:plsq=on:plsqr=1,8:sos=on:erd=off:gs=on:random_seed=3536843120:st=10:i=164:sd=1:aac=none:bd=all:nm=3:ss=included:rawr=on_232 on p for (232ds/164Mi)
% Refutation not found, incomplete strategy
% ------------------------------
% Version: Vampire 5.0.1 (Release build, commit 1b13eaf on 2026-01-18 12:14:50 +0000)
% Linked with Z3 4.14.0.0 3c47fd96cf5645d0c42b2c819d9e9a84380aa721 NOTFOUND
% CaDiCaL version: 2.1.3
% Termination reason: Refutation not found, incomplete strategy
% Time elapsed: 0.002 s
% Peak memory usage: 12 MB
% ------------------------------
% ------------------------------
% lrs+10_2:5_slsqr=2,1:to=lpo:sil=2000:plsq=on:plsqc=1:sas=cadical:plsqr=64,1:sp=const_min:acc=on:bce=on:plsql=on:alpa=random:flr=on:sac=on:slsq=on:random_seed=595216326:s2a=on:i=230:s2at=2:slsql=off:fsr=off:gsp=on:ss=included:sgt=32:rawr=on_232 on p for (232ds/230Mi)
% Instruction limit reached! 
% ------------------------------
% Version: Vampire 5.0.1 (Release build, commit 1b13eaf on 2026-01-18 12:14:50 +0000)
% Linked with Z3 4.14.0.0 3c47fd96cf5645d0c42b2c819d9e9a84380aa721 NOTFOUND
% CaDiCaL version: 2.1.3
% Termination reason: Instruction limit
% Termination phase: Saturation
% Time elapsed: 0.072 s
% Peak memory usage: 17 MB
% Instructions burned: 230 (million)
% dis+1010_16_anc=all_dependent:to=lpo:sil=8000:sp=arity:fd=off:sac=on:random_seed=1428988630:st=5:i=165:sd=2:aac=none:ins=10:fsr=off:ss=axioms:fsd=on_231 on p for (231ds/165Mi)
% Instruction limit reached! 
% ------------------------------
% Version: Vampire 5.0.1 (Release build, commit 1b13eaf on 2026-01-18 12:14:50 +0000)
% Linked with Z3 4.14.0.0 3c47fd96cf5645d0c42b2c819d9e9a84380aa721 NOTFOUND
% CaDiCaL version: 2.1.3
% Termination reason: Instruction limit
% Termination phase: Saturation
% Time elapsed: 0.028 s
% Peak memory usage: 13 MB
% Instructions burned: 166 (million)
% lrs-2_64_to=lpo:sil=4000:sos=on:lcm=predicate:random_seed=1894367578:st=3:i=361:sd=5:av=off:ss=included_231 on p for (231ds/361Mi)
% Refutation not found, incomplete strategy
% ------------------------------
% Version: Vampire 5.0.1 (Release build, commit 1b13eaf on 2026-01-18 12:14:50 +0000)
% Linked with Z3 4.14.0.0 3c47fd96cf5645d0c42b2c819d9e9a84380aa721 NOTFOUND
% CaDiCaL version: 2.1.3
% Termination reason: Refutation not found, incomplete strategy
% Time elapsed: 0.0000 s
% Peak memory usage: 8 MB
% ------------------------------
% ------------------------------
% dis-1011_8_to=lpo:sil=4000:fde=none:nwc=2:random_seed=2018818486:st=5:s2a=on:i=231:s2at=2:sd=6:ep=RS:ins=1:ss=axioms_231 on p for (231ds/231Mi)
% Refutation not found, incomplete strategy
% ------------------------------
% Version: Vampire 5.0.1 (Release build, commit 1b13eaf on 2026-01-18 12:14:50 +0000)
% Linked with Z3 4.14.0.0 3c47fd96cf5645d0c42b2c819d9e9a84380aa721 NOTFOUND
% CaDiCaL version: 2.1.3
% Termination reason: Refutation not found, incomplete strategy
% Time elapsed: 0.0000 s
% Peak memory usage: 11 MB
% ------------------------------
% ------------------------------
% Aborted by signal SIGSEGV on /tmp/tmpb1ws6ar4/p.p
% ------------------------------
% Version: Vampire 5.0.1 (Release build, commit 1b13eaf on 2026-01-18 12:14:50 +0000)
% Linked with Z3 4.14.0.0 3c47fd96cf5645d0c42b2c819d9e9a84380aa721 NOTFOUND
% CaDiCaL version: 2.1.3
% Termination reason: Refutation not found, incomplete strategy
% Time elapsed: 0.0000 s
% Peak memory usage: 11 MB
% lrs-1010_8:1_anc=none:slsqr=4,1:to=lpo:sil=4000:tgt=ground:plsq=on:plsqc=1:plsqr=32,1:nwc=3:slsqc=1:slsq=on:avsqc=1:random_seed=2642884404:avsq=on:i=169:doe=on:nicw=on:nm=16:ss=axioms_231 on p for (231ds/169Mi)
% Refutation not found, incomplete strategy
% ------------------------------
% Version: Vampire 5.0.1 (Release build, commit 1b13eaf on 2026-01-18 12:14:50 +0000)
% Linked with Z3 4.14.0.0 3c47fd96cf5645d0c42b2c819d9e9a84380aa721 NOTFOUND
% CaDiCaL version: 2.1.3
% Termination reason: Refutation not found, incomplete strategy
% Time elapsed: 0.0000 s
% Peak memory usage: 11 MB
% ------------------------------
% ------------------------------
% lrs+11_32_anc=all:to=lpo:sil=4000:sos=all:erd=off:urr=on:sac=on:random_seed=1131693263:s2a=on:i=169:nicw=on:gtg=position:gsp=on:ss=axioms:sgt=8_231 on p for (231ds/169Mi)
% Refutation not found, incomplete strategy
% ------------------------------
% Version: Vampire 5.0.1 (Release build, commit 1b13eaf on 2026-01-18 12:14:50 +0000)
% Linked with Z3 4.14.0.0 3c47fd96cf5645d0c42b2c819d9e9a84380aa721 NOTFOUND
% CaDiCaL version: 2.1.3
% Termination reason: Refutation not found, incomplete strategy
% Time elapsed: 0.0000 s
% Peak memory usage: 12 MB
% ------------------------------
% ------------------------------
% ott+1011_16_to=lpo:sil=2000:lsd=100:newcnf=on:random_seed=793755191:st=3:s2a=on:i=169:sd=1:av=off:fsr=off:ss=axioms_231 on p for (231ds/169Mi)
% Instruction limit reached! 
% ------------------------------
% Version: Vampire 5.0.1 (Release build, commit 1b13eaf on 2026-01-18 12:14:50 +0000)
% Linked with Z3 4.14.0.0 3c47fd96cf5645d0c42b2c819d9e9a84380aa721 NOTFOUND
% CaDiCaL version: 2.1.3
% Termination reason: Instruction limit
% Termination phase: Saturation
% Time elapsed: 0.027 s
% Peak memory usage: 14 MB
% Instructions burned: 174 (million)
% lrs+1002_1_to=lpo:sil=128000:sos=on:random_seed=2768920250:st=1.5:i=170:sd=2:nm=2:gtg=all:ss=axioms:fsd=on_230 on p for (230ds/170Mi)
% Instruction limit reached! 
% ------------------------------
% Version: Vampire 5.0.1 (Release build, commit 1b13eaf on 2026-01-18 12:14:50 +0000)
% Linked with Z3 4.14.0.0 3c47fd96cf5645d0c42b2c819d9e9a84380aa721 NOTFOUND
% CaDiCaL version: 2.1.3
% Termination reason: Instruction limit
% Termination phase: Saturation
% Time elapsed: 0.027 s
% Peak memory usage: 14 MB
% Instructions burned: 176 (million)
% dis+4_4_to=lpo:sil=16000:plsq=on:plsqr=1,32:sp=unary_frequency:lcm=predicate:fd=off:rp=on:random_seed=1932786303:i=170:bd=preordered:nm=2:av=off:sup=off_230 on p for (230ds/170Mi)
% Refutation not found, incomplete strategy
% ------------------------------
% Version: Vampire 5.0.1 (Release build, commit 1b13eaf on 2026-01-18 12:14:50 +0000)
% Linked with Z3 4.14.0.0 3c47fd96cf5645d0c42b2c819d9e9a84380aa721 NOTFOUND
% CaDiCaL version: 2.1.3
% Termination reason: Refutation not found, incomplete strategy
% Time elapsed: 0.0000 s
% Peak memory usage: 8 MB
% ------------------------------
% ------------------------------
% dis-1011_5:1_to=lpo:sil=4000:lsd=50:random_seed=3764003732:s2a=on:i=171:s2at=1.2:ep=R:gtg=position_230 on p for (230ds/171Mi)
% Refutation not found, incomplete strategy
% ------------------------------
% Version: Vampire 5.0.1 (Release build, commit 1b13eaf on 2026-01-18 12:14:50 +0000)
% Linked with Z3 4.14.0.0 3c47fd96cf5645d0c42b2c819d9e9a84380aa721 NOTFOUND
% CaDiCaL version: 2.1.3
% Termination reason: Refutation not found, incomplete strategy
% Time elapsed: 0.0000 s
% Peak memory usage: 11 MB
% ------------------------------
% ------------------------------
% lrs+10_1_to=lpo:sil=4000:plsq=on:plsqr=32,1:sos=on:fs=off:acc=on:urr=ec_only:gs=on:sac=on:random_seed=3080092881:i=530:nm=0:fsr=off_230 on p for (230ds/530Mi)
% Refutation not found, incomplete strategy
% ------------------------------
% Version: Vampire 5.0.1 (Release build, commit 1b13eaf on 2026-01-18 12:14:50 +0000)
% Linked with Z3 4.14.0.0 3c47fd96cf5645d0c42b2c819d9e9a84380aa721 NOTFOUND
% CaDiCaL version: 2.1.3
% Termination reason: Refutation not found, incomplete strategy
% Time elapsed: 0.0000 s
% Peak memory usage: 12 MB
% ------------------------------
% ------------------------------
% lrs+1002_1_to=lpo:sil=8000:sos=on:erd=off:sac=on:random_seed=3684504156:st=6:i=1370:sd=4:aac=none:sup=off:ss=axioms:sgt=16_230 on p for (230ds/1370Mi)
% Refutation not found, incomplete strategy
% ------------------------------
% Version: Vampire 5.0.1 (Release build, commit 1b13eaf on 2026-01-18 12:14:50 +0000)
% Linked with Z3 4.14.0.0 3c47fd96cf5645d0c42b2c819d9e9a84380aa721 NOTFOUND
% CaDiCaL version: 2.1.3
% Termination reason: Refutation not found, incomplete strategy
% Time elapsed: 0.0000 s
% Peak memory usage: 11 MB
% ------------------------------
% ------------------------------
% WARNING Broken Constraint: if kbo_weight_scheme(arity_squared) has been set then term_ordering(lpo) is equal to kbo or term_ordering(lpo) is equal to auto_kbo
% dis+1011_64_to=lpo:sil=128000:bsd=on:sp=arity:sos=on:lsd=50:fd=off:random_seed=626105339:i=252:gtgl=4:kws=arity_squared:nm=16:av=off:gtg=exists_sym:gsp=on:fsd=on_230 on p for (230ds/252Mi)
% Instruction limit reached! 
% ------------------------------
% Version: Vampire 5.0.1 (Release build, commit 1b13eaf on 2026-01-18 12:14:50 +0000)
% Linked with Z3 4.14.0.0 3c47fd96cf5645d0c42b2c819d9e9a84380aa721 NOTFOUND
% CaDiCaL version: 2.1.3
% Termination reason: Instruction limit
% Termination phase: Saturation
% Time elapsed: 0.056 s
% Peak memory usage: 13 MB
% Instructions burned: 252 (million)
% WARNING Broken Constraint: if kbo_weight_scheme(precedence) has been set then term_ordering(lpo) is equal to kbo or term_ordering(lpo) is equal to auto_kbo
% dis+1010_3:1_to=lpo:sil=2000:tgt=full:prc=on:drc=off:fde=none:bsd=on:sp=unary_first:gs=on:br=off:random_seed=3350947901:i=178:kws=precedence:av=off:fsd=on_229 on p for (229ds/178Mi)
% Instruction limit reached! 
% ------------------------------
% Version: Vampire 5.0.1 (Release build, commit 1b13eaf on 2026-01-18 12:14:50 +0000)
% Linked with Z3 4.14.0.0 3c47fd96cf5645d0c42b2c819d9e9a84380aa721 NOTFOUND
% CaDiCaL version: 2.1.3
% Termination reason: Instruction limit
% Termination phase: Saturation
% Time elapsed: 0.053 s
% Peak memory usage: 13 MB
% Instructions burned: 186 (million)
% dis+10_8:1_to=lpo:sil=4000:sp=arity:sos=on:acc=on:fd=off:random_seed=2801718718:s2a=on:i=927:sd=2:ss=axioms_228 on p for (228ds/927Mi)
% Refutation not found, incomplete strategy
% ------------------------------
% Version: Vampire 5.0.1 (Release build, commit 1b13eaf on 2026-01-18 12:14:50 +0000)
% Linked with Z3 4.14.0.0 3c47fd96cf5645d0c42b2c819d9e9a84380aa721 NOTFOUND
% CaDiCaL version: 2.1.3
% Termination reason: Refutation not found, incomplete strategy
% Time elapsed: 0.001 s
% Peak memory usage: 11 MB
% ------------------------------
% ------------------------------
% lrs+10_1_to=lpo:sil=4000:sos=on:spb=goal:lcm=predicate:urr=on:s2agt=8:sac=on:slsq=on:random_seed=1686987946:st=3.3:s2a=on:i=269:sd=2:doe=on:nm=2:gtg=position:sup=off:ss=axioms_228 on p for (228ds/269Mi)
% Refutation not found, incomplete strategy
% ------------------------------
% Version: Vampire 5.0.1 (Release build, commit 1b13eaf on 2026-01-18 12:14:50 +0000)
% Linked with Z3 4.14.0.0 3c47fd96cf5645d0c42b2c819d9e9a84380aa721 NOTFOUND
% CaDiCaL version: 2.1.3
% Termination reason: Refutation not found, incomplete strategy
% Time elapsed: 0.002 s
% Peak memory usage: 11 MB
% ------------------------------
% ------------------------------
% WARNING Broken Constraint: if kbo_weight_scheme(arity_squared) has been set then term_ordering(lpo) is equal to kbo or term_ordering(lpo) is equal to auto_kbo
% lrs+21_32:1_to=lpo:sil=16000:bsd=on:sos=on:spb=goal_then_units:lcm=predicate:flr=on:random_seed=1278411950:s2a=on:i=185:s2at=3.5:kws=arity_squared_228 on p for (228ds/185Mi)
% Refutation not found, incomplete strategy
% ------------------------------
% Version: Vampire 5.0.1 (Release build, commit 1b13eaf on 2026-01-18 12:14:50 +0000)
% Linked with Z3 4.14.0.0 3c47fd96cf5645d0c42b2c819d9e9a84380aa721 NOTFOUND
% CaDiCaL version: 2.1.3
% Termination reason: Refutation not found, incomplete strategy
% Time elapsed: 0.0000 s
% Peak memory usage: 11 MB
% ------------------------------
% ------------------------------
% lrs+1010_64_to=lpo:sil=2000:sos=on:erd=off:bce=on:bsr=on:nwc=1:flr=on:newcnf=on:random_seed=1506723976:i=277:av=off:fdi=64_227 on p for (227ds/277Mi)
% Refutation not found, incomplete strategy
% ------------------------------
% Version: Vampire 5.0.1 (Release build, commit 1b13eaf on 2026-01-18 12:14:50 +0000)
% Linked with Z3 4.14.0.0 3c47fd96cf5645d0c42b2c819d9e9a84380aa721 NOTFOUND
% CaDiCaL version: 2.1.3
% Termination reason: Refutation not found, incomplete strategy
% Time elapsed: 0.002 s
% Peak memory usage: 8 MB
% ------------------------------
% ------------------------------
% lrs-1011_64_to=lpo:sil=4000:fd=preordered:br=off:random_seed=3708241827:i=456:sd=2:av=off:ss=axioms:sgt=32_227 on p for (227ds/456Mi)
% Instruction limit reached! 
% ------------------------------
% Version: Vampire 5.0.1 (Release build, commit 1b13eaf on 2026-01-18 12:14:50 +0000)
% Linked with Z3 4.14.0.0 3c47fd96cf5645d0c42b2c819d9e9a84380aa721 NOTFOUND
% CaDiCaL version: 2.1.3
% Termination reason: Instruction limit
% Termination phase: Saturation
% Time elapsed: 0.086 s
% Peak memory usage: 19 MB
% Instructions burned: 460 (million)
% lrs+10_32_to=lpo:sil=2000:sp=occurrence:sos=all:urr=on:br=off:random_seed=1916722881:st=3:i=635:sd=5:sup=off:ss=included_226 on p for (226ds/635Mi)
% Refutation not found, incomplete strategy
% ------------------------------
% Version: Vampire 5.0.1 (Release build, commit 1b13eaf on 2026-01-18 12:14:50 +0000)
% Linked with Z3 4.14.0.0 3c47fd96cf5645d0c42b2c819d9e9a84380aa721 NOTFOUND
% CaDiCaL version: 2.1.3
% Termination reason: Refutation not found, incomplete strategy
% Time elapsed: 0.002 s
% Peak memory usage: 11 MB
% ------------------------------
% ------------------------------
% lrs+1011_23:4_slsqr=8,1:to=lpo:sil=32000:plsq=on:fde=none:plsqc=4:plsqr=64,1:spb=goal_then_units:acc=on:urr=on:plsql=on:gs=on:slsqc=4:alpa=true:slsq=on:random_seed=2009020284:cond=on:i=190:add=on:aac=none:doe=on:slsql=off:bd=preordered:nm=2:sup=off:ss=axioms_226 on p for (226ds/190Mi)
% Refutation not found, incomplete strategy
% ------------------------------
% Version: Vampire 5.0.1 (Release build, commit 1b13eaf on 2026-01-18 12:14:50 +0000)
% Linked with Z3 4.14.0.0 3c47fd96cf5645d0c42b2c819d9e9a84380aa721 NOTFOUND
% CaDiCaL version: 2.1.3
% Termination reason: Refutation not found, incomplete strategy
% Time elapsed: 0.002 s
% Peak memory usage: 12 MB
% ------------------------------
% ------------------------------
% dis+1010_32:1_to=lpo:sil=2000:bsd=on:fd=off:slsq=on:random_seed=416750816:cts=off:i=1282:sd=1:av=off:gtg=position:ss=axioms_226 on p for (226ds/1282Mi)
% Refutation not found, incomplete strategy
% ------------------------------
% Version: Vampire 5.0.1 (Release build, commit 1b13eaf on 2026-01-18 12:14:50 +0000)
% Linked with Z3 4.14.0.0 3c47fd96cf5645d0c42b2c819d9e9a84380aa721 NOTFOUND
% CaDiCaL version: 2.1.3
% Termination reason: Refutation not found, incomplete strategy
% Time elapsed: 0.002 s
% Peak memory usage: 8 MB
% ------------------------------
% ------------------------------
% lrs+1011_16_anc=all_dependent:to=lpo:sil=4000:plsq=on:fde=none:plsqc=1:sas=cadical:plsqr=64,1:sos=on:spb=non_intro:plsql=on:fd=off:alpa=random:sac=on:random_seed=1286814990:avsq=on:i=191:avsqr=1,16:nm=16:ins=1:rawr=on_226 on p for (226ds/191Mi)
% Refutation not found, incomplete strategy
% ------------------------------
% Version: Vampire 5.0.1 (Release build, commit 1b13eaf on 2026-01-18 12:14:50 +0000)
% Linked with Z3 4.14.0.0 3c47fd96cf5645d0c42b2c819d9e9a84380aa721 NOTFOUND
% CaDiCaL version: 2.1.3
% Termination reason: Refutation not found, incomplete strategy
% Time elapsed: 0.002 s
% Peak memory usage: 12 MB
% ------------------------------
% ------------------------------
% WARNING Broken Constraint: if kbo_max_zero(on) has been set then term_ordering(lpo) is equal to kbo or term_ordering(lpo) is equal to auto_kbo
% WARNING Broken Constraint: if kbo_weight_scheme(precedence) has been set then term_ordering(lpo) is equal to kbo or term_ordering(lpo) is equal to auto_kbo
% lrs+11_1_anc=all_dependent:to=lpo:sil=2000:plsq=on:fde=unused:plsqr=32,1:spb=intro:bsr=unit_only:gs=on:kmz=on:newcnf=on:random_seed=4016360614:st=1.2:i=564:gtgl=3:sd=3:kws=precedence:gtg=exists_top:fdi=4:ss=axioms:sgt=10_225 on p for (225ds/564Mi)
% Instruction limit reached! 
% ------------------------------
% Version: Vampire 5.0.1 (Release build, commit 1b13eaf on 2026-01-18 12:14:50 +0000)
% Linked with Z3 4.14.0.0 3c47fd96cf5645d0c42b2c819d9e9a84380aa721 NOTFOUND
% CaDiCaL version: 2.1.3
% Termination reason: Instruction limit
% Termination phase: Saturation
% Time elapsed: 0.180 s
% Peak memory usage: 19 MB
% Instructions burned: 564 (million)
% dis-1011_25:7_to=lpo:sil=4000:sas=cadical:avsql=on:lsd=50:acc=on:bsr=unit_only:nwc=4:newcnf=on:avsqc=2:random_seed=2969271995:avsq=on:s2a=on:i=193:s2at=-1:avsqr=2,3:aac=none:ep=RSTC:rawr=on_223 on p for (223ds/193Mi)
% Aborted by signal SIGSEGV on /tmp/tmpb1ws6ar4/p.p
% ------------------------------
% Version: Vampire 5.0.1 (Release build, commit 1b13eaf on 2026-01-18 12:14:50 +0000)
% Linked with Z3 4.14.0.0 3c47fd96cf5645d0c42b2c819d9e9a84380aa721 NOTFOUND
% CaDiCaL version: 2.1.3
% Termination reason: Unknown
% Termination phase: Saturation
% Time elapsed: 0.008 s
% Peak memory usage: 12 MB
% Instructions burned: 15 (million)
% dis+1003_12_to=lpo:sil=4000:plsq=on:plsqr=32,1:sp=weighted_frequency:sos=all:erd=off:lma=off:spb=intro:lcm=predicate:acc=on:urr=full:slsqc=2:updr=off:newcnf=on:slsq=on:random_seed=2408382303:i=195:ins=10:fsr=off:fdi=4:gsp=on_223 on p for (223ds/195Mi)
% Refutation not found, incomplete strategy
% ------------------------------
% Version: Vampire 5.0.1 (Release build, commit 1b13eaf on 2026-01-18 12:14:50 +0000)
% Linked with Z3 4.14.0.0 3c47fd96cf5645d0c42b2c819d9e9a84380aa721 NOTFOUND
% CaDiCaL version: 2.1.3
% Termination reason: Refutation not found, incomplete strategy
% Time elapsed: 0.002 s
% Peak memory usage: 12 MB
% ------------------------------
% ------------------------------
% lrs+1010_4_to=lpo:sil=4000:drc=off:sp=weighted_frequency:spb=goal_then_units:nwc=5:lftc=50:random_seed=2882996128:s2a=on:i=302:fgj=on:bd=all_223 on p for (223ds/302Mi)
% Instruction limit reached! 
% ------------------------------
% Version: Vampire 5.0.1 (Release build, commit 1b13eaf on 2026-01-18 12:14:50 +0000)
% Linked with Z3 4.14.0.0 3c47fd96cf5645d0c42b2c819d9e9a84380aa721 NOTFOUND
% CaDiCaL version: 2.1.3
% Termination reason: Instruction limit
% Termination phase: Saturation
% Time elapsed: 0.074 s
% Peak memory usage: 15 MB
% Instructions burned: 304 (million)
% lrs+1011_1_sfv=off:to=lpo:sil=4000:sp=arity:sos=all:spb=goal:urr=ec_only:br=off:random_seed=2009371515:i=2020:sd=1:ss=included_222 on p for (222ds/2020Mi)
% Refutation not found, incomplete strategy
% ------------------------------
% Version: Vampire 5.0.1 (Release build, commit 1b13eaf on 2026-01-18 12:14:50 +0000)
% Linked with Z3 4.14.0.0 3c47fd96cf5645d0c42b2c819d9e9a84380aa721 NOTFOUND
% CaDiCaL version: 2.1.3
% Termination reason: Refutation not found, incomplete strategy
% Time elapsed: 0.002 s
% Peak memory usage: 11 MB
% ------------------------------
% ------------------------------
% dis+1011_32_slsqr=1,4:to=lpo:sil=4000:erd=off:s2agt=8:slsqc=3:slsq=on:random_seed=2092091160:i=912:sd=4:nicw=on:ep=RS:ss=axioms:sgt=32_222 on p for (222ds/912Mi)
% Refutation not found, incomplete strategy
% ------------------------------
% Version: Vampire 5.0.1 (Release build, commit 1b13eaf on 2026-01-18 12:14:50 +0000)
% Linked with Z3 4.14.0.0 3c47fd96cf5645d0c42b2c819d9e9a84380aa721 NOTFOUND
% CaDiCaL version: 2.1.3
% Termination reason: Refutation not found, incomplete strategy
% Time elapsed: 0.002 s
% Peak memory usage: 11 MB
% ------------------------------
% ------------------------------
% Aborted by signal SIGSEGV on /tmp/tmpb1ws6ar4/p.p
% ------------------------------
% Version: Vampire 5.0.1 (Release build, commit 1b13eaf on 2026-01-18 12:14:50 +0000)
% Linked with Z3 4.14.0.0 3c47fd96cf5645d0c42b2c819d9e9a84380aa721 NOTFOUND
% CaDiCaL version: 2.1.3
% Termination reason: Refutation not found, incomplete strategy
% Time elapsed: 0.002 s
% Peak memory usage: 11 MB
% lrs-11_23:64_sfv=off:to=lpo:sil=4000:tgt=ground:sp=const_min:sos=all:spb=goal:lcm=predicate:urr=on:fd=preordered:nwc=1:flr=on:lftc=40:random_seed=1048645746:st=1.38385:i=303:add=off:aac=none:ss=axioms_222 on p for (222ds/303Mi)
% Refutation not found, incomplete strategy
% ------------------------------
% Version: Vampire 5.0.1 (Release build, commit 1b13eaf on 2026-01-18 12:14:50 +0000)
% Linked with Z3 4.14.0.0 3c47fd96cf5645d0c42b2c819d9e9a84380aa721 NOTFOUND
% CaDiCaL version: 2.1.3
% Termination reason: Refutation not found, incomplete strategy
% Time elapsed: 0.001 s
% Peak memory usage: 11 MB
% ------------------------------
% ------------------------------
% dis+1011_3:1_to=lpo:sil=8000:prc=on:drc=off:fde=unused:sp=reverse_arity:spb=non_intro:random_seed=120941170:i=817:ins=20:av=off_221 on p for (221ds/817Mi)
% Instruction limit reached! 
% ------------------------------
% Version: Vampire 5.0.1 (Release build, commit 1b13eaf on 2026-01-18 12:14:50 +0000)
% Linked with Z3 4.14.0.0 3c47fd96cf5645d0c42b2c819d9e9a84380aa721 NOTFOUND
% CaDiCaL version: 2.1.3
% Termination reason: Instruction limit
% Termination phase: Saturation
% Time elapsed: 0.146 s
% Peak memory usage: 14 MB
% Instructions burned: 819 (million)
% dis+1_32:1_to=lpo:sil=128000:sp=occurrence:acc=on:s2agt=30:random_seed=158460735:s2pl=no:s2a=on:i=1164:sd=2:nicw=on:fsr=off:ss=included_220 on p for (220ds/1164Mi)
% Instruction limit reached! 
% ------------------------------
% Version: Vampire 5.0.1 (Release build, commit 1b13eaf on 2026-01-18 12:14:50 +0000)
% Linked with Z3 4.14.0.0 3c47fd96cf5645d0c42b2c819d9e9a84380aa721 NOTFOUND
% CaDiCaL version: 2.1.3
% Termination reason: Instruction limit
% Termination phase: Saturation
% Time elapsed: 0.184 s
% Peak memory usage: 19 MB
% Instructions burned: 1173 (million)
% lrs-1011_1_to=lpo:sil=2000:sos=all:spb=goal_then_units:random_seed=2002118134:i=208_218 on p for (218ds/208Mi)
% Refutation not found, incomplete strategy
% ------------------------------
% Version: Vampire 5.0.1 (Release build, commit 1b13eaf on 2026-01-18 12:14:50 +0000)
% Linked with Z3 4.14.0.0 3c47fd96cf5645d0c42b2c819d9e9a84380aa721 NOTFOUND
% CaDiCaL version: 2.1.3
% Termination reason: Refutation not found, incomplete strategy
% Time elapsed: 0.001 s
% Peak memory usage: 11 MB
% ------------------------------
% ------------------------------
% lrs+1011_1_to=lpo:sil=32000:sp=occurrence:sos=all:random_seed=2952525676:st=2.3:i=7185:sd=14:ss=axioms:sgt=16_217 on p for (217ds/7185Mi)
% Refutation not found, incomplete strategy
% ------------------------------
% Version: Vampire 5.0.1 (Release build, commit 1b13eaf on 2026-01-18 12:14:50 +0000)
% Linked with Z3 4.14.0.0 3c47fd96cf5645d0c42b2c819d9e9a84380aa721 NOTFOUND
% CaDiCaL version: 2.1.3
% Termination reason: Refutation not found, incomplete strategy
% Time elapsed: 0.0000 s
% Peak memory usage: 11 MB
% ------------------------------
% ------------------------------
% dis+1002_2_to=lpo:sil=8000:sos=on:random_seed=3584587676:i=322:sd=2:ep=R:nm=4:gtg=position:ss=axioms:sgt=4_217 on p for (217ds/322Mi)
% Refutation not found, incomplete strategy
% ------------------------------
% Version: Vampire 5.0.1 (Release build, commit 1b13eaf on 2026-01-18 12:14:50 +0000)
% Linked with Z3 4.14.0.0 3c47fd96cf5645d0c42b2c819d9e9a84380aa721 NOTFOUND
% CaDiCaL version: 2.1.3
% Termination reason: Refutation not found, incomplete strategy
% Time elapsed: 0.0000 s
% Peak memory usage: 11 MB
% ------------------------------
% ------------------------------
% WARNING Broken Constraint: if kbo_weight_scheme(inv_arity_squared) has been set then term_ordering(lpo) is equal to kbo or term_ordering(lpo) is equal to auto_kbo
% lrs-1010_1_to=lpo:sil=2000:plsq=on:plsqr=50755291,524288:urr=on:rp=on:s2agt=40:br=off:random_seed=2766836481:s2a=on:i=329:add=off:sd=1:kws=inv_arity_squared:gsp=on:ss=axioms:sgt=8_217 on p for (217ds/329Mi)
% Instruction limit reached! 
% ------------------------------
% Version: Vampire 5.0.1 (Release build, commit 1b13eaf on 2026-01-18 12:14:50 +0000)
% Linked with Z3 4.14.0.0 3c47fd96cf5645d0c42b2c819d9e9a84380aa721 NOTFOUND
% CaDiCaL version: 2.1.3
% Termination reason: Instruction limit
% Termination phase: Saturation
% Time elapsed: 0.049 s
% Peak memory usage: 17 MB
% Instructions burned: 333 (million)
% lrs-1011_1_to=lpo:sil=2000:erd=off:random_seed=149341422:i=215:ep=RS:nm=2_217 on p for (217ds/215Mi)
% Refutation not found, incomplete strategy
% ------------------------------
% Version: Vampire 5.0.1 (Release build, commit 1b13eaf on 2026-01-18 12:14:50 +0000)
% Linked with Z3 4.14.0.0 3c47fd96cf5645d0c42b2c819d9e9a84380aa721 NOTFOUND
% CaDiCaL version: 2.1.3
% Termination reason: Refutation not found, incomplete strategy
% Time elapsed: 0.0000 s
% Peak memory usage: 11 MB
% ------------------------------
% ------------------------------
% Aborted by signal SIGSEGV on /tmp/tmpb1ws6ar4/p.p
% ------------------------------
% Version: Vampire 5.0.1 (Release build, commit 1b13eaf on 2026-01-18 12:14:50 +0000)
% Linked with Z3 4.14.0.0 3c47fd96cf5645d0c42b2c819d9e9a84380aa721 NOTFOUND
% CaDiCaL version: 2.1.3
% Termination reason: Refutation not found, incomplete strategy
% Time elapsed: 0.0000 s
% Peak memory usage: 11 MB
% dis+1011_20_to=lpo:sil=4000:bsd=on:newcnf=on:slsq=on:random_seed=2254087742:i=215:sd=1:slsql=off:ss=axioms:fsd=on_217 on p for (217ds/215Mi)
% Refutation not found, incomplete strategy
% ------------------------------
% Version: Vampire 5.0.1 (Release build, commit 1b13eaf on 2026-01-18 12:14:50 +0000)
% Linked with Z3 4.14.0.0 3c47fd96cf5645d0c42b2c819d9e9a84380aa721 NOTFOUND
% CaDiCaL version: 2.1.3
% Termination reason: Refutation not found, incomplete strategy
% Time elapsed: 0.0000 s
% Peak memory usage: 11 MB
% ------------------------------
% ------------------------------
% lrs+1011_1_to=lpo:sil=256000:plsq=on:newcnf=on:random_seed=1098477673:st=2:i=216:sd=3:ep=R:av=off:ss=included:sgt=16_217 on p for (217ds/216Mi)
% Refutation not found, incomplete strategy
% ------------------------------
% Version: Vampire 5.0.1 (Release build, commit 1b13eaf on 2026-01-18 12:14:50 +0000)
% Linked with Z3 4.14.0.0 3c47fd96cf5645d0c42b2c819d9e9a84380aa721 NOTFOUND
% CaDiCaL version: 2.1.3
% Termination reason: Refutation not found, incomplete strategy
% Time elapsed: 0.0000 s
% Peak memory usage: 9 MB
% ------------------------------
% ------------------------------
% lrs-1002_50_to=lpo:sil=2000:sas=cadical:sos=on:spb=non_intro:random_seed=3445675934:i=223:doe=on:bd=all:fsr=off:fsd=on:fsdmm=1_217 on p for (217ds/223Mi)
% Refutation not found, incomplete strategy
% ------------------------------
% Version: Vampire 5.0.1 (Release build, commit 1b13eaf on 2026-01-18 12:14:50 +0000)
% Linked with Z3 4.14.0.0 3c47fd96cf5645d0c42b2c819d9e9a84380aa721 NOTFOUND
% CaDiCaL version: 2.1.3
% Termination reason: Refutation not found, incomplete strategy
% Time elapsed: 0.0000 s
% Peak memory usage: 12 MB
% ------------------------------
% ------------------------------
% lrs+1010_1_to=lpo:sil=16000:plsq=on:fde=none:plsqr=32,1:sos=on:erd=off:random_seed=1139603921:cts=off:i=227:av=off_217 on p for (217ds/227Mi)
% Refutation not found, incomplete strategy
% ------------------------------
% Version: Vampire 5.0.1 (Release build, commit 1b13eaf on 2026-01-18 12:14:50 +0000)
% Linked with Z3 4.14.0.0 3c47fd96cf5645d0c42b2c819d9e9a84380aa721 NOTFOUND
% CaDiCaL version: 2.1.3
% Termination reason: Refutation not found, incomplete strategy
% Time elapsed: 0.0000 s
% Peak memory usage: 8 MB
% ------------------------------
% ------------------------------
% lrs+1002_1_to=lpo:sil=4000:sp=occurrence:sos=on:erd=off:random_seed=1891074741:i=1636:sd=2:ep=RS:av=off:ss=axioms_217 on p for (217ds/1636Mi)
% Refutation not found, incomplete strategy
% ------------------------------
% Version: Vampire 5.0.1 (Release build, commit 1b13eaf on 2026-01-18 12:14:50 +0000)
% Linked with Z3 4.14.0.0 3c47fd96cf5645d0c42b2c819d9e9a84380aa721 NOTFOUND
% CaDiCaL version: 2.1.3
% Termination reason: Refutation not found, incomplete strategy
% Time elapsed: 0.0000 s
% Peak memory usage: 8 MB
% ------------------------------
% ------------------------------
% dis-30_1_to=lpo:sil=16000:random_seed=882301470:st=3:i=6010:ep=RST:av=off:ss=included_217 on p for (217ds/6010Mi)
% Instruction limit reached! 
% ------------------------------
% Version: Vampire 5.0.1 (Release build, commit 1b13eaf on 2026-01-18 12:14:50 +0000)
% Linked with Z3 4.14.0.0 3c47fd96cf5645d0c42b2c819d9e9a84380aa721 NOTFOUND
% CaDiCaL version: 2.1.3
% Termination reason: Instruction limit
% Termination phase: Saturation
% Time elapsed: 0.732 s
% Peak memory usage: 14 MB
% Instructions burned: 6012 (million)
% WARNING Broken Constraint: if kbo_weight_scheme(precedence) has been set then term_ordering(lpo) is equal to kbo or term_ordering(lpo) is equal to auto_kbo
% lrs+2_1_to=lpo:sil=2000:random_seed=2025200793:i=1044:kws=precedence:fsr=off_209 on p for (209ds/1044Mi)
% Instruction limit reached! 
% ------------------------------
% Version: Vampire 5.0.1 (Release build, commit 1b13eaf on 2026-01-18 12:14:50 +0000)
% Linked with Z3 4.14.0.0 3c47fd96cf5645d0c42b2c819d9e9a84380aa721 NOTFOUND
% CaDiCaL version: 2.1.3
% Termination reason: Instruction limit
% Termination phase: Saturation
% Time elapsed: 0.150 s
% Peak memory usage: 31 MB
% Instructions burned: 1046 (million)
% lrs+0_32:1_to=lpo:sil=64000:tgt=ground:irw=on:prc=on:sp=reverse_frequency:bce=on:bsr=on:random_seed=926513394:i=372:sd=1:erml=2:bs=unit_only:bd=all:av=off:gtg=exists_sym:ss=axioms:er=filter_208 on p for (208ds/372Mi)
% Instruction limit reached! 
% ------------------------------
% Version: Vampire 5.0.1 (Release build, commit 1b13eaf on 2026-01-18 12:14:50 +0000)
% Linked with Z3 4.14.0.0 3c47fd96cf5645d0c42b2c819d9e9a84380aa721 NOTFOUND
% CaDiCaL version: 2.1.3
% Termination reason: Instruction limit
% Termination phase: Saturation
% Time elapsed: 0.055 s
% Peak memory usage: 16 MB
% Instructions burned: 376 (million)
% lrs+1010_32_to=lpo:sil=4000:plsq=on:bsr=unit_only:nwc=3:newcnf=on:random_seed=1889323828:cts=off:i=516:gtgl=5:nm=16:av=off:gtg=exists_sym_207 on p for (207ds/516Mi)
% Instruction limit reached! 
% ------------------------------
% Version: Vampire 5.0.1 (Release build, commit 1b13eaf on 2026-01-18 12:14:50 +0000)
% Linked with Z3 4.14.0.0 3c47fd96cf5645d0c42b2c819d9e9a84380aa721 NOTFOUND
% CaDiCaL version: 2.1.3
% Termination reason: Instruction limit
% Termination phase: Saturation
% Time elapsed: 0.163 s
% Peak memory usage: 20 MB
% Instructions burned: 521 (million)
% lrs-1010_3:2_to=lpo:sil=4000:irw=on:plsq=on:plsqc=4:fd=preordered:updr=off:lwlo=on:random_seed=709099510:lrd=on:i=2469:bd=preordered_205 on p for (205ds/2469Mi)
% Instruction limit reached! 
% ------------------------------
% Version: Vampire 5.0.1 (Release build, commit 1b13eaf on 2026-01-18 12:14:50 +0000)
% Linked with Z3 4.14.0.0 3c47fd96cf5645d0c42b2c819d9e9a84380aa721 NOTFOUND
% CaDiCaL version: 2.1.3
% Termination reason: Instruction limit
% Termination phase: Saturation
% Time elapsed: 0.425 s
% Peak memory usage: 40 MB
% Instructions burned: 2470 (million)
% dis+1011_128_to=lpo:sil=4000:tgt=full:sos=on:spb=goal:lsd=100:bsr=on:br=off:random_seed=2638615173:i=242:sd=1:gtg=position:ss=axioms:sgt=64_201 on p for (201ds/242Mi)
% Refutation not found, incomplete strategy
% ------------------------------
% Version: Vampire 5.0.1 (Release build, commit 1b13eaf on 2026-01-18 12:14:50 +0000)
% Linked with Z3 4.14.0.0 3c47fd96cf5645d0c42b2c819d9e9a84380aa721 NOTFOUND
% CaDiCaL version: 2.1.3
% Termination reason: Refutation not found, incomplete strategy
% Time elapsed: 0.0000 s
% Peak memory usage: 11 MB
% ------------------------------
% ------------------------------
% lrs-1011_12_to=lpo:sil=8000:prc=on:drc=off:sp=reverse_frequency:erd=off:lsd=1:urr=on:bce=on:rp=on:nwc=0.6:newcnf=on:avsqc=1:random_seed=3503035627:avsq=on:s2a=on:i=242:bd=preordered:nm=2:fsd=on_201 on p for (201ds/242Mi)
% Instruction limit reached! 
% ------------------------------
% Version: Vampire 5.0.1 (Release build, commit 1b13eaf on 2026-01-18 12:14:50 +0000)
% Linked with Z3 4.14.0.0 3c47fd96cf5645d0c42b2c819d9e9a84380aa721 NOTFOUND
% CaDiCaL version: 2.1.3
% Termination reason: Instruction limit
% Termination phase: Saturation
% Time elapsed: 0.034 s
% Peak memory usage: 15 MB
% Instructions burned: 245 (million)
% dis+1010_6_to=lpo:sil=16000:tgt=full:sp=unary_first:nwc=2:random_seed=3528381476:s2a=on:i=2051:sd=1:nm=4:gsp=on:ss=included_200 on p for (200ds/2051Mi)
% Instruction limit reached! 
% ------------------------------
% Version: Vampire 5.0.1 (Release build, commit 1b13eaf on 2026-01-18 12:14:50 +0000)
% Linked with Z3 4.14.0.0 3c47fd96cf5645d0c42b2c819d9e9a84380aa721 NOTFOUND
% CaDiCaL version: 2.1.3
% Termination reason: Instruction limit
% Termination phase: Saturation
% Time elapsed: 0.369 s
% Peak memory usage: 27 MB
% Instructions burned: 2058 (million)
% lrs-1011_1_to=lpo:sil=2000:plsq=on:plsqr=128,1:flr=on:random_seed=4036978412:i=253:gtgl=2:sd=1:gtg=exists_all:ss=axioms_196 on p for (196ds/253Mi)
% Instruction limit reached! 
% ------------------------------
% Version: Vampire 5.0.1 (Release build, commit 1b13eaf on 2026-01-18 12:14:50 +0000)
% Linked with Z3 4.14.0.0 3c47fd96cf5645d0c42b2c819d9e9a84380aa721 NOTFOUND
% CaDiCaL version: 2.1.3
% Termination reason: Instruction limit
% Termination phase: Saturation
% Time elapsed: 0.081 s
% Peak memory usage: 16 MB
% Instructions burned: 256 (million)
% lrs+10_1_slsqr=8,1:to=lpo:sil=16000:plsq=on:plsqr=32,1:sp=unary_first:erd=off:spb=units:lcm=reverse:urr=on:slsqc=1:flr=on:slsq=on:random_seed=3383833396:i=256:s2at=9:bd=preordered:av=off:fsr=off:fdi=8_195 on p for (195ds/256Mi)
% Instruction limit reached! 
% ------------------------------
% Version: Vampire 5.0.1 (Release build, commit 1b13eaf on 2026-01-18 12:14:50 +0000)
% Linked with Z3 4.14.0.0 3c47fd96cf5645d0c42b2c819d9e9a84380aa721 NOTFOUND
% CaDiCaL version: 2.1.3
% Termination reason: Instruction limit
% Termination phase: Saturation
% Time elapsed: 0.083 s
% Peak memory usage: 15 MB
% Instructions burned: 258 (million)
% dis+11_1_to=lpo:sil=32000:tgt=full:plsq=on:fde=unused:plsqc=1:plsqr=128,1:sos=on:erd=off:plsql=on:newcnf=on:random_seed=2049584150:s2pl=on:cts=off:i=259:bs=on:av=off:fsr=off:ss=axioms:fsd=on:sgt=32:rawr=on_194 on p for (194ds/259Mi)
% Refutation not found, incomplete strategy
% ------------------------------
% Version: Vampire 5.0.1 (Release build, commit 1b13eaf on 2026-01-18 12:14:50 +0000)
% Linked with Z3 4.14.0.0 3c47fd96cf5645d0c42b2c819d9e9a84380aa721 NOTFOUND
% CaDiCaL version: 2.1.3
% Termination reason: Refutation not found, incomplete strategy
% Time elapsed: 0.002 s
% Peak memory usage: 8 MB
% ------------------------------
% ------------------------------
% lrs-1010_16:1_to=lpo:sil=8000:sp=occurrence:sos=on:acc=on:random_seed=1495687511:i=1549:sd=1:nm=12:fsr=off:ss=included_194 on p for (194ds/1549Mi)
% Refutation not found, incomplete strategy
% ------------------------------
% Version: Vampire 5.0.1 (Release build, commit 1b13eaf on 2026-01-18 12:14:50 +0000)
% Linked with Z3 4.14.0.0 3c47fd96cf5645d0c42b2c819d9e9a84380aa721 NOTFOUND
% CaDiCaL version: 2.1.3
% Termination reason: Refutation not found, incomplete strategy
% Time elapsed: 0.002 s
% Peak memory usage: 11 MB
% ------------------------------
% ------------------------------
% lrs+33_2003:644_to=lpo:sil=4000:sp=reverse_frequency:lcm=predicate:urr=on:s2agt=10:random_seed=1957416585:s2a=on:i=751:bd=preordered:ins=1:fdi=8:gsp=on_194 on p for (194ds/751Mi)
% Instruction limit reached! 
% ------------------------------
% Version: Vampire 5.0.1 (Release build, commit 1b13eaf on 2026-01-18 12:14:50 +0000)
% Linked with Z3 4.14.0.0 3c47fd96cf5645d0c42b2c819d9e9a84380aa721 NOTFOUND
% CaDiCaL version: 2.1.3
% Termination reason: Instruction limit
% Termination phase: Saturation
% Time elapsed: 0.188 s
% Peak memory usage: 19 MB
% Instructions burned: 751 (million)
% lrs+10_1_to=lpo:sil=16000:sp=occurrence:urr=on:br=off:random_seed=2641823071:st=5:s2a=on:i=758:s2at=2:sd=2:nm=2:gtg=exists_top:sup=off:ss=axioms_192 on p for (192ds/758Mi)
% Refutation not found, incomplete strategy
% ------------------------------
% Version: Vampire 5.0.1 (Release build, commit 1b13eaf on 2026-01-18 12:14:50 +0000)
% Linked with Z3 4.14.0.0 3c47fd96cf5645d0c42b2c819d9e9a84380aa721 NOTFOUND
% CaDiCaL version: 2.1.3
% Termination reason: Refutation not found, incomplete strategy
% Time elapsed: 0.0000 s
% Peak memory usage: 11 MB
% ------------------------------
% ------------------------------
% lrs+1010_64_to=lpo:sil=2000:fde=none:sp=const_max:sos=on:urr=ec_only:bsr=unit_only:fd=off:rp=on:br=off:alpa=true:sac=on:random_seed=1507666495:avsq=on:i=596:avsqr=8,1:ins=2:fdi=1024:rawr=on_192 on p for (192ds/596Mi)
% Refutation not found, incomplete strategy
% ------------------------------
% Version: Vampire 5.0.1 (Release build, commit 1b13eaf on 2026-01-18 12:14:50 +0000)
% Linked with Z3 4.14.0.0 3c47fd96cf5645d0c42b2c819d9e9a84380aa721 NOTFOUND
% CaDiCaL version: 2.1.3
% Termination reason: Refutation not found, incomplete strategy
% Time elapsed: 0.0000 s
% Peak memory usage: 11 MB
% ------------------------------
% ------------------------------
% ott+1011_2:7_to=lpo:sil=2000:tgt=full:plsq=on:fde=none:plsqc=5:sims=off:sp=unary_first:spb=non_intro:lsd=10:plsql=on:nwc=20:s2agt=128:random_seed=3787132928:s2a=on:i=1443:s2at=3:bd=preordered:av=off:gtg=exists_top:fdi=8_192 on p for (192ds/1443Mi)
% Instruction limit reached! 
% ------------------------------
% Version: Vampire 5.0.1 (Release build, commit 1b13eaf on 2026-01-18 12:14:50 +0000)
% Linked with Z3 4.14.0.0 3c47fd96cf5645d0c42b2c819d9e9a84380aa721 NOTFOUND
% CaDiCaL version: 2.1.3
% Termination reason: Instruction limit
% Termination phase: Saturation
% Time elapsed: 0.249 s
% Peak memory usage: 25 MB
% Instructions burned: 1448 (million)
% lrs-1011_4_to=lpo:sil=2000:sp=arity:flr=on:random_seed=2570634102:st=3:i=268:bd=preordered:ss=axioms_189 on p for (189ds/268Mi)
% Instruction limit reached! 
% ------------------------------
% Version: Vampire 5.0.1 (Release build, commit 1b13eaf on 2026-01-18 12:14:50 +0000)
% Linked with Z3 4.14.0.0 3c47fd96cf5645d0c42b2c819d9e9a84380aa721 NOTFOUND
% CaDiCaL version: 2.1.3
% Termination reason: Instruction limit
% Termination phase: Saturation
% Time elapsed: 0.039 s
% Peak memory usage: 15 MB
% Instructions burned: 268 (million)
% lrs+1011_4_sfv=off:to=lpo:sil=2000:fde=none:sp=const_frequency:sos=all:br=off:random_seed=1789968400:st=4:i=269:sd=3:doe=on:ins=10:av=off:ss=axioms_189 on p for (189ds/269Mi)
% Refutation not found, incomplete strategy
% ------------------------------
% Version: Vampire 5.0.1 (Release build, commit 1b13eaf on 2026-01-18 12:14:50 +0000)
% Linked with Z3 4.14.0.0 3c47fd96cf5645d0c42b2c819d9e9a84380aa721 NOTFOUND
% CaDiCaL version: 2.1.3
% Termination reason: Refutation not found, incomplete strategy
% Time elapsed: 0.0000 s
% Peak memory usage: 8 MB
% ------------------------------
% ------------------------------
% dis+1011_10_to=lpo:sil=4000:sp=const_min:erd=off:spb=non_intro:bsr=unit_only:rp=on:flr=on:newcnf=on:random_seed=311662313:cts=off:s2a=on:i=269:s2at=5:bd=preordered:av=off:fsr=off:rawr=on_189 on p for (189ds/269Mi)
% Instruction limit reached! 
% ------------------------------
% Version: Vampire 5.0.1 (Release build, commit 1b13eaf on 2026-01-18 12:14:50 +0000)
% Linked with Z3 4.14.0.0 3c47fd96cf5645d0c42b2c819d9e9a84380aa721 NOTFOUND
% CaDiCaL version: 2.1.3
% Termination reason: Instruction limit
% Termination phase: Saturation
% Time elapsed: 0.039 s
% Peak memory usage: 13 MB
% Instructions burned: 272 (million)
% lrs+10_3_to=lpo:sil=8000:tgt=ground:fde=none:sp=reverse_arity:lcm=predicate:random_seed=2900758047:i=3317:sd=1:av=off:ss=axioms:sgt=50_188 on p for (188ds/3317Mi)
% Instruction limit reached! 
% ------------------------------
% Version: Vampire 5.0.1 (Release build, commit 1b13eaf on 2026-01-18 12:14:50 +0000)
% Linked with Z3 4.14.0.0 3c47fd96cf5645d0c42b2c819d9e9a84380aa721 NOTFOUND
% CaDiCaL version: 2.1.3
% Termination reason: Instruction limit
% Termination phase: Saturation
% Time elapsed: 0.514 s
% Peak memory usage: 72 MB
% Instructions burned: 3321 (million)
% WARNING Broken Constraint: if kbo_max_zero(on) has been set then term_ordering(lpo) is equal to kbo or term_ordering(lpo) is equal to auto_kbo
% WARNING Broken Constraint: if kbo_weight_scheme(precedence) has been set then term_ordering(lpo) is equal to kbo or term_ordering(lpo) is equal to auto_kbo
% ott+11_3_sfv=off:to=lpo:sil=2000:tgt=full:sp=reverse_frequency:spb=goal_then_units:urr=on:nwc=5:s2agt=100:br=off:kmz=on:updr=off:slsq=on:random_seed=3500394018:s2a=on:i=286:kws=precedence:bd=preordered:ins=20:av=off_183 on p for (183ds/286Mi)
% Instruction limit reached! 
% ------------------------------
% Version: Vampire 5.0.1 (Release build, commit 1b13eaf on 2026-01-18 12:14:50 +0000)
% Linked with Z3 4.14.0.0 3c47fd96cf5645d0c42b2c819d9e9a84380aa721 NOTFOUND
% CaDiCaL version: 2.1.3
% Termination reason: Instruction limit
% Termination phase: Saturation
% Time elapsed: 0.045 s
% Peak memory usage: 16 MB
% Instructions burned: 289 (million)
% lrs+1010_1_to=lpo:sil=4000:plsq=on:plsqr=64,1:sos=on:spb=goal:alpa=true:random_seed=277409442:st=2:i=1238:sd=2:fsr=off:ss=axioms:fsd=on_182 on p for (182ds/1238Mi)
% Refutation not found, incomplete strategy
% ------------------------------
% Version: Vampire 5.0.1 (Release build, commit 1b13eaf on 2026-01-18 12:14:50 +0000)
% Linked with Z3 4.14.0.0 3c47fd96cf5645d0c42b2c819d9e9a84380aa721 NOTFOUND
% CaDiCaL version: 2.1.3
% Termination reason: Refutation not found, incomplete strategy
% Time elapsed: 0.0000 s
% Peak memory usage: 11 MB
% ------------------------------
% ------------------------------
% lrs+1002_8:1_to=lpo:sil=4000:urr=on:br=off:random_seed=1568660133:st=3:s2a=on:i=291:s2at=2:sd=1:doe=on:av=off:ss=axioms_182 on p for (182ds/291Mi)
% Instruction limit reached! 
% ------------------------------
% Version: Vampire 5.0.1 (Release build, commit 1b13eaf on 2026-01-18 12:14:50 +0000)
% Linked with Z3 4.14.0.0 3c47fd96cf5645d0c42b2c819d9e9a84380aa721 NOTFOUND
% CaDiCaL version: 2.1.3
% Termination reason: Instruction limit
% Termination phase: Saturation
% Time elapsed: 0.043 s
% Peak memory usage: 16 MB
% Instructions burned: 291 (million)
% lrs+10_1_sfv=off:to=lpo:sil=2000:sos=all:lma=off:random_seed=1271344916:st=1.5:i=291:gtgl=2:sd=2:av=off:gtg=exists_sym:ss=axioms_182 on p for (182ds/291Mi)
% Instruction limit reached! 
% ------------------------------
% Version: Vampire 5.0.1 (Release build, commit 1b13eaf on 2026-01-18 12:14:50 +0000)
% Linked with Z3 4.14.0.0 3c47fd96cf5645d0c42b2c819d9e9a84380aa721 NOTFOUND
% CaDiCaL version: 2.1.3
% Termination reason: Instruction limit
% Termination phase: Saturation
% Time elapsed: 0.043 s
% Peak memory usage: 16 MB
% Instructions burned: 292 (million)
% dis-1011_5:1_anc=all_dependent:to=lpo:sil=4000:erd=off:lsd=60:alpa=true:sac=on:random_seed=1225903502:avsq=on:i=300:ep=R:gsp=on_181 on p for (181ds/300Mi)
% Refutation not found, incomplete strategy
% ------------------------------
% Version: Vampire 5.0.1 (Release build, commit 1b13eaf on 2026-01-18 12:14:50 +0000)
% Linked with Z3 4.14.0.0 3c47fd96cf5645d0c42b2c819d9e9a84380aa721 NOTFOUND
% CaDiCaL version: 2.1.3
% Termination reason: Refutation not found, incomplete strategy
% Time elapsed: 0.0000 s
% Peak memory usage: 11 MB
% ------------------------------
% ------------------------------
% lrs-1011_8:1_to=lpo:sil=8000:sp=unary_first:bsr=on:fd=off:random_seed=3807580849:i=305_181 on p for (181ds/305Mi)
% Instruction limit reached! 
% ------------------------------
% Version: Vampire 5.0.1 (Release build, commit 1b13eaf on 2026-01-18 12:14:50 +0000)
% Linked with Z3 4.14.0.0 3c47fd96cf5645d0c42b2c819d9e9a84380aa721 NOTFOUND
% CaDiCaL version: 2.1.3
% Termination reason: Instruction limit
% Termination phase: Saturation
% Time elapsed: 0.047 s
% Peak memory usage: 18 MB
% Instructions burned: 312 (million)
% lrs+1011_3:1_to=lpo:sil=2000:plsq=on:plsqc=1:plsqr=32,1:sos=all:bsr=unit_only:s2agt=8:random_seed=3776993987:s2a=on:i=511:bd=all:nm=4:av=off:ss=axioms:sgt=8_181 on p for (181ds/511Mi)
% Refutation not found, incomplete strategy
% ------------------------------
% Version: Vampire 5.0.1 (Release build, commit 1b13eaf on 2026-01-18 12:14:50 +0000)
% Linked with Z3 4.14.0.0 3c47fd96cf5645d0c42b2c819d9e9a84380aa721 NOTFOUND
% CaDiCaL version: 2.1.3
% Termination reason: Refutation not found, incomplete strategy
% Time elapsed: 0.0000 s
% Peak memory usage: 8 MB
% ------------------------------
% ------------------------------
% dis-1010_16:1_to=lpo:sil=16000:fde=unused:fd=off:newcnf=on:slsq=on:random_seed=491264663:s2a=on:i=1555:nm=2:gtg=position:ss=axioms_181 on p for (181ds/1555Mi)
% Refutation not found, incomplete strategy
% ------------------------------
% Version: Vampire 5.0.1 (Release build, commit 1b13eaf on 2026-01-18 12:14:50 +0000)
% Linked with Z3 4.14.0.0 3c47fd96cf5645d0c42b2c819d9e9a84380aa721 NOTFOUND
% CaDiCaL version: 2.1.3
% Termination reason: Refutation not found, incomplete strategy
% Time elapsed: 0.0000 s
% Peak memory usage: 11 MB
% ------------------------------
% ------------------------------
% lrs-1010_20_to=lpo:sil=4000:prc=on:drc=ordering:fde=unused:sp=const_min:sos=all:spb=goal:urr=ec_only:nwc=8:br=off:lftc=40:random_seed=693974163:s2a=on:i=744:aac=none:doe=on:bd=preordered:amm=off:fdi=8_181 on p for (181ds/744Mi)
% Refutation not found, incomplete strategy
% ------------------------------
% Version: Vampire 5.0.1 (Release build, commit 1b13eaf on 2026-01-18 12:14:50 +0000)
% Linked with Z3 4.14.0.0 3c47fd96cf5645d0c42b2c819d9e9a84380aa721 NOTFOUND
% CaDiCaL version: 2.1.3
% Termination reason: Refutation not found, incomplete strategy
% Time elapsed: 0.0000 s
% Peak memory usage: 11 MB
% ------------------------------
% ------------------------------
% lrs+10_7_to=lpo:sil=64000:tgt=ground:drc=off:fde=none:sp=const_frequency:slsqc=4:slsq=on:random_seed=4180561683:i=10680:bd=all:gtg=exists_sym_181 on p for (181ds/10680Mi)
% Instruction limit reached! 
% ------------------------------
% Version: Vampire 5.0.1 (Release build, commit 1b13eaf on 2026-01-18 12:14:50 +0000)
% Linked with Z3 4.14.0.0 3c47fd96cf5645d0c42b2c819d9e9a84380aa721 NOTFOUND
% CaDiCaL version: 2.1.3
% Termination reason: Instruction limit
% Termination phase: Saturation
% Time elapsed: 1.890 s
% Peak memory usage: 60 MB
% Instructions burned: 10683 (million)
% dis-1002_7_anc=all_dependent:to=kbo:sil=16000:drc=off:etr=on:sos=on:nwc=1:kmz=on:newcnf=on:random_seed=3075288972:i=317:kws=frequency:doe=on:bs=unit_only:nm=0:ins=10:amm=off:gtg=exists_sym_162 on p for (162ds/317Mi)
% Instruction limit reached! 
% ------------------------------
% Version: Vampire 5.0.1 (Release build, commit 1b13eaf on 2026-01-18 12:14:50 +0000)
% Linked with Z3 4.14.0.0 3c47fd96cf5645d0c42b2c819d9e9a84380aa721 NOTFOUND
% CaDiCaL version: 2.1.3
% Termination reason: Instruction limit
% Termination phase: Saturation
% Time elapsed: 0.045 s
% Peak memory usage: 13 MB
% Instructions burned: 322 (million)
% dis+1010_3_to=lpo:sil=4000:sp=const_frequency:sos=on:rnwc=on:nwc=3:flr=on:random_seed=3154808867:i=317:add=off:doe=on:nicw=on_161 on p for (161ds/317Mi)
% Refutation not found, incomplete strategy
% ------------------------------
% Version: Vampire 5.0.1 (Release build, commit 1b13eaf on 2026-01-18 12:14:50 +0000)
% Linked with Z3 4.14.0.0 3c47fd96cf5645d0c42b2c819d9e9a84380aa721 NOTFOUND
% CaDiCaL version: 2.1.3
% Termination reason: Refutation not found, incomplete strategy
% Time elapsed: 0.0000 s
% Peak memory usage: 11 MB
% ------------------------------
% ------------------------------
% dis+1002_2_to=lpo:sil=4000:nwc=1:slsqc=2:flr=on:newcnf=on:slsq=on:random_seed=2726298260:s2a=on:i=2524:s2at=1.5:sd=5:ep=R:ss=axioms:sgt=16_161 on p for (161ds/2524Mi)
% Refutation not found, incomplete strategy
% ------------------------------
% Version: Vampire 5.0.1 (Release build, commit 1b13eaf on 2026-01-18 12:14:50 +0000)
% Linked with Z3 4.14.0.0 3c47fd96cf5645d0c42b2c819d9e9a84380aa721 NOTFOUND
% CaDiCaL version: 2.1.3
% Termination reason: Refutation not found, incomplete strategy
% Time elapsed: 0.0000 s
% Peak memory usage: 11 MB
% ------------------------------
% ------------------------------
% lrs+1002_1_to=lpo:sil=4000:sims=off:sos=on:bsr=on:fd=off:slsqc=1:slsq=on:random_seed=2703880342:i=544:s2at=2:gtg=all_161 on p for (161ds/544Mi)
% Instruction limit reached! 
% ------------------------------
% Version: Vampire 5.0.1 (Release build, commit 1b13eaf on 2026-01-18 12:14:50 +0000)
% Linked with Z3 4.14.0.0 3c47fd96cf5645d0c42b2c819d9e9a84380aa721 NOTFOUND
% CaDiCaL version: 2.1.3
% Termination reason: Instruction limit
% Termination phase: Saturation
% Time elapsed: 0.083 s
% Peak memory usage: 23 MB
% Instructions burned: 545 (million)
% lrs+1002_32_to=lpo:sil=2000:sp=occurrence:sos=on:erd=off:random_seed=1347116762:st=3:cts=off:i=548:sd=5:ss=included_160 on p for (160ds/548Mi)
% Refutation not found, incomplete strategy
% ------------------------------
% Version: Vampire 5.0.1 (Release build, commit 1b13eaf on 2026-01-18 12:14:50 +0000)
% Linked with Z3 4.14.0.0 3c47fd96cf5645d0c42b2c819d9e9a84380aa721 NOTFOUND
% CaDiCaL version: 2.1.3
% Termination reason: Refutation not found, incomplete strategy
% Time elapsed: 0.0000 s
% Peak memory usage: 11 MB
% ------------------------------
% ------------------------------
% lrs+1_1_to=lpo:sil=8000:plsq=on:sos=on:lcm=reverse:random_seed=1784068165:s2a=on:i=6200:s2at=2:sd=1:ss=included_160 on p for (160ds/6200Mi)
% Refutation not found, incomplete strategy
% ------------------------------
% Version: Vampire 5.0.1 (Release build, commit 1b13eaf on 2026-01-18 12:14:50 +0000)
% Linked with Z3 4.14.0.0 3c47fd96cf5645d0c42b2c819d9e9a84380aa721 NOTFOUND
% CaDiCaL version: 2.1.3
% Termination reason: Refutation not found, incomplete strategy
% Time elapsed: 0.0000 s
% Peak memory usage: 11 MB
% ------------------------------
% ------------------------------
% lrs-1011_16:1_to=lpo:sil=8000:fde=none:sp=occurrence:urr=on:s2agt=64:newcnf=on:random_seed=3812509422:s2a=on:i=567:sd=2:av=off:ss=axioms_160 on p for (160ds/567Mi)
% Refutation not found, incomplete strategy
% ------------------------------
% Version: Vampire 5.0.1 (Release build, commit 1b13eaf on 2026-01-18 12:14:50 +0000)
% Linked with Z3 4.14.0.0 3c47fd96cf5645d0c42b2c819d9e9a84380aa721 NOTFOUND
% CaDiCaL version: 2.1.3
% Termination reason: Refutation not found, incomplete strategy
% Time elapsed: 0.0000 s
% Peak memory usage: 9 MB
% ------------------------------
% ------------------------------
% lrs+10_1024_to=lpo:sil=4000:sp=occurrence:sos=all:urr=on:rnwc=on:nwc=0.5:br=off:random_seed=2322186505:st=4:i=335:sd=4:ep=RST:ss=included_160 on p for (160ds/335Mi)
% Instruction limit reached! 
% ------------------------------
% Version: Vampire 5.0.1 (Release build, commit 1b13eaf on 2026-01-18 12:14:50 +0000)
% Linked with Z3 4.14.0.0 3c47fd96cf5645d0c42b2c819d9e9a84380aa721 NOTFOUND
% CaDiCaL version: 2.1.3
% Termination reason: Instruction limit
% Termination phase: Saturation
% Time elapsed: 0.039 s
% Peak memory usage: 15 MB
% Instructions burned: 340 (million)
% lrs-1010_1_to=lpo:sil=4000:fde=none:sp=unary_frequency:sos=on:spb=units:random_seed=727099770:st=2:cts=off:i=2004:sd=2:ins=10:av=off:ss=included_160 on p for (160ds/2004Mi)
% Refutation not found, incomplete strategy
% ------------------------------
% Version: Vampire 5.0.1 (Release build, commit 1b13eaf on 2026-01-18 12:14:50 +0000)
% Linked with Z3 4.14.0.0 3c47fd96cf5645d0c42b2c819d9e9a84380aa721 NOTFOUND
% CaDiCaL version: 2.1.3
% Termination reason: Refutation not found, incomplete strategy
% Time elapsed: 0.0000 s
% Peak memory usage: 8 MB
% ------------------------------
% ------------------------------
% lrs+1002_128_anc=all:to=lpo:sil=16000:drc=ordering:sp=reverse_frequency:fd=off:sac=on:random_seed=1964601167:lrd=on:i=338:fgj=on:bd=all:ins=7_160 on p for (160ds/338Mi)
% Instruction limit reached! 
% ------------------------------
% Version: Vampire 5.0.1 (Release build, commit 1b13eaf on 2026-01-18 12:14:50 +0000)
% Linked with Z3 4.14.0.0 3c47fd96cf5645d0c42b2c819d9e9a84380aa721 NOTFOUND
% CaDiCaL version: 2.1.3
% Termination reason: Instruction limit
% Termination phase: Saturation
% Time elapsed: 0.104 s
% Peak memory usage: 16 MB
% Instructions burned: 343 (million)
% dis+1011_4_to=lpo:sil=4000:fde=unused:bsr=on:nwc=5:slsqc=1:slsq=on:random_seed=1829708595:i=819:s2at=-1:slsql=off:ep=R:ins=1:av=off:gsp=on_159 on p for (159ds/819Mi)
% Refutation not found, incomplete strategy
% ------------------------------
% Version: Vampire 5.0.1 (Release build, commit 1b13eaf on 2026-01-18 12:14:50 +0000)
% Linked with Z3 4.14.0.0 3c47fd96cf5645d0c42b2c819d9e9a84380aa721 NOTFOUND
% CaDiCaL version: 2.1.3
% Termination reason: Refutation not found, incomplete strategy
% Time elapsed: 0.001 s
% Peak memory usage: 8 MB
% ------------------------------
% ------------------------------
% dis+10_16:1_to=lpo:sil=4000:urr=on:bce=on:rnwc=on:br=off:slsq=on:random_seed=77178436:st=1.78:s2a=on:i=608:s2at=7.4:sd=11:av=off:ss=included_158 on p for (158ds/608Mi)
% Instruction limit reached! 
% ------------------------------
% Version: Vampire 5.0.1 (Release build, commit 1b13eaf on 2026-01-18 12:14:50 +0000)
% Linked with Z3 4.14.0.0 3c47fd96cf5645d0c42b2c819d9e9a84380aa721 NOTFOUND
% CaDiCaL version: 2.1.3
% Termination reason: Instruction limit
% Termination phase: Saturation
% Time elapsed: 0.148 s
% Peak memory usage: 15 MB
% Instructions burned: 614 (million)
% WARNING Broken Constraint: if kbo_weight_scheme(inv_arity_squared) has been set then term_ordering(lpo) is equal to kbo or term_ordering(lpo) is equal to auto_kbo
% dis+1002_24_anc=all_dependent:slsqr=4,3:to=lpo:sil=2000:tgt=ground:sims=off:sas=cadical:spb=non_intro:acc=on:bsr=on:gs=on:slsqc=1:alpa=random:flr=on:sac=on:slsq=on:random_seed=378886503:st=1.2:cts=off:s2a=on:i=363:add=on:kws=inv_arity_squared:nm=16:ins=1:ss=axioms:rawr=on_157 on p for (157ds/363Mi)
% Refutation not found, incomplete strategy
% ------------------------------
% Version: Vampire 5.0.1 (Release build, commit 1b13eaf on 2026-01-18 12:14:50 +0000)
% Linked with Z3 4.14.0.0 3c47fd96cf5645d0c42b2c819d9e9a84380aa721 NOTFOUND
% CaDiCaL version: 2.1.3
% Termination reason: Refutation not found, incomplete strategy
% Time elapsed: 0.002 s
% Peak memory usage: 12 MB
% ------------------------------
% ------------------------------
% lrs+10_10_to=lpo:sil=4000:tgt=full:prc=on:drc=off:sp=const_min:sos=on:urr=on:rnwc=on:br=off:random_seed=700091641:i=646:av=off:proc=on_156 on p for (156ds/646Mi)
% Refutation not found, incomplete strategy
% ------------------------------
% Version: Vampire 5.0.1 (Release build, commit 1b13eaf on 2026-01-18 12:14:50 +0000)
% Linked with Z3 4.14.0.0 3c47fd96cf5645d0c42b2c819d9e9a84380aa721 NOTFOUND
% CaDiCaL version: 2.1.3
% Termination reason: Refutation not found, incomplete strategy
% Time elapsed: 0.0000 s
% Peak memory usage: 8 MB
% ------------------------------
% ------------------------------
% ott+1002_24_to=lpo:sil=2000:sp=occurrence:urr=on:bce=on:s2agt=32:br=off:slsqc=1:slsq=on:random_seed=3672993464:st=2.7:s2a=on:i=382:s2at=1.1:sd=3:nm=0:ins=25:av=off:ss=axioms:sgt=15_156 on p for (156ds/382Mi)
% Instruction limit reached! 
% ------------------------------
% Version: Vampire 5.0.1 (Release build, commit 1b13eaf on 2026-01-18 12:14:50 +0000)
% Linked with Z3 4.14.0.0 3c47fd96cf5645d0c42b2c819d9e9a84380aa721 NOTFOUND
% CaDiCaL version: 2.1.3
% Termination reason: Instruction limit
% Termination phase: Saturation
% Time elapsed: 0.120 s
% Peak memory usage: 18 MB
% Instructions burned: 383 (million)
% dis+1011_2:3_anc=all_dependent:to=lpo:sil=2000:plsq=on:plsqc=2:sas=cadical:plsqr=44827,1048576:sos=on:erd=off:bsr=unit_only:plsql=on:sac=on:avsqc=1:random_seed=86066380:avsq=on:i=666:avsqr=1,16:bs=unit_only:bd=all_155 on p for (155ds/666Mi)
% Refutation not found, incomplete strategy
% ------------------------------
% Version: Vampire 5.0.1 (Release build, commit 1b13eaf on 2026-01-18 12:14:50 +0000)
% Linked with Z3 4.14.0.0 3c47fd96cf5645d0c42b2c819d9e9a84380aa721 NOTFOUND
% CaDiCaL version: 2.1.3
% Termination reason: Refutation not found, incomplete strategy
% Time elapsed: 0.002 s
% Peak memory usage: 12 MB
% ------------------------------
% ------------------------------
% lrs-1010_1_to=lpo:sil=2000:sp=occurrence:random_seed=4033953658:st=2:i=953:sd=3:ss=axioms:sgt=10_155 on p for (155ds/953Mi)
% Instruction limit reached! 
% ------------------------------
% Version: Vampire 5.0.1 (Release build, commit 1b13eaf on 2026-01-18 12:14:50 +0000)
% Linked with Z3 4.14.0.0 3c47fd96cf5645d0c42b2c819d9e9a84380aa721 NOTFOUND
% CaDiCaL version: 2.1.3
% Termination reason: Instruction limit
% Termination phase: Saturation
% Time elapsed: 0.251 s
% Peak memory usage: 31 MB
% Instructions burned: 960 (million)
% lrs+1002_1_to=lpo:sil=8000:sp=occurrence:sos=on:random_seed=873138310:st=4:cts=off:i=708:sd=2:ep=R:ss=axioms_152 on p for (152ds/708Mi)
% Refutation not found, incomplete strategy
% ------------------------------
% Version: Vampire 5.0.1 (Release build, commit 1b13eaf on 2026-01-18 12:14:50 +0000)
% Linked with Z3 4.14.0.0 3c47fd96cf5645d0c42b2c819d9e9a84380aa721 NOTFOUND
% CaDiCaL version: 2.1.3
% Termination reason: Refutation not found, incomplete strategy
% Time elapsed: 0.0000 s
% Peak memory usage: 11 MB
% ------------------------------
% ------------------------------
% WARNING Broken Constraint: if kbo_max_zero(on) has been set then term_ordering(lpo) is equal to kbo or term_ordering(lpo) is equal to auto_kbo
% WARNING Broken Constraint: if kbo_weight_scheme(inv_arity) has been set then term_ordering(lpo) is equal to kbo or term_ordering(lpo) is equal to auto_kbo
% dis-1011_8_to=lpo:sil=4000:plsq=on:prc=on:fde=unused:plsqr=64,1:sp=reverse_frequency:erd=off:spb=goal_then_units:bsr=unit_only:s2agt=60:kmz=on:flr=on:random_seed=1452768990:s2a=on:i=413:kws=inv_arity:doe=on:bs=on:bd=preordered:nm=32:av=off:fsr=off:fsd=on_152 on p for (152ds/413Mi)
% Instruction limit reached! 
% ------------------------------
% Version: Vampire 5.0.1 (Release build, commit 1b13eaf on 2026-01-18 12:14:50 +0000)
% Linked with Z3 4.14.0.0 3c47fd96cf5645d0c42b2c819d9e9a84380aa721 NOTFOUND
% CaDiCaL version: 2.1.3
% Termination reason: Instruction limit
% Termination phase: Saturation
% Time elapsed: 0.115 s
% Peak memory usage: 16 MB
% Instructions burned: 416 (million)
% lrs+10_5:1_to=lpo:sil=2000:plsq=on:plsqc=1:plsqr=64,1:sp=reverse_frequency:urr=on:fd=preordered:nwc=1:br=off:flr=on:random_seed=1747833193:s2a=on:i=429:s2at=5:nm=2:ins=1:sup=off_151 on p for (151ds/429Mi)
% Refutation not found, incomplete strategy
% ------------------------------
% Version: Vampire 5.0.1 (Release build, commit 1b13eaf on 2026-01-18 12:14:50 +0000)
% Linked with Z3 4.14.0.0 3c47fd96cf5645d0c42b2c819d9e9a84380aa721 NOTFOUND
% CaDiCaL version: 2.1.3
% Termination reason: Refutation not found, incomplete strategy
% Time elapsed: 0.002 s
% Peak memory usage: 11 MB
% ------------------------------
% ------------------------------
% dis+10_4096_to=lpo:sil=2000:drc=ordering:urr=ec_only:fd=preordered:nwc=5:br=off:random_seed=251110670:i=432:gtgl=4:fgj=on:gtg=exists_all:ss=axioms_150 on p for (150ds/432Mi)
% Instruction limit reached! 
% ------------------------------
% Version: Vampire 5.0.1 (Release build, commit 1b13eaf on 2026-01-18 12:14:50 +0000)
% Linked with Z3 4.14.0.0 3c47fd96cf5645d0c42b2c819d9e9a84380aa721 NOTFOUND
% CaDiCaL version: 2.1.3
% Termination reason: Instruction limit
% Termination phase: Saturation
% Time elapsed: 0.129 s
% Peak memory usage: 15 MB
% Instructions burned: 433 (million)
% lrs+1010_2_to=lpo:sil=4000:tgt=full:sp=reverse_frequency:spb=goal_then_units:acc=on:fd=preordered:sac=on:random_seed=242601303:i=3109:gtgl=2:gtg=exists_sym_149 on p for (149ds/3109Mi)
% Instruction limit reached! 
% ------------------------------
% Version: Vampire 5.0.1 (Release build, commit 1b13eaf on 2026-01-18 12:14:50 +0000)
% Linked with Z3 4.14.0.0 3c47fd96cf5645d0c42b2c819d9e9a84380aa721 NOTFOUND
% CaDiCaL version: 2.1.3
% Termination reason: Instruction limit
% Termination phase: Saturation
% Time elapsed: 0.772 s
% Peak memory usage: 49 MB
% Instructions burned: 3112 (million)
% dis+1011_32:1_slsqr=1,16:to=lpo:sil=4000:lcm=reverse:urr=on:slsqc=4:flr=on:slsq=on:random_seed=3903012913:st=4:i=438:s2at=2:sd=3:slsql=off:ep=RST:fdi=2:ss=axioms_141 on p for (141ds/438Mi)
% Aborted by signal SIGSEGV on /tmp/tmpb1ws6ar4/p.p
% ------------------------------
% Version: Vampire 5.0.1 (Release build, commit 1b13eaf on 2026-01-18 12:14:50 +0000)
% Linked with Z3 4.14.0.0 3c47fd96cf5645d0c42b2c819d9e9a84380aa721 NOTFOUND
% CaDiCaL version: 2.1.3
% Termination reason: Unknown
% Termination phase: Saturation
% Time elapsed: 0.002 s
% Peak memory usage: 8 MB
% lrs+10_64_to=lpo:sil=16000:plsq=on:sp=occurrence:sos=on:urr=full:random_seed=2566837992:st=3.6:i=1466:sd=5:nm=4:ss=included_141 on p for (141ds/1466Mi)
% Refutation not found, incomplete strategy
% ------------------------------
% Version: Vampire 5.0.1 (Release build, commit 1b13eaf on 2026-01-18 12:14:50 +0000)
% Linked with Z3 4.14.0.0 3c47fd96cf5645d0c42b2c819d9e9a84380aa721 NOTFOUND
% CaDiCaL version: 2.1.3
% Termination reason: Refutation not found, incomplete strategy
% Time elapsed: 0.001 s
% Peak memory usage: 11 MB
% ------------------------------
% ------------------------------
% lrs+1010_2_to=lpo:sil=16000:plsq=on:plsqc=1:erd=off:urr=ec_only:nwc=1:random_seed=1176627242:i=445:fgj=on:ep=RS:av=off:sup=off_141 on p for (141ds/445Mi)
% Refutation not found, incomplete strategy
% ------------------------------
% Version: Vampire 5.0.1 (Release build, commit 1b13eaf on 2026-01-18 12:14:50 +0000)
% Linked with Z3 4.14.0.0 3c47fd96cf5645d0c42b2c819d9e9a84380aa721 NOTFOUND
% CaDiCaL version: 2.1.3
% Termination reason: Refutation not found, incomplete strategy
% Time elapsed: 0.002 s
% Peak memory usage: 8 MB
% ------------------------------
% ------------------------------
% WARNING Broken Constraint: if kbo_weight_scheme(frequency) has been set then term_ordering(lpo) is equal to kbo or term_ordering(lpo) is equal to auto_kbo
% lrs+1011_4_to=lpo:sil=128000:tgt=ground:acc=on:rp=on:s2agt=23:slsqc=1:alpa=false:flr=on:sac=on:newcnf=on:slsq=on:random_seed=13122187:cts=off:s2a=on:i=448:add=off:kws=frequency:aac=none:slsql=off:nicw=on:bs=on:bd=preordered:fsr=off:fsd=on_140 on p for (140ds/448Mi)
% Instruction limit reached! 
% ------------------------------
% Version: Vampire 5.0.1 (Release build, commit 1b13eaf on 2026-01-18 12:14:50 +0000)
% Linked with Z3 4.14.0.0 3c47fd96cf5645d0c42b2c819d9e9a84380aa721 NOTFOUND
% CaDiCaL version: 2.1.3
% Termination reason: Instruction limit
% Termination phase: Saturation
% Time elapsed: 0.139 s
% Peak memory usage: 16 MB
% Instructions burned: 450 (million)
% lrs-1010_1_to=lpo:sil=4000:sp=occurrence:sos=on:random_seed=2184408671:i=3603:ss=axioms_139 on p for (139ds/3603Mi)
% Refutation not found, incomplete strategy
% ------------------------------
% Version: Vampire 5.0.1 (Release build, commit 1b13eaf on 2026-01-18 12:14:50 +0000)
% Linked with Z3 4.14.0.0 3c47fd96cf5645d0c42b2c819d9e9a84380aa721 NOTFOUND
% CaDiCaL version: 2.1.3
% Termination reason: Refutation not found, incomplete strategy
% Time elapsed: 0.001 s
% Peak memory usage: 11 MB
% ------------------------------
% ------------------------------
% WARNING Broken Constraint: if kbo_weight_scheme(inv_frequency) has been set then term_ordering(lpo) is equal to kbo or term_ordering(lpo) is equal to auto_kbo
% ott+10_1_to=lpo:sil=8000:fde=none:sp=occurrence:sos=all:urr=on:br=off:random_seed=1192133060:i=4064:sd=2:kws=inv_frequency:bd=all:gsp=on:sup=off:ss=axioms_139 on p for (139ds/4064Mi)
% Refutation not found, incomplete strategy
% ------------------------------
% Version: Vampire 5.0.1 (Release build, commit 1b13eaf on 2026-01-18 12:14:50 +0000)
% Linked with Z3 4.14.0.0 3c47fd96cf5645d0c42b2c819d9e9a84380aa721 NOTFOUND
% CaDiCaL version: 2.1.3
% Termination reason: Refutation not found, incomplete strategy
% Time elapsed: 0.002 s
% Peak memory usage: 11 MB
% ------------------------------
% ------------------------------
% lrs+1010_32_to=lpo:sil=2000:fde=none:sas=cadical:sp=occurrence:sos=on:urr=ec_only:br=off:random_seed=700730543:avsq=on:i=464:avsqr=1,16:bd=preordered:gtg=exists_top_138 on p for (138ds/464Mi)
% Refutation not found, incomplete strategy
% ------------------------------
% Version: Vampire 5.0.1 (Release build, commit 1b13eaf on 2026-01-18 12:14:50 +0000)
% Linked with Z3 4.14.0.0 3c47fd96cf5645d0c42b2c819d9e9a84380aa721 NOTFOUND
% CaDiCaL version: 2.1.3
% Termination reason: Refutation not found, incomplete strategy
% Time elapsed: 0.002 s
% Peak memory usage: 12 MB
% ------------------------------
% ------------------------------
% dis+35_1024_to=lpo:sil=32000:sos=on:spb=goal:updr=off:random_seed=3966959843:s2pl=on:i=828:nm=4:av=off_138 on p for (138ds/828Mi)
% Refutation not found, incomplete strategy
% ------------------------------
% Version: Vampire 5.0.1 (Release build, commit 1b13eaf on 2026-01-18 12:14:50 +0000)
% Linked with Z3 4.14.0.0 3c47fd96cf5645d0c42b2c819d9e9a84380aa721 NOTFOUND
% CaDiCaL version: 2.1.3
% Termination reason: Refutation not found, incomplete strategy
% Time elapsed: 0.001 s
% Peak memory usage: 8 MB
% ------------------------------
% ------------------------------
% dis-1011_1024_to=lpo:sil=2000:rp=on:nwc=1:random_seed=34960121:st=5:i=466:sd=3:av=off:gtg=exists_top:fdi=32:sup=off:ss=axioms:fsd=on_138 on p for (138ds/466Mi)
% Refutation not found, incomplete strategy
% ------------------------------
% Version: Vampire 5.0.1 (Release build, commit 1b13eaf on 2026-01-18 12:14:50 +0000)
% Linked with Z3 4.14.0.0 3c47fd96cf5645d0c42b2c819d9e9a84380aa721 NOTFOUND
% CaDiCaL version: 2.1.3
% Termination reason: Refutation not found, incomplete strategy
% Time elapsed: 0.002 s
% Peak memory usage: 9 MB
% ------------------------------
% ------------------------------
% lrs-1010_5:4_to=lpo:sil=2000:sp=const_frequency:sos=on:random_seed=2842880252:st=2:cond=fast:i=1578:ss=included:sgt=10_138 on p for (138ds/1578Mi)
% Refutation not found, incomplete strategy
% ------------------------------
% Version: Vampire 5.0.1 (Release build, commit 1b13eaf on 2026-01-18 12:14:50 +0000)
% Linked with Z3 4.14.0.0 3c47fd96cf5645d0c42b2c819d9e9a84380aa721 NOTFOUND
% CaDiCaL version: 2.1.3
% Termination reason: Refutation not found, incomplete strategy
% Time elapsed: 0.002 s
% Peak memory usage: 11 MB
% ------------------------------
% ------------------------------
% lrs-1011_1_to=lpo:sil=16000:sos=on:lsd=10:newcnf=on:random_seed=4062089541:i=852:sd=1:sup=off:ss=axioms_138 on p for (138ds/852Mi)
% Refutation not found, incomplete strategy
% ------------------------------
% Version: Vampire 5.0.1 (Release build, commit 1b13eaf on 2026-01-18 12:14:50 +0000)
% Linked with Z3 4.14.0.0 3c47fd96cf5645d0c42b2c819d9e9a84380aa721 NOTFOUND
% CaDiCaL version: 2.1.3
% Termination reason: Refutation not found, incomplete strategy
% Time elapsed: 0.002 s
% Peak memory usage: 11 MB
% ------------------------------
% ------------------------------
% lrs+1010_1_to=lpo:sil=4000:fde=none:sp=arity:sos=on:erd=off:fs=off:random_seed=3149226047:st=1.5:i=488:sd=2:fsr=off:ss=axioms_137 on p for (137ds/488Mi)
% Refutation not found, incomplete strategy
% ------------------------------
% Version: Vampire 5.0.1 (Release build, commit 1b13eaf on 2026-01-18 12:14:50 +0000)
% Linked with Z3 4.14.0.0 3c47fd96cf5645d0c42b2c819d9e9a84380aa721 NOTFOUND
% CaDiCaL version: 2.1.3
% Termination reason: Refutation not found, incomplete strategy
% Time elapsed: 0.001 s
% Peak memory usage: 11 MB
% ------------------------------
% ------------------------------
% WARNING Broken Constraint: if kbo_weight_scheme(precedence) has been set then term_ordering(lpo) is equal to kbo or term_ordering(lpo) is equal to auto_kbo
% lrs+10_16_anc=all:to=lpo:sil=128000:tgt=full:drc=off:spb=goal:nwc=1:random_seed=2137143233:i=6037:kws=precedence:bd=preordered_137 on p for (137ds/6037Mi)
% Instruction limit reached! 
% ------------------------------
% Version: Vampire 5.0.1 (Release build, commit 1b13eaf on 2026-01-18 12:14:50 +0000)
% Linked with Z3 4.14.0.0 3c47fd96cf5645d0c42b2c819d9e9a84380aa721 NOTFOUND
% CaDiCaL version: 2.1.3
% Termination reason: Instruction limit
% Termination phase: Saturation
% Time elapsed: 1.0000 s
% Peak memory usage: 54 MB
% Instructions burned: 6038 (million)
% dis+1010_2_to=lpo:sil=4000:spb=units:rp=on:s2agt=10:slsqc=1:flr=on:slsq=on:random_seed=2183944415:s2pl=no:s2a=on:i=2942:s2at=6:sd=3:ep=R:nm=4:ss=axioms:sgt=40_127 on p for (127ds/2942Mi)
% Refutation not found, incomplete strategy
% ------------------------------
% Version: Vampire 5.0.1 (Release build, commit 1b13eaf on 2026-01-18 12:14:50 +0000)
% Linked with Z3 4.14.0.0 3c47fd96cf5645d0c42b2c819d9e9a84380aa721 NOTFOUND
% CaDiCaL version: 2.1.3
% Termination reason: Refutation not found, incomplete strategy
% Time elapsed: 0.002 s
% Peak memory usage: 11 MB
% ------------------------------
% ------------------------------
% lrs-1011_128_to=lpo:sil=4000:sos=on:erd=off:lsd=10:rnwc=on:fd=off:nwc=3:random_seed=722719160:cts=off:i=511:av=off:fsr=off_127 on p for (127ds/511Mi)
% Refutation not found, incomplete strategy
% ------------------------------
% Version: Vampire 5.0.1 (Release build, commit 1b13eaf on 2026-01-18 12:14:50 +0000)
% Linked with Z3 4.14.0.0 3c47fd96cf5645d0c42b2c819d9e9a84380aa721 NOTFOUND
% CaDiCaL version: 2.1.3
% Termination reason: Refutation not found, incomplete strategy
% Time elapsed: 0.0000 s
% Peak memory usage: 8 MB
% ------------------------------
% ------------------------------
% WARNING Broken Constraint: if kbo_weight_scheme(inv_frequency) has been set then term_ordering(lpo) is equal to kbo or term_ordering(lpo) is equal to auto_kbo
% dis-1011_81:16_to=lpo:sil=16000:tgt=full:plsq=on:bsd=on:plsqr=32,1:acc=on:bce=on:random_seed=3913539215:i=3459:kws=inv_frequency:nicw=on:gsp=on:fsd=on_127 on p for (127ds/3459Mi)
% Instruction limit reached! 
% ------------------------------
% Version: Vampire 5.0.1 (Release build, commit 1b13eaf on 2026-01-18 12:14:50 +0000)
% Linked with Z3 4.14.0.0 3c47fd96cf5645d0c42b2c819d9e9a84380aa721 NOTFOUND
% CaDiCaL version: 2.1.3
% Termination reason: Instruction limit
% Termination phase: Saturation
% Time elapsed: 0.605 s
% Peak memory usage: 30 MB
% Instructions burned: 3466 (million)
% lrs+10_64:1_sfv=off:to=lpo:sil=4000:fde=none:sos=all:spb=non_intro:urr=on:random_seed=243046338:i=948:aac=none:doe=on:bd=preordered:ins=4:ss=included_120 on p for (120ds/948Mi)
% Refutation not found, incomplete strategy
% ------------------------------
% Version: Vampire 5.0.1 (Release build, commit 1b13eaf on 2026-01-18 12:14:50 +0000)
% Linked with Z3 4.14.0.0 3c47fd96cf5645d0c42b2c819d9e9a84380aa721 NOTFOUND
% CaDiCaL version: 2.1.3
% Termination reason: Refutation not found, incomplete strategy
% Time elapsed: 0.002 s
% Peak memory usage: 11 MB
% ------------------------------
% ------------------------------
% lrs+21_6_anc=none:to=lpo:sil=16000:fde=none:avsql=on:sos=on:sac=on:random_seed=1336885805:avsq=on:i=526:add=off:ep=RSTC_120 on p for (120ds/526Mi)
% Refutation not found, incomplete strategy
% ------------------------------
% Version: Vampire 5.0.1 (Release build, commit 1b13eaf on 2026-01-18 12:14:50 +0000)
% Linked with Z3 4.14.0.0 3c47fd96cf5645d0c42b2c819d9e9a84380aa721 NOTFOUND
% CaDiCaL version: 2.1.3
% Termination reason: Refutation not found, incomplete strategy
% Time elapsed: 0.001 s
% Peak memory usage: 11 MB
% ------------------------------
% ------------------------------
% lrs+21_1_to=lpo:sil=16000:sp=arity:sos=on:lcm=predicate:urr=on:random_seed=1325394971:avsq=on:i=1389:avsqr=1,32:sd=2:ep=RS:ss=axioms_120 on p for (120ds/1389Mi)
% Refutation not found, incomplete strategy
% ------------------------------
% Version: Vampire 5.0.1 (Release build, commit 1b13eaf on 2026-01-18 12:14:50 +0000)
% Linked with Z3 4.14.0.0 3c47fd96cf5645d0c42b2c819d9e9a84380aa721 NOTFOUND
% CaDiCaL version: 2.1.3
% Termination reason: Refutation not found, incomplete strategy
% Time elapsed: 0.001 s
% Peak memory usage: 11 MB
% ------------------------------
% ------------------------------
% WARNING Broken Constraint: if kbo_max_zero(on) has been set then term_ordering(lpo) is equal to kbo or term_ordering(lpo) is equal to auto_kbo
% lrs+11_3:1_anc=all_dependent:slsqr=11,2:to=lpo:sil=32000:fde=none:etr=on:erd=off:lma=off:lsd=100:urr=on:slsqc=1:kmz=on:flr=on:slsq=on:avsqc=5:random_seed=1845144721:st=1.326:avsq=on:i=538:s2at=2.3:gtgl=5:avsqr=46,3:bd=preordered:ins=10:gtg=exists_top:sup=off:ss=axioms:sgt=20_120 on p for (120ds/538Mi)
% Refutation not found, incomplete strategy
% ------------------------------
% Version: Vampire 5.0.1 (Release build, commit 1b13eaf on 2026-01-18 12:14:50 +0000)
% Linked with Z3 4.14.0.0 3c47fd96cf5645d0c42b2c819d9e9a84380aa721 NOTFOUND
% CaDiCaL version: 2.1.3
% Termination reason: Refutation not found, incomplete strategy
% Time elapsed: 0.002 s
% Peak memory usage: 11 MB
% ------------------------------
% ------------------------------
% dis+1011_1_to=lpo:sil=2000:tgt=full:prc=on:drc=off:random_seed=3203122187:i=988:av=off:fsr=off_120 on p for (120ds/988Mi)
% Instruction limit reached! 
% ------------------------------
% Version: Vampire 5.0.1 (Release build, commit 1b13eaf on 2026-01-18 12:14:50 +0000)
% Linked with Z3 4.14.0.0 3c47fd96cf5645d0c42b2c819d9e9a84380aa721 NOTFOUND
% CaDiCaL version: 2.1.3
% Termination reason: Instruction limit
% Termination phase: Saturation
% Time elapsed: 0.223 s
% Peak memory usage: 14 MB
% Instructions burned: 989 (million)
% WARNING Broken Constraint: if kbo_weight_scheme(inv_frequency) has been set then term_ordering(lpo) is equal to kbo or term_ordering(lpo) is equal to auto_kbo
% dis-1010_2:3_to=lpo:sil=16000:prc=on:bsd=on:acc=on:bce=on:gs=on:nwc=5:s2agt=8:newcnf=on:random_seed=2169359627:avsq=on:s2a=on:i=552:avsqr=8,1:kws=inv_frequency:doe=on:nm=16:fsd=on_117 on p for (117ds/552Mi)
% Instruction limit reached! 
% ------------------------------
% Version: Vampire 5.0.1 (Release build, commit 1b13eaf on 2026-01-18 12:14:50 +0000)
% Linked with Z3 4.14.0.0 3c47fd96cf5645d0c42b2c819d9e9a84380aa721 NOTFOUND
% CaDiCaL version: 2.1.3
% Termination reason: Instruction limit
% Termination phase: Saturation
% Time elapsed: 0.164 s
% Peak memory usage: 18 MB
% Instructions burned: 553 (million)
% dis+3_1_to=lpo:sil=4000:plsq=on:plsqc=1:plsqr=64,1:sac=on:random_seed=3669924752:i=1469:nm=5:amm=off_115 on p for (115ds/1469Mi)
% Instruction limit reached! 
% ------------------------------
% Version: Vampire 5.0.1 (Release build, commit 1b13eaf on 2026-01-18 12:14:50 +0000)
% Linked with Z3 4.14.0.0 3c47fd96cf5645d0c42b2c819d9e9a84380aa721 NOTFOUND
% CaDiCaL version: 2.1.3
% Termination reason: Instruction limit
% Termination phase: Saturation
% Time elapsed: 0.380 s
% Peak memory usage: 21 MB
% Instructions burned: 1475 (million)
% dis+10_1024_to=lpo:sil=8000:prc=on:drc=off:sp=arity:random_seed=528788886:i=7157:bd=preordered_111 on p for (111ds/7157Mi)
% Instruction limit reached! 
% ------------------------------
% Version: Vampire 5.0.1 (Release build, commit 1b13eaf on 2026-01-18 12:14:50 +0000)
% Linked with Z3 4.14.0.0 3c47fd96cf5645d0c42b2c819d9e9a84380aa721 NOTFOUND
% CaDiCaL version: 2.1.3
% Termination reason: Instruction limit
% Termination phase: Saturation
% Time elapsed: 1.162 s
% Peak memory usage: 23 MB
% Instructions burned: 7165 (million)
% lrs+1011_3:1_to=lpo:sil=4000:sp=occurrence:random_seed=1093980430:i=4424:sd=1:ep=R:ss=axioms:sgt=64_100 on p for (100ds/4424Mi)
% Refutation not found, incomplete strategy
% ------------------------------
% Version: Vampire 5.0.1 (Release build, commit 1b13eaf on 2026-01-18 12:14:50 +0000)
% Linked with Z3 4.14.0.0 3c47fd96cf5645d0c42b2c819d9e9a84380aa721 NOTFOUND
% CaDiCaL version: 2.1.3
% Termination reason: Refutation not found, incomplete strategy
% Time elapsed: 0.0000 s
% Peak memory usage: 11 MB
% ------------------------------
% ------------------------------
% WARNING Broken Constraint: if kbo_weight_scheme(inv_frequency) has been set then term_ordering(lpo) is equal to kbo or term_ordering(lpo) is equal to auto_kbo
% lrs+10_1_to=lpo:sil=4000:erd=off:random_seed=1156649897:i=1077:sd=3:kws=inv_frequency:bd=preordered:ss=axioms:sgt=16_100 on p for (100ds/1077Mi)
% Instruction limit reached! 
% ------------------------------
% Version: Vampire 5.0.1 (Release build, commit 1b13eaf on 2026-01-18 12:14:50 +0000)
% Linked with Z3 4.14.0.0 3c47fd96cf5645d0c42b2c819d9e9a84380aa721 NOTFOUND
% CaDiCaL version: 2.1.3
% Termination reason: Instruction limit
% Termination phase: Saturation
% Time elapsed: 0.156 s
% Peak memory usage: 24 MB
% Instructions burned: 1079 (million)
% WARNING Broken Constraint: if kbo_weight_scheme(precedence) has been set then term_ordering(lpo) is equal to kbo or term_ordering(lpo) is equal to auto_kbo
% lrs+21_1_to=lpo:sil=4000:fde=none:sos=on:lcm=predicate:random_seed=3379227272:i=3573:kws=precedence:ss=included:sgt=14_98 on p for (98ds/3573Mi)
% Refutation not found, incomplete strategy
% ------------------------------
% Version: Vampire 5.0.1 (Release build, commit 1b13eaf on 2026-01-18 12:14:50 +0000)
% Linked with Z3 4.14.0.0 3c47fd96cf5645d0c42b2c819d9e9a84380aa721 NOTFOUND
% CaDiCaL version: 2.1.3
% Termination reason: Refutation not found, incomplete strategy
% Time elapsed: 0.001 s
% Peak memory usage: 11 MB
% ------------------------------
% ------------------------------
% lrs+1011_1_to=kbo:sil=4000:drc=ordering:sas=cadical:lma=off:spb=non_intro:lcm=reverse:foolp=on:rp=on:nwc=20:flr=on:slsq=on:random_seed=3741857342:avsq=on:s2a=on:i=1625:add=on:ep=R:ins=5_98 on p for (98ds/1625Mi)
% Refutation not found, incomplete strategy
% ------------------------------
% Version: Vampire 5.0.1 (Release build, commit 1b13eaf on 2026-01-18 12:14:50 +0000)
% Linked with Z3 4.14.0.0 3c47fd96cf5645d0c42b2c819d9e9a84380aa721 NOTFOUND
% CaDiCaL version: 2.1.3
% Termination reason: Refutation not found, incomplete strategy
% Time elapsed: 0.0000 s
% Peak memory usage: 12 MB
% ------------------------------
% ------------------------------
% lrs-35_1_slsqr=1,64:to=lpo:sil=128000:bsr=unit_only:nwc=0.5:slsq=on:random_seed=214753833:i=1120:bd=preordered:av=off:fdi=32_98 on p for (98ds/1120Mi)
% Instruction limit reached! 
% ------------------------------
% Version: Vampire 5.0.1 (Release build, commit 1b13eaf on 2026-01-18 12:14:50 +0000)
% Linked with Z3 4.14.0.0 3c47fd96cf5645d0c42b2c819d9e9a84380aa721 NOTFOUND
% CaDiCaL version: 2.1.3
% Termination reason: Instruction limit
% Termination phase: Saturation
% Time elapsed: 0.184 s
% Peak memory usage: 23 MB
% Instructions burned: 1127 (million)
% WARNING Broken Constraint: if kbo_weight_scheme(inv_arity_squared) has been set then term_ordering(lpo) is equal to kbo or term_ordering(lpo) is equal to auto_kbo
% dis+1002_2048_to=lpo:sil=4000:sp=arity:sos=on:spb=goal_then_units:flr=on:avsqc=1:random_seed=3455562596:avsq=on:i=1637:add=on:sd=2:kws=inv_arity_squared:ss=axioms_96 on p for (96ds/1637Mi)
% Refutation not found, incomplete strategy
% ------------------------------
% Version: Vampire 5.0.1 (Release build, commit 1b13eaf on 2026-01-18 12:14:50 +0000)
% Linked with Z3 4.14.0.0 3c47fd96cf5645d0c42b2c819d9e9a84380aa721 NOTFOUND
% CaDiCaL version: 2.1.3
% Termination reason: Refutation not found, incomplete strategy
% Time elapsed: 0.002 s
% Peak memory usage: 11 MB
% ------------------------------
% ------------------------------
% lrs+31_1024_to=lpo:sil=128000:drc=ordering:sp=unary_frequency:bsr=unit_only:random_seed=2077025604:cond=fast:i=652:fgj=on:bd=preordered_96 on p for (96ds/652Mi)
% Instruction limit reached! 
% ------------------------------
% Version: Vampire 5.0.1 (Release build, commit 1b13eaf on 2026-01-18 12:14:50 +0000)
% Linked with Z3 4.14.0.0 3c47fd96cf5645d0c42b2c819d9e9a84380aa721 NOTFOUND
% CaDiCaL version: 2.1.3
% Termination reason: Instruction limit
% Termination phase: Saturation
% Time elapsed: 0.117 s
% Peak memory usage: 19 MB
% Instructions burned: 657 (million)
% lrs+10_4_to=lpo:sil=16000:spb=goal_then_units:nwc=2:random_seed=2184018640:s2pl=no:st=1.8:i=660:gtgl=3:sd=6:av=off:gtg=all:ss=included:sgt=2_94 on p for (94ds/660Mi)
% Instruction limit reached! 
% ------------------------------
% Version: Vampire 5.0.1 (Release build, commit 1b13eaf on 2026-01-18 12:14:50 +0000)
% Linked with Z3 4.14.0.0 3c47fd96cf5645d0c42b2c819d9e9a84380aa721 NOTFOUND
% CaDiCaL version: 2.1.3
% Termination reason: Instruction limit
% Termination phase: Saturation
% Time elapsed: 0.100 s
% Peak memory usage: 23 MB
% Instructions burned: 663 (million)
% lrs+1010_1_to=lpo:sil=8000:fde=none:sos=on:random_seed=3604020832:i=1786:sd=2:ss=axioms_93 on p for (93ds/1786Mi)
% Refutation not found, incomplete strategy
% ------------------------------
% Version: Vampire 5.0.1 (Release build, commit 1b13eaf on 2026-01-18 12:14:50 +0000)
% Linked with Z3 4.14.0.0 3c47fd96cf5645d0c42b2c819d9e9a84380aa721 NOTFOUND
% CaDiCaL version: 2.1.3
% Termination reason: Refutation not found, incomplete strategy
% Time elapsed: 0.0000 s
% Peak memory usage: 11 MB
% ------------------------------
% ------------------------------
% WARNING Broken Constraint: if kbo_weight_scheme(inv_frequency) has been set then term_ordering(lpo) is equal to kbo or term_ordering(lpo) is equal to auto_kbo
% lrs-1011_3_to=lpo:sil=8000:fde=unused:sp=occurrence:urr=on:nwc=1:random_seed=1201237899:s2a=on:i=2383:sd=1:kws=inv_frequency:nm=0:ss=included_93 on p for (93ds/2383Mi)
% Instruction limit reached! 
% ------------------------------
% Version: Vampire 5.0.1 (Release build, commit 1b13eaf on 2026-01-18 12:14:50 +0000)
% Linked with Z3 4.14.0.0 3c47fd96cf5645d0c42b2c819d9e9a84380aa721 NOTFOUND
% CaDiCaL version: 2.1.3
% Termination reason: Instruction limit
% Termination phase: Saturation
% Time elapsed: 0.364 s
% Peak memory usage: 55 MB
% Instructions burned: 2389 (million)
% dis+1002_1_to=lpo:sil=8000:sp=occurrence:fd=off:sac=on:random_seed=405798810:s2a=on:i=1267:s2at=5:sd=2:nm=3:ss=included_89 on p for (89ds/1267Mi)
% Instruction limit reached! 
% ------------------------------
% Version: Vampire 5.0.1 (Release build, commit 1b13eaf on 2026-01-18 12:14:50 +0000)
% Linked with Z3 4.14.0.0 3c47fd96cf5645d0c42b2c819d9e9a84380aa721 NOTFOUND
% CaDiCaL version: 2.1.3
% Termination reason: Instruction limit
% Termination phase: Saturation
% Time elapsed: 0.272 s
% Peak memory usage: 26 MB
% Instructions burned: 1268 (million)
% WARNING Broken Constraint: if kbo_weight_scheme(inv_arity) has been set then term_ordering(lpo) is equal to kbo or term_ordering(lpo) is equal to auto_kbo
% dis+2_8_anc=none:to=lpo:sil=32000:plsq=on:prc=on:drc=off:bsd=on:plsqr=7,8:sp=const_min:sos=all:lma=off:lcm=reverse:updr=off:slsq=on:random_seed=2245616764:avsq=on:cond=fast:i=689:avsqr=11,4:kws=inv_arity:fgj=on:bs=unit_only:bd=all:rawr=on_87 on p for (87ds/689Mi)
% Refutation not found, incomplete strategy
% ------------------------------
% Version: Vampire 5.0.1 (Release build, commit 1b13eaf on 2026-01-18 12:14:50 +0000)
% Linked with Z3 4.14.0.0 3c47fd96cf5645d0c42b2c819d9e9a84380aa721 NOTFOUND
% CaDiCaL version: 2.1.3
% Termination reason: Refutation not found, incomplete strategy
% Time elapsed: 0.0000 s
% Peak memory usage: 11 MB
% ------------------------------
% ------------------------------
% WARNING Broken Constraint: if kbo_weight_scheme(inv_frequency) has been set then term_ordering(lpo) is equal to kbo or term_ordering(lpo) is equal to auto_kbo
% ott+1010_1_to=lpo:sil=4000:sos=on:acc=on:urr=on:bsr=on:rnwc=on:fd=preordered:slsqc=1:slsq=on:random_seed=3546932614:i=691:kws=inv_frequency:aac=none:bd=all:ins=5:fsr=off_87 on p for (87ds/691Mi)
% Refutation not found, incomplete strategy
% ------------------------------
% Version: Vampire 5.0.1 (Release build, commit 1b13eaf on 2026-01-18 12:14:50 +0000)
% Linked with Z3 4.14.0.0 3c47fd96cf5645d0c42b2c819d9e9a84380aa721 NOTFOUND
% CaDiCaL version: 2.1.3
% Termination reason: Refutation not found, incomplete strategy
% Time elapsed: 0.0000 s
% Peak memory usage: 12 MB
% ------------------------------
% ------------------------------
% WARNING Broken Constraint: if kbo_weight_scheme(frequency) has been set then term_ordering(lpo) is equal to kbo or term_ordering(lpo) is equal to auto_kbo
% lrs+34_4096_to=lpo:sil=8000:tgt=ground:prc=on:drc=off:sp=reverse_frequency:sos=on:fd=preordered:random_seed=737885053:s2pl=no:s2a=on:i=1287:kws=frequency:fsr=off_86 on p for (86ds/1287Mi)
% Refutation not found, incomplete strategy
% ------------------------------
% Version: Vampire 5.0.1 (Release build, commit 1b13eaf on 2026-01-18 12:14:50 +0000)
% Linked with Z3 4.14.0.0 3c47fd96cf5645d0c42b2c819d9e9a84380aa721 NOTFOUND
% CaDiCaL version: 2.1.3
% Termination reason: Refutation not found, incomplete strategy
% Time elapsed: 0.0000 s
% Peak memory usage: 11 MB
% ------------------------------
% ------------------------------
% lrs+10_1_to=lpo:sil=16000:tgt=ground:sims=off:erd=off:urr=ec_only:rnwc=on:lftc=10:lwlo=on:random_seed=1029938325:lrd=on:st=2:s2a=on:i=1903:s2at=3:doe=on:fgj=on:gtg=exists_top:ss=included_86 on p for (86ds/1903Mi)
% Instruction limit reached! 
% ------------------------------
% Version: Vampire 5.0.1 (Release build, commit 1b13eaf on 2026-01-18 12:14:50 +0000)
% Linked with Z3 4.14.0.0 3c47fd96cf5645d0c42b2c819d9e9a84380aa721 NOTFOUND
% CaDiCaL version: 2.1.3
% Termination reason: Instruction limit
% Termination phase: Saturation
% Time elapsed: 0.305 s
% Peak memory usage: 49 MB
% Instructions burned: 1905 (million)
% lrs-1002_7_anc=none:sfv=off:to=lpo:sil=128000:tgt=ground:prc=on:drc=off:fde=unused:etr=on:spb=non_intro:bce=on:bsr=unit_only:flr=on:updr=off:random_seed=1882730288:prac=on:i=710:doe=on:nicw=on:bd=preordered:fsr=off:gsp=on:proc=on:rawr=on_83 on p for (83ds/710Mi)
% Instruction limit reached! 
% ------------------------------
% Version: Vampire 5.0.1 (Release build, commit 1b13eaf on 2026-01-18 12:14:50 +0000)
% Linked with Z3 4.14.0.0 3c47fd96cf5645d0c42b2c819d9e9a84380aa721 NOTFOUND
% CaDiCaL version: 2.1.3
% Termination reason: Instruction limit
% Termination phase: Saturation
% Time elapsed: 0.091 s
% Peak memory usage: 21 MB
% Instructions burned: 711 (million)
% lrs+1011_256_to=kbo:sil=2000:tgt=ground:irw=on:drc=off:fde=none:lma=off:rnwc=on:fd=preordered:br=off:slsqc=1:slsq=on:random_seed=3928621666:st=1.2:i=714:s2at=3:sd=10:kws=inv_arity:fgj=on:nicw=on:amm=off:ss=included_82 on p for (82ds/714Mi)
% Instruction limit reached! 
% ------------------------------
% Version: Vampire 5.0.1 (Release build, commit 1b13eaf on 2026-01-18 12:14:50 +0000)
% Linked with Z3 4.14.0.0 3c47fd96cf5645d0c42b2c819d9e9a84380aa721 NOTFOUND
% CaDiCaL version: 2.1.3
% Termination reason: Instruction limit
% Termination phase: Saturation
% Time elapsed: 0.228 s
% Peak memory usage: 22 MB
% Instructions burned: 714 (million)
% lrs+10_4:1_to=lpo:sil=4000:erd=off:urr=on:s2agt=8:br=off:random_seed=3462400521:s2a=on:i=1975:bd=all_80 on p for (80ds/1975Mi)
% Instruction limit reached! 
% ------------------------------
% Version: Vampire 5.0.1 (Release build, commit 1b13eaf on 2026-01-18 12:14:50 +0000)
% Linked with Z3 4.14.0.0 3c47fd96cf5645d0c42b2c819d9e9a84380aa721 NOTFOUND
% CaDiCaL version: 2.1.3
% Termination reason: Instruction limit
% Termination phase: Saturation
% Time elapsed: 0.302 s
% Peak memory usage: 34 MB
% Instructions burned: 1981 (million)
% ott-1010_8_to=lpo:sil=4000:fde=none:sp=arity:spb=goal_then_units:nwc=3:s2agt=16:flr=on:slsq=on:random_seed=3068559225:s2a=on:i=4528:bd=all_77 on p for (77ds/4528Mi)
% Instruction limit reached! 
% ------------------------------
% Version: Vampire 5.0.1 (Release build, commit 1b13eaf on 2026-01-18 12:14:50 +0000)
% Linked with Z3 4.14.0.0 3c47fd96cf5645d0c42b2c819d9e9a84380aa721 NOTFOUND
% CaDiCaL version: 2.1.3
% Termination reason: Instruction limit
% Termination phase: Saturation
% Time elapsed: 0.831 s
% Peak memory usage: 46 MB
% Instructions burned: 4535 (million)
% lrs+1002_1_to=lpo:sil=4000:sp=unary_first:sos=on:spb=units:random_seed=3847204043:i=2020:sd=2:nm=6:av=off:ss=axioms_68 on p for (68ds/2020Mi)
% Refutation not found, incomplete strategy
% ------------------------------
% Version: Vampire 5.0.1 (Release build, commit 1b13eaf on 2026-01-18 12:14:50 +0000)
% Linked with Z3 4.14.0.0 3c47fd96cf5645d0c42b2c819d9e9a84380aa721 NOTFOUND
% CaDiCaL version: 2.1.3
% Termination reason: Refutation not found, incomplete strategy
% Time elapsed: 0.0000 s
% Peak memory usage: 8 MB
% ------------------------------
% ------------------------------
% dis+1002_1_to=kbo:sil=256000:plsq=on:sp=weighted_frequency:sos=on:erd=off:spb=units:acc=on:urr=ec_only:plsql=on:nwc=20:random_seed=1918611400:avsq=on:i=753:gtgl=2:avsqr=12,1:nicw=on:ep=RST:gtg=exists_sym:ss=axioms:sgt=8_68 on p for (68ds/753Mi)
% Instruction limit reached! 
% ------------------------------
% Version: Vampire 5.0.1 (Release build, commit 1b13eaf on 2026-01-18 12:14:50 +0000)
% Linked with Z3 4.14.0.0 3c47fd96cf5645d0c42b2c819d9e9a84380aa721 NOTFOUND
% CaDiCaL version: 2.1.3
% Termination reason: Instruction limit
% Termination phase: Saturation
% Time elapsed: 0.168 s
% Peak memory usage: 12 MB
% Instructions burned: 754 (million)
% lrs+10_128_to=lpo:sil=4000:sp=occurrence:sos=all:urr=full:br=off:random_seed=60757511:st=4.8:s2a=on:i=1412:sd=4:sup=off:ss=included_66 on p for (66ds/1412Mi)
% Refutation not found, incomplete strategy
% ------------------------------
% Version: Vampire 5.0.1 (Release build, commit 1b13eaf on 2026-01-18 12:14:50 +0000)
% Linked with Z3 4.14.0.0 3c47fd96cf5645d0c42b2c819d9e9a84380aa721 NOTFOUND
% CaDiCaL version: 2.1.3
% Termination reason: Refutation not found, incomplete strategy
% Time elapsed: 0.001 s
% Peak memory usage: 11 MB
% ------------------------------
% ------------------------------
% lrs+10_1_to=lpo:sil=128000:sp=occurrence:random_seed=151088042:st=3:i=37942:sd=4:ss=included:sgt=16_66 on p for (66ds/37942Mi)
% Solution written to "/tmp/vampire-proof-311833"
% Refutation found. Thanks to Tanya!
% SZS status Theorem for p
% SZS output start Proof for p
fof(f1,axiom,(
  ! [X0,X1,X2,X3] : X1 = f(f(f(X2,X1),f(X2,f(f(X1,f(X2,X3)),f(X3,X0)))),X3)),
  file('/tmp/tmpb1ws6ar4/p.p',unknown)).
fof(f2,conjecture,(
  ! [X0,X1] : X0 = X1),
  file('/tmp/tmpb1ws6ar4/p.p',unknown)).
fof(f3,negated_conjecture,(
  ~! [X0,X1] : X0 = X1),
  inference(negated_conjecture,[status(cth)],[f2])).
fof(f4,plain,(
  ? [X0,X1] : X0 != X1),
  inference(ennf_transformation,[],[f3])).
fof(f5,plain,(
  ? [X0,X1] : X0 != X1 => sK0 != sK1),
  introduced(definition,[],[skolem_symbol_introduction])).
fof(f6,plain,(
  sK0 != sK1),
  inference(skolemisation,[status(esa),new_symbols(skolem,[sK0,sK1])],[f4,f5])).
fof(f7,plain,(
  ( ! [X2,X3,X0,X1] : (f(f(f(X2,X1),f(X2,f(f(X1,f(X2,X3)),f(X3,X0)))),X3) = X1) )),
  inference(cnf_transformation,[],[f1])).
fof(f8,plain,(
  sK0 != sK1),
  inference(cnf_transformation,[],[f6])).
fof(f9,plain,(
  ( ! [X2,X3,X0,X1,X4,X5] : (f(f(X0,f(f(f(X1,X0),f(X1,f(f(X0,f(X1,X2)),f(X2,X3)))),f(f(X2,f(f(f(X1,X0),f(X1,f(f(X0,f(X1,X2)),f(X2,X3)))),X4)),f(X4,X5)))),X4) = X2) )),
  inference(superposition,[],[f7,f7])).
fof(f11,plain,(
  ( ! [X2,X3,X0,X1,X4,X5] : (f(f(X2,X0),f(X2,f(f(X0,f(X2,f(X1,X3))),f(f(X1,X3),X4)))) = f(f(f(X1,f(f(X2,X0),f(X2,f(f(X0,f(X2,f(X1,X3))),f(f(X1,X3),X4))))),f(X1,f(X0,f(X3,X5)))),X3)) )),
  inference(superposition,[],[f7,f7])).
fof(f12,plain,(
  ( ! [X2,X3,X0,X1,X4,X5] : (f(f(f(X1,X2),f(X1,f(f(X2,f(X1,f(f(X3,X0),f(X3,f(f(X0,f(X3,X4)),f(X4,X5)))))),X0))),f(f(X3,X0),f(X3,f(f(X0,f(X3,X4)),f(X4,X5))))) = X2) )),
  inference(superposition,[],[f7,f7])).
fof(f21,plain,(
  ( ! [X2,X3,X0,X1,X4] : (f(f(X0,f(f(f(X1,X0),f(X1,f(f(X0,f(X1,X2)),f(X2,X3)))),f(f(X2,X0),f(X2,X4)))),X2) = X2) )),
  inference(superposition,[],[f9,f7])).
fof(f117,plain,(
  ( ! [X2,X3,X0,X1,X4] : (f(f(f(f(f(X1,X0),f(X1,f(f(X0,f(X1,X0)),f(X0,X2)))),X0),f(f(f(X1,X0),f(X1,f(f(X0,f(X1,X0)),f(X0,X2)))),X0)),f(f(X0,X0),f(X0,f(f(X0,f(X0,X3)),f(X3,X4))))) = X0) )),
  inference(superposition,[],[f12,f21])).
fof(f161,plain,(
  ( ! [X3,X0,X4] : (f(f(X0,X0),f(f(X0,X0),f(X0,f(f(X0,f(X0,X3)),f(X3,X4))))) = X0) )),
  inference(forward_demodulation,[],[f117,f7])).
fof(f186,plain,(
  ( ! [X2,X0,X1] : (f(f(f(X1,X2),f(X1,f(f(X2,f(X1,f(X0,X0))),X0))),f(X0,X0)) = X2) )),
  inference(superposition,[],[f7,f161])).
fof(f241,plain,(
  ( ! [X2,X3,X0,X1] : (f(f(X0,X0),f(X0,f(f(X0,f(X0,f(f(X0,X0),X1))),f(f(f(X0,X0),X1),X2)))) = f(f(X0,f(f(X0,X0),f(X0,f(X1,X3)))),X1)) )),
  inference(superposition,[],[f11,f161])).
fof(f263,plain,(
  ( ! [X2,X3,X0,X1,X4,X5] : (f(X2,f(f(X0,f(X1,X1)),f(X0,f(f(f(X1,X1),f(X0,f(X2,X1))),f(f(X2,X1),X3))))) = f(f(f(X2,f(X2,f(f(X0,f(X1,X1)),f(X0,f(f(f(X1,X1),f(X0,f(X2,X1))),f(f(X2,X1),X3)))))),f(X2,f(f(X0,f(X1,X1)),f(X0,f(f(f(X1,X1),f(X0,f(X2,X1))),f(f(X2,X1),X3)))))),f(f(X1,X1),f(X1,f(f(X1,f(X1,X4)),f(X4,X5)))))) )),
  inference(superposition,[],[f12,f11])).
fof(f4502,plain,(
  ( ! [X2,X3,X0] : (f(X0,X0) = f(f(f(f(f(X0,X0),f(X0,X0)),f(X0,X0)),f(X0,X0)),f(f(X0,X0),f(X0,f(f(X0,f(X0,X2)),f(X2,X3)))))) )),
  inference(superposition,[],[f263,f161])).
fof(f4909,plain,(
  ( ! [X0,X1] : (f(f(X1,X1),f(f(X1,X1),f(X1,f(f(X1,f(X1,f(f(f(f(X0,X0),f(X0,X0)),f(X0,X0)),f(X0,X0)))),f(X0,X0))))) = X1) )),
  inference(superposition,[],[f161,f4502])).
fof(f6570,plain,(
  ( ! [X2,X0,X1,X4] : (f(f(X0,f(f(X0,X0),f(X0,f(X1,X2)))),X1) = f(f(X0,f(f(X0,X0),f(X0,f(X1,X4)))),X1)) )),
  inference(superposition,[],[f241,f241])).
fof(f6653,plain,(
  ( ! [X2,X0,X1] : (f(f(f(X0,f(f(X0,X0),f(X0,f(X1,X2)))),X1),f(f(X0,X0),X1)) = X0) )),
  inference(superposition,[],[f7,f241])).
fof(f6675,plain,(
  ( ! [X2,X0,X1] : (f(X0,X0) = f(f(f(f(f(X0,X0),f(X0,X0)),f(X0,X0)),f(X0,X0)),f(f(X0,f(f(X0,X0),f(X0,f(X1,X2)))),X1))) )),
  inference(superposition,[],[f4502,f241])).
fof(f6678,plain,(
  ( ! [X2,X0,X1] : (f(f(X0,X0),f(f(X0,f(f(X0,X0),f(X0,f(X1,X2)))),X1)) = X0) )),
  inference(superposition,[],[f161,f241])).
fof(f7633,plain,(
  ( ! [X2,X3,X0,X1] : (f(f(X1,X1),f(f(X1,f(f(X1,X1),f(X1,X0))),f(f(X2,X0),f(X2,f(f(X0,f(X2,f(X3,X3))),X3))))) = X1) )),
  inference(superposition,[],[f6678,f186])).
fof(f7665,plain,(
  ( ! [X0,X1] : (f(f(X1,X1),f(f(X1,f(f(X1,X1),f(X1,X0))),f(X0,X0))) = X1) )),
  inference(superposition,[],[f6678,f6678])).
fof(f7702,plain,(
  ( ! [X0] : (f(X0,X0) = f(f(f(X0,X0),f(X0,X0)),f(f(f(X0,X0),f(f(f(X0,X0),f(X0,X0)),X0)),f(X0,X0)))) )),
  inference(superposition,[],[f6678,f4909])).
fof(f9372,plain,(
  ( ! [X2,X0,X1] : (f(f(X0,f(f(X0,X0),f(X0,f(f(X1,X1),X2)))),f(X1,X1)) = f(f(f(f(X0,X0),f(f(X0,f(f(X0,X0),f(X0,f(f(X1,X1),X2)))),f(X1,X1))),f(f(X0,X0),f(X0,X1))),f(X1,X1))) )),
  inference(superposition,[],[f186,f6653])).
fof(f9524,plain,(
  ( ! [X2,X0,X1] : (f(f(X0,f(f(X0,X0),f(X0,X1))),f(X1,X1)) = f(f(X0,f(f(X0,X0),f(X0,f(f(X1,X1),X2)))),f(X1,X1))) )),
  inference(forward_demodulation,[],[f9372,f6678])).
fof(f12827,plain,(
  ( ! [X0] : (f(X0,X0) = f(f(f(f(f(X0,X0),f(X0,X0)),f(X0,X0)),f(X0,X0)),X0)) )),
  inference(superposition,[],[f7,f7702])).
fof(f18859,plain,(
  ( ! [X0,X1] : (f(f(f(f(X0,X0),X0),X0),f(X0,X1)) = X0) )),
  inference(superposition,[],[f7,f7633])).
fof(f19610,plain,(
  ( ! [X2,X0,X1] : (f(f(f(X0,X0),X0),X0) = f(f(f(X0,f(f(f(X0,X0),X0),X0)),f(X0,f(X0,f(X1,X2)))),X1)) )),
  inference(superposition,[],[f7,f18859])).
fof(f19618,plain,(
  ( ! [X0,X1] : (f(f(f(f(f(f(X0,X0),X0),X0),X1),f(f(f(f(X0,X0),X0),X0),f(f(X1,X0),X0))),f(X0,X0)) = X1) )),
  inference(superposition,[],[f186,f18859])).
fof(f19624,plain,(
  ( ! [X2,X3,X0,X1] : (f(X0,X1) = f(f(X0,f(f(f(f(X0,X0),X0),X0),f(f(f(X0,X1),f(f(f(f(X0,X0),X0),X0),X2)),f(X2,X3)))),X2)) )),
  inference(superposition,[],[f7,f18859])).
fof(f22552,plain,(
  ( ! [X0,X1] : (f(f(f(X1,X1),X1),X1) = f(f(f(X1,f(f(f(X1,X1),X1),X1)),f(X1,f(X1,X0))),f(f(f(X0,X0),X0),X0))) )),
  inference(superposition,[],[f19610,f18859])).
fof(f25031,plain,(
  ( ! [X0,X1] : (f(X0,X1) = f(f(X0,f(f(f(f(X0,X0),X0),X0),f(f(f(X0,X1),X0),X0))),f(X0,X0))) )),
  inference(superposition,[],[f19618,f18859])).
fof(f25879,plain,(
  ( ! [X2,X0,X1] : (f(X0,f(f(X0,X0),f(X0,f(X0,X2)))) = f(f(X0,f(f(f(f(X0,X0),X0),X0),f(f(f(X0,f(f(X0,X0),f(X0,f(X0,X1)))),X0),X0))),f(X0,X0))) )),
  inference(superposition,[],[f25031,f6570])).
fof(f25880,plain,(
  ( ! [X2,X3,X0,X1] : (f(X0,f(f(f(X1,X0),f(X1,f(f(X0,f(X1,X0)),f(X0,X2)))),f(f(X0,X0),f(X0,X3)))) = f(f(X0,f(f(f(f(X0,X0),X0),X0),f(X0,X0))),f(X0,X0))) )),
  inference(superposition,[],[f25031,f21])).
fof(f25885,plain,(
  ( ! [X2,X3,X0,X1] : (f(f(X0,X0),f(X0,X0)) = f(X0,f(f(f(X1,X0),f(X1,f(f(X0,f(X1,X0)),f(X0,X2)))),f(f(X0,X0),f(X0,X3))))) )),
  inference(forward_demodulation,[],[f25880,f18859])).
fof(f25886,plain,(
  ( ! [X2,X0,X1] : (f(X0,f(f(X0,X0),f(X0,f(X0,X1)))) = f(X0,f(f(X0,X0),f(X0,f(X0,X2))))) )),
  inference(forward_demodulation,[],[f25879,f25031])).
fof(f26786,plain,(
  ( ! [X0,X1] : (f(f(X0,X0),f(f(f(X0,X0),f(X0,X0)),X0)) = f(f(X0,X0),f(f(f(X0,X0),f(X0,X0)),f(f(X0,X0),f(f(X0,X0),X1))))) )),
  inference(superposition,[],[f25886,f4909])).
fof(f42154,plain,(
  ( ! [X0,X1] : (f(X0,X0) = f(f(f(f(f(X0,X0),f(X0,X0)),f(X0,X0)),f(X0,X0)),f(f(X0,f(f(X0,X0),f(X0,X1))),f(X1,X1)))) )),
  inference(superposition,[],[f6675,f9524])).
fof(f55240,plain,(
  ( ! [X0,X1] : (f(X0,f(f(X0,X0),f(X0,f(f(f(f(f(X0,X0),X0),X0),f(X0,X0)),X1)))) = f(f(X0,f(f(f(f(X0,X0),X0),X0),X0)),f(X0,X0))) )),
  inference(superposition,[],[f19624,f6653])).
fof(f55241,plain,(
  ( ! [X0,X1] : (f(X0,f(f(X0,X0),f(X0,f(X0,X1)))) = f(f(X0,f(f(f(f(X0,X0),X0),X0),X0)),f(X0,X0))) )),
  inference(forward_demodulation,[],[f55240,f18859])).
fof(f56797,plain,(
  ( ! [X0,X1] : (f(f(f(f(f(f(X0,X0),X0),X0),X0),f(f(f(f(X0,X0),X0),X0),f(X0,f(f(X0,X0),f(X0,f(X0,X1)))))),X0) = X0) )),
  inference(superposition,[],[f7,f55241])).
fof(f56800,plain,(
  ( ! [X0] : (f(f(f(f(f(f(X0,X0),X0),X0),X0),X0),X0) = X0) )),
  inference(forward_demodulation,[],[f56797,f18859])).
fof(f63643,plain,(
  ( ! [X0] : (f(f(f(X0,X0),f(X0,X0)),X0) = X0) )),
  inference(superposition,[],[f21,f25885])).
fof(f63655,plain,(
  ( ! [X0,X1] : (f(f(f(X1,f(f(X1,X1),f(X1,f(f(X0,X0),f(X0,X0))))),X0),f(f(X1,X1),X0)) = X1) )),
  inference(superposition,[],[f6653,f25885])).
fof(f63866,plain,(
  ( ! [X0] : (f(X0,X0) = f(f(f(f(X0,X0),f(f(f(X0,X0),f(X0,X0)),f(f(X0,X0),f(f(X0,X0),f(X0,X0))))),X0),X0)) )),
  inference(superposition,[],[f63655,f63643])).
fof(f63870,plain,(
  ( ! [X0] : (f(X0,X0) = f(f(f(f(X0,X0),f(f(f(X0,X0),f(X0,X0)),X0)),X0),X0)) )),
  inference(forward_demodulation,[],[f63866,f26786])).
fof(f63871,plain,(
  ( ! [X0] : (f(X0,X0) = f(f(f(f(X0,X0),X0),X0),X0)) )),
  inference(forward_demodulation,[],[f63870,f63643])).
fof(f63882,plain,(
  ( ! [X0] : (f(f(f(X0,X0),X0),X0) = X0) )),
  inference(superposition,[],[f56800,f63871])).
fof(f63908,plain,(
  ( ! [X0,X1] : (f(X0,f(X0,X1)) = X0) )),
  inference(superposition,[],[f18859,f63882])).
fof(f63921,plain,(
  ( ! [X0,X1] : (f(f(f(X0,X0),f(X0,f(X0,X1))),f(f(f(X1,X1),X1),X1)) = X0) )),
  inference(superposition,[],[f22552,f63882])).
fof(f63961,plain,(
  ( ! [X0] : (f(X0,X0) = f(f(X0,X0),X0)) )),
  inference(superposition,[],[f12827,f63882])).
fof(f63964,plain,(
  ( ! [X0,X1] : (f(X0,X0) = f(f(X0,X0),f(f(X0,f(f(X0,X0),f(X0,X1))),f(X1,X1)))) )),
  inference(superposition,[],[f42154,f63882])).
fof(f63989,plain,(
  ( ! [X0] : (f(X0,X0) = X0) )),
  inference(forward_demodulation,[],[f63964,f7665])).
fof(f63995,plain,(
  ( ! [X0,X1] : (f(f(f(X0,X0),f(X0,f(X0,X1))),X1) = X0) )),
  inference(forward_demodulation,[],[f63921,f63882])).
fof(f64002,plain,(
  ( ! [X0,X1] : (f(f(f(X0,X0),X0),X1) = X0) )),
  inference(forward_demodulation,[],[f63995,f63908])).
fof(f64005,plain,(
  ( ! [X0,X1] : (f(f(X0,X0),X1) = X0) )),
  inference(forward_demodulation,[],[f64002,f63961])).
fof(f64007,plain,(
  ( ! [X0,X1] : (f(X0,X1) = X0) )),
  inference(forward_demodulation,[],[f64005,f63989])).
fof(f64160,plain,(
  ( ! [X2,X0,X1] : (f(f(X1,f(f(X0,X1),f(X0,f(f(X1,f(X0,X0)),f(X0,X2))))),X0) = X0) )),
  inference(superposition,[],[f21,f63989])).
fof(f64166,plain,(
  ( ! [X2,X0,X1] : (f(X1,f(f(X0,X1),f(X0,f(f(X1,f(X0,X0)),f(X0,X2))))) = X0) )),
  inference(forward_demodulation,[],[f64160,f64007])).
fof(f64244,plain,(
  ( ! [X0,X1] : (X0 = X1) )),
  inference(forward_demodulation,[],[f64166,f64007])).
fof(f65119,plain,(
  ( ! [X0] : (sK0 != X0) )),
  inference(superposition,[],[f8,f64244])).
fof(f65953,plain,(
  $false),
  inference(forward_subsumption_resolution,[],[f65119,f64244])).
% SZS output end Proof for p
% ------------------------------
% Version: Vampire 5.0.1 (Release build, commit 1b13eaf on 2026-01-18 12:14:50 +0000)
% Linked with Z3 4.14.0.0 3c47fd96cf5645d0c42b2c819d9e9a84380aa721 NOTFOUND
% CaDiCaL version: 2.1.3
% Termination reason: Refutation
% Time elapsed: 5.206 s
% Peak memory usage: 224 MB
% Instructions burned: 31935 (million)
% ------------------------------
% ------------------------------
% Success in time 28.583 s
