% law: x = ((((y ◇ w) ◇ x) ◇ (((y ◇ w) ◇ y) ◇ (x ◇ z))) ◇ y)
% config: vampire/triv/casc @ 30s

% Running in auto input_syntax mode. Trying TPTP
% Detected formulas, will run a generic FOF schedule.
% lrs+1011_32_sil=2000:tgt=full:alpa=true:random_seed=1597838819:st=5:i=107:sd=1:ss=included:er=filter_300 on p for (300ds/107Mi)
% Instruction limit reached! 
% ------------------------------
% Version: Vampire 5.0.1 (Release build, commit 1b13eaf on 2026-01-18 12:14:50 +0000)
% Linked with Z3 4.14.0.0 3c47fd96cf5645d0c42b2c819d9e9a84380aa721 NOTFOUND
% CaDiCaL version: 2.1.3
% Termination reason: Instruction limit
% Termination phase: Saturation
% Time elapsed: 0.017 s
% Peak memory usage: 13 MB
% Instructions burned: 113 (million)
% lrs+10_2:3_to=lpo:sil=16000:sp=arity:random_seed=3342117245:i=114:bd=all:ss=axioms:sgt=4_299 on p for (299ds/114Mi)
% Instruction limit reached! 
% ------------------------------
% Version: Vampire 5.0.1 (Release build, commit 1b13eaf on 2026-01-18 12:14:50 +0000)
% Linked with Z3 4.14.0.0 3c47fd96cf5645d0c42b2c819d9e9a84380aa721 NOTFOUND
% CaDiCaL version: 2.1.3
% Termination reason: Instruction limit
% Termination phase: Saturation
% Time elapsed: 0.017 s
% Peak memory usage: 13 MB
% Instructions burned: 119 (million)
% ott+1011_2_sil=4000:lsd=20:rnwc=on:rp=on:sac=on:newcnf=on:random_seed=1672403705:i=132:kws=arity:er=filter_299 on p for (299ds/132Mi)
% Instruction limit reached! 
% ------------------------------
% Version: Vampire 5.0.1 (Release build, commit 1b13eaf on 2026-01-18 12:14:50 +0000)
% Linked with Z3 4.14.0.0 3c47fd96cf5645d0c42b2c819d9e9a84380aa721 NOTFOUND
% CaDiCaL version: 2.1.3
% Termination reason: Instruction limit
% Termination phase: Saturation
% Time elapsed: 0.021 s
% Peak memory usage: 13 MB
% Instructions burned: 132 (million)
% dis+1011_1_slsqr=8,1:sil=2000:spb=units:fd=off:kmz=on:flr=on:sac=on:slsq=on:random_seed=2455009773:st=2:i=121:sd=30:aac=none:ep=RS:ss=axioms:sgt=10_299 on p for (299ds/121Mi)
% Refutation not found, incomplete strategy
% ------------------------------
% Version: Vampire 5.0.1 (Release build, commit 1b13eaf on 2026-01-18 12:14:50 +0000)
% Linked with Z3 4.14.0.0 3c47fd96cf5645d0c42b2c819d9e9a84380aa721 NOTFOUND
% CaDiCaL version: 2.1.3
% Termination reason: Refutation not found, incomplete strategy
% Time elapsed: 0.0000 s
% Peak memory usage: 12 MB
% ------------------------------
% ------------------------------
% Aborted by signal SIGSEGV on /tmp/tmp0j38xpw2/p.p
% ------------------------------
% Version: Vampire 5.0.1 (Release build, commit 1b13eaf on 2026-01-18 12:14:50 +0000)
% Linked with Z3 4.14.0.0 3c47fd96cf5645d0c42b2c819d9e9a84380aa721 NOTFOUND
% CaDiCaL version: 2.1.3
% Termination reason: Refutation not found, incomplete strategy
% Time elapsed: 0.0000 s
% Peak memory usage: 12 MB
% lrs+10_1_sil=2000:sos=on:random_seed=1483361403:i=135:sd=2:gtg=position:ss=axioms_299 on p for (299ds/135Mi)
% Refutation not found, incomplete strategy
% ------------------------------
% Version: Vampire 5.0.1 (Release build, commit 1b13eaf on 2026-01-18 12:14:50 +0000)
% Linked with Z3 4.14.0.0 3c47fd96cf5645d0c42b2c819d9e9a84380aa721 NOTFOUND
% CaDiCaL version: 2.1.3
% Termination reason: Refutation not found, incomplete strategy
% Time elapsed: 0.0000 s
% Peak memory usage: 11 MB
% ------------------------------
% ------------------------------
% lrs+1011_1_sil=16000:random_seed=52200870:i=269:sd=10:ss=axioms:sgt=16_299 on p for (299ds/269Mi)
% Instruction limit reached! 
% ------------------------------
% Version: Vampire 5.0.1 (Release build, commit 1b13eaf on 2026-01-18 12:14:50 +0000)
% Linked with Z3 4.14.0.0 3c47fd96cf5645d0c42b2c819d9e9a84380aa721 NOTFOUND
% CaDiCaL version: 2.1.3
% Termination reason: Instruction limit
% Termination phase: Saturation
% Time elapsed: 0.042 s
% Peak memory usage: 16 MB
% Instructions burned: 272 (million)
% dis+1010_4_sil=2000:sos=on:sac=on:random_seed=2366250271:i=140:sd=1:ss=axioms_298 on p for (298ds/140Mi)
% Refutation not found, incomplete strategy
% ------------------------------
% Version: Vampire 5.0.1 (Release build, commit 1b13eaf on 2026-01-18 12:14:50 +0000)
% Linked with Z3 4.14.0.0 3c47fd96cf5645d0c42b2c819d9e9a84380aa721 NOTFOUND
% CaDiCaL version: 2.1.3
% Termination reason: Refutation not found, incomplete strategy
% Time elapsed: 0.0000 s
% Peak memory usage: 11 MB
% ------------------------------
% ------------------------------
% ott+11_4:1_slsqr=8,1:to=kbo:sil=4000:spb=goal:bsr=on:slsq=on:random_seed=1291985727:s2pl=on:st=3:s2a=on:i=124:gtgl=4:sd=1:kws=inv_arity:ep=RST:gtg=position:ss=axioms:fsd=on_298 on p for (298ds/124Mi)
% Aborted by signal SIGSEGV on /tmp/tmp0j38xpw2/p.p
% ------------------------------
% Version: Vampire 5.0.1 (Release build, commit 1b13eaf on 2026-01-18 12:14:50 +0000)
% Linked with Z3 4.14.0.0 3c47fd96cf5645d0c42b2c819d9e9a84380aa721 NOTFOUND
% CaDiCaL version: 2.1.3
% Termination reason: Unknown
% Termination phase: Saturation
% Time elapsed: 0.0000 s
% Peak memory usage: 12 MB
% Instructions burned: 1 (million)
% ott+1010_1_to=lpo:sil=32000:fde=none:sos=on:spb=goal_then_units:urr=on:random_seed=1296845276:st=2.5:cts=off:i=297:sd=4:ins=10:gsp=on:ss=axioms_298 on p for (298ds/297Mi)
% Refutation not found, incomplete strategy
% ------------------------------
% Version: Vampire 5.0.1 (Release build, commit 1b13eaf on 2026-01-18 12:14:50 +0000)
% Linked with Z3 4.14.0.0 3c47fd96cf5645d0c42b2c819d9e9a84380aa721 NOTFOUND
% CaDiCaL version: 2.1.3
% Termination reason: Refutation not found, incomplete strategy
% Time elapsed: 0.0000 s
% Peak memory usage: 12 MB
% ------------------------------
% ------------------------------
% lrs-1002_1_sil=2000:random_seed=697816094:i=641:sd=20:ss=axioms:sgt=8_298 on p for (298ds/641Mi)
% Instruction limit reached! 
% ------------------------------
% Version: Vampire 5.0.1 (Release build, commit 1b13eaf on 2026-01-18 12:14:50 +0000)
% Linked with Z3 4.14.0.0 3c47fd96cf5645d0c42b2c819d9e9a84380aa721 NOTFOUND
% CaDiCaL version: 2.1.3
% Termination reason: Instruction limit
% Termination phase: Saturation
% Time elapsed: 0.095 s
% Peak memory usage: 22 MB
% Instructions burned: 642 (million)
% lrs+1011_1_sil=4000:plsq=on:plsqr=32,1:sp=occurrence:sos=all:erd=off:random_seed=802217619:st=5:i=160:sup=off:ss=included_297 on p for (297ds/160Mi)
% Refutation not found, incomplete strategy
% ------------------------------
% Version: Vampire 5.0.1 (Release build, commit 1b13eaf on 2026-01-18 12:14:50 +0000)
% Linked with Z3 4.14.0.0 3c47fd96cf5645d0c42b2c819d9e9a84380aa721 NOTFOUND
% CaDiCaL version: 2.1.3
% Termination reason: Refutation not found, incomplete strategy
% Time elapsed: 0.0000 s
% Peak memory usage: 11 MB
% ------------------------------
% ------------------------------
% lrs+10_16:1_sil=2000:sp=reverse_frequency:lcm=predicate:bsr=unit_only:random_seed=1405447690:avsq=on:i=433:kws=inv_frequency:bs=unit_only:gtg=exists_sym_297 on p for (297ds/433Mi)
% Instruction limit reached! 
% ------------------------------
% Version: Vampire 5.0.1 (Release build, commit 1b13eaf on 2026-01-18 12:14:50 +0000)
% Linked with Z3 4.14.0.0 3c47fd96cf5645d0c42b2c819d9e9a84380aa721 NOTFOUND
% CaDiCaL version: 2.1.3
% Termination reason: Instruction limit
% Termination phase: Saturation
% Time elapsed: 0.065 s
% Peak memory usage: 17 MB
% Instructions burned: 437 (million)
% lrs+1011_32_sfv=off:sil=128000:sos=all:newcnf=on:random_seed=3514508844:cond=fast:i=114:nm=2:fsr=off:gtg=all:ss=axioms_296 on p for (296ds/114Mi)
% Instruction limit reached! 
% ------------------------------
% Version: Vampire 5.0.1 (Release build, commit 1b13eaf on 2026-01-18 12:14:50 +0000)
% Linked with Z3 4.14.0.0 3c47fd96cf5645d0c42b2c819d9e9a84380aa721 NOTFOUND
% CaDiCaL version: 2.1.3
% Termination reason: Instruction limit
% Termination phase: Saturation
% Time elapsed: 0.019 s
% Peak memory usage: 13 MB
% Instructions burned: 120 (million)
% lrs+10_64_sil=16000:sos=on:urr=on:br=off:random_seed=3276168756:st=2.2:i=120:sd=1:nm=2:gtg=all:ss=axioms_296 on p for (296ds/120Mi)
% Instruction limit reached! 
% ------------------------------
% Version: Vampire 5.0.1 (Release build, commit 1b13eaf on 2026-01-18 12:14:50 +0000)
% Linked with Z3 4.14.0.0 3c47fd96cf5645d0c42b2c819d9e9a84380aa721 NOTFOUND
% CaDiCaL version: 2.1.3
% Termination reason: Instruction limit
% Termination phase: Saturation
% Time elapsed: 0.019 s
% Peak memory usage: 13 MB
% Instructions burned: 122 (million)
% lrs+21_1_slsqr=16,1:to=lpo:sil=4000:fs=off:acc=on:alpa=true:slsq=on:random_seed=3710075502:i=126:sd=3:aac=none:doe=on:fsr=off:sup=off:ss=included:er=filter:sgt=10_296 on p for (296ds/126Mi)
% Refutation not found, incomplete strategy
% ------------------------------
% Version: Vampire 5.0.1 (Release build, commit 1b13eaf on 2026-01-18 12:14:50 +0000)
% Linked with Z3 4.14.0.0 3c47fd96cf5645d0c42b2c819d9e9a84380aa721 NOTFOUND
% CaDiCaL version: 2.1.3
% Termination reason: Refutation not found, incomplete strategy
% Time elapsed: 0.0000 s
% Peak memory usage: 12 MB
% ------------------------------
% ------------------------------
% dis-1011_1_sil=64000:sp=occurrence:nwc=2:sac=on:random_seed=4150409587:i=161:gtgl=2:gtg=exists_sym_296 on p for (296ds/161Mi)
% Instruction limit reached! 
% ------------------------------
% Version: Vampire 5.0.1 (Release build, commit 1b13eaf on 2026-01-18 12:14:50 +0000)
% Linked with Z3 4.14.0.0 3c47fd96cf5645d0c42b2c819d9e9a84380aa721 NOTFOUND
% CaDiCaL version: 2.1.3
% Termination reason: Instruction limit
% Termination phase: Saturation
% Time elapsed: 0.023 s
% Peak memory usage: 12 MB
% Instructions burned: 162 (million)
% lrs+11_1024_sil=2000:drc=off:gs=on:flr=on:random_seed=4155771486:s2a=on:i=137:sd=2:fgj=on:av=off:ss=axioms:sgt=4_296 on p for (296ds/137Mi)
% Instruction limit reached! 
% ------------------------------
% Version: Vampire 5.0.1 (Release build, commit 1b13eaf on 2026-01-18 12:14:50 +0000)
% Linked with Z3 4.14.0.0 3c47fd96cf5645d0c42b2c819d9e9a84380aa721 NOTFOUND
% CaDiCaL version: 2.1.3
% Termination reason: Instruction limit
% Termination phase: Saturation
% Time elapsed: 0.021 s
% Peak memory usage: 14 MB
% Instructions burned: 137 (million)
% dis-1010_1_anc=none:sil=2000:sims=off:etr=on:sos=on:spb=units:nwc=2:random_seed=683518328:i=698:sd=2:kws=arity:aac=none:ss=axioms:sgt=10_296 on p for (296ds/698Mi)
% Refutation not found, incomplete strategy
% ------------------------------
% Version: Vampire 5.0.1 (Release build, commit 1b13eaf on 2026-01-18 12:14:50 +0000)
% Linked with Z3 4.14.0.0 3c47fd96cf5645d0c42b2c819d9e9a84380aa721 NOTFOUND
% CaDiCaL version: 2.1.3
% Termination reason: Refutation not found, incomplete strategy
% Time elapsed: 0.0000 s
% Peak memory usage: 11 MB
% ------------------------------
% ------------------------------
% dis+10_1_sil=32000:s2agt=32:random_seed=3812847006:st=3:s2a=on:i=183:sd=1:gtg=position:ss=axioms_295 on p for (295ds/183Mi)
% Instruction limit reached! 
% ------------------------------
% Version: Vampire 5.0.1 (Release build, commit 1b13eaf on 2026-01-18 12:14:50 +0000)
% Linked with Z3 4.14.0.0 3c47fd96cf5645d0c42b2c819d9e9a84380aa721 NOTFOUND
% CaDiCaL version: 2.1.3
% Termination reason: Instruction limit
% Termination phase: Saturation
% Time elapsed: 0.026 s
% Peak memory usage: 12 MB
% Instructions burned: 187 (million)
% dis+1010_2_sil=8000:plsq=on:plsqr=1,2:fd=off:random_seed=3367063451:st=1.5:s2a=on:i=119:sd=2:sup=off:ss=axioms_295 on p for (295ds/119Mi)
% Refutation not found, incomplete strategy
% ------------------------------
% Version: Vampire 5.0.1 (Release build, commit 1b13eaf on 2026-01-18 12:14:50 +0000)
% Linked with Z3 4.14.0.0 3c47fd96cf5645d0c42b2c819d9e9a84380aa721 NOTFOUND
% CaDiCaL version: 2.1.3
% Termination reason: Refutation not found, incomplete strategy
% Time elapsed: 0.0000 s
% Peak memory usage: 11 MB
% ------------------------------
% ------------------------------
% dis+1010_3_sil=2000:tgt=full:plsq=on:drc=off:fde=unused:sp=arity:acc=on:nwc=20:flr=on:sac=on:avsqc=2:random_seed=4126733345:s2pl=on:st=3:avsq=on:i=285:s2at=5:avsqr=52993,1048576:sd=10:gtg=exists_sym:ss=axioms_295 on p for (295ds/285Mi)
% Instruction limit reached! 
% ------------------------------
% Version: Vampire 5.0.1 (Release build, commit 1b13eaf on 2026-01-18 12:14:50 +0000)
% Linked with Z3 4.14.0.0 3c47fd96cf5645d0c42b2c819d9e9a84380aa721 NOTFOUND
% CaDiCaL version: 2.1.3
% Termination reason: Instruction limit
% Termination phase: Saturation
% Time elapsed: 0.046 s
% Peak memory usage: 14 MB
% Instructions burned: 289 (million)
% lrs+1011_1_to=lpo:sil=32000:sp=arity:spb=goal:urr=on:bsr=on:fd=preordered:nwc=0.968:br=off:newcnf=on:random_seed=902971023:s2a=on:i=130:s2at=11:bd=preordered:nm=20:ins=10:gtg=position:gsp=on_295 on p for (295ds/130Mi)
% Instruction limit reached! 
% ------------------------------
% Version: Vampire 5.0.1 (Release build, commit 1b13eaf on 2026-01-18 12:14:50 +0000)
% Linked with Z3 4.14.0.0 3c47fd96cf5645d0c42b2c819d9e9a84380aa721 NOTFOUND
% CaDiCaL version: 2.1.3
% Termination reason: Instruction limit
% Termination phase: Saturation
% Time elapsed: 0.019 s
% Peak memory usage: 13 MB
% Instructions burned: 130 (million)
% lrs+11_128_sil=2000:spb=units:lcm=predicate:nwc=20:slsqc=4:slsq=on:random_seed=3594678153:cts=off:i=178:slsql=off:nm=2:av=off:fsr=off_294 on p for (294ds/178Mi)
% Instruction limit reached! 
% ------------------------------
% Version: Vampire 5.0.1 (Release build, commit 1b13eaf on 2026-01-18 12:14:50 +0000)
% Linked with Z3 4.14.0.0 3c47fd96cf5645d0c42b2c819d9e9a84380aa721 NOTFOUND
% CaDiCaL version: 2.1.3
% Termination reason: Instruction limit
% Termination phase: Saturation
% Time elapsed: 0.027 s
% Peak memory usage: 13 MB
% Instructions burned: 183 (million)
% lrs-10_3:2_anc=all:sil=8000:plsq=on:plsqc=1:plsqr=1,1:erd=off:urr=on:rp=on:br=off:sac=on:avsqc=3:random_seed=2295945205:avsq=on:s2a=on:i=270:s2at=2:nicw=on:ss=axioms_294 on p for (294ds/270Mi)
% Refutation not found, incomplete strategy
% ------------------------------
% Version: Vampire 5.0.1 (Release build, commit 1b13eaf on 2026-01-18 12:14:50 +0000)
% Linked with Z3 4.14.0.0 3c47fd96cf5645d0c42b2c819d9e9a84380aa721 NOTFOUND
% CaDiCaL version: 2.1.3
% Termination reason: Refutation not found, incomplete strategy
% Time elapsed: 0.0000 s
% Peak memory usage: 12 MB
% ------------------------------
% ------------------------------
% dis-1011_1_sil=16000:tgt=full:prc=on:bsd=on:avsql=on:sp=unary_first:spb=intro:acc=on:fd=preordered:avsqc=1:random_seed=20706908:st=4:avsq=on:i=960:avsqr=1,16:kws=precedence:bd=all:ins=10:ss=axioms_294 on p for (294ds/960Mi)
% Instruction limit reached! 
% ------------------------------
% Version: Vampire 5.0.1 (Release build, commit 1b13eaf on 2026-01-18 12:14:50 +0000)
% Linked with Z3 4.14.0.0 3c47fd96cf5645d0c42b2c819d9e9a84380aa721 NOTFOUND
% CaDiCaL version: 2.1.3
% Termination reason: Instruction limit
% Termination phase: Saturation
% Time elapsed: 0.143 s
% Peak memory usage: 22 MB
% Instructions burned: 965 (million)
% lrs+4_1_sfv=off:sil=16000:sos=all:random_seed=692048022:i=183:av=off_293 on p for (293ds/183Mi)
% Refutation not found, incomplete strategy
% ------------------------------
% Version: Vampire 5.0.1 (Release build, commit 1b13eaf on 2026-01-18 12:14:50 +0000)
% Linked with Z3 4.14.0.0 3c47fd96cf5645d0c42b2c819d9e9a84380aa721 NOTFOUND
% CaDiCaL version: 2.1.3
% Termination reason: Refutation not found, incomplete strategy
% Time elapsed: 0.0000 s
% Peak memory usage: 9 MB
% ------------------------------
% ------------------------------
% lrs+11_8_slsqr=4,1:sil=2000:erd=off:spb=goal:lsd=50:s2agt=8:slsqc=3:slsq=on:random_seed=2069595360:s2pl=on:i=137:sd=2:ep=R:nm=6:av=off:ss=axioms:sgt=8_293 on p for (293ds/137Mi)
% Refutation not found, incomplete strategy
% ------------------------------
% Version: Vampire 5.0.1 (Release build, commit 1b13eaf on 2026-01-18 12:14:50 +0000)
% Linked with Z3 4.14.0.0 3c47fd96cf5645d0c42b2c819d9e9a84380aa721 NOTFOUND
% CaDiCaL version: 2.1.3
% Termination reason: Refutation not found, incomplete strategy
% Time elapsed: 0.0000 s
% Peak memory usage: 8 MB
% ------------------------------
% ------------------------------
% lrs+1010_14_sil=4000:tgt=full:plsq=on:plsqc=3:plsqr=1,64:erd=off:spb=goal_then_units:plsql=on:slsqc=3:slsq=on:random_seed=2989059765:i=274:s2at=3:sd=1:kws=arity_squared:gtg=exists_all:ss=axioms:fsd=on:sgt=16_293 on p for (293ds/274Mi)
% Instruction limit reached! 
% ------------------------------
% Version: Vampire 5.0.1 (Release build, commit 1b13eaf on 2026-01-18 12:14:50 +0000)
% Linked with Z3 4.14.0.0 3c47fd96cf5645d0c42b2c819d9e9a84380aa721 NOTFOUND
% CaDiCaL version: 2.1.3
% Termination reason: Instruction limit
% Termination phase: Saturation
% Time elapsed: 0.045 s
% Peak memory usage: 15 MB
% Instructions burned: 278 (million)
% lrs+34_16:1_anc=all_dependent:to=lpo:sil=2000:sp=unary_first:sos=on:urr=full:fd=off:sac=on:random_seed=2255041166:i=259:aac=none:bd=preordered:ss=axioms_292 on p for (292ds/259Mi)
% Refutation not found, incomplete strategy
% ------------------------------
% Version: Vampire 5.0.1 (Release build, commit 1b13eaf on 2026-01-18 12:14:50 +0000)
% Linked with Z3 4.14.0.0 3c47fd96cf5645d0c42b2c819d9e9a84380aa721 NOTFOUND
% CaDiCaL version: 2.1.3
% Termination reason: Refutation not found, incomplete strategy
% Time elapsed: 0.0000 s
% Peak memory usage: 11 MB
% ------------------------------
% ------------------------------
% ott+10_1_sil=8000:drc=ordering:urr=on:br=off:random_seed=4258088611:s2a=on:cond=on:i=1197:gtg=position:ss=axioms:sgt=8_292 on p for (292ds/1197Mi)
% Instruction limit reached! 
% ------------------------------
% Version: Vampire 5.0.1 (Release build, commit 1b13eaf on 2026-01-18 12:14:50 +0000)
% Linked with Z3 4.14.0.0 3c47fd96cf5645d0c42b2c819d9e9a84380aa721 NOTFOUND
% CaDiCaL version: 2.1.3
% Termination reason: Instruction limit
% Termination phase: Saturation
% Time elapsed: 0.185 s
% Peak memory usage: 30 MB
% Instructions burned: 1203 (million)
% lrs+22_32_sil=4000:plsq=on:rp=on:newcnf=on:random_seed=4244630174:st=2.5:s2a=on:i=132:sd=5:ss=included_290 on p for (290ds/132Mi)
% Instruction limit reached! 
% ------------------------------
% Version: Vampire 5.0.1 (Release build, commit 1b13eaf on 2026-01-18 12:14:50 +0000)
% Linked with Z3 4.14.0.0 3c47fd96cf5645d0c42b2c819d9e9a84380aa721 NOTFOUND
% CaDiCaL version: 2.1.3
% Termination reason: Instruction limit
% Termination phase: Saturation
% Time elapsed: 0.021 s
% Peak memory usage: 13 MB
% Instructions burned: 133 (million)
% dis-1011_1_anc=none:to=lpo:sil=4000:plsq=on:prc=on:plsqc=3:plsqr=2804223,1048576:fdtod=off:sp=reverse_frequency:sos=on:lsd=20:nwc=1:flr=on:random_seed=3615390321:st=3:cond=fast:prac=on:i=179:gtgl=2:bs=unit_only:ep=RS:nm=10:ins=25:amm=off:gtg=all:ss=included_290 on p for (290ds/179Mi)
% Refutation not found, incomplete strategy
% ------------------------------
% Version: Vampire 5.0.1 (Release build, commit 1b13eaf on 2026-01-18 12:14:50 +0000)
% Linked with Z3 4.14.0.0 3c47fd96cf5645d0c42b2c819d9e9a84380aa721 NOTFOUND
% CaDiCaL version: 2.1.3
% Termination reason: Refutation not found, incomplete strategy
% Time elapsed: 0.0000 s
% Peak memory usage: 12 MB
% ------------------------------
% ------------------------------
% lrs+1002_16:1_sil=2000:sos=on:acc=on:urr=full:fd=off:newcnf=on:random_seed=565707591:i=1517:sd=1:sup=off:ss=included_290 on p for (290ds/1517Mi)
% Refutation not found, incomplete strategy
% ------------------------------
% Version: Vampire 5.0.1 (Release build, commit 1b13eaf on 2026-01-18 12:14:50 +0000)
% Linked with Z3 4.14.0.0 3c47fd96cf5645d0c42b2c819d9e9a84380aa721 NOTFOUND
% CaDiCaL version: 2.1.3
% Termination reason: Refutation not found, incomplete strategy
% Time elapsed: 0.0000 s
% Peak memory usage: 12 MB
% ------------------------------
% ------------------------------
% ott+11_1_slsqr=12,1:sil=4000:erd=off:spb=goal:urr=on:br=off:slsq=on:random_seed=4187749344:cts=off:i=159:slsql=off:nm=6:gsp=on_290 on p for (290ds/159Mi)
% Instruction limit reached! 
% ------------------------------
% Version: Vampire 5.0.1 (Release build, commit 1b13eaf on 2026-01-18 12:14:50 +0000)
% Linked with Z3 4.14.0.0 3c47fd96cf5645d0c42b2c819d9e9a84380aa721 NOTFOUND
% CaDiCaL version: 2.1.3
% Termination reason: Instruction limit
% Termination phase: Saturation
% Time elapsed: 0.025 s
% Peak memory usage: 14 MB
% Instructions burned: 164 (million)
% lrs-1011_1_sil=2000:random_seed=3356684408:st=5:avsq=on:i=175:avsqr=1,16:ep=R:ss=included_290 on p for (290ds/175Mi)
% Refutation not found, incomplete strategy
% ------------------------------
% Version: Vampire 5.0.1 (Release build, commit 1b13eaf on 2026-01-18 12:14:50 +0000)
% Linked with Z3 4.14.0.0 3c47fd96cf5645d0c42b2c819d9e9a84380aa721 NOTFOUND
% CaDiCaL version: 2.1.3
% Termination reason: Refutation not found, incomplete strategy
% Time elapsed: 0.0000 s
% Peak memory usage: 12 MB
% ------------------------------
% ------------------------------
% lrs-1010_8_sil=4000:tgt=ground:drc=off:br=off:slsq=on:random_seed=1964915260:i=176:kws=frequency:ss=axioms_290 on p for (290ds/176Mi)
% Refutation not found, incomplete strategy
% ------------------------------
% Version: Vampire 5.0.1 (Release build, commit 1b13eaf on 2026-01-18 12:14:50 +0000)
% Linked with Z3 4.14.0.0 3c47fd96cf5645d0c42b2c819d9e9a84380aa721 NOTFOUND
% CaDiCaL version: 2.1.3
% Termination reason: Refutation not found, incomplete strategy
% Time elapsed: 0.0000 s
% Peak memory usage: 11 MB
% ------------------------------
% ------------------------------
% lrs+1011_3:1_to=lpo:sil=2000:plsq=on:plsqc=1:plsqr=64,1:sp=reverse_frequency:sos=on:fd=preordered:rp=on:random_seed=2989610483:i=574:aac=none:bd=all:ins=1_289 on p for (289ds/574Mi)
% Refutation not found, incomplete strategy
% ------------------------------
% Version: Vampire 5.0.1 (Release build, commit 1b13eaf on 2026-01-18 12:14:50 +0000)
% Linked with Z3 4.14.0.0 3c47fd96cf5645d0c42b2c819d9e9a84380aa721 NOTFOUND
% CaDiCaL version: 2.1.3
% Termination reason: Refutation not found, incomplete strategy
% Time elapsed: 0.0000 s
% Peak memory usage: 11 MB
% ------------------------------
% ------------------------------
% dis+1010_7_anc=all_dependent:sil=64000:plsq=on:plsqr=8,1:sp=occurrence:sos=on:urr=ec_only:bsr=on:alpa=true:flr=on:slsq=on:random_seed=2085564960:avsq=on:cond=on:i=116:gtgl=5:avsqr=1,32:aac=none:amm=off:gtg=all:rawr=on_289 on p for (289ds/116Mi)
% Instruction limit reached! 
% ------------------------------
% Version: Vampire 5.0.1 (Release build, commit 1b13eaf on 2026-01-18 12:14:50 +0000)
% Linked with Z3 4.14.0.0 3c47fd96cf5645d0c42b2c819d9e9a84380aa721 NOTFOUND
% CaDiCaL version: 2.1.3
% Termination reason: Instruction limit
% Termination phase: Saturation
% Time elapsed: 0.018 s
% Peak memory usage: 12 MB
% Instructions burned: 119 (million)
% lrs+10_1_sil=4000:plsq=on:s2agt=16:slsqc=1:slsq=on:random_seed=51046440:st=5:s2a=on:i=879:sd=3:av=off:gtg=exists_top:ss=axioms_289 on p for (289ds/879Mi)
% Instruction limit reached! 
% ------------------------------
% Version: Vampire 5.0.1 (Release build, commit 1b13eaf on 2026-01-18 12:14:50 +0000)
% Linked with Z3 4.14.0.0 3c47fd96cf5645d0c42b2c819d9e9a84380aa721 NOTFOUND
% CaDiCaL version: 2.1.3
% Termination reason: Instruction limit
% Termination phase: Saturation
% Time elapsed: 0.136 s
% Peak memory usage: 25 MB
% Instructions burned: 886 (million)
% dis+10_3:10_to=lpo:sil=32000:flr=on:sac=on:random_seed=2877576775:i=382:ep=RST_288 on p for (288ds/382Mi)
% Instruction limit reached! 
% ------------------------------
% Version: Vampire 5.0.1 (Release build, commit 1b13eaf on 2026-01-18 12:14:50 +0000)
% Linked with Z3 4.14.0.0 3c47fd96cf5645d0c42b2c819d9e9a84380aa721 NOTFOUND
% CaDiCaL version: 2.1.3
% Termination reason: Instruction limit
% Termination phase: Saturation
% Time elapsed: 0.061 s
% Peak memory usage: 24 MB
% Instructions burned: 385 (million)
% lrs+1011_8:1_sil=4000:plsq=on:plsqc=3:plsqr=32,1:sp=reverse_arity:erd=off:lcm=reverse:acc=on:flr=on:slsq=on:random_seed=1609894481:s2a=on:i=178:kws=precedence:ep=RS:nm=32_287 on p for (287ds/178Mi)
% Refutation not found, incomplete strategy
% ------------------------------
% Version: Vampire 5.0.1 (Release build, commit 1b13eaf on 2026-01-18 12:14:50 +0000)
% Linked with Z3 4.14.0.0 3c47fd96cf5645d0c42b2c819d9e9a84380aa721 NOTFOUND
% CaDiCaL version: 2.1.3
% Termination reason: Refutation not found, incomplete strategy
% Time elapsed: 0.0000 s
% Peak memory usage: 12 MB
% ------------------------------
% ------------------------------
% Aborted by signal SIGSEGV on /tmp/tmp0j38xpw2/p.p
% ------------------------------
% Version: Vampire 5.0.1 (Release build, commit 1b13eaf on 2026-01-18 12:14:50 +0000)
% Linked with Z3 4.14.0.0 3c47fd96cf5645d0c42b2c819d9e9a84380aa721 NOTFOUND
% CaDiCaL version: 2.1.3
% Termination reason: Refutation not found, incomplete strategy
% Time elapsed: 0.0000 s
% Peak memory usage: 12 MB
% dis-1004_1024_slsqr=1,4:to=lpo:sil=128000:tgt=ground:irw=on:erd=off:spb=goal:bsr=on:rnwc=on:nwc=0.5:slsq=on:random_seed=493312846:st=1.5:i=120:doe=on:bs=unit_only:ins=7:av=off:ss=axioms_287 on p for (287ds/120Mi)
% Refutation not found, incomplete strategy
% ------------------------------
% Version: Vampire 5.0.1 (Release build, commit 1b13eaf on 2026-01-18 12:14:50 +0000)
% Linked with Z3 4.14.0.0 3c47fd96cf5645d0c42b2c819d9e9a84380aa721 NOTFOUND
% CaDiCaL version: 2.1.3
% Termination reason: Refutation not found, incomplete strategy
% Time elapsed: 0.0000 s
% Peak memory usage: 12 MB
% ------------------------------
% ------------------------------
% lrs-1011_12_anc=all:sil=16000:plsq=on:fde=none:plsqc=2:plsqr=1,32:sp=unary_frequency:fs=off:spb=goal:bsr=unit_only:plsql=on:gs=on:nwc=2:kmz=on:sac=on:slsq=on:random_seed=1811750361:st=5:avsq=on:i=141:sd=1:fsr=off:gtg=exists_sym:ss=axioms:fsd=on_287 on p for (287ds/141Mi)
% Instruction limit reached! 
% ------------------------------
% Version: Vampire 5.0.1 (Release build, commit 1b13eaf on 2026-01-18 12:14:50 +0000)
% Linked with Z3 4.14.0.0 3c47fd96cf5645d0c42b2c819d9e9a84380aa721 NOTFOUND
% CaDiCaL version: 2.1.3
% Termination reason: Instruction limit
% Termination phase: Saturation
% Time elapsed: 0.021 s
% Peak memory usage: 14 MB
% Instructions burned: 141 (million)
% lrs-1010_128_sil=4000:rp=on:nwc=0.6:alpa=false:random_seed=3589522354:i=625:aac=none:nm=2:gsp=on_287 on p for (287ds/625Mi)
% Instruction limit reached! 
% ------------------------------
% Version: Vampire 5.0.1 (Release build, commit 1b13eaf on 2026-01-18 12:14:50 +0000)
% Linked with Z3 4.14.0.0 3c47fd96cf5645d0c42b2c819d9e9a84380aa721 NOTFOUND
% CaDiCaL version: 2.1.3
% Termination reason: Instruction limit
% Termination phase: Saturation
% Time elapsed: 0.093 s
% Peak memory usage: 22 MB
% Instructions burned: 625 (million)
% dis+1010_1024_sil=4000:tgt=ground:sp=reverse_frequency:random_seed=2523089363:i=292:nm=16:av=off:ss=axioms_286 on p for (286ds/292Mi)
% Refutation not found, incomplete strategy
% ------------------------------
% Version: Vampire 5.0.1 (Release build, commit 1b13eaf on 2026-01-18 12:14:50 +0000)
% Linked with Z3 4.14.0.0 3c47fd96cf5645d0c42b2c819d9e9a84380aa721 NOTFOUND
% CaDiCaL version: 2.1.3
% Termination reason: Refutation not found, incomplete strategy
% Time elapsed: 0.0000 s
% Peak memory usage: 9 MB
% ------------------------------
% ------------------------------
% lrs-1010_4_to=lpo:sil=4000:fde=unused:sp=reverse_frequency:sos=on:erd=off:fs=off:fd=off:sac=on:random_seed=90685523:i=324:aac=none:fsr=off_286 on p for (286ds/324Mi)
% Refutation not found, incomplete strategy
% ------------------------------
% Version: Vampire 5.0.1 (Release build, commit 1b13eaf on 2026-01-18 12:14:50 +0000)
% Linked with Z3 4.14.0.0 3c47fd96cf5645d0c42b2c819d9e9a84380aa721 NOTFOUND
% CaDiCaL version: 2.1.3
% Termination reason: Refutation not found, incomplete strategy
% Time elapsed: 0.0000 s
% Peak memory usage: 11 MB
% ------------------------------
% ------------------------------
% dis+1011_32_anc=all:to=lpo:sil=16000:drc=off:sp=reverse_frequency:fs=off:fd=preordered:sac=on:random_seed=790031865:avsq=on:i=168:add=on:nicw=on:bd=preordered:fsr=off_286 on p for (286ds/168Mi)
% Instruction limit reached! 
% ------------------------------
% Version: Vampire 5.0.1 (Release build, commit 1b13eaf on 2026-01-18 12:14:50 +0000)
% Linked with Z3 4.14.0.0 3c47fd96cf5645d0c42b2c819d9e9a84380aa721 NOTFOUND
% CaDiCaL version: 2.1.3
% Termination reason: Instruction limit
% Termination phase: Saturation
% Time elapsed: 0.025 s
% Peak memory usage: 12 MB
% Instructions burned: 173 (million)
% dis-1011_10_sil=2000:tgt=ground:plsq=on:lsd=10:nwc=5:s2agt=64:random_seed=698396121:s2a=on:i=123:av=off:ss=axioms:sgt=20_286 on p for (286ds/123Mi)
% Instruction limit reached! 
% ------------------------------
% Version: Vampire 5.0.1 (Release build, commit 1b13eaf on 2026-01-18 12:14:50 +0000)
% Linked with Z3 4.14.0.0 3c47fd96cf5645d0c42b2c819d9e9a84380aa721 NOTFOUND
% CaDiCaL version: 2.1.3
% Termination reason: Instruction limit
% Termination phase: Saturation
% Time elapsed: 0.019 s
% Peak memory usage: 12 MB
% Instructions burned: 129 (million)
% dis-1011_1_sil=2000:plsq=on:drc=off:fde=none:bsd=on:plsqr=1,2:sp=weighted_frequency:lma=off:bce=on:rp=on:nwc=20:random_seed=351994738:st=10:i=123:doe=on:bs=unit_only:av=off:ss=included:er=filter:sgt=88_285 on p for (285ds/123Mi)
% Instruction limit reached! 
% ------------------------------
% Version: Vampire 5.0.1 (Release build, commit 1b13eaf on 2026-01-18 12:14:50 +0000)
% Linked with Z3 4.14.0.0 3c47fd96cf5645d0c42b2c819d9e9a84380aa721 NOTFOUND
% CaDiCaL version: 2.1.3
% Termination reason: Instruction limit
% Termination phase: Saturation
% Time elapsed: 0.019 s
% Peak memory usage: 12 MB
% Instructions burned: 127 (million)
% dis+11_4_sil=4000:prc=on:fd=preordered:random_seed=2372413023:i=1091:kws=arity_squared:av=off_285 on p for (285ds/1091Mi)
% Instruction limit reached! 
% ------------------------------
% Version: Vampire 5.0.1 (Release build, commit 1b13eaf on 2026-01-18 12:14:50 +0000)
% Linked with Z3 4.14.0.0 3c47fd96cf5645d0c42b2c819d9e9a84380aa721 NOTFOUND
% CaDiCaL version: 2.1.3
% Termination reason: Instruction limit
% Termination phase: Saturation
% Time elapsed: 0.162 s
% Peak memory usage: 23 MB
% Instructions burned: 1094 (million)
% lrs+1002_1_to=lpo:sil=2000:sos=on:random_seed=760404494:i=1674:sd=3:ss=axioms:sgt=16_283 on p for (283ds/1674Mi)
% Refutation not found, incomplete strategy
% ------------------------------
% Version: Vampire 5.0.1 (Release build, commit 1b13eaf on 2026-01-18 12:14:50 +0000)
% Linked with Z3 4.14.0.0 3c47fd96cf5645d0c42b2c819d9e9a84380aa721 NOTFOUND
% CaDiCaL version: 2.1.3
% Termination reason: Refutation not found, incomplete strategy
% Time elapsed: 0.0000 s
% Peak memory usage: 11 MB
% ------------------------------
% ------------------------------
% dis+10_1_sil=4000:lcm=reverse:urr=ec_only:gs=on:br=off:random_seed=1443911058:cts=off:i=340:nm=0:av=off:fsr=off_283 on p for (283ds/340Mi)
% Instruction limit reached! 
% ------------------------------
% Version: Vampire 5.0.1 (Release build, commit 1b13eaf on 2026-01-18 12:14:50 +0000)
% Linked with Z3 4.14.0.0 3c47fd96cf5645d0c42b2c819d9e9a84380aa721 NOTFOUND
% CaDiCaL version: 2.1.3
% Termination reason: Instruction limit
% Termination phase: Saturation
% Time elapsed: 0.047 s
% Peak memory usage: 13 MB
% Instructions burned: 348 (million)
% lrs+1002_5:4_sil=4000:plsq=on:sims=off:plsqr=256,1:sp=const_frequency:sos=on:fs=off:acc=on:fd=off:s2agt=32:random_seed=546746767:s2a=on:i=124:aac=none:fsr=off_283 on p for (283ds/124Mi)
% Refutation not found, incomplete strategy
% ------------------------------
% Version: Vampire 5.0.1 (Release build, commit 1b13eaf on 2026-01-18 12:14:50 +0000)
% Linked with Z3 4.14.0.0 3c47fd96cf5645d0c42b2c819d9e9a84380aa721 NOTFOUND
% CaDiCaL version: 2.1.3
% Termination reason: Refutation not found, incomplete strategy
% Time elapsed: 0.0000 s
% Peak memory usage: 12 MB
% ------------------------------
% ------------------------------
% lrs-1004_1024_sil=2000:tgt=ground:sos=on:newcnf=on:random_seed=3900844109:i=125:sd=1:aac=none:fsr=off:gtg=position:ss=axioms_283 on p for (283ds/125Mi)
% Refutation not found, incomplete strategy
% ------------------------------
% Version: Vampire 5.0.1 (Release build, commit 1b13eaf on 2026-01-18 12:14:50 +0000)
% Linked with Z3 4.14.0.0 3c47fd96cf5645d0c42b2c819d9e9a84380aa721 NOTFOUND
% CaDiCaL version: 2.1.3
% Termination reason: Refutation not found, incomplete strategy
% Time elapsed: 0.0000 s
% Peak memory usage: 12 MB
% ------------------------------
% ------------------------------
% lrs+11_1_sil=2000:random_seed=2134192053:i=328:sd=2:ep=RS:nm=0:av=off:ss=included_283 on p for (283ds/328Mi)
% Refutation not found, incomplete strategy
% ------------------------------
% Version: Vampire 5.0.1 (Release build, commit 1b13eaf on 2026-01-18 12:14:50 +0000)
% Linked with Z3 4.14.0.0 3c47fd96cf5645d0c42b2c819d9e9a84380aa721 NOTFOUND
% CaDiCaL version: 2.1.3
% Termination reason: Refutation not found, incomplete strategy
% Time elapsed: 0.0000 s
% Peak memory usage: 9 MB
% ------------------------------
% ------------------------------
% lrs+1010_1_sil=4000:fde=unused:sos=on:urr=ec_only:sac=on:random_seed=2300452277:i=2032:gtgl=3:sd=2:gtg=exists_all:ss=axioms_283 on p for (283ds/2032Mi)
% Instruction limit reached! 
% ------------------------------
% Version: Vampire 5.0.1 (Release build, commit 1b13eaf on 2026-01-18 12:14:50 +0000)
% Linked with Z3 4.14.0.0 3c47fd96cf5645d0c42b2c819d9e9a84380aa721 NOTFOUND
% CaDiCaL version: 2.1.3
% Termination reason: Instruction limit
% Termination phase: Saturation
% Time elapsed: 0.312 s
% Peak memory usage: 44 MB
% Instructions burned: 2035 (million)
% dis-1010_2:3_sfv=off:sil=2000:fde=unused:sp=reverse_frequency:flr=on:random_seed=3182174738:st=9:i=237:av=off:ss=axioms_280 on p for (280ds/237Mi)
% Instruction limit reached! 
% ------------------------------
% Version: Vampire 5.0.1 (Release build, commit 1b13eaf on 2026-01-18 12:14:50 +0000)
% Linked with Z3 4.14.0.0 3c47fd96cf5645d0c42b2c819d9e9a84380aa721 NOTFOUND
% CaDiCaL version: 2.1.3
% Termination reason: Instruction limit
% Termination phase: Saturation
% Time elapsed: 0.035 s
% Peak memory usage: 12 MB
% Instructions burned: 242 (million)
% dis+10_1_sil=4000:plsq=on:plsqc=1:plsqr=32,1:random_seed=4218647150:st=2:i=185:sd=1:bd=all:sup=off:ss=axioms_279 on p for (279ds/185Mi)
% Refutation not found, incomplete strategy
% ------------------------------
% Version: Vampire 5.0.1 (Release build, commit 1b13eaf on 2026-01-18 12:14:50 +0000)
% Linked with Z3 4.14.0.0 3c47fd96cf5645d0c42b2c819d9e9a84380aa721 NOTFOUND
% CaDiCaL version: 2.1.3
% Termination reason: Refutation not found, incomplete strategy
% Time elapsed: 0.0000 s
% Peak memory usage: 11 MB
% ------------------------------
% ------------------------------
% dis-1011_128_sil=16000:urr=on:bce=on:fd=off:random_seed=121029220:i=187:av=off:fsr=off_279 on p for (279ds/187Mi)
% Instruction limit reached! 
% ------------------------------
% Version: Vampire 5.0.1 (Release build, commit 1b13eaf on 2026-01-18 12:14:50 +0000)
% Linked with Z3 4.14.0.0 3c47fd96cf5645d0c42b2c819d9e9a84380aa721 NOTFOUND
% CaDiCaL version: 2.1.3
% Termination reason: Instruction limit
% Termination phase: Saturation
% Time elapsed: 0.030 s
% Peak memory usage: 13 MB
% Instructions burned: 191 (million)
% dis+1011_93_sil=16000:tgt=ground:spb=goal_then_units:lsd=100:nwc=1.2:lftc=20:random_seed=3743260841:i=1283:kws=inv_precedence:bs=on:av=off_279 on p for (279ds/1283Mi)
% Instruction limit reached! 
% ------------------------------
% Version: Vampire 5.0.1 (Release build, commit 1b13eaf on 2026-01-18 12:14:50 +0000)
% Linked with Z3 4.14.0.0 3c47fd96cf5645d0c42b2c819d9e9a84380aa721 NOTFOUND
% CaDiCaL version: 2.1.3
% Termination reason: Instruction limit
% Termination phase: Saturation
% Time elapsed: 0.182 s
% Peak memory usage: 19 MB
% Instructions burned: 1285 (million)
% dis+1010_16_sil=4000:fde=none:sos=on:spb=non_intro:random_seed=4017317004:st=1.8:i=311:sd=1:aac=none:gtg=exists_top:ss=axioms_277 on p for (277ds/311Mi)
% Refutation not found, incomplete strategy
% ------------------------------
% Version: Vampire 5.0.1 (Release build, commit 1b13eaf on 2026-01-18 12:14:50 +0000)
% Linked with Z3 4.14.0.0 3c47fd96cf5645d0c42b2c819d9e9a84380aa721 NOTFOUND
% CaDiCaL version: 2.1.3
% Termination reason: Refutation not found, incomplete strategy
% Time elapsed: 0.0000 s
% Peak memory usage: 11 MB
% ------------------------------
% ------------------------------
% dis+10_1_sfv=off:sil=4000:plsq=on:fde=none:plsqc=1:avsql=on:plsqr=10,1:sos=all:lma=off:acc=on:avsqc=3:random_seed=3034531252:avsq=on:i=161:aac=none_277 on p for (277ds/161Mi)
% Refutation not found, incomplete strategy
% ------------------------------
% Version: Vampire 5.0.1 (Release build, commit 1b13eaf on 2026-01-18 12:14:50 +0000)
% Linked with Z3 4.14.0.0 3c47fd96cf5645d0c42b2c819d9e9a84380aa721 NOTFOUND
% CaDiCaL version: 2.1.3
% Termination reason: Refutation not found, incomplete strategy
% Time elapsed: 0.0000 s
% Peak memory usage: 12 MB
% ------------------------------
% ------------------------------
% lrs+11_1024_sil=4000:plsq=on:plsqc=1:plsqr=64,1:fs=off:lsd=100:alpa=true:random_seed=541227349:i=192:kws=frequency:nm=7:fsr=off_277 on p for (277ds/192Mi)
% Instruction limit reached! 
% ------------------------------
% Version: Vampire 5.0.1 (Release build, commit 1b13eaf on 2026-01-18 12:14:50 +0000)
% Linked with Z3 4.14.0.0 3c47fd96cf5645d0c42b2c819d9e9a84380aa721 NOTFOUND
% CaDiCaL version: 2.1.3
% Termination reason: Instruction limit
% Termination phase: Saturation
% Time elapsed: 0.028 s
% Peak memory usage: 12 MB
% Instructions burned: 197 (million)
% dis-1010_4096_sil=64000:sp=occurrence:erd=off:newcnf=on:random_seed=118323503:st=-1:i=2238:gtgl=4:sd=1:av=off:gtg=exists_sym:ss=included_277 on p for (277ds/2238Mi)
% Instruction limit reached! 
% ------------------------------
% Version: Vampire 5.0.1 (Release build, commit 1b13eaf on 2026-01-18 12:14:50 +0000)
% Linked with Z3 4.14.0.0 3c47fd96cf5645d0c42b2c819d9e9a84380aa721 NOTFOUND
% CaDiCaL version: 2.1.3
% Termination reason: Instruction limit
% Termination phase: Saturation
% Time elapsed: 0.306 s
% Peak memory usage: 21 MB
% Instructions burned: 2241 (million)
% dis+10_4_sfv=off:sil=4000:random_seed=1605484661:s2pl=no:i=224:sd=1:nm=16:ss=axioms:er=filter:sgt=4_274 on p for (274ds/224Mi)
% Instruction limit reached! 
% ------------------------------
% Version: Vampire 5.0.1 (Release build, commit 1b13eaf on 2026-01-18 12:14:50 +0000)
% Linked with Z3 4.14.0.0 3c47fd96cf5645d0c42b2c819d9e9a84380aa721 NOTFOUND
% CaDiCaL version: 2.1.3
% Termination reason: Instruction limit
% Termination phase: Saturation
% Time elapsed: 0.032 s
% Peak memory usage: 12 MB
% Instructions burned: 225 (million)
% lrs+1011_8:1_sil=2000:plsq=on:plsqc=1:plsqr=10,1:sos=on:lsd=1:urr=on:bsr=unit_only:rp=on:alpa=false:updr=off:sac=on:newcnf=on:slsq=on:random_seed=565753262:cts=off:avsq=on:s2a=on:i=292:avsqr=1,16:sd=3:slsql=off:bd=preordered:nm=4:gsp=on:sup=off:ss=included:sgt=8:rawr=on_273 on p for (273ds/292Mi)
% Refutation not found, incomplete strategy
% ------------------------------
% Version: Vampire 5.0.1 (Release build, commit 1b13eaf on 2026-01-18 12:14:50 +0000)
% Linked with Z3 4.14.0.0 3c47fd96cf5645d0c42b2c819d9e9a84380aa721 NOTFOUND
% CaDiCaL version: 2.1.3
% Termination reason: Refutation not found, incomplete strategy
% Time elapsed: 0.0000 s
% Peak memory usage: 12 MB
% ------------------------------
% ------------------------------
% lrs+2_64_to=lpo:sil=4000:sas=cadical:sos=on:spb=goal:sac=on:random_seed=1667230164:st=1.5:i=165:aac=none:ss=included_273 on p for (273ds/165Mi)
% Refutation not found, incomplete strategy
% ------------------------------
% Version: Vampire 5.0.1 (Release build, commit 1b13eaf on 2026-01-18 12:14:50 +0000)
% Linked with Z3 4.14.0.0 3c47fd96cf5645d0c42b2c819d9e9a84380aa721 NOTFOUND
% CaDiCaL version: 2.1.3
% Termination reason: Refutation not found, incomplete strategy
% Time elapsed: 0.001 s
% Peak memory usage: 12 MB
% ------------------------------
% ------------------------------
% dis+1011_12:1_sil=32000:plsq=on:plsqc=2:plsqr=32,1:sos=on:fs=off:lsd=20:bsr=unit_only:fd=off:random_seed=4162781924:s2a=on:i=167:nm=16:fsr=off:amm=off_273 on p for (273ds/167Mi)
% Refutation not found, incomplete strategy
% ------------------------------
% Version: Vampire 5.0.1 (Release build, commit 1b13eaf on 2026-01-18 12:14:50 +0000)
% Linked with Z3 4.14.0.0 3c47fd96cf5645d0c42b2c819d9e9a84380aa721 NOTFOUND
% CaDiCaL version: 2.1.3
% Termination reason: Refutation not found, incomplete strategy
% Time elapsed: 0.0000 s
% Peak memory usage: 11 MB
% ------------------------------
% ------------------------------
% lrs+1010_2:1_to=lpo:sil=16000:spb=goal:slsq=on:random_seed=332869532:i=170:ins=10:av=off:fsd=on_273 on p for (273ds/170Mi)
% Instruction limit reached! 
% ------------------------------
% Version: Vampire 5.0.1 (Release build, commit 1b13eaf on 2026-01-18 12:14:50 +0000)
% Linked with Z3 4.14.0.0 3c47fd96cf5645d0c42b2c819d9e9a84380aa721 NOTFOUND
% CaDiCaL version: 2.1.3
% Termination reason: Instruction limit
% Termination phase: Saturation
% Time elapsed: 0.026 s
% Peak memory usage: 14 MB
% Instructions burned: 170 (million)
% ott+1002_10_sfv=off:sil=4000:tgt=full:nwc=1:newcnf=on:random_seed=2532192508:i=178:kws=inv_arity:bd=preordered:fsd=on_273 on p for (273ds/178Mi)
% Instruction limit reached! 
% ------------------------------
% Version: Vampire 5.0.1 (Release build, commit 1b13eaf on 2026-01-18 12:14:50 +0000)
% Linked with Z3 4.14.0.0 3c47fd96cf5645d0c42b2c819d9e9a84380aa721 NOTFOUND
% CaDiCaL version: 2.1.3
% Termination reason: Instruction limit
% Termination phase: Saturation
% Time elapsed: 0.026 s
% Peak memory usage: 13 MB
% Instructions burned: 179 (million)
% lrs+1004_1_sil=2000:sp=occurrence:sos=all:erd=off:random_seed=1860299804:i=218:aac=none:ep=RS_272 on p for (272ds/218Mi)
% Refutation not found, incomplete strategy
% ------------------------------
% Version: Vampire 5.0.1 (Release build, commit 1b13eaf on 2026-01-18 12:14:50 +0000)
% Linked with Z3 4.14.0.0 3c47fd96cf5645d0c42b2c819d9e9a84380aa721 NOTFOUND
% CaDiCaL version: 2.1.3
% Termination reason: Refutation not found, incomplete strategy
% Time elapsed: 0.0000 s
% Peak memory usage: 11 MB
% ------------------------------
% ------------------------------
% lrs-1011_1_sil=2000:sos=on:random_seed=3109024302:i=2073:sd=1:ss=axioms:sgt=64_272 on p for (272ds/2073Mi)
% Refutation not found, incomplete strategy
% ------------------------------
% Version: Vampire 5.0.1 (Release build, commit 1b13eaf on 2026-01-18 12:14:50 +0000)
% Linked with Z3 4.14.0.0 3c47fd96cf5645d0c42b2c819d9e9a84380aa721 NOTFOUND
% CaDiCaL version: 2.1.3
% Termination reason: Refutation not found, incomplete strategy
% Time elapsed: 0.0000 s
% Peak memory usage: 11 MB
% ------------------------------
% ------------------------------
% dis+1011_1_sil=4000:plsq=on:plsqc=2:plsqr=64,1:sos=on:lsd=1:alpa=false:random_seed=1210720604:avsq=on:i=140:avsqr=1,16:aac=none:ep=RS:nm=4:gsp=on_272 on p for (272ds/140Mi)
% Refutation not found, incomplete strategy
% ------------------------------
% Version: Vampire 5.0.1 (Release build, commit 1b13eaf on 2026-01-18 12:14:50 +0000)
% Linked with Z3 4.14.0.0 3c47fd96cf5645d0c42b2c819d9e9a84380aa721 NOTFOUND
% CaDiCaL version: 2.1.3
% Termination reason: Refutation not found, incomplete strategy
% Time elapsed: 0.0000 s
% Peak memory usage: 12 MB
% ------------------------------
% ------------------------------
% lrs+11_1_sfv=off:sil=2000:plsq=on:plsqc=1:bsd=on:plsqr=128,1:sos=all:newcnf=on:random_seed=1635144680:s2pl=on:i=142:sd=1:ss=axioms:fsd=on:sgt=32_272 on p for (272ds/142Mi)
% Refutation not found, incomplete strategy
% ------------------------------
% Version: Vampire 5.0.1 (Release build, commit 1b13eaf on 2026-01-18 12:14:50 +0000)
% Linked with Z3 4.14.0.0 3c47fd96cf5645d0c42b2c819d9e9a84380aa721 NOTFOUND
% CaDiCaL version: 2.1.3
% Termination reason: Refutation not found, incomplete strategy
% Time elapsed: 0.0000 s
% Peak memory usage: 12 MB
% ------------------------------
% ------------------------------
% dis-1010_1_sil=4000:random_seed=3073881718:i=184:sd=1:ep=RS:nm=2:av=off:ss=axioms_272 on p for (272ds/184Mi)
% Refutation not found, incomplete strategy
% ------------------------------
% Version: Vampire 5.0.1 (Release build, commit 1b13eaf on 2026-01-18 12:14:50 +0000)
% Linked with Z3 4.14.0.0 3c47fd96cf5645d0c42b2c819d9e9a84380aa721 NOTFOUND
% CaDiCaL version: 2.1.3
% Termination reason: Refutation not found, incomplete strategy
% Time elapsed: 0.0000 s
% Peak memory usage: 9 MB
% ------------------------------
% ------------------------------
% lrs+3_11:1_sil=4000:plsq=on:erd=off:urr=on:br=off:random_seed=1104363266:s2a=on:i=142:s2at=7:sd=1:ep=RS:ss=axioms:sgt=16_272 on p for (272ds/142Mi)
% Refutation not found, incomplete strategy
% ------------------------------
% Version: Vampire 5.0.1 (Release build, commit 1b13eaf on 2026-01-18 12:14:50 +0000)
% Linked with Z3 4.14.0.0 3c47fd96cf5645d0c42b2c819d9e9a84380aa721 NOTFOUND
% CaDiCaL version: 2.1.3
% Termination reason: Refutation not found, incomplete strategy
% Time elapsed: 0.0000 s
% Peak memory usage: 12 MB
% ------------------------------
% ------------------------------
% lrs-1010_1_to=lpo:sil=4000:fde=none:sos=on:erd=off:random_seed=3701884649:cts=off:i=278:sd=1:av=off:ss=included_272 on p for (272ds/278Mi)
% Refutation not found, incomplete strategy
% ------------------------------
% Version: Vampire 5.0.1 (Release build, commit 1b13eaf on 2026-01-18 12:14:50 +0000)
% Linked with Z3 4.14.0.0 3c47fd96cf5645d0c42b2c819d9e9a84380aa721 NOTFOUND
% CaDiCaL version: 2.1.3
% Termination reason: Refutation not found, incomplete strategy
% Time elapsed: 0.0000 s
% Peak memory usage: 8 MB
% ------------------------------
% ------------------------------
% ott-1010_32:1_sil=2000:sp=arity:sos=all:s2agt=16:random_seed=1398503398:st=2:s2a=on:cond=fast:i=194:av=off:gsp=on:ss=axioms_272 on p for (272ds/194Mi)
% Refutation not found, incomplete strategy
% ------------------------------
% Version: Vampire 5.0.1 (Release build, commit 1b13eaf on 2026-01-18 12:14:50 +0000)
% Linked with Z3 4.14.0.0 3c47fd96cf5645d0c42b2c819d9e9a84380aa721 NOTFOUND
% CaDiCaL version: 2.1.3
% Termination reason: Refutation not found, incomplete strategy
% Time elapsed: 0.0000 s
% Peak memory usage: 8 MB
% ------------------------------
% ------------------------------
% dis+10_1_sfv=off:slsqr=1,2:sil=2000:tgt=full:urr=on:br=off:flr=on:slsq=on:random_seed=4224564730:st=2:i=292:sd=2:slsql=off:nm=0:ins=20:gsp=on:ss=axioms:fsd=on_272 on p for (272ds/292Mi)
% Instruction limit reached! 
% ------------------------------
% Version: Vampire 5.0.1 (Release build, commit 1b13eaf on 2026-01-18 12:14:50 +0000)
% Linked with Z3 4.14.0.0 3c47fd96cf5645d0c42b2c819d9e9a84380aa721 NOTFOUND
% CaDiCaL version: 2.1.3
% Termination reason: Instruction limit
% Termination phase: Saturation
% Time elapsed: 0.042 s
% Peak memory usage: 13 MB
% Instructions burned: 294 (million)
% lrs+10_1_to=lpo:sil=4000:plsq=on:plsqc=1:plsqr=64,1:etr=on:sp=const_min:sos=on:spb=goal_then_units:br=off:sac=on:random_seed=553442871:i=196:nm=0_272 on p for (272ds/196Mi)
% Refutation not found, incomplete strategy
% ------------------------------
% Version: Vampire 5.0.1 (Release build, commit 1b13eaf on 2026-01-18 12:14:50 +0000)
% Linked with Z3 4.14.0.0 3c47fd96cf5645d0c42b2c819d9e9a84380aa721 NOTFOUND
% CaDiCaL version: 2.1.3
% Termination reason: Refutation not found, incomplete strategy
% Time elapsed: 0.0000 s
% Peak memory usage: 11 MB
% ------------------------------
% ------------------------------
% lrs+1010_6:1_sil=32000:plsq=on:plsqr=128,1:sos=on:urr=on:plsql=on:flr=on:newcnf=on:lwlo=on:random_seed=1260881867:lrd=on:s2pl=on:i=148:ep=RS_272 on p for (272ds/148Mi)
% Refutation not found, incomplete strategy
% ------------------------------
% Version: Vampire 5.0.1 (Release build, commit 1b13eaf on 2026-01-18 12:14:50 +0000)
% Linked with Z3 4.14.0.0 3c47fd96cf5645d0c42b2c819d9e9a84380aa721 NOTFOUND
% CaDiCaL version: 2.1.3
% Termination reason: Refutation not found, incomplete strategy
% Time elapsed: 0.0000 s
% Peak memory usage: 12 MB
% ------------------------------
% ------------------------------
% dis+10_1_slsqr=4,1:sil=8000:urr=ec_only:br=off:slsqc=2:slsq=on:random_seed=1952563135:s2a=on:i=148:s2at=2:ins=1:gtg=position:fsd=on_272 on p for (272ds/148Mi)
% Instruction limit reached! 
% ------------------------------
% Version: Vampire 5.0.1 (Release build, commit 1b13eaf on 2026-01-18 12:14:50 +0000)
% Linked with Z3 4.14.0.0 3c47fd96cf5645d0c42b2c819d9e9a84380aa721 NOTFOUND
% CaDiCaL version: 2.1.3
% Termination reason: Instruction limit
% Termination phase: Saturation
% Time elapsed: 0.022 s
% Peak memory usage: 12 MB
% Instructions burned: 153 (million)
% lrs+10_1_sil=16000:irw=on:sos=all:spb=goal:acc=on:urr=on:br=off:newcnf=on:random_seed=1847764767:s2a=on:i=148:bd=preordered:nm=6:ins=10_271 on p for (271ds/148Mi)
% Refutation not found, incomplete strategy
% ------------------------------
% Version: Vampire 5.0.1 (Release build, commit 1b13eaf on 2026-01-18 12:14:50 +0000)
% Linked with Z3 4.14.0.0 3c47fd96cf5645d0c42b2c819d9e9a84380aa721 NOTFOUND
% CaDiCaL version: 2.1.3
% Termination reason: Refutation not found, incomplete strategy
% Time elapsed: 0.0000 s
% Peak memory usage: 12 MB
% ------------------------------
% ------------------------------
% lrs+1011_32_sil=2000:bce=on:nwc=5:alpa=false:slsq=on:random_seed=4248266265:cts=off:i=543:aac=none:fsr=off:amm=off:rawr=on_271 on p for (271ds/543Mi)
% Instruction limit reached! 
% ------------------------------
% Version: Vampire 5.0.1 (Release build, commit 1b13eaf on 2026-01-18 12:14:50 +0000)
% Linked with Z3 4.14.0.0 3c47fd96cf5645d0c42b2c819d9e9a84380aa721 NOTFOUND
% CaDiCaL version: 2.1.3
% Termination reason: Instruction limit
% Termination phase: Saturation
% Time elapsed: 0.082 s
% Peak memory usage: 19 MB
% Instructions burned: 544 (million)
% dis-1011_128_sil=4000:tgt=full:sas=cadical:bce=on:fd=off:rp=on:slsqc=2:sac=on:slsq=on:random_seed=3438543164:i=153:s2at=3:ins=1_271 on p for (271ds/153Mi)
% Instruction limit reached! 
% ------------------------------
% Version: Vampire 5.0.1 (Release build, commit 1b13eaf on 2026-01-18 12:14:50 +0000)
% Linked with Z3 4.14.0.0 3c47fd96cf5645d0c42b2c819d9e9a84380aa721 NOTFOUND
% CaDiCaL version: 2.1.3
% Termination reason: Instruction limit
% Termination phase: Saturation
% Time elapsed: 0.024 s
% Peak memory usage: 13 MB
% Instructions burned: 153 (million)
% dis-1002_3:2_sil=16000:plsq=on:plsqc=1:plsqr=3,1:plsql=on:newcnf=on:random_seed=29730381:s2a=on:i=632:av=off:gtg=position_270 on p for (270ds/632Mi)
% Instruction limit reached! 
% ------------------------------
% Version: Vampire 5.0.1 (Release build, commit 1b13eaf on 2026-01-18 12:14:50 +0000)
% Linked with Z3 4.14.0.0 3c47fd96cf5645d0c42b2c819d9e9a84380aa721 NOTFOUND
% CaDiCaL version: 2.1.3
% Termination reason: Instruction limit
% Termination phase: Saturation
% Time elapsed: 0.089 s
% Peak memory usage: 15 MB
% Instructions burned: 637 (million)
% ott+10_14_sil=8000:tgt=full:prc=on:random_seed=3569618817:i=2501:fsr=off_269 on p for (269ds/2501Mi)
% Instruction limit reached! 
% ------------------------------
% Version: Vampire 5.0.1 (Release build, commit 1b13eaf on 2026-01-18 12:14:50 +0000)
% Linked with Z3 4.14.0.0 3c47fd96cf5645d0c42b2c819d9e9a84380aa721 NOTFOUND
% CaDiCaL version: 2.1.3
% Termination reason: Instruction limit
% Termination phase: Saturation
% Time elapsed: 0.379 s
% Peak memory usage: 59 MB
% Instructions burned: 2501 (million)
% dis+1011_1024_slsqr=1,128:sil=8000:gs=on:br=off:slsqc=1:slsq=on:random_seed=2202694779:i=367:s2at=5:sd=3:slsql=off:ss=axioms:sgt=10_265 on p for (265ds/367Mi)
% Instruction limit reached! 
% ------------------------------
% Version: Vampire 5.0.1 (Release build, commit 1b13eaf on 2026-01-18 12:14:50 +0000)
% Linked with Z3 4.14.0.0 3c47fd96cf5645d0c42b2c819d9e9a84380aa721 NOTFOUND
% CaDiCaL version: 2.1.3
% Termination reason: Instruction limit
% Termination phase: Saturation
% Time elapsed: 0.050 s
% Peak memory usage: 14 MB
% Instructions burned: 371 (million)
% lrs+10_8_to=lpo:sil=4000:plsq=on:plsqc=1:urr=on:br=off:flr=on:newcnf=on:random_seed=519286625:st=4:i=207:sd=1:fsr=off:gsp=on:ss=axioms_265 on p for (265ds/207Mi)
% Instruction limit reached! 
% ------------------------------
% Version: Vampire 5.0.1 (Release build, commit 1b13eaf on 2026-01-18 12:14:50 +0000)
% Linked with Z3 4.14.0.0 3c47fd96cf5645d0c42b2c819d9e9a84380aa721 NOTFOUND
% CaDiCaL version: 2.1.3
% Termination reason: Instruction limit
% Termination phase: Saturation
% Time elapsed: 0.033 s
% Peak memory usage: 15 MB
% Instructions burned: 212 (million)
% lrs-1010_1_to=lpo:sil=4000:sos=on:random_seed=3242902242:i=3739:sd=2:ins=10:ss=axioms_265 on p for (265ds/3739Mi)
% Refutation not found, incomplete strategy
% ------------------------------
% Version: Vampire 5.0.1 (Release build, commit 1b13eaf on 2026-01-18 12:14:50 +0000)
% Linked with Z3 4.14.0.0 3c47fd96cf5645d0c42b2c819d9e9a84380aa721 NOTFOUND
% CaDiCaL version: 2.1.3
% Termination reason: Refutation not found, incomplete strategy
% Time elapsed: 0.0000 s
% Peak memory usage: 11 MB
% ------------------------------
% ------------------------------
% dis-1011_1_sil=4000:plsq=on:plsqr=32,1:sos=on:erd=off:lsd=5:fd=off:random_seed=656552884:i=157:nm=16:av=off_265 on p for (265ds/157Mi)
% Refutation not found, incomplete strategy
% ------------------------------
% Version: Vampire 5.0.1 (Release build, commit 1b13eaf on 2026-01-18 12:14:50 +0000)
% Linked with Z3 4.14.0.0 3c47fd96cf5645d0c42b2c819d9e9a84380aa721 NOTFOUND
% CaDiCaL version: 2.1.3
% Termination reason: Refutation not found, incomplete strategy
% Time elapsed: 0.0000 s
% Peak memory usage: 8 MB
% ------------------------------
% ------------------------------
% lrs+10_1_sil=4000:sp=occurrence:urr=on:br=off:random_seed=1153222433:st=1.2:s2a=on:i=1800:s2at=2:sd=3:ss=included:sgt=20_265 on p for (265ds/1800Mi)
% Instruction limit reached! 
% ------------------------------
% Version: Vampire 5.0.1 (Release build, commit 1b13eaf on 2026-01-18 12:14:50 +0000)
% Linked with Z3 4.14.0.0 3c47fd96cf5645d0c42b2c819d9e9a84380aa721 NOTFOUND
% CaDiCaL version: 2.1.3
% Termination reason: Instruction limit
% Termination phase: Saturation
% Time elapsed: 0.272 s
% Peak memory usage: 39 MB
% Instructions burned: 1801 (million)
% lrs+1010_4_to=lpo:sil=2000:plsq=on:prc=on:plsqr=18,1:sp=occurrence:fd=off:sac=on:random_seed=3280146918:s2a=on:i=163:nm=7:rawr=on_262 on p for (262ds/163Mi)
% Instruction limit reached! 
% ------------------------------
% Version: Vampire 5.0.1 (Release build, commit 1b13eaf on 2026-01-18 12:14:50 +0000)
% Linked with Z3 4.14.0.0 3c47fd96cf5645d0c42b2c819d9e9a84380aa721 NOTFOUND
% CaDiCaL version: 2.1.3
% Termination reason: Instruction limit
% Termination phase: Saturation
% Time elapsed: 0.029 s
% Peak memory usage: 15 MB
% Instructions burned: 168 (million)
% lrs-1011_4:1_anc=all_dependent:slsqr=5,4:to=kbo:sil=16000:tgt=ground:fde=none:sas=cadical:erd=off:fd=preordered:nwc=3:s2agt=16:alpa=true:flr=on:sac=on:lftc=80:slsq=on:avsqc=2:random_seed=3583698159:avsq=on:s2a=on:i=163:avsqr=7,8:ep=RST:fdi=8_261 on p for (261ds/163Mi)
% Aborted by signal SIGSEGV on /tmp/tmp0j38xpw2/p.p
% ------------------------------
% Version: Vampire 5.0.1 (Release build, commit 1b13eaf on 2026-01-18 12:14:50 +0000)
% Linked with Z3 4.14.0.0 3c47fd96cf5645d0c42b2c819d9e9a84380aa721 NOTFOUND
% CaDiCaL version: 2.1.3
% Termination reason: Unknown
% Termination phase: Saturation
% Time elapsed: 0.0000 s
% Peak memory usage: 12 MB
% dis-1011_2:1_sil=8000:plsq=on:plsqr=1,8:sos=on:erd=off:gs=on:random_seed=1047155098:st=10:i=164:sd=1:aac=none:bd=all:nm=3:ss=included:rawr=on_261 on p for (261ds/164Mi)
% Refutation not found, incomplete strategy
% ------------------------------
% Version: Vampire 5.0.1 (Release build, commit 1b13eaf on 2026-01-18 12:14:50 +0000)
% Linked with Z3 4.14.0.0 3c47fd96cf5645d0c42b2c819d9e9a84380aa721 NOTFOUND
% CaDiCaL version: 2.1.3
% Termination reason: Refutation not found, incomplete strategy
% Time elapsed: 0.0000 s
% Peak memory usage: 12 MB
% ------------------------------
% ------------------------------
% lrs+10_2:5_slsqr=2,1:to=lpo:sil=2000:plsq=on:plsqc=1:sas=cadical:plsqr=64,1:sp=const_min:acc=on:bce=on:plsql=on:alpa=random:flr=on:sac=on:slsq=on:random_seed=117479552:s2a=on:i=230:s2at=2:slsql=off:fsr=off:gsp=on:ss=included:sgt=32:rawr=on_261 on p for (261ds/230Mi)
% Instruction limit reached! 
% ------------------------------
% Version: Vampire 5.0.1 (Release build, commit 1b13eaf on 2026-01-18 12:14:50 +0000)
% Linked with Z3 4.14.0.0 3c47fd96cf5645d0c42b2c819d9e9a84380aa721 NOTFOUND
% CaDiCaL version: 2.1.3
% Termination reason: Instruction limit
% Termination phase: Saturation
% Time elapsed: 0.040 s
% Peak memory usage: 17 MB
% Instructions burned: 231 (million)
% dis+1010_16_anc=all_dependent:to=lpo:sil=8000:sp=arity:fd=off:sac=on:random_seed=2854788704:st=5:i=165:sd=2:aac=none:ins=10:fsr=off:ss=axioms:fsd=on_261 on p for (261ds/165Mi)
% Instruction limit reached! 
% ------------------------------
% Version: Vampire 5.0.1 (Release build, commit 1b13eaf on 2026-01-18 12:14:50 +0000)
% Linked with Z3 4.14.0.0 3c47fd96cf5645d0c42b2c819d9e9a84380aa721 NOTFOUND
% CaDiCaL version: 2.1.3
% Termination reason: Instruction limit
% Termination phase: Saturation
% Time elapsed: 0.026 s
% Peak memory usage: 12 MB
% Instructions burned: 166 (million)
% lrs-2_64_sil=4000:sos=on:lcm=predicate:random_seed=3985410878:st=3:i=361:sd=5:av=off:ss=included_261 on p for (261ds/361Mi)
% Refutation not found, incomplete strategy
% ------------------------------
% Version: Vampire 5.0.1 (Release build, commit 1b13eaf on 2026-01-18 12:14:50 +0000)
% Linked with Z3 4.14.0.0 3c47fd96cf5645d0c42b2c819d9e9a84380aa721 NOTFOUND
% CaDiCaL version: 2.1.3
% Termination reason: Refutation not found, incomplete strategy
% Time elapsed: 0.0000 s
% Peak memory usage: 9 MB
% ------------------------------
% ------------------------------
% dis-1011_8_sil=4000:fde=none:nwc=2:random_seed=3892761319:st=5:s2a=on:i=231:s2at=2:sd=6:ep=RS:ins=1:ss=axioms_261 on p for (261ds/231Mi)
% Refutation not found, incomplete strategy
% ------------------------------
% Version: Vampire 5.0.1 (Release build, commit 1b13eaf on 2026-01-18 12:14:50 +0000)
% Linked with Z3 4.14.0.0 3c47fd96cf5645d0c42b2c819d9e9a84380aa721 NOTFOUND
% CaDiCaL version: 2.1.3
% Termination reason: Refutation not found, incomplete strategy
% Time elapsed: 0.0000 s
% Peak memory usage: 12 MB
% ------------------------------
% ------------------------------
% Aborted by signal SIGSEGV on /tmp/tmp0j38xpw2/p.p
% ------------------------------
% Version: Vampire 5.0.1 (Release build, commit 1b13eaf on 2026-01-18 12:14:50 +0000)
% Linked with Z3 4.14.0.0 3c47fd96cf5645d0c42b2c819d9e9a84380aa721 NOTFOUND
% CaDiCaL version: 2.1.3
% Termination reason: Refutation not found, incomplete strategy
% Time elapsed: 0.0000 s
% Peak memory usage: 12 MB
% lrs-1010_8:1_anc=none:slsqr=4,1:sil=4000:tgt=ground:plsq=on:plsqc=1:plsqr=32,1:nwc=3:slsqc=1:slsq=on:avsqc=1:random_seed=452759134:avsq=on:i=169:doe=on:nicw=on:nm=16:ss=axioms_261 on p for (261ds/169Mi)
% Refutation not found, incomplete strategy
% ------------------------------
% Version: Vampire 5.0.1 (Release build, commit 1b13eaf on 2026-01-18 12:14:50 +0000)
% Linked with Z3 4.14.0.0 3c47fd96cf5645d0c42b2c819d9e9a84380aa721 NOTFOUND
% CaDiCaL version: 2.1.3
% Termination reason: Refutation not found, incomplete strategy
% Time elapsed: 0.0000 s
% Peak memory usage: 11 MB
% ------------------------------
% ------------------------------
% lrs+11_32_anc=all:sil=4000:sos=all:erd=off:urr=on:sac=on:random_seed=170869394:s2a=on:i=169:nicw=on:gtg=position:gsp=on:ss=axioms:sgt=8_261 on p for (261ds/169Mi)
% Refutation not found, incomplete strategy
% ------------------------------
% Version: Vampire 5.0.1 (Release build, commit 1b13eaf on 2026-01-18 12:14:50 +0000)
% Linked with Z3 4.14.0.0 3c47fd96cf5645d0c42b2c819d9e9a84380aa721 NOTFOUND
% CaDiCaL version: 2.1.3
% Termination reason: Refutation not found, incomplete strategy
% Time elapsed: 0.0000 s
% Peak memory usage: 12 MB
% ------------------------------
% ------------------------------
% ott+1011_16_sil=2000:lsd=100:newcnf=on:random_seed=2383183419:st=3:s2a=on:i=169:sd=1:av=off:fsr=off:ss=axioms_260 on p for (260ds/169Mi)
% Instruction limit reached! 
% ------------------------------
% Version: Vampire 5.0.1 (Release build, commit 1b13eaf on 2026-01-18 12:14:50 +0000)
% Linked with Z3 4.14.0.0 3c47fd96cf5645d0c42b2c819d9e9a84380aa721 NOTFOUND
% CaDiCaL version: 2.1.3
% Termination reason: Instruction limit
% Termination phase: Saturation
% Time elapsed: 0.027 s
% Peak memory usage: 14 MB
% Instructions burned: 172 (million)
% lrs+1002_1_sil=128000:sos=on:random_seed=1172277879:st=1.5:i=170:sd=2:nm=2:gtg=all:ss=axioms:fsd=on_260 on p for (260ds/170Mi)
% Instruction limit reached! 
% ------------------------------
% Version: Vampire 5.0.1 (Release build, commit 1b13eaf on 2026-01-18 12:14:50 +0000)
% Linked with Z3 4.14.0.0 3c47fd96cf5645d0c42b2c819d9e9a84380aa721 NOTFOUND
% CaDiCaL version: 2.1.3
% Termination reason: Instruction limit
% Termination phase: Saturation
% Time elapsed: 0.027 s
% Peak memory usage: 14 MB
% Instructions burned: 174 (million)
% dis+4_4_sil=16000:plsq=on:plsqr=1,32:sp=unary_frequency:lcm=predicate:fd=off:rp=on:random_seed=2093909784:i=170:bd=preordered:nm=2:av=off:sup=off_260 on p for (260ds/170Mi)
% Refutation not found, incomplete strategy
% ------------------------------
% Version: Vampire 5.0.1 (Release build, commit 1b13eaf on 2026-01-18 12:14:50 +0000)
% Linked with Z3 4.14.0.0 3c47fd96cf5645d0c42b2c819d9e9a84380aa721 NOTFOUND
% CaDiCaL version: 2.1.3
% Termination reason: Refutation not found, incomplete strategy
% Time elapsed: 0.0000 s
% Peak memory usage: 8 MB
% ------------------------------
% ------------------------------
% dis-1011_5:1_sil=4000:lsd=50:random_seed=1586213549:s2a=on:i=171:s2at=1.2:ep=R:gtg=position_260 on p for (260ds/171Mi)
% Refutation not found, incomplete strategy
% ------------------------------
% Version: Vampire 5.0.1 (Release build, commit 1b13eaf on 2026-01-18 12:14:50 +0000)
% Linked with Z3 4.14.0.0 3c47fd96cf5645d0c42b2c819d9e9a84380aa721 NOTFOUND
% CaDiCaL version: 2.1.3
% Termination reason: Refutation not found, incomplete strategy
% Time elapsed: 0.0000 s
% Peak memory usage: 12 MB
% ------------------------------
% ------------------------------
% lrs+10_1_sil=4000:plsq=on:plsqr=32,1:sos=on:fs=off:acc=on:urr=ec_only:gs=on:sac=on:random_seed=3878762249:i=530:nm=0:fsr=off_260 on p for (260ds/530Mi)
% Refutation not found, incomplete strategy
% ------------------------------
% Version: Vampire 5.0.1 (Release build, commit 1b13eaf on 2026-01-18 12:14:50 +0000)
% Linked with Z3 4.14.0.0 3c47fd96cf5645d0c42b2c819d9e9a84380aa721 NOTFOUND
% CaDiCaL version: 2.1.3
% Termination reason: Refutation not found, incomplete strategy
% Time elapsed: 0.0000 s
% Peak memory usage: 12 MB
% ------------------------------
% ------------------------------
% lrs+1002_1_sil=8000:sos=on:erd=off:sac=on:random_seed=3586832491:st=6:i=1370:sd=4:aac=none:sup=off:ss=axioms:sgt=16_260 on p for (260ds/1370Mi)
% Refutation not found, incomplete strategy
% ------------------------------
% Version: Vampire 5.0.1 (Release build, commit 1b13eaf on 2026-01-18 12:14:50 +0000)
% Linked with Z3 4.14.0.0 3c47fd96cf5645d0c42b2c819d9e9a84380aa721 NOTFOUND
% CaDiCaL version: 2.1.3
% Termination reason: Refutation not found, incomplete strategy
% Time elapsed: 0.0000 s
% Peak memory usage: 11 MB
% ------------------------------
% ------------------------------
% dis+1011_64_sil=128000:bsd=on:sp=arity:sos=on:lsd=50:fd=off:random_seed=2980036583:i=252:gtgl=4:kws=arity_squared:nm=16:av=off:gtg=exists_sym:gsp=on:fsd=on_260 on p for (260ds/252Mi)
% Instruction limit reached! 
% ------------------------------
% Version: Vampire 5.0.1 (Release build, commit 1b13eaf on 2026-01-18 12:14:50 +0000)
% Linked with Z3 4.14.0.0 3c47fd96cf5645d0c42b2c819d9e9a84380aa721 NOTFOUND
% CaDiCaL version: 2.1.3
% Termination reason: Instruction limit
% Termination phase: Saturation
% Time elapsed: 0.039 s
% Peak memory usage: 13 MB
% Instructions burned: 258 (million)
% dis+1010_3:1_sil=2000:tgt=full:prc=on:drc=off:fde=none:bsd=on:sp=unary_first:gs=on:br=off:random_seed=479211142:i=178:kws=precedence:av=off:fsd=on_259 on p for (259ds/178Mi)
% Instruction limit reached! 
% ------------------------------
% Version: Vampire 5.0.1 (Release build, commit 1b13eaf on 2026-01-18 12:14:50 +0000)
% Linked with Z3 4.14.0.0 3c47fd96cf5645d0c42b2c819d9e9a84380aa721 NOTFOUND
% CaDiCaL version: 2.1.3
% Termination reason: Instruction limit
% Termination phase: Saturation
% Time elapsed: 0.026 s
% Peak memory usage: 12 MB
% Instructions burned: 178 (million)
% dis+10_8:1_sil=4000:sp=arity:sos=on:acc=on:fd=off:random_seed=2247768909:s2a=on:i=927:sd=2:ss=axioms_259 on p for (259ds/927Mi)
% Refutation not found, incomplete strategy
% ------------------------------
% Version: Vampire 5.0.1 (Release build, commit 1b13eaf on 2026-01-18 12:14:50 +0000)
% Linked with Z3 4.14.0.0 3c47fd96cf5645d0c42b2c819d9e9a84380aa721 NOTFOUND
% CaDiCaL version: 2.1.3
% Termination reason: Refutation not found, incomplete strategy
% Time elapsed: 0.0000 s
% Peak memory usage: 12 MB
% ------------------------------
% ------------------------------
% lrs+10_1_sil=4000:sos=on:spb=goal:lcm=predicate:urr=on:s2agt=8:sac=on:slsq=on:random_seed=2387589910:st=3.3:s2a=on:i=269:sd=2:doe=on:nm=2:gtg=position:sup=off:ss=axioms_259 on p for (259ds/269Mi)
% Refutation not found, incomplete strategy
% ------------------------------
% Version: Vampire 5.0.1 (Release build, commit 1b13eaf on 2026-01-18 12:14:50 +0000)
% Linked with Z3 4.14.0.0 3c47fd96cf5645d0c42b2c819d9e9a84380aa721 NOTFOUND
% CaDiCaL version: 2.1.3
% Termination reason: Refutation not found, incomplete strategy
% Time elapsed: 0.0000 s
% Peak memory usage: 12 MB
% ------------------------------
% ------------------------------
% lrs+21_32:1_sil=16000:bsd=on:sos=on:spb=goal_then_units:lcm=predicate:flr=on:random_seed=2499003442:s2a=on:i=185:s2at=3.5:kws=arity_squared_259 on p for (259ds/185Mi)
% Refutation not found, incomplete strategy
% ------------------------------
% Version: Vampire 5.0.1 (Release build, commit 1b13eaf on 2026-01-18 12:14:50 +0000)
% Linked with Z3 4.14.0.0 3c47fd96cf5645d0c42b2c819d9e9a84380aa721 NOTFOUND
% CaDiCaL version: 2.1.3
% Termination reason: Refutation not found, incomplete strategy
% Time elapsed: 0.0000 s
% Peak memory usage: 11 MB
% ------------------------------
% ------------------------------
% lrs+1010_64_sil=2000:sos=on:erd=off:bce=on:bsr=on:nwc=1:flr=on:newcnf=on:random_seed=2374535183:i=277:av=off:fdi=64_259 on p for (259ds/277Mi)
% Refutation not found, incomplete strategy
% ------------------------------
% Version: Vampire 5.0.1 (Release build, commit 1b13eaf on 2026-01-18 12:14:50 +0000)
% Linked with Z3 4.14.0.0 3c47fd96cf5645d0c42b2c819d9e9a84380aa721 NOTFOUND
% CaDiCaL version: 2.1.3
% Termination reason: Refutation not found, incomplete strategy
% Time elapsed: 0.0000 s
% Peak memory usage: 9 MB
% ------------------------------
% ------------------------------
% lrs-1011_64_sil=4000:fd=preordered:br=off:random_seed=2351566119:i=456:sd=2:av=off:ss=axioms:sgt=32_259 on p for (259ds/456Mi)
% Instruction limit reached! 
% ------------------------------
% Version: Vampire 5.0.1 (Release build, commit 1b13eaf on 2026-01-18 12:14:50 +0000)
% Linked with Z3 4.14.0.0 3c47fd96cf5645d0c42b2c819d9e9a84380aa721 NOTFOUND
% CaDiCaL version: 2.1.3
% Termination reason: Instruction limit
% Termination phase: Saturation
% Time elapsed: 0.069 s
% Peak memory usage: 19 MB
% Instructions burned: 456 (million)
% lrs+10_32_sil=2000:sp=occurrence:sos=all:urr=on:br=off:random_seed=3827169410:st=3:i=635:sd=5:sup=off:ss=included_258 on p for (258ds/635Mi)
% Refutation not found, incomplete strategy
% ------------------------------
% Version: Vampire 5.0.1 (Release build, commit 1b13eaf on 2026-01-18 12:14:50 +0000)
% Linked with Z3 4.14.0.0 3c47fd96cf5645d0c42b2c819d9e9a84380aa721 NOTFOUND
% CaDiCaL version: 2.1.3
% Termination reason: Refutation not found, incomplete strategy
% Time elapsed: 0.0000 s
% Peak memory usage: 11 MB
% ------------------------------
% ------------------------------
% lrs+1011_23:4_slsqr=8,1:sil=32000:plsq=on:fde=none:plsqc=4:plsqr=64,1:spb=goal_then_units:acc=on:urr=on:plsql=on:gs=on:slsqc=4:alpa=true:slsq=on:random_seed=3473144573:cond=on:i=190:add=on:aac=none:doe=on:slsql=off:bd=preordered:nm=2:sup=off:ss=axioms_258 on p for (258ds/190Mi)
% Refutation not found, incomplete strategy
% ------------------------------
% Version: Vampire 5.0.1 (Release build, commit 1b13eaf on 2026-01-18 12:14:50 +0000)
% Linked with Z3 4.14.0.0 3c47fd96cf5645d0c42b2c819d9e9a84380aa721 NOTFOUND
% CaDiCaL version: 2.1.3
% Termination reason: Refutation not found, incomplete strategy
% Time elapsed: 0.0000 s
% Peak memory usage: 12 MB
% ------------------------------
% ------------------------------
% dis+1010_32:1_sil=2000:bsd=on:fd=off:slsq=on:random_seed=3298796125:cts=off:i=1282:sd=1:av=off:gtg=position:ss=axioms_258 on p for (258ds/1282Mi)
% Refutation not found, incomplete strategy
% ------------------------------
% Version: Vampire 5.0.1 (Release build, commit 1b13eaf on 2026-01-18 12:14:50 +0000)
% Linked with Z3 4.14.0.0 3c47fd96cf5645d0c42b2c819d9e9a84380aa721 NOTFOUND
% CaDiCaL version: 2.1.3
% Termination reason: Refutation not found, incomplete strategy
% Time elapsed: 0.0000 s
% Peak memory usage: 9 MB
% ------------------------------
% ------------------------------
% lrs+1011_16_anc=all_dependent:sil=4000:plsq=on:fde=none:plsqc=1:sas=cadical:plsqr=64,1:sos=on:spb=non_intro:plsql=on:fd=off:alpa=random:sac=on:random_seed=471194299:avsq=on:i=191:avsqr=1,16:nm=16:ins=1:rawr=on_258 on p for (258ds/191Mi)
% Refutation not found, incomplete strategy
% ------------------------------
% Version: Vampire 5.0.1 (Release build, commit 1b13eaf on 2026-01-18 12:14:50 +0000)
% Linked with Z3 4.14.0.0 3c47fd96cf5645d0c42b2c819d9e9a84380aa721 NOTFOUND
% CaDiCaL version: 2.1.3
% Termination reason: Refutation not found, incomplete strategy
% Time elapsed: 0.0000 s
% Peak memory usage: 12 MB
% ------------------------------
% ------------------------------
% lrs+11_1_anc=all_dependent:sil=2000:plsq=on:fde=unused:plsqr=32,1:spb=intro:bsr=unit_only:gs=on:kmz=on:newcnf=on:random_seed=210647039:st=1.2:i=564:gtgl=3:sd=3:kws=precedence:gtg=exists_top:fdi=4:ss=axioms:sgt=10_258 on p for (258ds/564Mi)
% Instruction limit reached! 
% ------------------------------
% Version: Vampire 5.0.1 (Release build, commit 1b13eaf on 2026-01-18 12:14:50 +0000)
% Linked with Z3 4.14.0.0 3c47fd96cf5645d0c42b2c819d9e9a84380aa721 NOTFOUND
% CaDiCaL version: 2.1.3
% Termination reason: Instruction limit
% Termination phase: Saturation
% Time elapsed: 0.091 s
% Peak memory usage: 20 MB
% Instructions burned: 567 (million)
% dis-1011_25:7_sil=4000:sas=cadical:avsql=on:lsd=50:acc=on:bsr=unit_only:nwc=4:newcnf=on:avsqc=2:random_seed=3615069266:avsq=on:s2a=on:i=193:s2at=-1:avsqr=2,3:aac=none:ep=RSTC:rawr=on_257 on p for (257ds/193Mi)
% Aborted by signal SIGSEGV on /tmp/tmp0j38xpw2/p.p
% ------------------------------
% Version: Vampire 5.0.1 (Release build, commit 1b13eaf on 2026-01-18 12:14:50 +0000)
% Linked with Z3 4.14.0.0 3c47fd96cf5645d0c42b2c819d9e9a84380aa721 NOTFOUND
% CaDiCaL version: 2.1.3
% Termination reason: Unknown
% Termination phase: Saturation
% Time elapsed: 0.003 s
% Peak memory usage: 12 MB
% Instructions burned: 15 (million)
% dis+1003_12_sil=4000:plsq=on:plsqr=32,1:sp=weighted_frequency:sos=all:erd=off:lma=off:spb=intro:lcm=predicate:acc=on:urr=full:slsqc=2:updr=off:newcnf=on:slsq=on:random_seed=2133547274:i=195:ins=10:fsr=off:fdi=4:gsp=on_257 on p for (257ds/195Mi)
% Refutation not found, incomplete strategy
% ------------------------------
% Version: Vampire 5.0.1 (Release build, commit 1b13eaf on 2026-01-18 12:14:50 +0000)
% Linked with Z3 4.14.0.0 3c47fd96cf5645d0c42b2c819d9e9a84380aa721 NOTFOUND
% CaDiCaL version: 2.1.3
% Termination reason: Refutation not found, incomplete strategy
% Time elapsed: 0.0000 s
% Peak memory usage: 12 MB
% ------------------------------
% ------------------------------
% lrs+1010_4_to=lpo:sil=4000:drc=off:sp=weighted_frequency:spb=goal_then_units:nwc=5:lftc=50:random_seed=3362684466:s2a=on:i=302:fgj=on:bd=all_257 on p for (257ds/302Mi)
% Instruction limit reached! 
% ------------------------------
% Version: Vampire 5.0.1 (Release build, commit 1b13eaf on 2026-01-18 12:14:50 +0000)
% Linked with Z3 4.14.0.0 3c47fd96cf5645d0c42b2c819d9e9a84380aa721 NOTFOUND
% CaDiCaL version: 2.1.3
% Termination reason: Instruction limit
% Termination phase: Saturation
% Time elapsed: 0.044 s
% Peak memory usage: 15 MB
% Instructions burned: 309 (million)
% lrs+1011_1_sfv=off:to=lpo:sil=4000:sp=arity:sos=all:spb=goal:urr=ec_only:br=off:random_seed=55995458:i=2020:sd=1:ss=included_257 on p for (257ds/2020Mi)
% Refutation not found, incomplete strategy
% ------------------------------
% Version: Vampire 5.0.1 (Release build, commit 1b13eaf on 2026-01-18 12:14:50 +0000)
% Linked with Z3 4.14.0.0 3c47fd96cf5645d0c42b2c819d9e9a84380aa721 NOTFOUND
% CaDiCaL version: 2.1.3
% Termination reason: Refutation not found, incomplete strategy
% Time elapsed: 0.0000 s
% Peak memory usage: 11 MB
% ------------------------------
% ------------------------------
% dis+1011_32_slsqr=1,4:sil=4000:erd=off:s2agt=8:slsqc=3:slsq=on:random_seed=4240722470:i=912:sd=4:nicw=on:ep=RS:ss=axioms:sgt=32_256 on p for (256ds/912Mi)
% Refutation not found, incomplete strategy
% ------------------------------
% Version: Vampire 5.0.1 (Release build, commit 1b13eaf on 2026-01-18 12:14:50 +0000)
% Linked with Z3 4.14.0.0 3c47fd96cf5645d0c42b2c819d9e9a84380aa721 NOTFOUND
% CaDiCaL version: 2.1.3
% Termination reason: Refutation not found, incomplete strategy
% Time elapsed: 0.0000 s
% Peak memory usage: 12 MB
% ------------------------------
% ------------------------------
% Aborted by signal SIGSEGV on /tmp/tmp0j38xpw2/p.p
% ------------------------------
% Version: Vampire 5.0.1 (Release build, commit 1b13eaf on 2026-01-18 12:14:50 +0000)
% Linked with Z3 4.14.0.0 3c47fd96cf5645d0c42b2c819d9e9a84380aa721 NOTFOUND
% CaDiCaL version: 2.1.3
% Termination reason: Refutation not found, incomplete strategy
% Time elapsed: 0.0000 s
% Peak memory usage: 12 MB
% lrs-11_23:64_sfv=off:to=lpo:sil=4000:tgt=ground:sp=const_min:sos=all:spb=goal:lcm=predicate:urr=on:fd=preordered:nwc=1:flr=on:lftc=40:random_seed=3389228191:st=1.38385:i=303:add=off:aac=none:ss=axioms_256 on p for (256ds/303Mi)
% Refutation not found, incomplete strategy
% ------------------------------
% Version: Vampire 5.0.1 (Release build, commit 1b13eaf on 2026-01-18 12:14:50 +0000)
% Linked with Z3 4.14.0.0 3c47fd96cf5645d0c42b2c819d9e9a84380aa721 NOTFOUND
% CaDiCaL version: 2.1.3
% Termination reason: Refutation not found, incomplete strategy
% Time elapsed: 0.0000 s
% Peak memory usage: 12 MB
% ------------------------------
% ------------------------------
% dis+1011_3:1_sil=8000:prc=on:drc=off:fde=unused:sp=reverse_arity:spb=non_intro:random_seed=1939884583:i=817:ins=20:av=off_256 on p for (256ds/817Mi)
% Instruction limit reached! 
% ------------------------------
% Version: Vampire 5.0.1 (Release build, commit 1b13eaf on 2026-01-18 12:14:50 +0000)
% Linked with Z3 4.14.0.0 3c47fd96cf5645d0c42b2c819d9e9a84380aa721 NOTFOUND
% CaDiCaL version: 2.1.3
% Termination reason: Instruction limit
% Termination phase: Saturation
% Time elapsed: 0.126 s
% Peak memory usage: 14 MB
% Instructions burned: 820 (million)
% dis+1_32:1_sil=128000:sp=occurrence:acc=on:s2agt=30:random_seed=388614206:s2pl=no:s2a=on:i=1164:sd=2:nicw=on:fsr=off:ss=included_255 on p for (255ds/1164Mi)
% Instruction limit reached! 
% ------------------------------
% Version: Vampire 5.0.1 (Release build, commit 1b13eaf on 2026-01-18 12:14:50 +0000)
% Linked with Z3 4.14.0.0 3c47fd96cf5645d0c42b2c819d9e9a84380aa721 NOTFOUND
% CaDiCaL version: 2.1.3
% Termination reason: Instruction limit
% Termination phase: Saturation
% Time elapsed: 0.162 s
% Peak memory usage: 16 MB
% Instructions burned: 1170 (million)
% lrs-1011_1_to=lpo:sil=2000:sos=all:spb=goal_then_units:random_seed=412924620:i=208_253 on p for (253ds/208Mi)
% Refutation not found, incomplete strategy
% ------------------------------
% Version: Vampire 5.0.1 (Release build, commit 1b13eaf on 2026-01-18 12:14:50 +0000)
% Linked with Z3 4.14.0.0 3c47fd96cf5645d0c42b2c819d9e9a84380aa721 NOTFOUND
% CaDiCaL version: 2.1.3
% Termination reason: Refutation not found, incomplete strategy
% Time elapsed: 0.0000 s
% Peak memory usage: 11 MB
% ------------------------------
% ------------------------------
% lrs+1011_1_sil=32000:sp=occurrence:sos=all:random_seed=1403635512:st=2.3:i=7185:sd=14:ss=axioms:sgt=16_253 on p for (253ds/7185Mi)
% Refutation not found, incomplete strategy
% ------------------------------
% Version: Vampire 5.0.1 (Release build, commit 1b13eaf on 2026-01-18 12:14:50 +0000)
% Linked with Z3 4.14.0.0 3c47fd96cf5645d0c42b2c819d9e9a84380aa721 NOTFOUND
% CaDiCaL version: 2.1.3
% Termination reason: Refutation not found, incomplete strategy
% Time elapsed: 0.0000 s
% Peak memory usage: 11 MB
% ------------------------------
% ------------------------------
% dis+1002_2_sil=8000:sos=on:random_seed=3047341125:i=322:sd=2:ep=R:nm=4:gtg=position:ss=axioms:sgt=4_253 on p for (253ds/322Mi)
% Refutation not found, incomplete strategy
% ------------------------------
% Version: Vampire 5.0.1 (Release build, commit 1b13eaf on 2026-01-18 12:14:50 +0000)
% Linked with Z3 4.14.0.0 3c47fd96cf5645d0c42b2c819d9e9a84380aa721 NOTFOUND
% CaDiCaL version: 2.1.3
% Termination reason: Refutation not found, incomplete strategy
% Time elapsed: 0.0000 s
% Peak memory usage: 12 MB
% ------------------------------
% ------------------------------
% lrs-1010_1_sil=2000:plsq=on:plsqr=50755291,524288:urr=on:rp=on:s2agt=40:br=off:random_seed=3259315794:s2a=on:i=329:add=off:sd=1:kws=inv_arity_squared:gsp=on:ss=axioms:sgt=8_253 on p for (253ds/329Mi)
% Instruction limit reached! 
% ------------------------------
% Version: Vampire 5.0.1 (Release build, commit 1b13eaf on 2026-01-18 12:14:50 +0000)
% Linked with Z3 4.14.0.0 3c47fd96cf5645d0c42b2c819d9e9a84380aa721 NOTFOUND
% CaDiCaL version: 2.1.3
% Termination reason: Instruction limit
% Termination phase: Saturation
% Time elapsed: 0.051 s
% Peak memory usage: 17 MB
% Instructions burned: 334 (million)
% lrs-1011_1_sil=2000:erd=off:random_seed=225935600:i=215:ep=RS:nm=2_253 on p for (253ds/215Mi)
% Refutation not found, incomplete strategy
% ------------------------------
% Version: Vampire 5.0.1 (Release build, commit 1b13eaf on 2026-01-18 12:14:50 +0000)
% Linked with Z3 4.14.0.0 3c47fd96cf5645d0c42b2c819d9e9a84380aa721 NOTFOUND
% CaDiCaL version: 2.1.3
% Termination reason: Refutation not found, incomplete strategy
% Time elapsed: 0.0000 s
% Peak memory usage: 12 MB
% ------------------------------
% ------------------------------
% Aborted by signal SIGSEGV on /tmp/tmp0j38xpw2/p.p
% ------------------------------
% Version: Vampire 5.0.1 (Release build, commit 1b13eaf on 2026-01-18 12:14:50 +0000)
% Linked with Z3 4.14.0.0 3c47fd96cf5645d0c42b2c819d9e9a84380aa721 NOTFOUND
% CaDiCaL version: 2.1.3
% Termination reason: Refutation not found, incomplete strategy
% Time elapsed: 0.0000 s
% Peak memory usage: 12 MB
% dis+1011_20_to=lpo:sil=4000:bsd=on:newcnf=on:slsq=on:random_seed=863506000:i=215:sd=1:slsql=off:ss=axioms:fsd=on_253 on p for (253ds/215Mi)
% Refutation not found, incomplete strategy
% ------------------------------
% Version: Vampire 5.0.1 (Release build, commit 1b13eaf on 2026-01-18 12:14:50 +0000)
% Linked with Z3 4.14.0.0 3c47fd96cf5645d0c42b2c819d9e9a84380aa721 NOTFOUND
% CaDiCaL version: 2.1.3
% Termination reason: Refutation not found, incomplete strategy
% Time elapsed: 0.0000 s
% Peak memory usage: 12 MB
% ------------------------------
% ------------------------------
% lrs+1011_1_sil=256000:plsq=on:newcnf=on:random_seed=2354309149:st=2:i=216:sd=3:ep=R:av=off:ss=included:sgt=16_253 on p for (253ds/216Mi)
% Refutation not found, incomplete strategy
% ------------------------------
% Version: Vampire 5.0.1 (Release build, commit 1b13eaf on 2026-01-18 12:14:50 +0000)
% Linked with Z3 4.14.0.0 3c47fd96cf5645d0c42b2c819d9e9a84380aa721 NOTFOUND
% CaDiCaL version: 2.1.3
% Termination reason: Refutation not found, incomplete strategy
% Time elapsed: 0.0000 s
% Peak memory usage: 12 MB
% ------------------------------
% ------------------------------
% lrs-1002_50_sil=2000:sas=cadical:sos=on:spb=non_intro:random_seed=3191411541:i=223:doe=on:bd=all:fsr=off:fsd=on:fsdmm=1_253 on p for (253ds/223Mi)
% Refutation not found, incomplete strategy
% ------------------------------
% Version: Vampire 5.0.1 (Release build, commit 1b13eaf on 2026-01-18 12:14:50 +0000)
% Linked with Z3 4.14.0.0 3c47fd96cf5645d0c42b2c819d9e9a84380aa721 NOTFOUND
% CaDiCaL version: 2.1.3
% Termination reason: Refutation not found, incomplete strategy
% Time elapsed: 0.0000 s
% Peak memory usage: 12 MB
% ------------------------------
% ------------------------------
% lrs+1010_1_sil=16000:plsq=on:fde=none:plsqr=32,1:sos=on:erd=off:random_seed=2266821940:cts=off:i=227:av=off_253 on p for (253ds/227Mi)
% Refutation not found, incomplete strategy
% ------------------------------
% Version: Vampire 5.0.1 (Release build, commit 1b13eaf on 2026-01-18 12:14:50 +0000)
% Linked with Z3 4.14.0.0 3c47fd96cf5645d0c42b2c819d9e9a84380aa721 NOTFOUND
% CaDiCaL version: 2.1.3
% Termination reason: Refutation not found, incomplete strategy
% Time elapsed: 0.0000 s
% Peak memory usage: 8 MB
% ------------------------------
% ------------------------------
% lrs+1002_1_sil=4000:sp=occurrence:sos=on:erd=off:random_seed=2200089511:i=1636:sd=2:ep=RS:av=off:ss=axioms_253 on p for (253ds/1636Mi)
% Refutation not found, incomplete strategy
% ------------------------------
% Version: Vampire 5.0.1 (Release build, commit 1b13eaf on 2026-01-18 12:14:50 +0000)
% Linked with Z3 4.14.0.0 3c47fd96cf5645d0c42b2c819d9e9a84380aa721 NOTFOUND
% CaDiCaL version: 2.1.3
% Termination reason: Refutation not found, incomplete strategy
% Time elapsed: 0.0000 s
% Peak memory usage: 8 MB
% ------------------------------
% ------------------------------
% dis-30_1_to=lpo:sil=16000:random_seed=2784653605:st=3:i=6010:ep=RST:av=off:ss=included_253 on p for (253ds/6010Mi)
% Instruction limit reached! 
% ------------------------------
% Version: Vampire 5.0.1 (Release build, commit 1b13eaf on 2026-01-18 12:14:50 +0000)
% Linked with Z3 4.14.0.0 3c47fd96cf5645d0c42b2c819d9e9a84380aa721 NOTFOUND
% CaDiCaL version: 2.1.3
% Termination reason: Instruction limit
% Termination phase: Saturation
% Time elapsed: 0.770 s
% Peak memory usage: 15 MB
% Instructions burned: 6017 (million)
% lrs+2_1_sil=2000:random_seed=2220372036:i=1044:kws=precedence:fsr=off_245 on p for (245ds/1044Mi)
% Instruction limit reached! 
% ------------------------------
% Version: Vampire 5.0.1 (Release build, commit 1b13eaf on 2026-01-18 12:14:50 +0000)
% Linked with Z3 4.14.0.0 3c47fd96cf5645d0c42b2c819d9e9a84380aa721 NOTFOUND
% CaDiCaL version: 2.1.3
% Termination reason: Instruction limit
% Termination phase: Saturation
% Time elapsed: 0.159 s
% Peak memory usage: 27 MB
% Instructions burned: 1049 (million)
% lrs+0_32:1_sil=64000:tgt=ground:irw=on:prc=on:sp=reverse_frequency:bce=on:bsr=on:random_seed=1163965831:i=372:sd=1:erml=2:bs=unit_only:bd=all:av=off:gtg=exists_sym:ss=axioms:er=filter_243 on p for (243ds/372Mi)
% Instruction limit reached! 
% ------------------------------
% Version: Vampire 5.0.1 (Release build, commit 1b13eaf on 2026-01-18 12:14:50 +0000)
% Linked with Z3 4.14.0.0 3c47fd96cf5645d0c42b2c819d9e9a84380aa721 NOTFOUND
% CaDiCaL version: 2.1.3
% Termination reason: Instruction limit
% Termination phase: Saturation
% Time elapsed: 0.056 s
% Peak memory usage: 16 MB
% Instructions burned: 372 (million)
% lrs+1010_32_sil=4000:plsq=on:bsr=unit_only:nwc=3:newcnf=on:random_seed=706393916:cts=off:i=516:gtgl=5:nm=16:av=off:gtg=exists_sym_243 on p for (243ds/516Mi)
% Instruction limit reached! 
% ------------------------------
% Version: Vampire 5.0.1 (Release build, commit 1b13eaf on 2026-01-18 12:14:50 +0000)
% Linked with Z3 4.14.0.0 3c47fd96cf5645d0c42b2c819d9e9a84380aa721 NOTFOUND
% CaDiCaL version: 2.1.3
% Termination reason: Instruction limit
% Termination phase: Saturation
% Time elapsed: 0.075 s
% Peak memory usage: 18 MB
% Instructions burned: 520 (million)
% lrs-1010_3:2_sil=4000:irw=on:plsq=on:plsqc=4:fd=preordered:updr=off:lwlo=on:random_seed=2218884592:lrd=on:i=2469:bd=preordered_242 on p for (242ds/2469Mi)
% Instruction limit reached! 
% ------------------------------
% Version: Vampire 5.0.1 (Release build, commit 1b13eaf on 2026-01-18 12:14:50 +0000)
% Linked with Z3 4.14.0.0 3c47fd96cf5645d0c42b2c819d9e9a84380aa721 NOTFOUND
% CaDiCaL version: 2.1.3
% Termination reason: Instruction limit
% Termination phase: Saturation
% Time elapsed: 0.476 s
% Peak memory usage: 35 MB
% Instructions burned: 2471 (million)
% dis+1011_128_sil=4000:tgt=full:sos=on:spb=goal:lsd=100:bsr=on:br=off:random_seed=4249740520:i=242:sd=1:gtg=position:ss=axioms:sgt=64_237 on p for (237ds/242Mi)
% Refutation not found, incomplete strategy
% ------------------------------
% Version: Vampire 5.0.1 (Release build, commit 1b13eaf on 2026-01-18 12:14:50 +0000)
% Linked with Z3 4.14.0.0 3c47fd96cf5645d0c42b2c819d9e9a84380aa721 NOTFOUND
% CaDiCaL version: 2.1.3
% Termination reason: Refutation not found, incomplete strategy
% Time elapsed: 0.001 s
% Peak memory usage: 12 MB
% ------------------------------
% ------------------------------
% lrs-1011_12_to=lpo:sil=8000:prc=on:drc=off:sp=reverse_frequency:erd=off:lsd=1:urr=on:bce=on:rp=on:nwc=0.6:newcnf=on:avsqc=1:random_seed=4050516140:avsq=on:s2a=on:i=242:bd=preordered:nm=2:fsd=on_237 on p for (237ds/242Mi)
% Instruction limit reached! 
% ------------------------------
% Version: Vampire 5.0.1 (Release build, commit 1b13eaf on 2026-01-18 12:14:50 +0000)
% Linked with Z3 4.14.0.0 3c47fd96cf5645d0c42b2c819d9e9a84380aa721 NOTFOUND
% CaDiCaL version: 2.1.3
% Termination reason: Instruction limit
% Termination phase: Saturation
% Time elapsed: 0.066 s
% Peak memory usage: 14 MB
% Instructions burned: 246 (million)
% dis+1010_6_sil=16000:tgt=full:sp=unary_first:nwc=2:random_seed=4175179081:s2a=on:i=2051:sd=1:nm=4:gsp=on:ss=included_236 on p for (236ds/2051Mi)
% Instruction limit reached! 
% ------------------------------
% Version: Vampire 5.0.1 (Release build, commit 1b13eaf on 2026-01-18 12:14:50 +0000)
% Linked with Z3 4.14.0.0 3c47fd96cf5645d0c42b2c819d9e9a84380aa721 NOTFOUND
% CaDiCaL version: 2.1.3
% Termination reason: Instruction limit
% Termination phase: Saturation
% Time elapsed: 0.292 s
% Peak memory usage: 20 MB
% Instructions burned: 2055 (million)
% lrs-1011_1_to=lpo:sil=2000:plsq=on:plsqr=128,1:flr=on:random_seed=4070432123:i=253:gtgl=2:sd=1:gtg=exists_all:ss=axioms_233 on p for (233ds/253Mi)
% Instruction limit reached! 
% ------------------------------
% Version: Vampire 5.0.1 (Release build, commit 1b13eaf on 2026-01-18 12:14:50 +0000)
% Linked with Z3 4.14.0.0 3c47fd96cf5645d0c42b2c819d9e9a84380aa721 NOTFOUND
% CaDiCaL version: 2.1.3
% Termination reason: Instruction limit
% Termination phase: Saturation
% Time elapsed: 0.085 s
% Peak memory usage: 16 MB
% Instructions burned: 255 (million)
% lrs+10_1_slsqr=8,1:sil=16000:plsq=on:plsqr=32,1:sp=unary_first:erd=off:spb=units:lcm=reverse:urr=on:slsqc=1:flr=on:slsq=on:random_seed=840344537:i=256:s2at=9:bd=preordered:av=off:fsr=off:fdi=8_232 on p for (232ds/256Mi)
% Instruction limit reached! 
% ------------------------------
% Version: Vampire 5.0.1 (Release build, commit 1b13eaf on 2026-01-18 12:14:50 +0000)
% Linked with Z3 4.14.0.0 3c47fd96cf5645d0c42b2c819d9e9a84380aa721 NOTFOUND
% CaDiCaL version: 2.1.3
% Termination reason: Instruction limit
% Termination phase: Saturation
% Time elapsed: 0.098 s
% Peak memory usage: 15 MB
% Instructions burned: 259 (million)
% dis+11_1_to=lpo:sil=32000:tgt=full:plsq=on:fde=unused:plsqc=1:plsqr=128,1:sos=on:erd=off:plsql=on:newcnf=on:random_seed=3153771620:s2pl=on:cts=off:i=259:bs=on:av=off:fsr=off:ss=axioms:fsd=on:sgt=32:rawr=on_231 on p for (231ds/259Mi)
% Refutation not found, incomplete strategy
% ------------------------------
% Version: Vampire 5.0.1 (Release build, commit 1b13eaf on 2026-01-18 12:14:50 +0000)
% Linked with Z3 4.14.0.0 3c47fd96cf5645d0c42b2c819d9e9a84380aa721 NOTFOUND
% CaDiCaL version: 2.1.3
% Termination reason: Refutation not found, incomplete strategy
% Time elapsed: 0.0000 s
% Peak memory usage: 12 MB
% ------------------------------
% ------------------------------
% lrs-1010_16:1_sil=8000:sp=occurrence:sos=on:acc=on:random_seed=659271360:i=1549:sd=1:nm=12:fsr=off:ss=included_230 on p for (230ds/1549Mi)
% Refutation not found, incomplete strategy
% ------------------------------
% Version: Vampire 5.0.1 (Release build, commit 1b13eaf on 2026-01-18 12:14:50 +0000)
% Linked with Z3 4.14.0.0 3c47fd96cf5645d0c42b2c819d9e9a84380aa721 NOTFOUND
% CaDiCaL version: 2.1.3
% Termination reason: Refutation not found, incomplete strategy
% Time elapsed: 0.0000 s
% Peak memory usage: 12 MB
% ------------------------------
% ------------------------------
% lrs+33_2003:644_sil=4000:sp=reverse_frequency:lcm=predicate:urr=on:s2agt=10:random_seed=739839489:s2a=on:i=751:bd=preordered:ins=1:fdi=8:gsp=on_230 on p for (230ds/751Mi)
% Instruction limit reached! 
% ------------------------------
% Version: Vampire 5.0.1 (Release build, commit 1b13eaf on 2026-01-18 12:14:50 +0000)
% Linked with Z3 4.14.0.0 3c47fd96cf5645d0c42b2c819d9e9a84380aa721 NOTFOUND
% CaDiCaL version: 2.1.3
% Termination reason: Instruction limit
% Termination phase: Saturation
% Time elapsed: 0.157 s
% Peak memory usage: 20 MB
% Instructions burned: 757 (million)
% lrs+10_1_sil=16000:sp=occurrence:urr=on:br=off:random_seed=1268438276:st=5:s2a=on:i=758:s2at=2:sd=2:nm=2:gtg=exists_top:sup=off:ss=axioms_228 on p for (228ds/758Mi)
% Refutation not found, incomplete strategy
% ------------------------------
% Version: Vampire 5.0.1 (Release build, commit 1b13eaf on 2026-01-18 12:14:50 +0000)
% Linked with Z3 4.14.0.0 3c47fd96cf5645d0c42b2c819d9e9a84380aa721 NOTFOUND
% CaDiCaL version: 2.1.3
% Termination reason: Refutation not found, incomplete strategy
% Time elapsed: 0.0000 s
% Peak memory usage: 12 MB
% ------------------------------
% ------------------------------
% lrs+1010_64_to=lpo:sil=2000:fde=none:sp=const_max:sos=on:urr=ec_only:bsr=unit_only:fd=off:rp=on:br=off:alpa=true:sac=on:random_seed=1113150569:avsq=on:i=596:avsqr=8,1:ins=2:fdi=1024:rawr=on_228 on p for (228ds/596Mi)
% Refutation not found, incomplete strategy
% ------------------------------
% Version: Vampire 5.0.1 (Release build, commit 1b13eaf on 2026-01-18 12:14:50 +0000)
% Linked with Z3 4.14.0.0 3c47fd96cf5645d0c42b2c819d9e9a84380aa721 NOTFOUND
% CaDiCaL version: 2.1.3
% Termination reason: Refutation not found, incomplete strategy
% Time elapsed: 0.001 s
% Peak memory usage: 11 MB
% ------------------------------
% ------------------------------
% ott+1011_2:7_to=lpo:sil=2000:tgt=full:plsq=on:fde=none:plsqc=5:sims=off:sp=unary_first:spb=non_intro:lsd=10:plsql=on:nwc=20:s2agt=128:random_seed=2766918210:s2a=on:i=1443:s2at=3:bd=preordered:av=off:gtg=exists_top:fdi=8_228 on p for (228ds/1443Mi)
% Instruction limit reached! 
% ------------------------------
% Version: Vampire 5.0.1 (Release build, commit 1b13eaf on 2026-01-18 12:14:50 +0000)
% Linked with Z3 4.14.0.0 3c47fd96cf5645d0c42b2c819d9e9a84380aa721 NOTFOUND
% CaDiCaL version: 2.1.3
% Termination reason: Instruction limit
% Termination phase: Saturation
% Time elapsed: 0.267 s
% Peak memory usage: 27 MB
% Instructions burned: 1448 (million)
% lrs-1011_4_to=lpo:sil=2000:sp=arity:flr=on:random_seed=1832382087:st=3:i=268:bd=preordered:ss=axioms_225 on p for (225ds/268Mi)
% Instruction limit reached! 
% ------------------------------
% Version: Vampire 5.0.1 (Release build, commit 1b13eaf on 2026-01-18 12:14:50 +0000)
% Linked with Z3 4.14.0.0 3c47fd96cf5645d0c42b2c819d9e9a84380aa721 NOTFOUND
% CaDiCaL version: 2.1.3
% Termination reason: Instruction limit
% Termination phase: Saturation
% Time elapsed: 0.037 s
% Peak memory usage: 14 MB
% Instructions burned: 269 (million)
% lrs+1011_4_sfv=off:to=lpo:sil=2000:fde=none:sp=const_frequency:sos=all:br=off:random_seed=691654838:st=4:i=269:sd=3:doe=on:ins=10:av=off:ss=axioms_224 on p for (224ds/269Mi)
% Refutation not found, incomplete strategy
% ------------------------------
% Version: Vampire 5.0.1 (Release build, commit 1b13eaf on 2026-01-18 12:14:50 +0000)
% Linked with Z3 4.14.0.0 3c47fd96cf5645d0c42b2c819d9e9a84380aa721 NOTFOUND
% CaDiCaL version: 2.1.3
% Termination reason: Refutation not found, incomplete strategy
% Time elapsed: 0.0000 s
% Peak memory usage: 8 MB
% ------------------------------
% ------------------------------
% dis+1011_10_to=lpo:sil=4000:sp=const_min:erd=off:spb=non_intro:bsr=unit_only:rp=on:flr=on:newcnf=on:random_seed=1927298616:cts=off:s2a=on:i=269:s2at=5:bd=preordered:av=off:fsr=off:rawr=on_224 on p for (224ds/269Mi)
% Instruction limit reached! 
% ------------------------------
% Version: Vampire 5.0.1 (Release build, commit 1b13eaf on 2026-01-18 12:14:50 +0000)
% Linked with Z3 4.14.0.0 3c47fd96cf5645d0c42b2c819d9e9a84380aa721 NOTFOUND
% CaDiCaL version: 2.1.3
% Termination reason: Instruction limit
% Termination phase: Saturation
% Time elapsed: 0.079 s
% Peak memory usage: 13 MB
% Instructions burned: 273 (million)
% lrs+10_3_sil=8000:tgt=ground:fde=none:sp=reverse_arity:lcm=predicate:random_seed=3194888004:i=3317:sd=1:av=off:ss=axioms:sgt=50_223 on p for (223ds/3317Mi)
% Instruction limit reached! 
% ------------------------------
% Version: Vampire 5.0.1 (Release build, commit 1b13eaf on 2026-01-18 12:14:50 +0000)
% Linked with Z3 4.14.0.0 3c47fd96cf5645d0c42b2c819d9e9a84380aa721 NOTFOUND
% CaDiCaL version: 2.1.3
% Termination reason: Instruction limit
% Termination phase: Saturation
% Time elapsed: 0.525 s
% Peak memory usage: 66 MB
% Instructions burned: 3325 (million)
% ott+11_3_sfv=off:sil=2000:tgt=full:sp=reverse_frequency:spb=goal_then_units:urr=on:nwc=5:s2agt=100:br=off:kmz=on:updr=off:slsq=on:random_seed=4089027611:s2a=on:i=286:kws=precedence:bd=preordered:ins=20:av=off_218 on p for (218ds/286Mi)
% Instruction limit reached! 
% ------------------------------
% Version: Vampire 5.0.1 (Release build, commit 1b13eaf on 2026-01-18 12:14:50 +0000)
% Linked with Z3 4.14.0.0 3c47fd96cf5645d0c42b2c819d9e9a84380aa721 NOTFOUND
% CaDiCaL version: 2.1.3
% Termination reason: Instruction limit
% Termination phase: Saturation
% Time elapsed: 0.039 s
% Peak memory usage: 15 MB
% Instructions burned: 289 (million)
% lrs+1010_1_to=lpo:sil=4000:plsq=on:plsqr=64,1:sos=on:spb=goal:alpa=true:random_seed=1519463940:st=2:i=1238:sd=2:fsr=off:ss=axioms:fsd=on_217 on p for (217ds/1238Mi)
% Refutation not found, incomplete strategy
% ------------------------------
% Version: Vampire 5.0.1 (Release build, commit 1b13eaf on 2026-01-18 12:14:50 +0000)
% Linked with Z3 4.14.0.0 3c47fd96cf5645d0c42b2c819d9e9a84380aa721 NOTFOUND
% CaDiCaL version: 2.1.3
% Termination reason: Refutation not found, incomplete strategy
% Time elapsed: 0.0000 s
% Peak memory usage: 11 MB
% ------------------------------
% ------------------------------
% lrs+1002_8:1_sil=4000:urr=on:br=off:random_seed=1797188767:st=3:s2a=on:i=291:s2at=2:sd=1:doe=on:av=off:ss=axioms_217 on p for (217ds/291Mi)
% Instruction limit reached! 
% ------------------------------
% Version: Vampire 5.0.1 (Release build, commit 1b13eaf on 2026-01-18 12:14:50 +0000)
% Linked with Z3 4.14.0.0 3c47fd96cf5645d0c42b2c819d9e9a84380aa721 NOTFOUND
% CaDiCaL version: 2.1.3
% Termination reason: Instruction limit
% Termination phase: Saturation
% Time elapsed: 0.043 s
% Peak memory usage: 16 MB
% Instructions burned: 294 (million)
% lrs+10_1_sfv=off:to=lpo:sil=2000:sos=all:lma=off:random_seed=1307654798:st=1.5:i=291:gtgl=2:sd=2:av=off:gtg=exists_sym:ss=axioms_217 on p for (217ds/291Mi)
% Instruction limit reached! 
% ------------------------------
% Version: Vampire 5.0.1 (Release build, commit 1b13eaf on 2026-01-18 12:14:50 +0000)
% Linked with Z3 4.14.0.0 3c47fd96cf5645d0c42b2c819d9e9a84380aa721 NOTFOUND
% CaDiCaL version: 2.1.3
% Termination reason: Instruction limit
% Termination phase: Saturation
% Time elapsed: 0.044 s
% Peak memory usage: 16 MB
% Instructions burned: 295 (million)
% dis-1011_5:1_anc=all_dependent:sil=4000:erd=off:lsd=60:alpa=true:sac=on:random_seed=4224711740:avsq=on:i=300:ep=R:gsp=on_216 on p for (216ds/300Mi)
% Refutation not found, incomplete strategy
% ------------------------------
% Version: Vampire 5.0.1 (Release build, commit 1b13eaf on 2026-01-18 12:14:50 +0000)
% Linked with Z3 4.14.0.0 3c47fd96cf5645d0c42b2c819d9e9a84380aa721 NOTFOUND
% CaDiCaL version: 2.1.3
% Termination reason: Refutation not found, incomplete strategy
% Time elapsed: 0.0000 s
% Peak memory usage: 12 MB
% ------------------------------
% ------------------------------
% lrs-1011_8:1_to=lpo:sil=8000:sp=unary_first:bsr=on:fd=off:random_seed=1805448607:i=305_216 on p for (216ds/305Mi)
% Instruction limit reached! 
% ------------------------------
% Version: Vampire 5.0.1 (Release build, commit 1b13eaf on 2026-01-18 12:14:50 +0000)
% Linked with Z3 4.14.0.0 3c47fd96cf5645d0c42b2c819d9e9a84380aa721 NOTFOUND
% CaDiCaL version: 2.1.3
% Termination reason: Instruction limit
% Termination phase: Saturation
% Time elapsed: 0.046 s
% Peak memory usage: 17 MB
% Instructions burned: 307 (million)
% lrs+1011_3:1_sil=2000:plsq=on:plsqc=1:plsqr=32,1:sos=all:bsr=unit_only:s2agt=8:random_seed=567639856:s2a=on:i=511:bd=all:nm=4:av=off:ss=axioms:sgt=8_216 on p for (216ds/511Mi)
% Refutation not found, incomplete strategy
% ------------------------------
% Version: Vampire 5.0.1 (Release build, commit 1b13eaf on 2026-01-18 12:14:50 +0000)
% Linked with Z3 4.14.0.0 3c47fd96cf5645d0c42b2c819d9e9a84380aa721 NOTFOUND
% CaDiCaL version: 2.1.3
% Termination reason: Refutation not found, incomplete strategy
% Time elapsed: 0.0000 s
% Peak memory usage: 8 MB
% ------------------------------
% ------------------------------
% dis-1010_16:1_to=lpo:sil=16000:fde=unused:fd=off:newcnf=on:slsq=on:random_seed=2201289069:s2a=on:i=1555:nm=2:gtg=position:ss=axioms_216 on p for (216ds/1555Mi)
% Refutation not found, incomplete strategy
% ------------------------------
% Version: Vampire 5.0.1 (Release build, commit 1b13eaf on 2026-01-18 12:14:50 +0000)
% Linked with Z3 4.14.0.0 3c47fd96cf5645d0c42b2c819d9e9a84380aa721 NOTFOUND
% CaDiCaL version: 2.1.3
% Termination reason: Refutation not found, incomplete strategy
% Time elapsed: 0.0000 s
% Peak memory usage: 11 MB
% ------------------------------
% ------------------------------
% lrs-1010_20_sil=4000:prc=on:drc=ordering:fde=unused:sp=const_min:sos=all:spb=goal:urr=ec_only:nwc=8:br=off:lftc=40:random_seed=2079240118:s2a=on:i=744:aac=none:doe=on:bd=preordered:amm=off:fdi=8_216 on p for (216ds/744Mi)
% Refutation not found, incomplete strategy
% ------------------------------
% Version: Vampire 5.0.1 (Release build, commit 1b13eaf on 2026-01-18 12:14:50 +0000)
% Linked with Z3 4.14.0.0 3c47fd96cf5645d0c42b2c819d9e9a84380aa721 NOTFOUND
% CaDiCaL version: 2.1.3
% Termination reason: Refutation not found, incomplete strategy
% Time elapsed: 0.0000 s
% Peak memory usage: 11 MB
% ------------------------------
% ------------------------------
% lrs+10_7_to=lpo:sil=64000:tgt=ground:drc=off:fde=none:sp=const_frequency:slsqc=4:slsq=on:random_seed=2023309519:i=10680:bd=all:gtg=exists_sym_216 on p for (216ds/10680Mi)
% Instruction limit reached! 
% ------------------------------
% Version: Vampire 5.0.1 (Release build, commit 1b13eaf on 2026-01-18 12:14:50 +0000)
% Linked with Z3 4.14.0.0 3c47fd96cf5645d0c42b2c819d9e9a84380aa721 NOTFOUND
% CaDiCaL version: 2.1.3
% Termination reason: Instruction limit
% Termination phase: Saturation
% Time elapsed: 1.879 s
% Peak memory usage: 76 MB
% Instructions burned: 10682 (million)
% dis-1002_7_anc=all_dependent:to=kbo:sil=16000:drc=off:etr=on:sos=on:nwc=1:kmz=on:newcnf=on:random_seed=2205023189:i=317:kws=frequency:doe=on:bs=unit_only:nm=0:ins=10:amm=off:gtg=exists_sym_197 on p for (197ds/317Mi)
% Instruction limit reached! 
% ------------------------------
% Version: Vampire 5.0.1 (Release build, commit 1b13eaf on 2026-01-18 12:14:50 +0000)
% Linked with Z3 4.14.0.0 3c47fd96cf5645d0c42b2c819d9e9a84380aa721 NOTFOUND
% CaDiCaL version: 2.1.3
% Termination reason: Instruction limit
% Termination phase: Saturation
% Time elapsed: 0.044 s
% Peak memory usage: 13 MB
% Instructions burned: 322 (million)
% dis+1010_3_sil=4000:sp=const_frequency:sos=on:rnwc=on:nwc=3:flr=on:random_seed=1311395786:i=317:add=off:doe=on:nicw=on_196 on p for (196ds/317Mi)
% Refutation not found, incomplete strategy
% ------------------------------
% Version: Vampire 5.0.1 (Release build, commit 1b13eaf on 2026-01-18 12:14:50 +0000)
% Linked with Z3 4.14.0.0 3c47fd96cf5645d0c42b2c819d9e9a84380aa721 NOTFOUND
% CaDiCaL version: 2.1.3
% Termination reason: Refutation not found, incomplete strategy
% Time elapsed: 0.0000 s
% Peak memory usage: 11 MB
% ------------------------------
% ------------------------------
% dis+1002_2_sil=4000:nwc=1:slsqc=2:flr=on:newcnf=on:slsq=on:random_seed=968977960:s2a=on:i=2524:s2at=1.5:sd=5:ep=R:ss=axioms:sgt=16_196 on p for (196ds/2524Mi)
% Refutation not found, incomplete strategy
% ------------------------------
% Version: Vampire 5.0.1 (Release build, commit 1b13eaf on 2026-01-18 12:14:50 +0000)
% Linked with Z3 4.14.0.0 3c47fd96cf5645d0c42b2c819d9e9a84380aa721 NOTFOUND
% CaDiCaL version: 2.1.3
% Termination reason: Refutation not found, incomplete strategy
% Time elapsed: 0.0000 s
% Peak memory usage: 12 MB
% ------------------------------
% ------------------------------
% lrs+1002_1_sil=4000:sims=off:sos=on:bsr=on:fd=off:slsqc=1:slsq=on:random_seed=2668379798:i=544:s2at=2:gtg=all_196 on p for (196ds/544Mi)
% Instruction limit reached! 
% ------------------------------
% Version: Vampire 5.0.1 (Release build, commit 1b13eaf on 2026-01-18 12:14:50 +0000)
% Linked with Z3 4.14.0.0 3c47fd96cf5645d0c42b2c819d9e9a84380aa721 NOTFOUND
% CaDiCaL version: 2.1.3
% Termination reason: Instruction limit
% Termination phase: Saturation
% Time elapsed: 0.079 s
% Peak memory usage: 22 MB
% Instructions burned: 546 (million)
% lrs+1002_32_sil=2000:sp=occurrence:sos=on:erd=off:random_seed=4064986497:st=3:cts=off:i=548:sd=5:ss=included_195 on p for (195ds/548Mi)
% Refutation not found, incomplete strategy
% ------------------------------
% Version: Vampire 5.0.1 (Release build, commit 1b13eaf on 2026-01-18 12:14:50 +0000)
% Linked with Z3 4.14.0.0 3c47fd96cf5645d0c42b2c819d9e9a84380aa721 NOTFOUND
% CaDiCaL version: 2.1.3
% Termination reason: Refutation not found, incomplete strategy
% Time elapsed: 0.0000 s
% Peak memory usage: 11 MB
% ------------------------------
% ------------------------------
% lrs+1_1_sil=8000:plsq=on:sos=on:lcm=reverse:random_seed=3705185643:s2a=on:i=6200:s2at=2:sd=1:ss=included_195 on p for (195ds/6200Mi)
% Refutation not found, incomplete strategy
% ------------------------------
% Version: Vampire 5.0.1 (Release build, commit 1b13eaf on 2026-01-18 12:14:50 +0000)
% Linked with Z3 4.14.0.0 3c47fd96cf5645d0c42b2c819d9e9a84380aa721 NOTFOUND
% CaDiCaL version: 2.1.3
% Termination reason: Refutation not found, incomplete strategy
% Time elapsed: 0.0000 s
% Peak memory usage: 11 MB
% ------------------------------
% ------------------------------
% lrs-1011_16:1_sil=8000:fde=none:sp=occurrence:urr=on:s2agt=64:newcnf=on:random_seed=1572809631:s2a=on:i=567:sd=2:av=off:ss=axioms_195 on p for (195ds/567Mi)
% Refutation not found, incomplete strategy
% ------------------------------
% Version: Vampire 5.0.1 (Release build, commit 1b13eaf on 2026-01-18 12:14:50 +0000)
% Linked with Z3 4.14.0.0 3c47fd96cf5645d0c42b2c819d9e9a84380aa721 NOTFOUND
% CaDiCaL version: 2.1.3
% Termination reason: Refutation not found, incomplete strategy
% Time elapsed: 0.0000 s
% Peak memory usage: 9 MB
% ------------------------------
% ------------------------------
% lrs+10_1024_sil=4000:sp=occurrence:sos=all:urr=on:rnwc=on:nwc=0.5:br=off:random_seed=3930978561:st=4:i=335:sd=4:ep=RST:ss=included_195 on p for (195ds/335Mi)
% Instruction limit reached! 
% ------------------------------
% Version: Vampire 5.0.1 (Release build, commit 1b13eaf on 2026-01-18 12:14:50 +0000)
% Linked with Z3 4.14.0.0 3c47fd96cf5645d0c42b2c819d9e9a84380aa721 NOTFOUND
% CaDiCaL version: 2.1.3
% Termination reason: Instruction limit
% Termination phase: Saturation
% Time elapsed: 0.039 s
% Peak memory usage: 16 MB
% Instructions burned: 342 (million)
% lrs-1010_1_to=lpo:sil=4000:fde=none:sp=unary_frequency:sos=on:spb=units:random_seed=117845156:st=2:cts=off:i=2004:sd=2:ins=10:av=off:ss=included_195 on p for (195ds/2004Mi)
% Refutation not found, incomplete strategy
% ------------------------------
% Version: Vampire 5.0.1 (Release build, commit 1b13eaf on 2026-01-18 12:14:50 +0000)
% Linked with Z3 4.14.0.0 3c47fd96cf5645d0c42b2c819d9e9a84380aa721 NOTFOUND
% CaDiCaL version: 2.1.3
% Termination reason: Refutation not found, incomplete strategy
% Time elapsed: 0.0000 s
% Peak memory usage: 8 MB
% ------------------------------
% ------------------------------
% lrs+1002_128_anc=all:to=lpo:sil=16000:drc=ordering:sp=reverse_frequency:fd=off:sac=on:random_seed=3259801673:lrd=on:i=338:fgj=on:bd=all:ins=7_195 on p for (195ds/338Mi)
% Instruction limit reached! 
% ------------------------------
% Version: Vampire 5.0.1 (Release build, commit 1b13eaf on 2026-01-18 12:14:50 +0000)
% Linked with Z3 4.14.0.0 3c47fd96cf5645d0c42b2c819d9e9a84380aa721 NOTFOUND
% CaDiCaL version: 2.1.3
% Termination reason: Instruction limit
% Termination phase: Saturation
% Time elapsed: 0.045 s
% Peak memory usage: 16 MB
% Instructions burned: 341 (million)
% dis+1011_4_sil=4000:fde=unused:bsr=on:nwc=5:slsqc=1:slsq=on:random_seed=1151234607:i=819:s2at=-1:slsql=off:ep=R:ins=1:av=off:gsp=on_194 on p for (194ds/819Mi)
% Refutation not found, incomplete strategy
% ------------------------------
% Version: Vampire 5.0.1 (Release build, commit 1b13eaf on 2026-01-18 12:14:50 +0000)
% Linked with Z3 4.14.0.0 3c47fd96cf5645d0c42b2c819d9e9a84380aa721 NOTFOUND
% CaDiCaL version: 2.1.3
% Termination reason: Refutation not found, incomplete strategy
% Time elapsed: 0.0000 s
% Peak memory usage: 12 MB
% ------------------------------
% ------------------------------
% dis+10_16:1_sil=4000:urr=on:bce=on:rnwc=on:br=off:slsq=on:random_seed=1161492370:st=1.78:s2a=on:i=608:s2at=7.4:sd=11:av=off:ss=included_194 on p for (194ds/608Mi)
% Instruction limit reached! 
% ------------------------------
% Version: Vampire 5.0.1 (Release build, commit 1b13eaf on 2026-01-18 12:14:50 +0000)
% Linked with Z3 4.14.0.0 3c47fd96cf5645d0c42b2c819d9e9a84380aa721 NOTFOUND
% CaDiCaL version: 2.1.3
% Termination reason: Instruction limit
% Termination phase: Saturation
% Time elapsed: 0.081 s
% Peak memory usage: 15 MB
% Instructions burned: 609 (million)
% dis+1002_24_anc=all_dependent:slsqr=4,3:sil=2000:tgt=ground:sims=off:sas=cadical:spb=non_intro:acc=on:bsr=on:gs=on:slsqc=1:alpa=random:flr=on:sac=on:slsq=on:random_seed=1164354127:st=1.2:cts=off:s2a=on:i=363:add=on:kws=inv_arity_squared:nm=16:ins=1:ss=axioms:rawr=on_194 on p for (194ds/363Mi)
% Refutation not found, incomplete strategy
% ------------------------------
% Version: Vampire 5.0.1 (Release build, commit 1b13eaf on 2026-01-18 12:14:50 +0000)
% Linked with Z3 4.14.0.0 3c47fd96cf5645d0c42b2c819d9e9a84380aa721 NOTFOUND
% CaDiCaL version: 2.1.3
% Termination reason: Refutation not found, incomplete strategy
% Time elapsed: 0.001 s
% Peak memory usage: 13 MB
% ------------------------------
% ------------------------------
% lrs+10_10_sil=4000:tgt=full:prc=on:drc=off:sp=const_min:sos=on:urr=on:rnwc=on:br=off:random_seed=3340749019:i=646:av=off:proc=on_193 on p for (193ds/646Mi)
% Refutation not found, incomplete strategy
% ------------------------------
% Version: Vampire 5.0.1 (Release build, commit 1b13eaf on 2026-01-18 12:14:50 +0000)
% Linked with Z3 4.14.0.0 3c47fd96cf5645d0c42b2c819d9e9a84380aa721 NOTFOUND
% CaDiCaL version: 2.1.3
% Termination reason: Refutation not found, incomplete strategy
% Time elapsed: 0.0000 s
% Peak memory usage: 12 MB
% ------------------------------
% ------------------------------
% ott+1002_24_to=lpo:sil=2000:sp=occurrence:urr=on:bce=on:s2agt=32:br=off:slsqc=1:slsq=on:random_seed=1426086766:st=2.7:s2a=on:i=382:s2at=1.1:sd=3:nm=0:ins=25:av=off:ss=axioms:sgt=15_193 on p for (193ds/382Mi)
% Instruction limit reached! 
% ------------------------------
% Version: Vampire 5.0.1 (Release build, commit 1b13eaf on 2026-01-18 12:14:50 +0000)
% Linked with Z3 4.14.0.0 3c47fd96cf5645d0c42b2c819d9e9a84380aa721 NOTFOUND
% CaDiCaL version: 2.1.3
% Termination reason: Instruction limit
% Termination phase: Saturation
% Time elapsed: 0.057 s
% Peak memory usage: 18 MB
% Instructions burned: 388 (million)
% dis+1011_2:3_anc=all_dependent:sil=2000:plsq=on:plsqc=2:sas=cadical:plsqr=44827,1048576:sos=on:erd=off:bsr=unit_only:plsql=on:sac=on:avsqc=1:random_seed=1718964601:avsq=on:i=666:avsqr=1,16:bs=unit_only:bd=all_193 on p for (193ds/666Mi)
% Refutation not found, incomplete strategy
% ------------------------------
% Version: Vampire 5.0.1 (Release build, commit 1b13eaf on 2026-01-18 12:14:50 +0000)
% Linked with Z3 4.14.0.0 3c47fd96cf5645d0c42b2c819d9e9a84380aa721 NOTFOUND
% CaDiCaL version: 2.1.3
% Termination reason: Refutation not found, incomplete strategy
% Time elapsed: 0.0000 s
% Peak memory usage: 12 MB
% ------------------------------
% ------------------------------
% lrs-1010_1_sil=2000:sp=occurrence:random_seed=813723478:st=2:i=953:sd=3:ss=axioms:sgt=10_193 on p for (193ds/953Mi)
% Instruction limit reached! 
% ------------------------------
% Version: Vampire 5.0.1 (Release build, commit 1b13eaf on 2026-01-18 12:14:50 +0000)
% Linked with Z3 4.14.0.0 3c47fd96cf5645d0c42b2c819d9e9a84380aa721 NOTFOUND
% CaDiCaL version: 2.1.3
% Termination reason: Instruction limit
% Termination phase: Saturation
% Time elapsed: 0.141 s
% Peak memory usage: 26 MB
% Instructions burned: 955 (million)
% lrs+1002_1_sil=8000:sp=occurrence:sos=on:random_seed=2588363825:st=4:cts=off:i=708:sd=2:ep=R:ss=axioms_191 on p for (191ds/708Mi)
% Refutation not found, incomplete strategy
% ------------------------------
% Version: Vampire 5.0.1 (Release build, commit 1b13eaf on 2026-01-18 12:14:50 +0000)
% Linked with Z3 4.14.0.0 3c47fd96cf5645d0c42b2c819d9e9a84380aa721 NOTFOUND
% CaDiCaL version: 2.1.3
% Termination reason: Refutation not found, incomplete strategy
% Time elapsed: 0.001 s
% Peak memory usage: 11 MB
% ------------------------------
% ------------------------------
% dis-1011_8_sil=4000:plsq=on:prc=on:fde=unused:plsqr=64,1:sp=reverse_frequency:erd=off:spb=goal_then_units:bsr=unit_only:s2agt=60:kmz=on:flr=on:random_seed=4262125904:s2a=on:i=413:kws=inv_arity:doe=on:bs=on:bd=preordered:nm=32:av=off:fsr=off:fsd=on_191 on p for (191ds/413Mi)
% Instruction limit reached! 
% ------------------------------
% Version: Vampire 5.0.1 (Release build, commit 1b13eaf on 2026-01-18 12:14:50 +0000)
% Linked with Z3 4.14.0.0 3c47fd96cf5645d0c42b2c819d9e9a84380aa721 NOTFOUND
% CaDiCaL version: 2.1.3
% Termination reason: Instruction limit
% Termination phase: Saturation
% Time elapsed: 0.059 s
% Peak memory usage: 15 MB
% Instructions burned: 416 (million)
% lrs+10_5:1_to=lpo:sil=2000:plsq=on:plsqc=1:plsqr=64,1:sp=reverse_frequency:urr=on:fd=preordered:nwc=1:br=off:flr=on:random_seed=2987614821:s2a=on:i=429:s2at=5:nm=2:ins=1:sup=off_191 on p for (191ds/429Mi)
% Refutation not found, incomplete strategy
% ------------------------------
% Version: Vampire 5.0.1 (Release build, commit 1b13eaf on 2026-01-18 12:14:50 +0000)
% Linked with Z3 4.14.0.0 3c47fd96cf5645d0c42b2c819d9e9a84380aa721 NOTFOUND
% CaDiCaL version: 2.1.3
% Termination reason: Refutation not found, incomplete strategy
% Time elapsed: 0.001 s
% Peak memory usage: 12 MB
% ------------------------------
% ------------------------------
% dis+10_4096_to=lpo:sil=2000:drc=ordering:urr=ec_only:fd=preordered:nwc=5:br=off:random_seed=2224173433:i=432:gtgl=4:fgj=on:gtg=exists_all:ss=axioms_191 on p for (191ds/432Mi)
% Instruction limit reached! 
% ------------------------------
% Version: Vampire 5.0.1 (Release build, commit 1b13eaf on 2026-01-18 12:14:50 +0000)
% Linked with Z3 4.14.0.0 3c47fd96cf5645d0c42b2c819d9e9a84380aa721 NOTFOUND
% CaDiCaL version: 2.1.3
% Termination reason: Instruction limit
% Termination phase: Saturation
% Time elapsed: 0.060 s
% Peak memory usage: 14 MB
% Instructions burned: 435 (million)
% lrs+1010_2_to=lpo:sil=4000:tgt=full:sp=reverse_frequency:spb=goal_then_units:acc=on:fd=preordered:sac=on:random_seed=993833120:i=3109:gtgl=2:gtg=exists_sym_190 on p for (190ds/3109Mi)
% Instruction limit reached! 
% ------------------------------
% Version: Vampire 5.0.1 (Release build, commit 1b13eaf on 2026-01-18 12:14:50 +0000)
% Linked with Z3 4.14.0.0 3c47fd96cf5645d0c42b2c819d9e9a84380aa721 NOTFOUND
% CaDiCaL version: 2.1.3
% Termination reason: Instruction limit
% Termination phase: Saturation
% Time elapsed: 0.584 s
% Peak memory usage: 45 MB
% Instructions burned: 3111 (million)
% dis+1011_32:1_slsqr=1,16:sil=4000:lcm=reverse:urr=on:slsqc=4:flr=on:slsq=on:random_seed=1361782977:st=4:i=438:s2at=2:sd=3:slsql=off:ep=RST:fdi=2:ss=axioms_184 on p for (184ds/438Mi)
% Aborted by signal SIGSEGV on /tmp/tmp0j38xpw2/p.p
% ------------------------------
% Version: Vampire 5.0.1 (Release build, commit 1b13eaf on 2026-01-18 12:14:50 +0000)
% Linked with Z3 4.14.0.0 3c47fd96cf5645d0c42b2c819d9e9a84380aa721 NOTFOUND
% CaDiCaL version: 2.1.3
% Termination reason: Unknown
% Termination phase: Saturation
% Time elapsed: 0.001 s
% Peak memory usage: 8 MB
% lrs+10_64_sil=16000:plsq=on:sp=occurrence:sos=on:urr=full:random_seed=1637326892:st=3.6:i=1466:sd=5:nm=4:ss=included_184 on p for (184ds/1466Mi)
% Refutation not found, incomplete strategy
% ------------------------------
% Version: Vampire 5.0.1 (Release build, commit 1b13eaf on 2026-01-18 12:14:50 +0000)
% Linked with Z3 4.14.0.0 3c47fd96cf5645d0c42b2c819d9e9a84380aa721 NOTFOUND
% CaDiCaL version: 2.1.3
% Termination reason: Refutation not found, incomplete strategy
% Time elapsed: 0.0000 s
% Peak memory usage: 11 MB
% ------------------------------
% ------------------------------
% lrs+1010_2_sil=16000:plsq=on:plsqc=1:erd=off:urr=ec_only:nwc=1:random_seed=3188821497:i=445:fgj=on:ep=RS:av=off:sup=off_184 on p for (184ds/445Mi)
% Refutation not found, incomplete strategy
% ------------------------------
% Version: Vampire 5.0.1 (Release build, commit 1b13eaf on 2026-01-18 12:14:50 +0000)
% Linked with Z3 4.14.0.0 3c47fd96cf5645d0c42b2c819d9e9a84380aa721 NOTFOUND
% CaDiCaL version: 2.1.3
% Termination reason: Refutation not found, incomplete strategy
% Time elapsed: 0.001 s
% Peak memory usage: 12 MB
% ------------------------------
% ------------------------------
% lrs+1011_4_sil=128000:tgt=ground:acc=on:rp=on:s2agt=23:slsqc=1:alpa=false:flr=on:sac=on:newcnf=on:slsq=on:random_seed=3938600832:cts=off:s2a=on:i=448:add=off:kws=frequency:aac=none:slsql=off:nicw=on:bs=on:bd=preordered:fsr=off:fsd=on_184 on p for (184ds/448Mi)
% Instruction limit reached! 
% ------------------------------
% Version: Vampire 5.0.1 (Release build, commit 1b13eaf on 2026-01-18 12:14:50 +0000)
% Linked with Z3 4.14.0.0 3c47fd96cf5645d0c42b2c819d9e9a84380aa721 NOTFOUND
% CaDiCaL version: 2.1.3
% Termination reason: Instruction limit
% Termination phase: Saturation
% Time elapsed: 0.062 s
% Peak memory usage: 17 MB
% Instructions burned: 450 (million)
% lrs-1010_1_sil=4000:sp=occurrence:sos=on:random_seed=4126759585:i=3603:ss=axioms_183 on p for (183ds/3603Mi)
% Refutation not found, incomplete strategy
% ------------------------------
% Version: Vampire 5.0.1 (Release build, commit 1b13eaf on 2026-01-18 12:14:50 +0000)
% Linked with Z3 4.14.0.0 3c47fd96cf5645d0c42b2c819d9e9a84380aa721 NOTFOUND
% CaDiCaL version: 2.1.3
% Termination reason: Refutation not found, incomplete strategy
% Time elapsed: 0.0000 s
% Peak memory usage: 11 MB
% ------------------------------
% ------------------------------
% ott+10_1_sil=8000:fde=none:sp=occurrence:sos=all:urr=on:br=off:random_seed=17764301:i=4064:sd=2:kws=inv_frequency:bd=all:gsp=on:sup=off:ss=axioms_183 on p for (183ds/4064Mi)
% Refutation not found, incomplete strategy
% ------------------------------
% Version: Vampire 5.0.1 (Release build, commit 1b13eaf on 2026-01-18 12:14:50 +0000)
% Linked with Z3 4.14.0.0 3c47fd96cf5645d0c42b2c819d9e9a84380aa721 NOTFOUND
% CaDiCaL version: 2.1.3
% Termination reason: Refutation not found, incomplete strategy
% Time elapsed: 0.0000 s
% Peak memory usage: 11 MB
% ------------------------------
% ------------------------------
% lrs+1010_32_to=lpo:sil=2000:fde=none:sas=cadical:sp=occurrence:sos=on:urr=ec_only:br=off:random_seed=779295432:avsq=on:i=464:avsqr=1,16:bd=preordered:gtg=exists_top_183 on p for (183ds/464Mi)
% Refutation not found, incomplete strategy
% ------------------------------
% Version: Vampire 5.0.1 (Release build, commit 1b13eaf on 2026-01-18 12:14:50 +0000)
% Linked with Z3 4.14.0.0 3c47fd96cf5645d0c42b2c819d9e9a84380aa721 NOTFOUND
% CaDiCaL version: 2.1.3
% Termination reason: Refutation not found, incomplete strategy
% Time elapsed: 0.002 s
% Peak memory usage: 12 MB
% ------------------------------
% ------------------------------
% dis+35_1024_to=lpo:sil=32000:sos=on:spb=goal:updr=off:random_seed=2238041544:s2pl=on:i=828:nm=4:av=off_182 on p for (182ds/828Mi)
% Refutation not found, incomplete strategy
% ------------------------------
% Version: Vampire 5.0.1 (Release build, commit 1b13eaf on 2026-01-18 12:14:50 +0000)
% Linked with Z3 4.14.0.0 3c47fd96cf5645d0c42b2c819d9e9a84380aa721 NOTFOUND
% CaDiCaL version: 2.1.3
% Termination reason: Refutation not found, incomplete strategy
% Time elapsed: 0.0000 s
% Peak memory usage: 9 MB
% ------------------------------
% ------------------------------
% dis-1011_1024_sil=2000:rp=on:nwc=1:random_seed=803815137:st=5:i=466:sd=3:av=off:gtg=exists_top:fdi=32:sup=off:ss=axioms:fsd=on_182 on p for (182ds/466Mi)
% Refutation not found, incomplete strategy
% ------------------------------
% Version: Vampire 5.0.1 (Release build, commit 1b13eaf on 2026-01-18 12:14:50 +0000)
% Linked with Z3 4.14.0.0 3c47fd96cf5645d0c42b2c819d9e9a84380aa721 NOTFOUND
% CaDiCaL version: 2.1.3
% Termination reason: Refutation not found, incomplete strategy
% Time elapsed: 0.002 s
% Peak memory usage: 12 MB
% ------------------------------
% ------------------------------
% lrs-1010_5:4_to=lpo:sil=2000:sp=const_frequency:sos=on:random_seed=3170685849:st=2:cond=fast:i=1578:ss=included:sgt=10_182 on p for (182ds/1578Mi)
% Refutation not found, incomplete strategy
% ------------------------------
% Version: Vampire 5.0.1 (Release build, commit 1b13eaf on 2026-01-18 12:14:50 +0000)
% Linked with Z3 4.14.0.0 3c47fd96cf5645d0c42b2c819d9e9a84380aa721 NOTFOUND
% CaDiCaL version: 2.1.3
% Termination reason: Refutation not found, incomplete strategy
% Time elapsed: 0.001 s
% Peak memory usage: 11 MB
% ------------------------------
% ------------------------------
% lrs-1011_1_sil=16000:sos=on:lsd=10:newcnf=on:random_seed=3988543902:i=852:sd=1:sup=off:ss=axioms_182 on p for (182ds/852Mi)
% Refutation not found, incomplete strategy
% ------------------------------
% Version: Vampire 5.0.1 (Release build, commit 1b13eaf on 2026-01-18 12:14:50 +0000)
% Linked with Z3 4.14.0.0 3c47fd96cf5645d0c42b2c819d9e9a84380aa721 NOTFOUND
% CaDiCaL version: 2.1.3
% Termination reason: Refutation not found, incomplete strategy
% Time elapsed: 0.002 s
% Peak memory usage: 11 MB
% ------------------------------
% ------------------------------
% lrs+1010_1_to=lpo:sil=4000:fde=none:sp=arity:sos=on:erd=off:fs=off:random_seed=3021559502:st=1.5:i=488:sd=2:fsr=off:ss=axioms_181 on p for (181ds/488Mi)
% Refutation not found, incomplete strategy
% ------------------------------
% Version: Vampire 5.0.1 (Release build, commit 1b13eaf on 2026-01-18 12:14:50 +0000)
% Linked with Z3 4.14.0.0 3c47fd96cf5645d0c42b2c819d9e9a84380aa721 NOTFOUND
% CaDiCaL version: 2.1.3
% Termination reason: Refutation not found, incomplete strategy
% Time elapsed: 0.0000 s
% Peak memory usage: 11 MB
% ------------------------------
% ------------------------------
% lrs+10_16_anc=all:sil=128000:tgt=full:drc=off:spb=goal:nwc=1:random_seed=1851896319:i=6037:kws=precedence:bd=preordered_181 on p for (181ds/6037Mi)
% Instruction limit reached! 
% ------------------------------
% Version: Vampire 5.0.1 (Release build, commit 1b13eaf on 2026-01-18 12:14:50 +0000)
% Linked with Z3 4.14.0.0 3c47fd96cf5645d0c42b2c819d9e9a84380aa721 NOTFOUND
% CaDiCaL version: 2.1.3
% Termination reason: Instruction limit
% Termination phase: Saturation
% Time elapsed: 0.963 s
% Peak memory usage: 58 MB
% Instructions burned: 6041 (million)
% dis+1010_2_sil=4000:spb=units:rp=on:s2agt=10:slsqc=1:flr=on:slsq=on:random_seed=460160777:s2pl=no:s2a=on:i=2942:s2at=6:sd=3:ep=R:nm=4:ss=axioms:sgt=40_171 on p for (171ds/2942Mi)
% Refutation not found, incomplete strategy
% ------------------------------
% Version: Vampire 5.0.1 (Release build, commit 1b13eaf on 2026-01-18 12:14:50 +0000)
% Linked with Z3 4.14.0.0 3c47fd96cf5645d0c42b2c819d9e9a84380aa721 NOTFOUND
% CaDiCaL version: 2.1.3
% Termination reason: Refutation not found, incomplete strategy
% Time elapsed: 0.001 s
% Peak memory usage: 12 MB
% ------------------------------
% ------------------------------
% lrs-1011_128_sil=4000:sos=on:erd=off:lsd=10:rnwc=on:fd=off:nwc=3:random_seed=42101361:cts=off:i=511:av=off:fsr=off_171 on p for (171ds/511Mi)
% Refutation not found, incomplete strategy
% ------------------------------
% Version: Vampire 5.0.1 (Release build, commit 1b13eaf on 2026-01-18 12:14:50 +0000)
% Linked with Z3 4.14.0.0 3c47fd96cf5645d0c42b2c819d9e9a84380aa721 NOTFOUND
% CaDiCaL version: 2.1.3
% Termination reason: Refutation not found, incomplete strategy
% Time elapsed: 0.001 s
% Peak memory usage: 8 MB
% ------------------------------
% ------------------------------
% dis-1011_81:16_sil=16000:tgt=full:plsq=on:bsd=on:plsqr=32,1:acc=on:bce=on:random_seed=2491663628:i=3459:kws=inv_frequency:nicw=on:gsp=on:fsd=on_171 on p for (171ds/3459Mi)
% Instruction limit reached! 
% ------------------------------
% Version: Vampire 5.0.1 (Release build, commit 1b13eaf on 2026-01-18 12:14:50 +0000)
% Linked with Z3 4.14.0.0 3c47fd96cf5645d0c42b2c819d9e9a84380aa721 NOTFOUND
% CaDiCaL version: 2.1.3
% Termination reason: Instruction limit
% Termination phase: Saturation
% Time elapsed: 0.571 s
% Peak memory usage: 27 MB
% Instructions burned: 3460 (million)
% lrs+10_64:1_sfv=off:to=lpo:sil=4000:fde=none:sos=all:spb=non_intro:urr=on:random_seed=1236829285:i=948:aac=none:doe=on:bd=preordered:ins=4:ss=included_165 on p for (165ds/948Mi)
% Refutation not found, incomplete strategy
% ------------------------------
% Version: Vampire 5.0.1 (Release build, commit 1b13eaf on 2026-01-18 12:14:50 +0000)
% Linked with Z3 4.14.0.0 3c47fd96cf5645d0c42b2c819d9e9a84380aa721 NOTFOUND
% CaDiCaL version: 2.1.3
% Termination reason: Refutation not found, incomplete strategy
% Time elapsed: 0.001 s
% Peak memory usage: 12 MB
% ------------------------------
% ------------------------------
% lrs+21_6_anc=none:to=lpo:sil=16000:fde=none:avsql=on:sos=on:sac=on:random_seed=278010602:avsq=on:i=526:add=off:ep=RSTC_165 on p for (165ds/526Mi)
% Refutation not found, incomplete strategy
% ------------------------------
% Version: Vampire 5.0.1 (Release build, commit 1b13eaf on 2026-01-18 12:14:50 +0000)
% Linked with Z3 4.14.0.0 3c47fd96cf5645d0c42b2c819d9e9a84380aa721 NOTFOUND
% CaDiCaL version: 2.1.3
% Termination reason: Refutation not found, incomplete strategy
% Time elapsed: 0.0000 s
% Peak memory usage: 11 MB
% ------------------------------
% ------------------------------
% lrs+21_1_sil=16000:sp=arity:sos=on:lcm=predicate:urr=on:random_seed=561692194:avsq=on:i=1389:avsqr=1,32:sd=2:ep=RS:ss=axioms_165 on p for (165ds/1389Mi)
% Refutation not found, incomplete strategy
% ------------------------------
% Version: Vampire 5.0.1 (Release build, commit 1b13eaf on 2026-01-18 12:14:50 +0000)
% Linked with Z3 4.14.0.0 3c47fd96cf5645d0c42b2c819d9e9a84380aa721 NOTFOUND
% CaDiCaL version: 2.1.3
% Termination reason: Refutation not found, incomplete strategy
% Time elapsed: 0.0000 s
% Peak memory usage: 12 MB
% ------------------------------
% ------------------------------
% lrs+11_3:1_anc=all_dependent:slsqr=11,2:sil=32000:fde=none:etr=on:erd=off:lma=off:lsd=100:urr=on:slsqc=1:kmz=on:flr=on:slsq=on:avsqc=5:random_seed=3881438323:st=1.326:avsq=on:i=538:s2at=2.3:gtgl=5:avsqr=46,3:bd=preordered:ins=10:gtg=exists_top:sup=off:ss=axioms:sgt=20_165 on p for (165ds/538Mi)
% Refutation not found, incomplete strategy
% ------------------------------
% Version: Vampire 5.0.1 (Release build, commit 1b13eaf on 2026-01-18 12:14:50 +0000)
% Linked with Z3 4.14.0.0 3c47fd96cf5645d0c42b2c819d9e9a84380aa721 NOTFOUND
% CaDiCaL version: 2.1.3
% Termination reason: Refutation not found, incomplete strategy
% Time elapsed: 0.001 s
% Peak memory usage: 12 MB
% ------------------------------
% ------------------------------
% dis+1011_1_sil=2000:tgt=full:prc=on:drc=off:random_seed=1861722784:i=988:av=off:fsr=off_164 on p for (164ds/988Mi)
% Instruction limit reached! 
% ------------------------------
% Version: Vampire 5.0.1 (Release build, commit 1b13eaf on 2026-01-18 12:14:50 +0000)
% Linked with Z3 4.14.0.0 3c47fd96cf5645d0c42b2c819d9e9a84380aa721 NOTFOUND
% CaDiCaL version: 2.1.3
% Termination reason: Instruction limit
% Termination phase: Saturation
% Time elapsed: 0.138 s
% Peak memory usage: 14 MB
% Instructions burned: 990 (million)
% dis-1010_2:3_sil=16000:prc=on:bsd=on:acc=on:bce=on:gs=on:nwc=5:s2agt=8:newcnf=on:random_seed=3398063963:avsq=on:s2a=on:i=552:avsqr=8,1:kws=inv_frequency:doe=on:nm=16:fsd=on_163 on p for (163ds/552Mi)
% Instruction limit reached! 
% ------------------------------
% Version: Vampire 5.0.1 (Release build, commit 1b13eaf on 2026-01-18 12:14:50 +0000)
% Linked with Z3 4.14.0.0 3c47fd96cf5645d0c42b2c819d9e9a84380aa721 NOTFOUND
% CaDiCaL version: 2.1.3
% Termination reason: Instruction limit
% Termination phase: Saturation
% Time elapsed: 0.073 s
% Peak memory usage: 17 MB
% Instructions burned: 558 (million)
% dis+3_1_sil=4000:plsq=on:plsqc=1:plsqr=64,1:sac=on:random_seed=527855134:i=1469:nm=5:amm=off_162 on p for (162ds/1469Mi)
% Instruction limit reached! 
% ------------------------------
% Version: Vampire 5.0.1 (Release build, commit 1b13eaf on 2026-01-18 12:14:50 +0000)
% Linked with Z3 4.14.0.0 3c47fd96cf5645d0c42b2c819d9e9a84380aa721 NOTFOUND
% CaDiCaL version: 2.1.3
% Termination reason: Instruction limit
% Termination phase: Saturation
% Time elapsed: 0.196 s
% Peak memory usage: 19 MB
% Instructions burned: 1469 (million)
% dis+10_1024_to=lpo:sil=8000:prc=on:drc=off:sp=arity:random_seed=257722435:i=7157:bd=preordered_160 on p for (160ds/7157Mi)
% Instruction limit reached! 
% ------------------------------
% Version: Vampire 5.0.1 (Release build, commit 1b13eaf on 2026-01-18 12:14:50 +0000)
% Linked with Z3 4.14.0.0 3c47fd96cf5645d0c42b2c819d9e9a84380aa721 NOTFOUND
% CaDiCaL version: 2.1.3
% Termination reason: Instruction limit
% Termination phase: Saturation
% Time elapsed: 1.009 s
% Peak memory usage: 23 MB
% Instructions burned: 7159 (million)
% lrs+1011_3:1_sil=4000:sp=occurrence:random_seed=774724740:i=4424:sd=1:ep=R:ss=axioms:sgt=64_150 on p for (150ds/4424Mi)
% Refutation not found, incomplete strategy
% ------------------------------
% Version: Vampire 5.0.1 (Release build, commit 1b13eaf on 2026-01-18 12:14:50 +0000)
% Linked with Z3 4.14.0.0 3c47fd96cf5645d0c42b2c819d9e9a84380aa721 NOTFOUND
% CaDiCaL version: 2.1.3
% Termination reason: Refutation not found, incomplete strategy
% Time elapsed: 0.0000 s
% Peak memory usage: 11 MB
% ------------------------------
% ------------------------------
% lrs+10_1_sil=4000:erd=off:random_seed=76669086:i=1077:sd=3:kws=inv_frequency:bd=preordered:ss=axioms:sgt=16_150 on p for (150ds/1077Mi)
% Instruction limit reached! 
% ------------------------------
% Version: Vampire 5.0.1 (Release build, commit 1b13eaf on 2026-01-18 12:14:50 +0000)
% Linked with Z3 4.14.0.0 3c47fd96cf5645d0c42b2c819d9e9a84380aa721 NOTFOUND
% CaDiCaL version: 2.1.3
% Termination reason: Instruction limit
% Termination phase: Saturation
% Time elapsed: 0.150 s
% Peak memory usage: 23 MB
% Instructions burned: 1082 (million)
% lrs+21_1_sil=4000:fde=none:sos=on:lcm=predicate:random_seed=3638430313:i=3573:kws=precedence:ss=included:sgt=14_149 on p for (149ds/3573Mi)
% Refutation not found, incomplete strategy
% ------------------------------
% Version: Vampire 5.0.1 (Release build, commit 1b13eaf on 2026-01-18 12:14:50 +0000)
% Linked with Z3 4.14.0.0 3c47fd96cf5645d0c42b2c819d9e9a84380aa721 NOTFOUND
% CaDiCaL version: 2.1.3
% Termination reason: Refutation not found, incomplete strategy
% Time elapsed: 0.0000 s
% Peak memory usage: 11 MB
% ------------------------------
% ------------------------------
% lrs+1011_1_to=kbo:sil=4000:drc=ordering:sas=cadical:lma=off:spb=non_intro:lcm=reverse:foolp=on:rp=on:nwc=20:flr=on:slsq=on:random_seed=3047484532:avsq=on:s2a=on:i=1625:add=on:ep=R:ins=5_148 on p for (148ds/1625Mi)
% Refutation not found, incomplete strategy
% ------------------------------
% Version: Vampire 5.0.1 (Release build, commit 1b13eaf on 2026-01-18 12:14:50 +0000)
% Linked with Z3 4.14.0.0 3c47fd96cf5645d0c42b2c819d9e9a84380aa721 NOTFOUND
% CaDiCaL version: 2.1.3
% Termination reason: Refutation not found, incomplete strategy
% Time elapsed: 0.0000 s
% Peak memory usage: 12 MB
% ------------------------------
% ------------------------------
% lrs-35_1_slsqr=1,64:to=lpo:sil=128000:bsr=unit_only:nwc=0.5:slsq=on:random_seed=617672682:i=1120:bd=preordered:av=off:fdi=32_148 on p for (148ds/1120Mi)
% Instruction limit reached! 
% ------------------------------
% Version: Vampire 5.0.1 (Release build, commit 1b13eaf on 2026-01-18 12:14:50 +0000)
% Linked with Z3 4.14.0.0 3c47fd96cf5645d0c42b2c819d9e9a84380aa721 NOTFOUND
% CaDiCaL version: 2.1.3
% Termination reason: Instruction limit
% Termination phase: Saturation
% Time elapsed: 0.159 s
% Peak memory usage: 23 MB
% Instructions burned: 1123 (million)
% dis+1002_2048_sil=4000:sp=arity:sos=on:spb=goal_then_units:flr=on:avsqc=1:random_seed=808688161:avsq=on:i=1637:add=on:sd=2:kws=inv_arity_squared:ss=axioms_147 on p for (147ds/1637Mi)
% Refutation not found, incomplete strategy
% ------------------------------
% Version: Vampire 5.0.1 (Release build, commit 1b13eaf on 2026-01-18 12:14:50 +0000)
% Linked with Z3 4.14.0.0 3c47fd96cf5645d0c42b2c819d9e9a84380aa721 NOTFOUND
% CaDiCaL version: 2.1.3
% Termination reason: Refutation not found, incomplete strategy
% Time elapsed: 0.0000 s
% Peak memory usage: 11 MB
% ------------------------------
% ------------------------------
% lrs+31_1024_to=lpo:sil=128000:drc=ordering:sp=unary_frequency:bsr=unit_only:random_seed=4056635966:cond=fast:i=652:fgj=on:bd=preordered_147 on p for (147ds/652Mi)
% Instruction limit reached! 
% ------------------------------
% Version: Vampire 5.0.1 (Release build, commit 1b13eaf on 2026-01-18 12:14:50 +0000)
% Linked with Z3 4.14.0.0 3c47fd96cf5645d0c42b2c819d9e9a84380aa721 NOTFOUND
% CaDiCaL version: 2.1.3
% Termination reason: Instruction limit
% Termination phase: Saturation
% Time elapsed: 0.089 s
% Peak memory usage: 19 MB
% Instructions burned: 656 (million)
% lrs+10_4_sil=16000:spb=goal_then_units:nwc=2:random_seed=2013418959:s2pl=no:st=1.8:i=660:gtgl=3:sd=6:av=off:gtg=all:ss=included:sgt=2_146 on p for (146ds/660Mi)
% Instruction limit reached! 
% ------------------------------
% Version: Vampire 5.0.1 (Release build, commit 1b13eaf on 2026-01-18 12:14:50 +0000)
% Linked with Z3 4.14.0.0 3c47fd96cf5645d0c42b2c819d9e9a84380aa721 NOTFOUND
% CaDiCaL version: 2.1.3
% Termination reason: Instruction limit
% Termination phase: Saturation
% Time elapsed: 0.095 s
% Peak memory usage: 22 MB
% Instructions burned: 666 (million)
% lrs+1010_1_to=lpo:sil=8000:fde=none:sos=on:random_seed=4021525394:i=1786:sd=2:ss=axioms_145 on p for (145ds/1786Mi)
% Refutation not found, incomplete strategy
% ------------------------------
% Version: Vampire 5.0.1 (Release build, commit 1b13eaf on 2026-01-18 12:14:50 +0000)
% Linked with Z3 4.14.0.0 3c47fd96cf5645d0c42b2c819d9e9a84380aa721 NOTFOUND
% CaDiCaL version: 2.1.3
% Termination reason: Refutation not found, incomplete strategy
% Time elapsed: 0.001 s
% Peak memory usage: 11 MB
% ------------------------------
% ------------------------------
% lrs-1011_3_sil=8000:fde=unused:sp=occurrence:urr=on:nwc=1:random_seed=1572955888:s2a=on:i=2383:sd=1:kws=inv_frequency:nm=0:ss=included_145 on p for (145ds/2383Mi)
% Instruction limit reached! 
% ------------------------------
% Version: Vampire 5.0.1 (Release build, commit 1b13eaf on 2026-01-18 12:14:50 +0000)
% Linked with Z3 4.14.0.0 3c47fd96cf5645d0c42b2c819d9e9a84380aa721 NOTFOUND
% CaDiCaL version: 2.1.3
% Termination reason: Instruction limit
% Termination phase: Saturation
% Time elapsed: 0.332 s
% Peak memory usage: 47 MB
% Instructions burned: 2385 (million)
% dis+1002_1_sil=8000:sp=occurrence:fd=off:sac=on:random_seed=2447821947:s2a=on:i=1267:s2at=5:sd=2:nm=3:ss=included_141 on p for (141ds/1267Mi)
% Instruction limit reached! 
% ------------------------------
% Version: Vampire 5.0.1 (Release build, commit 1b13eaf on 2026-01-18 12:14:50 +0000)
% Linked with Z3 4.14.0.0 3c47fd96cf5645d0c42b2c819d9e9a84380aa721 NOTFOUND
% CaDiCaL version: 2.1.3
% Termination reason: Instruction limit
% Termination phase: Saturation
% Time elapsed: 0.178 s
% Peak memory usage: 20 MB
% Instructions burned: 1275 (million)
% dis+2_8_anc=none:sil=32000:plsq=on:prc=on:drc=off:bsd=on:plsqr=7,8:sp=const_min:sos=all:lma=off:lcm=reverse:updr=off:slsq=on:random_seed=3372144514:avsq=on:cond=fast:i=689:avsqr=11,4:kws=inv_arity:fgj=on:bs=unit_only:bd=all:rawr=on_140 on p for (140ds/689Mi)
% Refutation not found, incomplete strategy
% ------------------------------
% Version: Vampire 5.0.1 (Release build, commit 1b13eaf on 2026-01-18 12:14:50 +0000)
% Linked with Z3 4.14.0.0 3c47fd96cf5645d0c42b2c819d9e9a84380aa721 NOTFOUND
% CaDiCaL version: 2.1.3
% Termination reason: Refutation not found, incomplete strategy
% Time elapsed: 0.0000 s
% Peak memory usage: 11 MB
% ------------------------------
% ------------------------------
% ott+1010_1_sil=4000:sos=on:acc=on:urr=on:bsr=on:rnwc=on:fd=preordered:slsqc=1:slsq=on:random_seed=4016937381:i=691:kws=inv_frequency:aac=none:bd=all:ins=5:fsr=off_139 on p for (139ds/691Mi)
% Refutation not found, incomplete strategy
% ------------------------------
% Version: Vampire 5.0.1 (Release build, commit 1b13eaf on 2026-01-18 12:14:50 +0000)
% Linked with Z3 4.14.0.0 3c47fd96cf5645d0c42b2c819d9e9a84380aa721 NOTFOUND
% CaDiCaL version: 2.1.3
% Termination reason: Refutation not found, incomplete strategy
% Time elapsed: 0.0000 s
% Peak memory usage: 12 MB
% ------------------------------
% ------------------------------
% lrs+34_4096_sil=8000:tgt=ground:prc=on:drc=off:sp=reverse_frequency:sos=on:fd=preordered:random_seed=1486575078:s2pl=no:s2a=on:i=1287:kws=frequency:fsr=off_139 on p for (139ds/1287Mi)
% Refutation not found, incomplete strategy
% ------------------------------
% Version: Vampire 5.0.1 (Release build, commit 1b13eaf on 2026-01-18 12:14:50 +0000)
% Linked with Z3 4.14.0.0 3c47fd96cf5645d0c42b2c819d9e9a84380aa721 NOTFOUND
% CaDiCaL version: 2.1.3
% Termination reason: Refutation not found, incomplete strategy
% Time elapsed: 0.0000 s
% Peak memory usage: 11 MB
% ------------------------------
% ------------------------------
% lrs+10_1_sil=16000:tgt=ground:sims=off:erd=off:urr=ec_only:rnwc=on:lftc=10:lwlo=on:random_seed=1326821033:lrd=on:st=2:s2a=on:i=1903:s2at=3:doe=on:fgj=on:gtg=exists_top:ss=included_139 on p for (139ds/1903Mi)
% Instruction limit reached! 
% ------------------------------
% Version: Vampire 5.0.1 (Release build, commit 1b13eaf on 2026-01-18 12:14:50 +0000)
% Linked with Z3 4.14.0.0 3c47fd96cf5645d0c42b2c819d9e9a84380aa721 NOTFOUND
% CaDiCaL version: 2.1.3
% Termination reason: Instruction limit
% Termination phase: Saturation
% Time elapsed: 0.275 s
% Peak memory usage: 41 MB
% Instructions burned: 1910 (million)
% lrs-1002_7_anc=none:sfv=off:sil=128000:tgt=ground:prc=on:drc=off:fde=unused:etr=on:spb=non_intro:bce=on:bsr=unit_only:flr=on:updr=off:random_seed=1940133562:prac=on:i=710:doe=on:nicw=on:bd=preordered:fsr=off:gsp=on:proc=on:rawr=on_137 on p for (137ds/710Mi)
% Instruction limit reached! 
% ------------------------------
% Version: Vampire 5.0.1 (Release build, commit 1b13eaf on 2026-01-18 12:14:50 +0000)
% Linked with Z3 4.14.0.0 3c47fd96cf5645d0c42b2c819d9e9a84380aa721 NOTFOUND
% CaDiCaL version: 2.1.3
% Termination reason: Instruction limit
% Termination phase: Saturation
% Time elapsed: 0.092 s
% Peak memory usage: 20 MB
% Instructions burned: 713 (million)
% lrs+1011_256_to=kbo:sil=2000:tgt=ground:irw=on:drc=off:fde=none:lma=off:rnwc=on:fd=preordered:br=off:slsqc=1:slsq=on:random_seed=1885222350:st=1.2:i=714:s2at=3:sd=10:kws=inv_arity:fgj=on:nicw=on:amm=off:ss=included_136 on p for (136ds/714Mi)
% Instruction limit reached! 
% ------------------------------
% Version: Vampire 5.0.1 (Release build, commit 1b13eaf on 2026-01-18 12:14:50 +0000)
% Linked with Z3 4.14.0.0 3c47fd96cf5645d0c42b2c819d9e9a84380aa721 NOTFOUND
% CaDiCaL version: 2.1.3
% Termination reason: Instruction limit
% Termination phase: Saturation
% Time elapsed: 0.104 s
% Peak memory usage: 23 MB
% Instructions burned: 716 (million)
% lrs+10_4:1_sil=4000:erd=off:urr=on:s2agt=8:br=off:random_seed=2335043486:s2a=on:i=1975:bd=all_135 on p for (135ds/1975Mi)
% Instruction limit reached! 
% ------------------------------
% Version: Vampire 5.0.1 (Release build, commit 1b13eaf on 2026-01-18 12:14:50 +0000)
% Linked with Z3 4.14.0.0 3c47fd96cf5645d0c42b2c819d9e9a84380aa721 NOTFOUND
% CaDiCaL version: 2.1.3
% Termination reason: Instruction limit
% Termination phase: Saturation
% Time elapsed: 0.273 s
% Peak memory usage: 32 MB
% Instructions burned: 1980 (million)
% ott-1010_8_to=lpo:sil=4000:fde=none:sp=arity:spb=goal_then_units:nwc=3:s2agt=16:flr=on:slsq=on:random_seed=790216951:s2a=on:i=4528:bd=all_132 on p for (132ds/4528Mi)
% Instruction limit reached! 
% ------------------------------
% Version: Vampire 5.0.1 (Release build, commit 1b13eaf on 2026-01-18 12:14:50 +0000)
% Linked with Z3 4.14.0.0 3c47fd96cf5645d0c42b2c819d9e9a84380aa721 NOTFOUND
% CaDiCaL version: 2.1.3
% Termination reason: Instruction limit
% Termination phase: Saturation
% Time elapsed: 0.651 s
% Peak memory usage: 49 MB
% Instructions burned: 4534 (million)
% lrs+1002_1_to=lpo:sil=4000:sp=unary_first:sos=on:spb=units:random_seed=520485109:i=2020:sd=2:nm=6:av=off:ss=axioms_125 on p for (125ds/2020Mi)
% Refutation not found, incomplete strategy
% ------------------------------
% Version: Vampire 5.0.1 (Release build, commit 1b13eaf on 2026-01-18 12:14:50 +0000)
% Linked with Z3 4.14.0.0 3c47fd96cf5645d0c42b2c819d9e9a84380aa721 NOTFOUND
% CaDiCaL version: 2.1.3
% Termination reason: Refutation not found, incomplete strategy
% Time elapsed: 0.002 s
% Peak memory usage: 9 MB
% ------------------------------
% ------------------------------
% dis+1002_1_to=kbo:sil=256000:plsq=on:sp=weighted_frequency:sos=on:erd=off:spb=units:acc=on:urr=ec_only:plsql=on:nwc=20:random_seed=3151492677:avsq=on:i=753:gtgl=2:avsqr=12,1:nicw=on:ep=RST:gtg=exists_sym:ss=axioms:sgt=8_125 on p for (125ds/753Mi)
% Instruction limit reached! 
% ------------------------------
% Version: Vampire 5.0.1 (Release build, commit 1b13eaf on 2026-01-18 12:14:50 +0000)
% Linked with Z3 4.14.0.0 3c47fd96cf5645d0c42b2c819d9e9a84380aa721 NOTFOUND
% CaDiCaL version: 2.1.3
% Termination reason: Instruction limit
% Termination phase: Saturation
% Time elapsed: 0.204 s
% Peak memory usage: 12 MB
% Instructions burned: 758 (million)
% lrs+10_128_sil=4000:sp=occurrence:sos=all:urr=full:br=off:random_seed=763554453:st=4.8:s2a=on:i=1412:sd=4:sup=off:ss=included_123 on p for (123ds/1412Mi)
% Refutation not found, incomplete strategy
% ------------------------------
% Version: Vampire 5.0.1 (Release build, commit 1b13eaf on 2026-01-18 12:14:50 +0000)
% Linked with Z3 4.14.0.0 3c47fd96cf5645d0c42b2c819d9e9a84380aa721 NOTFOUND
% CaDiCaL version: 2.1.3
% Termination reason: Refutation not found, incomplete strategy
% Time elapsed: 0.0000 s
% Peak memory usage: 11 MB
% ------------------------------
% ------------------------------
% lrs+10_1_sil=128000:sp=occurrence:random_seed=3053311538:st=3:i=37942:sd=4:ss=included:sgt=16_122 on p for (122ds/37942Mi)
% Instruction limit reached! 
% ------------------------------
% Version: Vampire 5.0.1 (Release build, commit 1b13eaf on 2026-01-18 12:14:50 +0000)
% Linked with Z3 4.14.0.0 3c47fd96cf5645d0c42b2c819d9e9a84380aa721 NOTFOUND
% CaDiCaL version: 2.1.3
% Termination reason: Instruction limit
% Termination phase: Saturation
% Time elapsed: 6.161 s
% Peak memory usage: 146 MB
% Instructions burned: 37942 (million)
% lrs+11_1_to=lpo:sil=2000:tgt=full:plsq=on:sp=reverse_frequency:sos=all:erd=off:plsql=on:nwc=3:random_seed=3612768362:s2pl=on:i=1495:s2at=5:bd=preordered:av=off_61 on p for (61ds/1495Mi)
% Refutation not found, incomplete strategy
% ------------------------------
% Version: Vampire 5.0.1 (Release build, commit 1b13eaf on 2026-01-18 12:14:50 +0000)
% Linked with Z3 4.14.0.0 3c47fd96cf5645d0c42b2c819d9e9a84380aa721 NOTFOUND
% CaDiCaL version: 2.1.3
% Termination reason: Refutation not found, incomplete strategy
% Time elapsed: 0.0000 s
% Peak memory usage: 8 MB
% ------------------------------
% ------------------------------
% lrs+1002_16_anc=all_dependent:sil=16000:sas=cadical:sos=on:rp=on:s2agt=10:sac=on:random_seed=276214521:st=5:s2a=on:i=798:sd=5:bs=unit_only:ep=RS:ss=included_60 on p for (60ds/798Mi)
% Refutation not found, incomplete strategy
% ------------------------------
% Version: Vampire 5.0.1 (Release build, commit 1b13eaf on 2026-01-18 12:14:50 +0000)
% Linked with Z3 4.14.0.0 3c47fd96cf5645d0c42b2c819d9e9a84380aa721 NOTFOUND
% CaDiCaL version: 2.1.3
% Termination reason: Refutation not found, incomplete strategy
% Time elapsed: 0.0000 s
% Peak memory usage: 12 MB
% ------------------------------
% ------------------------------
% lrs+1002_512_sil=4000:plsq=on:plsqc=2:plsqr=64,1:rp=on:gs=on:random_seed=2298035640:i=861:aac=none:nm=2:gsp=on_60 on p for (60ds/861Mi)
% Instruction limit reached! 
% ------------------------------
% Version: Vampire 5.0.1 (Release build, commit 1b13eaf on 2026-01-18 12:14:50 +0000)
% Linked with Z3 4.14.0.0 3c47fd96cf5645d0c42b2c819d9e9a84380aa721 NOTFOUND
% CaDiCaL version: 2.1.3
% Termination reason: Instruction limit
% Termination phase: Saturation
% Time elapsed: 0.117 s
% Peak memory usage: 24 MB
% Instructions burned: 867 (million)
% dis-1010_2_sfv=off:sil=4000:plsq=on:plsqc=1:plsqr=64,1:erd=off:newcnf=on:random_seed=407738675:cond=fast:i=1675:doe=on:av=off_59 on p for (59ds/1675Mi)
% Instruction limit reached! 
% ------------------------------
% Version: Vampire 5.0.1 (Release build, commit 1b13eaf on 2026-01-18 12:14:50 +0000)
% Linked with Z3 4.14.0.0 3c47fd96cf5645d0c42b2c819d9e9a84380aa721 NOTFOUND
% CaDiCaL version: 2.1.3
% Termination reason: Instruction limit
% Termination phase: Saturation
% Time elapsed: 0.218 s
% Peak memory usage: 19 MB
% Instructions burned: 1678 (million)
% lrs+1011_2_to=lpo:sil=16000:prc=on:drc=off:sp=const_frequency:nwc=1:random_seed=485163309:i=897:sd=3:doe=on:bd=preordered:nm=4:ins=2:av=off:gtg=exists_all:ss=axioms:sgt=27_57 on p for (57ds/897Mi)
% Instruction limit reached! 
% ------------------------------
% Version: Vampire 5.0.1 (Release build, commit 1b13eaf on 2026-01-18 12:14:50 +0000)
% Linked with Z3 4.14.0.0 3c47fd96cf5645d0c42b2c819d9e9a84380aa721 NOTFOUND
% CaDiCaL version: 2.1.3
% Termination reason: Instruction limit
% Termination phase: Saturation
% Time elapsed: 0.116 s
% Peak memory usage: 22 MB
% Instructions burned: 904 (million)
% lrs-1010_1_sil=8000:sos=on:random_seed=3477100458:st=2:i=3392:sd=2:ss=axioms_56 on p for (56ds/3392Mi)
% Refutation not found, incomplete strategy
% ------------------------------
% Version: Vampire 5.0.1 (Release build, commit 1b13eaf on 2026-01-18 12:14:50 +0000)
% Linked with Z3 4.14.0.0 3c47fd96cf5645d0c42b2c819d9e9a84380aa721 NOTFOUND
% CaDiCaL version: 2.1.3
% Termination reason: Refutation not found, incomplete strategy
% Time elapsed: 0.0000 s
% Peak memory usage: 11 MB
% ------------------------------
% ------------------------------
% lrs-1011_4_sil=4000:sos=all:lsd=10:random_seed=2397367445:s2a=on:i=2612:s2at=5:ep=RS:av=off:ss=included:sgt=10_56 on p for (56ds/2612Mi)
% Refutation not found, incomplete strategy
% ------------------------------
% Version: Vampire 5.0.1 (Release build, commit 1b13eaf on 2026-01-18 12:14:50 +0000)
% Linked with Z3 4.14.0.0 3c47fd96cf5645d0c42b2c819d9e9a84380aa721 NOTFOUND
% CaDiCaL version: 2.1.3
% Termination reason: Refutation not found, incomplete strategy
% Time elapsed: 0.0000 s
% Peak memory usage: 9 MB
% ------------------------------
% ------------------------------
% dis+1011_8_sil=4000:lsd=50:nwc=2:random_seed=3918092074:cond=fast:i=948:gtgl=2:ep=RS:av=off:gtg=exists_all_56 on p for (56ds/948Mi)
% Refutation not found, incomplete strategy
% ------------------------------
% Version: Vampire 5.0.1 (Release build, commit 1b13eaf on 2026-01-18 12:14:50 +0000)
% Linked with Z3 4.14.0.0 3c47fd96cf5645d0c42b2c819d9e9a84380aa721 NOTFOUND
% CaDiCaL version: 2.1.3
% Termination reason: Refutation not found, incomplete strategy
% Time elapsed: 0.0000 s
% Peak memory usage: 9 MB
% ------------------------------
% ------------------------------
% lrs+1011_6:5_sfv=off:sil=32000:tgt=ground:sos=all:erd=off:urr=on:rnwc=on:gs=on:flr=on:random_seed=1225605975:s2a=on:i=951:s2at=2:sd=2:av=off:fsr=off:ss=axioms_56 on p for (56ds/951Mi)
% Refutation not found, incomplete strategy
% ------------------------------
% Version: Vampire 5.0.1 (Release build, commit 1b13eaf on 2026-01-18 12:14:50 +0000)
% Linked with Z3 4.14.0.0 3c47fd96cf5645d0c42b2c819d9e9a84380aa721 NOTFOUND
% CaDiCaL version: 2.1.3
% Termination reason: Refutation not found, incomplete strategy
% Time elapsed: 0.0000 s
% Peak memory usage: 12 MB
% ------------------------------
% ------------------------------
% lrs+11_1_sil=8000:flr=on:random_seed=2826763448:i=982:sd=2:sup=off:ss=axioms:sgt=8_56 on p for (56ds/982Mi)
% Refutation not found, incomplete strategy
% ------------------------------
% Version: Vampire 5.0.1 (Release build, commit 1b13eaf on 2026-01-18 12:14:50 +0000)
% Linked with Z3 4.14.0.0 3c47fd96cf5645d0c42b2c819d9e9a84380aa721 NOTFOUND
% CaDiCaL version: 2.1.3
% Termination reason: Refutation not found, incomplete strategy
% Time elapsed: 0.0000 s
% Peak memory usage: 12 MB
% ------------------------------
% ------------------------------
% lrs+10_1_sil=8000:sp=occurrence:sos=on:fs=off:random_seed=3057073311:st=1.2:i=2778:sd=2:ep=R:fsr=off:ss=included_56 on p for (56ds/2778Mi)
% Refutation not found, incomplete strategy
% ------------------------------
% Version: Vampire 5.0.1 (Release build, commit 1b13eaf on 2026-01-18 12:14:50 +0000)
% Linked with Z3 4.14.0.0 3c47fd96cf5645d0c42b2c819d9e9a84380aa721 NOTFOUND
% CaDiCaL version: 2.1.3
% Termination reason: Refutation not found, incomplete strategy
% Time elapsed: 0.0000 s
% Peak memory usage: 11 MB
% ------------------------------
% ------------------------------
% lrs-1002_32_sil=4000:sp=occurrence:nwc=1:random_seed=169219407:st=3.4:i=1009:sd=4:ep=RST:ss=axioms:sgt=8_56 on p for (56ds/1009Mi)
% Instruction limit reached! 
% ------------------------------
% Version: Vampire 5.0.1 (Release build, commit 1b13eaf on 2026-01-18 12:14:50 +0000)
% Linked with Z3 4.14.0.0 3c47fd96cf5645d0c42b2c819d9e9a84380aa721 NOTFOUND
% CaDiCaL version: 2.1.3
% Termination reason: Instruction limit
% Termination phase: Saturation
% Time elapsed: 0.118 s
% Peak memory usage: 12 MB
% Instructions burned: 1011 (million)
% dis+10_2:13_anc=all_dependent:sfv=off:sil=2000:sos=on:rnwc=on:sac=on:random_seed=3102658625:st=2:avsq=on:s2a=on:i=1019:sd=2:aac=none:doe=on:nicw=on:bs=unit_only:nm=2:amm=off:ss=axioms_54 on p for (54ds/1019Mi)
% Refutation not found, incomplete strategy
% ------------------------------
% Version: Vampire 5.0.1 (Release build, commit 1b13eaf on 2026-01-18 12:14:50 +0000)
% Linked with Z3 4.14.0.0 3c47fd96cf5645d0c42b2c819d9e9a84380aa721 NOTFOUND
% CaDiCaL version: 2.1.3
% Termination reason: Refutation not found, incomplete strategy
% Time elapsed: 0.0000 s
% Peak memory usage: 11 MB
% ------------------------------
% ------------------------------
% dis+1010_2_slsqr=3,53:to=lpo:sil=8000:tgt=full:plsq=on:plsqc=1:sims=off:sas=cadical:plsqr=5241031,262144:sp=arity:sos=on:spb=units:bsr=unit_only:rp=on:nwc=1:slsqc=1:newcnf=on:slsq=on:random_seed=907950652:i=1040:s2at=5:doe=on:bs=on_54 on p for (54ds/1040Mi)
% Refutation not found, incomplete strategy
% ------------------------------
% Version: Vampire 5.0.1 (Release build, commit 1b13eaf on 2026-01-18 12:14:50 +0000)
% Linked with Z3 4.14.0.0 3c47fd96cf5645d0c42b2c819d9e9a84380aa721 NOTFOUND
% CaDiCaL version: 2.1.3
% Termination reason: Refutation not found, incomplete strategy
% Time elapsed: 0.0000 s
% Peak memory usage: 12 MB
% ------------------------------
% ------------------------------
% ott+1011_1024_sil=8000:prc=on:sos=on:fd=off:br=off:random_seed=2221922450:cts=off:i=1043:gtgl=4:sd=1:gtg=exists_sym:ss=axioms_54 on p for (54ds/1043Mi)
% Instruction limit reached! 
% ------------------------------
% Version: Vampire 5.0.1 (Release build, commit 1b13eaf on 2026-01-18 12:14:50 +0000)
% Linked with Z3 4.14.0.0 3c47fd96cf5645d0c42b2c819d9e9a84380aa721 NOTFOUND
% CaDiCaL version: 2.1.3
% Termination reason: Instruction limit
% Termination phase: Saturation
% Time elapsed: 0.158 s
% Peak memory usage: 30 MB
% Instructions burned: 1048 (million)
% lrs+1011_1_sil=32000:fde=unused:sp=unary_frequency:spb=goal_then_units:lsd=100:sac=on:random_seed=2926945466:i=1045:kws=inv_precedence:bd=all:nm=2:fsr=off_53 on p for (53ds/1045Mi)
% Instruction limit reached! 
% ------------------------------
% Version: Vampire 5.0.1 (Release build, commit 1b13eaf on 2026-01-18 12:14:50 +0000)
% Linked with Z3 4.14.0.0 3c47fd96cf5645d0c42b2c819d9e9a84380aa721 NOTFOUND
% CaDiCaL version: 2.1.3
% Termination reason: Instruction limit
% Termination phase: Saturation
% Time elapsed: 0.142 s
% Peak memory usage: 23 MB
% Instructions burned: 1047 (million)
% dis+1002_8_sfv=off:sil=16000:tgt=full:plsq=on:sos=on:erd=off:spb=goal_then_units:gs=on:nwc=9:random_seed=3812585950:cond=on:i=12085:sd=2:kws=inv_frequency:bd=preordered:nm=20:gtg=position:gsp=on:ss=included_51 on p for (51ds/12085Mi)
% Refutation not found, incomplete strategy
% ------------------------------
% Version: Vampire 5.0.1 (Release build, commit 1b13eaf on 2026-01-18 12:14:50 +0000)
% Linked with Z3 4.14.0.0 3c47fd96cf5645d0c42b2c819d9e9a84380aa721 NOTFOUND
% CaDiCaL version: 2.1.3
% Termination reason: Refutation not found, incomplete strategy
% Time elapsed: 0.0000 s
% Peak memory usage: 12 MB
% ------------------------------
% ------------------------------
% dis+1010_2_to=lpo:sil=8000:fde=none:sp=const_frequency:bce=on:sac=on:random_seed=2938537237:s2a=on:cond=on:i=1111:s2at=1.5:fsr=off_51 on p for (51ds/1111Mi)
% Instruction limit reached! 
% ------------------------------
% Version: Vampire 5.0.1 (Release build, commit 1b13eaf on 2026-01-18 12:14:50 +0000)
% Linked with Z3 4.14.0.0 3c47fd96cf5645d0c42b2c819d9e9a84380aa721 NOTFOUND
% CaDiCaL version: 2.1.3
% Termination reason: Instruction limit
% Termination phase: Saturation
% Time elapsed: 0.147 s
% Peak memory usage: 18 MB
% Instructions burned: 1112 (million)
% dis+10_1_sil=8000:plsq=on:sp=occurrence:acc=on:urr=on:s2agt=16:br=off:random_seed=1175807205:s2a=on:i=2126:sd=3:nm=16:ss=axioms_50 on p for (50ds/2126Mi)
% Refutation not found, incomplete strategy
% ------------------------------
% Version: Vampire 5.0.1 (Release build, commit 1b13eaf on 2026-01-18 12:14:50 +0000)
% Linked with Z3 4.14.0.0 3c47fd96cf5645d0c42b2c819d9e9a84380aa721 NOTFOUND
% CaDiCaL version: 2.1.3
% Termination reason: Refutation not found, incomplete strategy
% Time elapsed: 0.0000 s
% Peak memory usage: 12 MB
% ------------------------------
% ------------------------------
% lrs-1011_1_sil=32000:plsq=on:fde=none:plsqr=2,1:gs=on:slsqc=3:slsq=on:random_seed=138451037:s2a=on:i=1118:gtgl=2:slsql=off:ep=R:av=off:fsr=off:gtg=exists_sym:gsp=on_50 on p for (50ds/1118Mi)
% Refutation not found, incomplete strategy
% ------------------------------
% Version: Vampire 5.0.1 (Release build, commit 1b13eaf on 2026-01-18 12:14:50 +0000)
% Linked with Z3 4.14.0.0 3c47fd96cf5645d0c42b2c819d9e9a84380aa721 NOTFOUND
% CaDiCaL version: 2.1.3
% Termination reason: Refutation not found, incomplete strategy
% Time elapsed: 0.0000 s
% Peak memory usage: 12 MB
% ------------------------------
% ------------------------------
% lrs+1002_1_sil=32000:fde=unused:bsd=on:random_seed=426850557:s2a=on:i=1125:s2at=5:bs=unit_only:bsdmm=1:av=off:gtg=exists_all:fsd=on_50 on p for (50ds/1125Mi)
% Instruction limit reached! 
% ------------------------------
% Version: Vampire 5.0.1 (Release build, commit 1b13eaf on 2026-01-18 12:14:50 +0000)
% Linked with Z3 4.14.0.0 3c47fd96cf5645d0c42b2c819d9e9a84380aa721 NOTFOUND
% CaDiCaL version: 2.1.3
% Termination reason: Instruction limit
% Termination phase: Saturation
% Time elapsed: 0.160 s
% Peak memory usage: 24 MB
% Instructions burned: 1125 (million)
% lrs-1010_1_sil=2000:sp=occurrence:sos=on:urr=ec_only:random_seed=4175072427:st=2:i=1131:sd=2:aac=none:ss=axioms:sgt=40_48 on p for (48ds/1131Mi)
% Refutation not found, incomplete strategy
% ------------------------------
% Version: Vampire 5.0.1 (Release build, commit 1b13eaf on 2026-01-18 12:14:50 +0000)
% Linked with Z3 4.14.0.0 3c47fd96cf5645d0c42b2c819d9e9a84380aa721 NOTFOUND
% CaDiCaL version: 2.1.3
% Termination reason: Refutation not found, incomplete strategy
% Time elapsed: 0.0000 s
% Peak memory usage: 11 MB
% ------------------------------
% ------------------------------
% dis+1011_1_slsqr=4,1:sil=4000:fde=none:erd=off:newcnf=on:slsq=on:random_seed=874975576:cond=fast:i=3294:bs=unit_only:ep=RST:nm=2:ins=1:av=off:rawr=on_48 on p for (48ds/3294Mi)
% Aborted by signal SIGSEGV on /tmp/tmp0j38xpw2/p.p
% ------------------------------
% Version: Vampire 5.0.1 (Release build, commit 1b13eaf on 2026-01-18 12:14:50 +0000)
% Linked with Z3 4.14.0.0 3c47fd96cf5645d0c42b2c819d9e9a84380aa721 NOTFOUND
% CaDiCaL version: 2.1.3
% Termination reason: Unknown
% Termination phase: Saturation
% Time elapsed: 0.0000 s
% Peak memory usage: 9 MB
% lrs-21_8:1_sil=8000:sos=on:lcm=predicate:acc=on:fd=off:random_seed=165869216:i=1213:sd=1:fsr=off:amm=off:gsp=on:ss=included_48 on p for (48ds/1213Mi)
% Refutation not found, incomplete strategy
% ------------------------------
% Version: Vampire 5.0.1 (Release build, commit 1b13eaf on 2026-01-18 12:14:50 +0000)
% Linked with Z3 4.14.0.0 3c47fd96cf5645d0c42b2c819d9e9a84380aa721 NOTFOUND
% CaDiCaL version: 2.1.3
% Termination reason: Refutation not found, incomplete strategy
% Time elapsed: 0.0000 s
% Peak memory usage: 12 MB
% ------------------------------
% ------------------------------
% lrs+10_4096_sil=16000:sos=on:acc=on:urr=on:s2agt=16:sac=on:random_seed=3564018545:s2a=on:i=1231:sd=3:nicw=on:ep=RS:ss=axioms:sgt=16_48 on p for (48ds/1231Mi)
% Refutation not found, incomplete strategy
% ------------------------------
% Version: Vampire 5.0.1 (Release build, commit 1b13eaf on 2026-01-18 12:14:50 +0000)
% Linked with Z3 4.14.0.0 3c47fd96cf5645d0c42b2c819d9e9a84380aa721 NOTFOUND
% CaDiCaL version: 2.1.3
% Termination reason: Refutation not found, incomplete strategy
% Time elapsed: 0.0000 s
% Peak memory usage: 12 MB
% ------------------------------
% ------------------------------
% lrs+10_28_sil=64000:tgt=full:drc=off:fde=none:spb=goal:acc=on:nwc=1:random_seed=3959875891:i=35242:fgj=on:nicw=on:bd=all:fsr=off:ss=axioms:sgt=8_48 on p for (48ds/35242Mi)
% Solution written to "/tmp/vampire-proof-3084043"
% Refutation found. Thanks to Tanya!
% SZS status Theorem for p
% SZS output start Proof for p
fof(f1,axiom,(
  ! [X0,X1,X2,X3] : X1 = f(f(f(f(X2,X0),X1),f(f(f(X2,X0),X2),f(X1,X3))),X2)),
  file('/tmp/tmp0j38xpw2/p.p',unknown)).
fof(f2,conjecture,(
  ! [X0,X1] : X0 = X1),
  file('/tmp/tmp0j38xpw2/p.p',unknown)).
fof(f3,negated_conjecture,(
  ~! [X0,X1] : X0 = X1),
  inference(negated_conjecture,[status(cth)],[f2])).
fof(f4,plain,(
  ? [X0,X1] : X0 != X1),
  inference(ennf_transformation,[],[f3])).
fof(f5,plain,(
  ? [X0,X1] : X0 != X1 => sK0 != sK1),
  introduced(definition,[],[skolem_symbol_introduction])).
fof(f6,plain,(
  sK0 != sK1),
  inference(skolemisation,[status(esa),new_symbols(skolem,[sK0,sK1])],[f4,f5])).
fof(f7,plain,(
  sK0 != sK1),
  inference(cnf_transformation,[],[f6])).
fof(f8,plain,(
  ( ! [X2,X3,X0,X1] : (f(f(f(f(X2,X0),X1),f(f(f(X2,X0),X2),f(X1,X3))),X2) = X1) )),
  inference(cnf_transformation,[],[f1])).
fof(f10,definition,(
  spl2_1 <=> sK0 = sK1),
  introduced(definition,[new_symbols(naming,[spl2_1])],[avatar_definition])).
fof(f12,plain,(
  sK0 != sK1 | spl2_1),
  inference(avatar_component_clause,[],[f10])).
fof(f13,plain,(
  ~spl2_1),
  inference(avatar_split_clause,[],[f7,f10])).
fof(f14,plain,(
  ( ! [X2,X3,X0,X1,X4] : (f(f(X0,f(f(f(f(f(X1,X2),X0),f(f(f(X1,X2),X1),f(X0,X3))),f(f(X1,X2),X0)),f(X1,X4))),f(f(X1,X2),X0)) = X1) )),
  inference(superposition,[],[f8,f8])).
fof(f15,plain,(
  ( ! [X2,X3,X0,X1,X4,X5] : (f(f(f(X0,X4),f(f(X0,f(f(f(X1,X2),X0),f(f(f(X1,X2),X1),f(X0,X3)))),f(X4,X5))),f(f(f(X1,X2),X0),f(f(f(X1,X2),X1),f(X0,X3)))) = X4) )),
  inference(superposition,[],[f8,f8])).
fof(f16,plain,(
  ( ! [X2,X3,X0,X1,X4,X5] : (f(f(f(X3,X4),X0),f(f(f(X3,X4),X3),f(X0,X5))) = f(f(f(f(X1,X2),f(f(f(X3,X4),X0),f(f(f(X3,X4),X3),f(X0,X5)))),f(f(f(X1,X2),X1),X0)),X1)) )),
  inference(superposition,[],[f8,f8])).
fof(f31,plain,(
  ( ! [X2,X3,X0,X1,X6,X7,X4,X5] : (f(f(f(X2,X3),X0),f(f(f(X2,X3),X2),f(X0,X4))) = f(f(f(X1,f(f(f(X2,X3),X0),f(f(f(X2,X3),X2),f(X0,X4)))),f(f(X1,f(f(f(X5,X6),X1),f(f(f(X5,X6),X5),f(X1,X7)))),X0)),f(f(f(X5,X6),X1),f(f(f(X5,X6),X5),f(X1,X7))))) )),
  inference(superposition,[],[f15,f8])).
fof(f40,plain,(
  ( ! [X2,X3,X0,X1,X6,X7,X4,X5] : (f(f(f(f(f(f(X1,X2),X0),f(f(f(X1,X2),X1),f(X0,X3))),X4),f(f(f(f(f(X1,X2),X0),f(f(f(X1,X2),X1),f(X0,X3))),f(f(f(X5,X6),f(f(f(X1,X2),X0),f(f(f(X1,X2),X1),f(X0,X3)))),f(f(f(X5,X6),X5),X0))),f(X4,X7))),f(f(f(X5,X6),f(f(f(X1,X2),X0),f(f(f(X1,X2),X1),f(X0,X3)))),f(f(f(X5,X6),X5),X0))) = X4) )),
  inference(superposition,[],[f15,f8])).
fof(f74,plain,(
  ( ! [X2,X3,X0,X1,X6,X7,X4,X5] : (f(f(f(X6,X7),f(f(f(X0,X1),X2),f(f(f(X0,X1),X0),f(X2,X3)))),f(f(f(X6,X7),X6),X2)) = f(f(f(f(X4,X5),f(f(f(X6,X7),f(f(f(X0,X1),X2),f(f(f(X0,X1),X0),f(X2,X3)))),f(f(f(X6,X7),X6),X2))),f(f(f(X4,X5),X4),f(f(f(X0,X1),X2),f(f(f(X0,X1),X0),f(X2,X3))))),X4)) )),
  inference(superposition,[],[f8,f16])).
fof(f2272,plain,(
  ( ! [X2,X3,X0,X1,X6,X4,X5] : (f(f(X0,f(f(f(f(f(X1,X2),X0),f(f(f(X1,X2),X1),f(X0,X3))),f(f(f(X4,X5),f(f(f(X1,X2),X0),f(f(f(X1,X2),X1),f(X0,X3)))),f(f(f(X4,X5),X4),X0))),f(X1,X6))),f(f(f(X4,X5),f(f(f(X1,X2),X0),f(f(f(X1,X2),X1),f(X0,X3)))),f(f(f(X4,X5),X4),X0))) = X1) )),
  inference(superposition,[],[f40,f8])).
fof(f2288,plain,(
  ( ! [X2,X3,X0,X1,X6,X4,X5] : (f(f(f(X1,X2),f(f(f(X0,X3),X4),f(f(f(X0,X3),X0),f(X4,X5)))),f(f(f(X1,X2),X1),X4)) = f(f(X0,f(f(f(X4,f(f(f(f(f(X0,X3),X4),f(f(f(X0,X3),X0),f(X4,X5))),f(f(f(X1,X2),f(f(f(X0,X3),X4),f(f(f(X0,X3),X0),f(X4,X5)))),f(f(f(X1,X2),X1),X4))),f(X0,X6))),X4),f(f(f(X0,X3),X4),f(f(f(X0,X3),X0),f(X4,X5))))),X4)) )),
  inference(superposition,[],[f74,f2272])).
fof(f2340,plain,(
  ( ! [X2,X3,X0,X1,X6,X7,X4,X5] : (f(f(f(f(f(X0,X1),f(f(f(X2,X3),X4),f(f(f(X2,X3),X2),f(X4,X5)))),f(f(f(X0,X1),X0),X4)),f(f(f(X2,f(f(f(X4,f(f(f(f(f(X2,X3),X4),f(f(f(X2,X3),X2),f(X4,X5))),f(f(f(X0,X1),f(f(f(X2,X3),X4),f(f(f(X2,X3),X2),f(X4,X5)))),f(f(f(X0,X1),X0),X4))),f(X2,X6))),X4),f(f(f(X2,X3),X4),f(f(f(X2,X3),X2),f(X4,X5))))),X2),f(X4,X7))),X2) = X4) )),
  inference(superposition,[],[f8,f2288])).
fof(f2432,plain,(
  ( ! [X2,X3,X0,X1,X6,X4] : (f(f(f(f(f(X0,X1),f(f(f(X2,X3),X2),f(f(f(X2,X3),X2),f(X2,X4)))),f(f(f(X0,X1),X0),X2)),f(f(f(f(X0,X1),f(f(f(X2,X3),X2),f(f(f(X2,X3),X2),f(X2,X4)))),f(f(f(X0,X1),X0),X2)),f(X2,X6))),X2) = X2) )),
  inference(superposition,[],[f2340,f2288])).
fof(f2434,plain,(
  ( ! [X2,X3,X0,X1,X4] : (f(f(f(f(f(f(X0,X3),X4),f(f(f(X0,X1),X0),f(f(f(X0,X1),X0),f(X0,X2)))),f(f(f(f(X0,X3),X4),f(X0,X3)),X0)),f(f(f(X0,X1),X0),f(f(f(X0,X1),X0),f(X0,X2)))),X0) = X0) )),
  inference(superposition,[],[f2432,f16])).
fof(f2440,plain,(
  ( ! [X2,X3,X0,X1,X6,X4,X5] : (f(f(f(f(f(f(X0,X1),X2),f(f(f(X0,X1),X0),f(X2,X3))),f(f(f(f(X4,f(f(f(X0,X1),X2),f(f(f(X0,X1),X0),f(X2,X3)))),f(f(X4,f(f(f(X4,X5),X4),f(f(f(X4,X5),X4),f(X4,X6)))),X2)),f(X4,f(f(f(X0,X1),X2),f(f(f(X0,X1),X0),f(X2,X3))))),X4)),f(f(f(X4,X5),X4),f(f(f(X4,X5),X4),f(X4,X6)))),X4) = X4) )),
  inference(superposition,[],[f2434,f31])).
fof(f2475,plain,(
  ( ! [X2,X3,X0,X1,X4,X5] : (f(f(f(X1,X2),X0),f(f(f(X1,X2),X1),f(X0,X3))) = f(f(f(f(f(f(f(X0,X4),X0),f(f(f(X0,X4),X0),f(X0,X5))),f(f(f(f(X0,f(f(f(X0,X4),X0),f(f(f(X0,X4),X0),f(X0,X5)))),f(f(X0,f(f(f(X0,X4),X0),f(f(f(X0,X4),X0),f(X0,X5)))),X0)),f(X0,f(f(f(X0,X4),X0),f(f(f(X0,X4),X0),f(X0,X5))))),X0)),f(f(f(X1,X2),X0),f(f(f(X1,X2),X1),f(X0,X3)))),X0),f(f(f(X0,X4),X0),f(f(f(X0,X4),X0),f(X0,X5))))) )),
  inference(superposition,[],[f16,f2440])).
fof(f2703,plain,(
  ( ! [X2,X0,X1] : (f(f(f(X0,X1),X0),f(f(f(X0,X1),X0),f(X0,X2))) = f(X0,f(f(f(X0,X1),X0),f(f(f(X0,X1),X0),f(X0,X2))))) )),
  inference(superposition,[],[f2475,f2440])).
fof(f2762,plain,(
  ( ! [X2,X3,X0,X1] : (f(f(f(f(f(X0,X1),X0),f(f(f(X0,X1),X0),f(X0,X2))),X0),f(f(f(f(f(X0,X1),X0),f(f(f(X0,X1),X0),f(X0,X2))),X0),f(X0,X3))) = f(X0,f(f(f(f(f(X0,X1),X0),f(f(f(X0,X1),X0),f(X0,X2))),X0),f(f(f(f(f(X0,X1),X0),f(f(f(X0,X1),X0),f(X0,X2))),X0),f(X0,X3))))) )),
  inference(superposition,[],[f2703,f2703])).
fof(f2888,plain,(
  ( ! [X2,X3,X0,X1,X4] : (f(f(f(f(f(f(X0,X1),X0),f(f(f(X0,X1),X0),f(X0,X2))),X3),f(f(f(f(f(X0,X1),X0),f(f(f(X0,X1),X0),f(X0,X2))),X0),f(X3,X4))),X0) = X3) )),
  inference(superposition,[],[f8,f2703])).
fof(f3182,plain,(
  ( ! [X2,X3,X0,X1,X6,X7,X4,X5] : (f(f(X3,f(f(f(f(f(X4,X5),X3),f(f(f(X4,X5),X4),f(X3,X6))),f(f(f(f(f(X0,X1),X0),f(f(f(X0,X1),X0),f(X0,X2))),f(f(f(X4,X5),X3),f(f(f(X4,X5),X4),f(X3,X6)))),f(f(f(f(f(X0,X1),X0),f(f(f(X0,X1),X0),f(X0,X2))),X0),X3))),f(X4,X7))),f(f(f(f(f(X0,X1),X0),f(f(f(X0,X1),X0),f(X0,X2))),f(f(f(X4,X5),X3),f(f(f(X4,X5),X4),f(X3,X6)))),f(f(f(f(f(X0,X1),X0),f(f(f(X0,X1),X0),f(X0,X2))),X0),X3))) = X4) )),
  inference(superposition,[],[f2272,f2703])).
fof(f3248,plain,(
  ( ! [X2,X3,X0,X1,X6,X7,X4,X5] : (f(f(X3,f(f(f(f(f(X4,X5),X3),f(f(f(X4,X5),X4),f(X3,X6))),f(f(f(f(f(X0,X1),X0),f(f(f(X0,X1),X0),f(X0,X2))),f(f(f(X4,X5),X3),f(f(f(X4,X5),X4),f(X3,X6)))),f(X0,X3))),f(X4,X7))),f(f(f(f(f(X0,X1),X0),f(f(f(X0,X1),X0),f(X0,X2))),f(f(f(X4,X5),X3),f(f(f(X4,X5),X4),f(X3,X6)))),f(X0,X3))) = X4) )),
  inference(forward_demodulation,[],[f3182,f8])).
fof(f3275,plain,(
  ( ! [X2,X3,X0,X1,X4] : (f(f(f(f(f(f(X0,X1),X0),f(f(f(X0,X1),X0),f(X0,X2))),X3),f(X0,f(X3,X4))),X0) = X3) )),
  inference(forward_demodulation,[],[f2888,f8])).
fof(f3278,plain,(
  ( ! [X3,X0] : (f(X0,f(X0,f(X0,X3))) = f(X0,f(X0,f(X0,f(X0,X3))))) )),
  inference(forward_demodulation,[],[f2762,f8])).
fof(f3284,plain,(
  ( ! [X2,X3,X0,X1,X4] : (f(f(f(f(X0,X1),f(f(X0,X1),f(f(X0,X1),X2))),f(f(f(f(f(X0,X1),f(f(X0,X1),f(f(X0,X1),X2))),f(f(f(X0,X1),X0),f(f(f(X0,X1),f(f(X0,X1),f(f(X0,X1),X2))),X3))),f(f(X0,X1),f(f(X0,X1),f(f(X0,X1),X2)))),f(X0,X4))),f(f(X0,X1),f(f(X0,X1),f(f(X0,X1),X2)))) = X0) )),
  inference(superposition,[],[f14,f3278])).
fof(f3462,plain,(
  ( ! [X2,X3,X0,X1,X4,X5] : (f(f(f(f(f(f(f(f(X0,X1),X0),f(f(f(X0,X1),X0),f(X0,X2))),X0),f(f(f(f(f(X0,X1),X0),f(f(f(X0,X1),X0),f(X0,X2))),X0),f(X0,X3))),X4),f(X0,f(X4,X5))),X0) = X4) )),
  inference(superposition,[],[f3275,f2703])).
fof(f3466,plain,(
  ( ! [X3,X0] : (f(f(X0,f(X0,f(X0,X3))),X0) = X0) )),
  inference(superposition,[],[f3275,f8])).
fof(f3482,plain,(
  ( ! [X3,X0,X4,X5] : (f(f(f(f(X0,f(X0,f(X0,X3))),X4),f(X0,f(X4,X5))),X0) = X4) )),
  inference(forward_demodulation,[],[f3462,f8])).
fof(f3841,plain,(
  ( ! [X2,X0,X1] : (f(f(f(f(f(f(X0,X1),f(f(X0,X1),f(f(X0,X1),X2))),f(X0,X1)),X0),f(X0,X1)),f(f(X0,X1),f(f(X0,X1),f(f(X0,X1),X2)))) = X0) )),
  inference(superposition,[],[f8,f3482])).
fof(f3849,plain,(
  ( ! [X2,X0,X1] : (f(f(f(f(X0,X1),X0),f(X0,X1)),f(f(X0,X1),f(f(X0,X1),f(f(X0,X1),X2)))) = X0) )),
  inference(forward_demodulation,[],[f3841,f3466])).
fof(f3895,plain,(
  ( ! [X2,X0,X1] : (f(f(X0,f(X0,f(X0,f(X0,X1)))),f(f(X0,f(X0,f(X0,X1))),f(f(X0,f(X0,f(X0,X1))),f(f(X0,f(X0,f(X0,X1))),X2)))) = X0) )),
  inference(superposition,[],[f3849,f3466])).
fof(f3919,plain,(
  ( ! [X2,X0,X1] : (f(X0,X1) = f(f(f(f(f(f(f(X0,X1),X0),f(X0,X1)),f(f(f(f(X0,X1),X0),f(X0,X1)),f(f(f(f(X0,X1),X0),f(X0,X1)),X2))),f(X0,X1)),X0),f(f(f(X0,X1),X0),f(X0,X1)))) )),
  inference(superposition,[],[f3482,f3849])).
fof(f3927,plain,(
  ( ! [X0,X1] : (f(f(f(X0,X1),X0),f(X0,X1)) = f(f(f(f(f(X0,X1),X0),f(X0,X1)),f(f(f(f(X0,X1),X0),f(X0,X1)),X0)),f(f(f(X0,X1),X0),f(X0,X1)))) )),
  inference(superposition,[],[f3466,f3849])).
fof(f3933,plain,(
  ( ! [X2,X0,X1] : (f(f(X0,f(X0,f(X0,X1))),f(f(X0,f(X0,f(X0,X1))),f(f(X0,f(X0,f(X0,X1))),f(f(X0,f(X0,f(X0,X1))),X2)))) = X0) )),
  inference(forward_demodulation,[],[f3895,f3278])).
fof(f3936,plain,(
  ( ! [X2,X0,X1] : (f(f(X0,f(X0,f(X0,X1))),f(f(X0,f(X0,f(X0,X1))),f(f(X0,f(X0,f(X0,X1))),X2))) = X0) )),
  inference(forward_demodulation,[],[f3933,f3278])).
fof(f3991,plain,(
  ( ! [X2,X0,X1] : (f(X0,f(X0,f(X0,X1))) = f(f(f(X0,f(X0,f(X0,X1))),f(f(X0,f(X0,f(X0,X1))),X0)),f(f(f(X0,f(X0,f(X0,X1))),f(f(X0,f(X0,f(X0,X1))),X0)),f(f(f(X0,f(X0,f(X0,X1))),f(f(X0,f(X0,f(X0,X1))),X0)),X2)))) )),
  inference(superposition,[],[f3936,f3466])).
fof(f3992,plain,(
  ( ! [X2,X3,X0,X1] : (f(f(X0,f(X0,f(f(f(X0,X1),X0),f(f(f(X0,X1),X0),f(X0,X2))))),f(f(X0,f(X0,f(f(f(X0,X1),X0),f(f(f(X0,X1),X0),f(X0,X2))))),f(f(X0,f(X0,f(f(f(X0,X1),X0),f(f(f(X0,X1),X0),f(X0,X2))))),X3))) = X0) )),
  inference(superposition,[],[f3936,f2703])).
fof(f4042,plain,(
  ( ! [X2,X3,X0,X1] : (f(f(X0,f(f(f(X0,X1),X0),f(f(f(X0,X1),X0),f(X0,X2)))),f(f(X0,f(f(f(X0,X1),X0),f(f(f(X0,X1),X0),f(X0,X2)))),f(f(X0,f(f(f(X0,X1),X0),f(f(f(X0,X1),X0),f(X0,X2)))),X3))) = X0) )),
  inference(forward_demodulation,[],[f3992,f2703])).
fof(f4043,plain,(
  ( ! [X2,X0,X1] : (f(X0,f(X0,f(X0,X1))) = f(f(f(X0,f(X0,f(X0,X1))),X0),f(f(f(X0,f(X0,f(X0,X1))),X0),f(f(f(X0,f(X0,f(X0,X1))),X0),X2)))) )),
  inference(forward_demodulation,[],[f3991,f3466])).
fof(f4051,plain,(
  ( ! [X2,X3,X0,X1] : (f(f(f(f(X0,X1),X0),f(f(f(X0,X1),X0),f(X0,X2))),f(f(f(f(X0,X1),X0),f(f(f(X0,X1),X0),f(X0,X2))),f(f(f(f(X0,X1),X0),f(f(f(X0,X1),X0),f(X0,X2))),X3))) = X0) )),
  inference(forward_demodulation,[],[f4042,f2703])).
fof(f4052,plain,(
  ( ! [X2,X0,X1] : (f(X0,f(X0,f(X0,X1))) = f(X0,f(X0,f(X0,X2)))) )),
  inference(forward_demodulation,[],[f4043,f3466])).
fof(f4070,plain,(
  ( ! [X2,X0,X1] : (f(f(f(f(X0,X1),X0),f(X0,X1)),f(f(f(f(X0,X1),X0),f(X0,X1)),X0)) = f(f(f(f(X0,X1),X0),f(X0,X1)),f(f(f(f(X0,X1),X0),f(X0,X1)),f(f(f(f(X0,X1),X0),f(X0,X1)),X2)))) )),
  inference(superposition,[],[f4052,f3849])).
fof(f4071,plain,(
  ( ! [X2,X3,X0,X1] : (f(X0,f(X0,f(X0,X3))) = f(X0,f(X0,f(f(f(X0,X1),X0),f(f(f(X0,X1),X0),f(X0,X2)))))) )),
  inference(superposition,[],[f4052,f2703])).
fof(f4218,plain,(
  ( ! [X2,X3,X0,X1] : (f(X0,f(f(f(X0,X1),X0),f(f(f(X0,X1),X0),f(X0,X2)))) = f(X0,f(X0,f(X0,X3)))) )),
  inference(forward_demodulation,[],[f4071,f2703])).
fof(f4219,plain,(
  ( ! [X0,X1] : (f(X0,X1) = f(f(f(f(f(f(f(X0,X1),X0),f(X0,X1)),f(f(f(f(X0,X1),X0),f(X0,X1)),X0)),f(X0,X1)),X0),f(f(f(X0,X1),X0),f(X0,X1)))) )),
  inference(backward_demodulation,[],[f3919,f4070])).
fof(f4226,plain,(
  ( ! [X2,X3,X0,X1] : (f(f(f(X0,X1),X0),f(f(f(X0,X1),X0),f(X0,X2))) = f(X0,f(X0,f(X0,X3)))) )),
  inference(forward_demodulation,[],[f4218,f2703])).
fof(f4246,plain,(
  ( ! [X3,X0,X1] : (f(f(X0,X1),f(f(X0,X1),f(f(X0,X1),X3))) = f(f(f(f(X0,X1),X0),f(X0,X1)),X0)) )),
  inference(superposition,[],[f4226,f3849])).
fof(f4417,plain,(
  ( ! [X2,X0,X1] : (f(f(f(f(f(f(X0,X1),X0),f(f(f(X0,X1),X0),f(X0,X2))),f(f(X0,X1),X0)),f(f(f(X0,X1),X0),f(f(f(X0,X1),X0),f(X0,X2)))),f(f(X0,X1),X0)) = X0) )),
  inference(backward_demodulation,[],[f4051,f4246])).
fof(f4460,plain,(
  ( ! [X0,X1] : (f(f(f(f(X0,X1),X0),f(X0,X1)),f(f(f(f(X0,X1),X0),f(X0,X1)),X0)) = X0) )),
  inference(superposition,[],[f3849,f4246])).
fof(f4587,plain,(
  ( ! [X0,X1] : (f(X0,X1) = f(f(f(X0,f(X0,X1)),X0),f(f(f(X0,X1),X0),f(X0,X1)))) )),
  inference(backward_demodulation,[],[f4219,f4460])).
fof(f4590,plain,(
  ( ! [X0,X1] : (f(f(f(X0,X1),X0),f(X0,X1)) = f(X0,f(f(f(X0,X1),X0),f(X0,X1)))) )),
  inference(backward_demodulation,[],[f3927,f4460])).
fof(f4622,plain,(
  ( ! [X0,X1] : (f(X0,f(X0,X1)) = f(X0,f(f(f(X0,f(X0,X1)),X0),f(X0,f(X0,X1))))) )),
  inference(superposition,[],[f4587,f3466])).
fof(f4639,plain,(
  ( ! [X0,X1] : (f(f(X0,f(X0,X1)),X0) = f(f(f(f(X0,f(X0,X1)),X0),f(f(f(X0,f(X0,X1)),X0),f(X0,X1))),f(f(X0,f(X0,X1)),X0))) )),
  inference(superposition,[],[f3466,f4587])).
fof(f4648,plain,(
  ( ! [X0,X1] : (f(X0,f(X0,X1)) = f(f(f(X0,f(X0,X1)),X0),f(X0,f(X0,X1)))) )),
  inference(forward_demodulation,[],[f4622,f4590])).
fof(f4654,plain,(
  ( ! [X2,X0,X1] : (f(f(f(f(X0,X1),X0),f(f(f(X0,X1),X0),f(X0,X2))),f(f(X0,X1),X0)) = X0) )),
  inference(backward_demodulation,[],[f4417,f4648])).
fof(f4838,plain,(
  ( ! [X0,X1] : (f(f(X0,f(X0,X1)),X0) = X0) )),
  inference(backward_demodulation,[],[f4639,f4654])).
fof(f4839,plain,(
  ( ! [X0,X1] : (f(f(X0,X1),X0) = X0) )),
  inference(backward_demodulation,[],[f4654,f4838])).
fof(f4922,plain,(
  ( ! [X0,X1] : (f(X0,f(X0,X1)) = f(X0,f(X0,f(X0,X1)))) )),
  inference(backward_demodulation,[],[f4648,f4838])).
fof(f4948,plain,(
  ( ! [X2,X3,X0,X1,X4] : (f(f(f(f(X0,X1),f(f(X0,X1),X2)),f(f(f(f(f(X0,X1),f(f(X0,X1),X2)),f(f(f(X0,X1),X0),f(f(f(X0,X1),f(f(X0,X1),X2)),X3))),f(f(X0,X1),f(f(X0,X1),X2))),f(X0,X4))),f(f(X0,X1),f(f(X0,X1),X2))) = X0) )),
  inference(backward_demodulation,[],[f3284,f4922])).
fof(f6449,plain,(
  ( ! [X0,X1] : (f(X0,X1) = f(X0,f(X0,X1))) )),
  inference(backward_demodulation,[],[f4590,f4839])).
fof(f7064,plain,(
  ( ! [X2,X3,X0,X6,X7,X4,X5] : (f(f(X3,f(f(f(f(f(X4,X5),X3),f(f(f(X4,X5),X4),f(X3,X6))),f(f(f(X0,f(X0,f(X0,X2))),f(f(f(X4,X5),X3),f(f(f(X4,X5),X4),f(X3,X6)))),f(X0,X3))),f(X4,X7))),f(f(f(X0,f(X0,f(X0,X2))),f(f(f(X4,X5),X3),f(f(f(X4,X5),X4),f(X3,X6)))),f(X0,X3))) = X4) )),
  inference(backward_demodulation,[],[f3248,f4839])).
fof(f7260,plain,(
  ( ! [X2,X0,X1] : (f(f(X0,X1),f(f(X0,X1),X2)) = X0) )),
  inference(forward_demodulation,[],[f4948,f4839])).
fof(f7291,plain,(
  ( ! [X2,X3,X0,X6,X7,X4,X5] : (f(f(X3,f(f(f(f(f(X4,X5),X3),f(X4,f(X3,X6))),f(f(f(X0,f(X0,f(X0,X2))),f(f(f(X4,X5),X3),f(X4,f(X3,X6)))),f(X0,X3))),f(X4,X7))),f(f(f(X0,f(X0,f(X0,X2))),f(f(f(X4,X5),X3),f(X4,f(X3,X6)))),f(X0,X3))) = X4) )),
  inference(forward_demodulation,[],[f7064,f4839])).
fof(f9343,plain,(
  ( ! [X2,X0,X1] : (f(f(X0,X1),X2) = X0) )),
  inference(forward_demodulation,[],[f7260,f6449])).
fof(f9372,plain,(
  ( ! [X2,X3,X0,X6,X7,X4,X5] : (f(f(X3,f(f(f(f(f(X4,X5),X3),f(X4,f(X3,X6))),f(f(f(X0,f(X0,X2)),f(f(f(X4,X5),X3),f(X4,f(X3,X6)))),f(X0,X3))),f(X4,X7))),f(f(f(X0,f(X0,X2)),f(f(f(X4,X5),X3),f(X4,f(X3,X6)))),f(X0,X3))) = X4) )),
  inference(forward_demodulation,[],[f7291,f6449])).
fof(f10830,plain,(
  ( ! [X3,X4] : (X3 = X4) )),
  inference(forward_demodulation,[],[f9372,f9343])).
fof(f12233,plain,(
  ( ! [X0] : (sK0 != X0) ) | spl2_1),
  inference(superposition,[],[f12,f10830])).
fof(f12236,plain,(
  $false | spl2_1),
  inference(equality_resolution,[],[f12233])).
fof(f12237,plain,(
  spl2_1),
  inference(avatar_contradiction_clause,[],[f12236])).
cnf(s1, plain, ~spl2_1, inference(sat_conversion,[],[f13])).
cnf(s2, plain, spl2_1, inference(sat_conversion,[],[f12237])).
cnf(s3, plain, $false, inference(rat,[],[s1,s2])).
fof(f12238,plain,(
  $false),
  inference(avatar_sat_refutation,[],[s3])).
% SZS output end Proof for p
% ------------------------------
% Version: Vampire 5.0.1 (Release build, commit 1b13eaf on 2026-01-18 12:14:50 +0000)
% Linked with Z3 4.14.0.0 3c47fd96cf5645d0c42b2c819d9e9a84380aa721 NOTFOUND
% CaDiCaL version: 2.1.3
% Termination reason: Refutation
% Time elapsed: 3.133 s
% Peak memory usage: 56 MB
% Instructions burned: 20620 (million)
% ------------------------------
% ------------------------------
% Success in time 28.312 s
