% law: x = ((((y ◇ (x ◇ (z ◇ x))) ◇ x) ◇ y) ◇ ((y ◇ w) ◇ y))
% config: vampire/triv/casc+lpo @ 120s

% Running in auto input_syntax mode. Trying TPTP
% Detected formulas, will run a generic FOF schedule.
% lrs+1011_32_to=lpo:sil=2000:tgt=full:alpa=true:random_seed=1553713177:st=5:i=107:sd=1:ss=included:er=filter_1200 on p for (1200ds/107Mi)
% Instruction limit reached! 
% ------------------------------
% Version: Vampire 5.0.1 (Release build, commit 1b13eaf on 2026-01-18 12:14:50 +0000)
% Linked with Z3 4.14.0.0 3c47fd96cf5645d0c42b2c819d9e9a84380aa721 NOTFOUND
% CaDiCaL version: 2.1.3
% Termination reason: Instruction limit
% Termination phase: Saturation
% Time elapsed: 0.018 s
% Peak memory usage: 12 MB
% Instructions burned: 110 (million)
% lrs+10_2:3_to=lpo:sil=16000:sp=arity:random_seed=942392400:i=114:bd=all:ss=axioms:sgt=4_1199 on p for (1199ds/114Mi)
% Instruction limit reached! 
% ------------------------------
% Version: Vampire 5.0.1 (Release build, commit 1b13eaf on 2026-01-18 12:14:50 +0000)
% Linked with Z3 4.14.0.0 3c47fd96cf5645d0c42b2c819d9e9a84380aa721 NOTFOUND
% CaDiCaL version: 2.1.3
% Termination reason: Instruction limit
% Termination phase: Saturation
% Time elapsed: 0.018 s
% Peak memory usage: 12 MB
% Instructions burned: 119 (million)
% WARNING Broken Constraint: if kbo_weight_scheme(arity) has been set then term_ordering(lpo) is equal to kbo or term_ordering(lpo) is equal to auto_kbo
% ott+1011_2_to=lpo:sil=4000:lsd=20:rnwc=on:rp=on:sac=on:newcnf=on:random_seed=2238304126:i=132:kws=arity:er=filter_1199 on p for (1199ds/132Mi)
% Instruction limit reached! 
% ------------------------------
% Version: Vampire 5.0.1 (Release build, commit 1b13eaf on 2026-01-18 12:14:50 +0000)
% Linked with Z3 4.14.0.0 3c47fd96cf5645d0c42b2c819d9e9a84380aa721 NOTFOUND
% CaDiCaL version: 2.1.3
% Termination reason: Instruction limit
% Termination phase: Saturation
% Time elapsed: 0.022 s
% Peak memory usage: 12 MB
% Instructions burned: 136 (million)
% WARNING Broken Constraint: if kbo_max_zero(on) has been set then term_ordering(lpo) is equal to kbo or term_ordering(lpo) is equal to auto_kbo
% dis+1011_1_slsqr=8,1:to=lpo:sil=2000:spb=units:fd=off:kmz=on:flr=on:sac=on:slsq=on:random_seed=3015209134:st=2:i=121:sd=30:aac=none:ep=RS:ss=axioms:sgt=10_1199 on p for (1199ds/121Mi)
% Refutation not found, incomplete strategy
% ------------------------------
% Version: Vampire 5.0.1 (Release build, commit 1b13eaf on 2026-01-18 12:14:50 +0000)
% Linked with Z3 4.14.0.0 3c47fd96cf5645d0c42b2c819d9e9a84380aa721 NOTFOUND
% CaDiCaL version: 2.1.3
% Termination reason: Refutation not found, incomplete strategy
% Time elapsed: 0.0000 s
% Peak memory usage: 11 MB
% ------------------------------
% ------------------------------
% Aborted by signal SIGSEGV on /tmp/tmphithy3bi/p.p
% ------------------------------
% Version: Vampire 5.0.1 (Release build, commit 1b13eaf on 2026-01-18 12:14:50 +0000)
% Linked with Z3 4.14.0.0 3c47fd96cf5645d0c42b2c819d9e9a84380aa721 NOTFOUND
% CaDiCaL version: 2.1.3
% Termination reason: Refutation not found, incomplete strategy
% Time elapsed: 0.0000 s
% Peak memory usage: 11 MB
% lrs+10_1_to=lpo:sil=2000:sos=on:random_seed=476087531:i=135:sd=2:gtg=position:ss=axioms_1199 on p for (1199ds/135Mi)
% Refutation not found, incomplete strategy
% ------------------------------
% Version: Vampire 5.0.1 (Release build, commit 1b13eaf on 2026-01-18 12:14:50 +0000)
% Linked with Z3 4.14.0.0 3c47fd96cf5645d0c42b2c819d9e9a84380aa721 NOTFOUND
% CaDiCaL version: 2.1.3
% Termination reason: Refutation not found, incomplete strategy
% Time elapsed: 0.002 s
% Peak memory usage: 11 MB
% ------------------------------
% ------------------------------
% lrs+1011_1_to=lpo:sil=16000:random_seed=1517393815:i=269:sd=10:ss=axioms:sgt=16_1198 on p for (1198ds/269Mi)
% Instruction limit reached! 
% ------------------------------
% Version: Vampire 5.0.1 (Release build, commit 1b13eaf on 2026-01-18 12:14:50 +0000)
% Linked with Z3 4.14.0.0 3c47fd96cf5645d0c42b2c819d9e9a84380aa721 NOTFOUND
% CaDiCaL version: 2.1.3
% Termination reason: Instruction limit
% Termination phase: Saturation
% Time elapsed: 0.042 s
% Peak memory usage: 14 MB
% Instructions burned: 269 (million)
% dis+1010_4_to=lpo:sil=2000:sos=on:sac=on:random_seed=225897163:i=140:sd=1:ss=axioms_1198 on p for (1198ds/140Mi)
% Refutation not found, incomplete strategy
% ------------------------------
% Version: Vampire 5.0.1 (Release build, commit 1b13eaf on 2026-01-18 12:14:50 +0000)
% Linked with Z3 4.14.0.0 3c47fd96cf5645d0c42b2c819d9e9a84380aa721 NOTFOUND
% CaDiCaL version: 2.1.3
% Termination reason: Refutation not found, incomplete strategy
% Time elapsed: 0.0000 s
% Peak memory usage: 11 MB
% ------------------------------
% ------------------------------
% ott+11_4:1_slsqr=8,1:to=kbo:sil=4000:spb=goal:bsr=on:slsq=on:random_seed=2557260909:s2pl=on:st=3:s2a=on:i=124:gtgl=4:sd=1:kws=inv_arity:ep=RST:gtg=position:ss=axioms:fsd=on_1198 on p for (1198ds/124Mi)
% Aborted by signal SIGSEGV on /tmp/tmphithy3bi/p.p
% ------------------------------
% Version: Vampire 5.0.1 (Release build, commit 1b13eaf on 2026-01-18 12:14:50 +0000)
% Linked with Z3 4.14.0.0 3c47fd96cf5645d0c42b2c819d9e9a84380aa721 NOTFOUND
% CaDiCaL version: 2.1.3
% Termination reason: Unknown
% Termination phase: Saturation
% Time elapsed: 0.001 s
% Peak memory usage: 8 MB
% Instructions burned: 1 (million)
% ott+1010_1_to=lpo:sil=32000:fde=none:sos=on:spb=goal_then_units:urr=on:random_seed=2980954546:st=2.5:cts=off:i=297:sd=4:ins=10:gsp=on:ss=axioms_1198 on p for (1198ds/297Mi)
% Refutation not found, incomplete strategy
% ------------------------------
% Version: Vampire 5.0.1 (Release build, commit 1b13eaf on 2026-01-18 12:14:50 +0000)
% Linked with Z3 4.14.0.0 3c47fd96cf5645d0c42b2c819d9e9a84380aa721 NOTFOUND
% CaDiCaL version: 2.1.3
% Termination reason: Refutation not found, incomplete strategy
% Time elapsed: 0.0000 s
% Peak memory usage: 11 MB
% ------------------------------
% ------------------------------
% lrs-1002_1_to=lpo:sil=2000:random_seed=2743493561:i=641:sd=20:ss=axioms:sgt=8_1198 on p for (1198ds/641Mi)
% Instruction limit reached! 
% ------------------------------
% Version: Vampire 5.0.1 (Release build, commit 1b13eaf on 2026-01-18 12:14:50 +0000)
% Linked with Z3 4.14.0.0 3c47fd96cf5645d0c42b2c819d9e9a84380aa721 NOTFOUND
% CaDiCaL version: 2.1.3
% Termination reason: Instruction limit
% Termination phase: Saturation
% Time elapsed: 0.097 s
% Peak memory usage: 19 MB
% Instructions burned: 642 (million)
% lrs+1011_1_to=lpo:sil=4000:plsq=on:plsqr=32,1:sp=occurrence:sos=all:erd=off:random_seed=284383870:st=5:i=160:sup=off:ss=included_1197 on p for (1197ds/160Mi)
% Refutation not found, incomplete strategy
% ------------------------------
% Version: Vampire 5.0.1 (Release build, commit 1b13eaf on 2026-01-18 12:14:50 +0000)
% Linked with Z3 4.14.0.0 3c47fd96cf5645d0c42b2c819d9e9a84380aa721 NOTFOUND
% CaDiCaL version: 2.1.3
% Termination reason: Refutation not found, incomplete strategy
% Time elapsed: 0.0000 s
% Peak memory usage: 11 MB
% ------------------------------
% ------------------------------
% WARNING Broken Constraint: if kbo_weight_scheme(inv_frequency) has been set then term_ordering(lpo) is equal to kbo or term_ordering(lpo) is equal to auto_kbo
% lrs+10_16:1_to=lpo:sil=2000:sp=reverse_frequency:lcm=predicate:bsr=unit_only:random_seed=1541919379:avsq=on:i=433:kws=inv_frequency:bs=unit_only:gtg=exists_sym_1197 on p for (1197ds/433Mi)
% Instruction limit reached! 
% ------------------------------
% Version: Vampire 5.0.1 (Release build, commit 1b13eaf on 2026-01-18 12:14:50 +0000)
% Linked with Z3 4.14.0.0 3c47fd96cf5645d0c42b2c819d9e9a84380aa721 NOTFOUND
% CaDiCaL version: 2.1.3
% Termination reason: Instruction limit
% Termination phase: Saturation
% Time elapsed: 0.114 s
% Peak memory usage: 23 MB
% Instructions burned: 438 (million)
% lrs+1011_32_sfv=off:to=lpo:sil=128000:sos=all:newcnf=on:random_seed=3348986317:cond=fast:i=114:nm=2:fsr=off:gtg=all:ss=axioms_1195 on p for (1195ds/114Mi)
% Instruction limit reached! 
% ------------------------------
% Version: Vampire 5.0.1 (Release build, commit 1b13eaf on 2026-01-18 12:14:50 +0000)
% Linked with Z3 4.14.0.0 3c47fd96cf5645d0c42b2c819d9e9a84380aa721 NOTFOUND
% CaDiCaL version: 2.1.3
% Termination reason: Instruction limit
% Termination phase: Saturation
% Time elapsed: 0.022 s
% Peak memory usage: 12 MB
% Instructions burned: 119 (million)
% lrs+10_64_to=lpo:sil=16000:sos=on:urr=on:br=off:random_seed=145569359:st=2.2:i=120:sd=1:nm=2:gtg=all:ss=axioms_1195 on p for (1195ds/120Mi)
% Instruction limit reached! 
% ------------------------------
% Version: Vampire 5.0.1 (Release build, commit 1b13eaf on 2026-01-18 12:14:50 +0000)
% Linked with Z3 4.14.0.0 3c47fd96cf5645d0c42b2c819d9e9a84380aa721 NOTFOUND
% CaDiCaL version: 2.1.3
% Termination reason: Instruction limit
% Termination phase: Saturation
% Time elapsed: 0.041 s
% Peak memory usage: 12 MB
% Instructions burned: 122 (million)
% lrs+21_1_slsqr=16,1:to=lpo:sil=4000:fs=off:acc=on:alpa=true:slsq=on:random_seed=1593360220:i=126:sd=3:aac=none:doe=on:fsr=off:sup=off:ss=included:er=filter:sgt=10_1195 on p for (1195ds/126Mi)
% Refutation not found, incomplete strategy
% ------------------------------
% Version: Vampire 5.0.1 (Release build, commit 1b13eaf on 2026-01-18 12:14:50 +0000)
% Linked with Z3 4.14.0.0 3c47fd96cf5645d0c42b2c819d9e9a84380aa721 NOTFOUND
% CaDiCaL version: 2.1.3
% Termination reason: Refutation not found, incomplete strategy
% Time elapsed: 0.003 s
% Peak memory usage: 11 MB
% ------------------------------
% ------------------------------
% dis-1011_1_to=lpo:sil=64000:sp=occurrence:nwc=2:sac=on:random_seed=744768037:i=161:gtgl=2:gtg=exists_sym_1194 on p for (1194ds/161Mi)
% Instruction limit reached! 
% ------------------------------
% Version: Vampire 5.0.1 (Release build, commit 1b13eaf on 2026-01-18 12:14:50 +0000)
% Linked with Z3 4.14.0.0 3c47fd96cf5645d0c42b2c819d9e9a84380aa721 NOTFOUND
% CaDiCaL version: 2.1.3
% Termination reason: Instruction limit
% Termination phase: Saturation
% Time elapsed: 0.037 s
% Peak memory usage: 12 MB
% Instructions burned: 166 (million)
% lrs+11_1024_to=lpo:sil=2000:drc=off:gs=on:flr=on:random_seed=19282437:s2a=on:i=137:sd=2:fgj=on:av=off:ss=axioms:sgt=4_1194 on p for (1194ds/137Mi)
% Instruction limit reached! 
% ------------------------------
% Version: Vampire 5.0.1 (Release build, commit 1b13eaf on 2026-01-18 12:14:50 +0000)
% Linked with Z3 4.14.0.0 3c47fd96cf5645d0c42b2c819d9e9a84380aa721 NOTFOUND
% CaDiCaL version: 2.1.3
% Termination reason: Instruction limit
% Termination phase: Saturation
% Time elapsed: 0.024 s
% Peak memory usage: 14 MB
% Instructions burned: 141 (million)
% WARNING Broken Constraint: if kbo_weight_scheme(arity) has been set then term_ordering(lpo) is equal to kbo or term_ordering(lpo) is equal to auto_kbo
% dis-1010_1_anc=none:to=lpo:sil=2000:sims=off:etr=on:sos=on:spb=units:nwc=2:random_seed=4187671308:i=698:sd=2:kws=arity:aac=none:ss=axioms:sgt=10_1194 on p for (1194ds/698Mi)
% Refutation not found, incomplete strategy
% ------------------------------
% Version: Vampire 5.0.1 (Release build, commit 1b13eaf on 2026-01-18 12:14:50 +0000)
% Linked with Z3 4.14.0.0 3c47fd96cf5645d0c42b2c819d9e9a84380aa721 NOTFOUND
% CaDiCaL version: 2.1.3
% Termination reason: Refutation not found, incomplete strategy
% Time elapsed: 0.0000 s
% Peak memory usage: 11 MB
% ------------------------------
% ------------------------------
% dis+10_1_to=lpo:sil=32000:s2agt=32:random_seed=2121770620:st=3:s2a=on:i=183:sd=1:gtg=position:ss=axioms_1194 on p for (1194ds/183Mi)
% Instruction limit reached! 
% ------------------------------
% Version: Vampire 5.0.1 (Release build, commit 1b13eaf on 2026-01-18 12:14:50 +0000)
% Linked with Z3 4.14.0.0 3c47fd96cf5645d0c42b2c819d9e9a84380aa721 NOTFOUND
% CaDiCaL version: 2.1.3
% Termination reason: Instruction limit
% Termination phase: Saturation
% Time elapsed: 0.029 s
% Peak memory usage: 12 MB
% Instructions burned: 185 (million)
% dis+1010_2_to=lpo:sil=8000:plsq=on:plsqr=1,2:fd=off:random_seed=3133240686:st=1.5:s2a=on:i=119:sd=2:sup=off:ss=axioms_1193 on p for (1193ds/119Mi)
% Refutation not found, incomplete strategy
% ------------------------------
% Version: Vampire 5.0.1 (Release build, commit 1b13eaf on 2026-01-18 12:14:50 +0000)
% Linked with Z3 4.14.0.0 3c47fd96cf5645d0c42b2c819d9e9a84380aa721 NOTFOUND
% CaDiCaL version: 2.1.3
% Termination reason: Refutation not found, incomplete strategy
% Time elapsed: 0.0000 s
% Peak memory usage: 11 MB
% ------------------------------
% ------------------------------
% dis+1010_3_to=lpo:sil=2000:tgt=full:plsq=on:drc=off:fde=unused:sp=arity:acc=on:nwc=20:flr=on:sac=on:avsqc=2:random_seed=170184274:s2pl=on:st=3:avsq=on:i=285:s2at=5:avsqr=52993,1048576:sd=10:gtg=exists_sym:ss=axioms_1193 on p for (1193ds/285Mi)
% Instruction limit reached! 
% ------------------------------
% Version: Vampire 5.0.1 (Release build, commit 1b13eaf on 2026-01-18 12:14:50 +0000)
% Linked with Z3 4.14.0.0 3c47fd96cf5645d0c42b2c819d9e9a84380aa721 NOTFOUND
% CaDiCaL version: 2.1.3
% Termination reason: Instruction limit
% Termination phase: Saturation
% Time elapsed: 0.042 s
% Peak memory usage: 14 MB
% Instructions burned: 286 (million)
% lrs+1011_1_to=lpo:sil=32000:sp=arity:spb=goal:urr=on:bsr=on:fd=preordered:nwc=0.968:br=off:newcnf=on:random_seed=3681591841:s2a=on:i=130:s2at=11:bd=preordered:nm=20:ins=10:gtg=position:gsp=on_1193 on p for (1193ds/130Mi)
% Instruction limit reached! 
% ------------------------------
% Version: Vampire 5.0.1 (Release build, commit 1b13eaf on 2026-01-18 12:14:50 +0000)
% Linked with Z3 4.14.0.0 3c47fd96cf5645d0c42b2c819d9e9a84380aa721 NOTFOUND
% CaDiCaL version: 2.1.3
% Termination reason: Instruction limit
% Termination phase: Saturation
% Time elapsed: 0.021 s
% Peak memory usage: 13 MB
% Instructions burned: 130 (million)
% lrs+11_128_to=lpo:sil=2000:spb=units:lcm=predicate:nwc=20:slsqc=4:slsq=on:random_seed=424687564:cts=off:i=178:slsql=off:nm=2:av=off:fsr=off_1192 on p for (1192ds/178Mi)
% Instruction limit reached! 
% ------------------------------
% Version: Vampire 5.0.1 (Release build, commit 1b13eaf on 2026-01-18 12:14:50 +0000)
% Linked with Z3 4.14.0.0 3c47fd96cf5645d0c42b2c819d9e9a84380aa721 NOTFOUND
% CaDiCaL version: 2.1.3
% Termination reason: Instruction limit
% Termination phase: Saturation
% Time elapsed: 0.030 s
% Peak memory usage: 13 MB
% Instructions burned: 180 (million)
% lrs-10_3:2_anc=all:to=lpo:sil=8000:plsq=on:plsqc=1:plsqr=1,1:erd=off:urr=on:rp=on:br=off:sac=on:avsqc=3:random_seed=663295071:avsq=on:s2a=on:i=270:s2at=2:nicw=on:ss=axioms_1192 on p for (1192ds/270Mi)
% Refutation not found, incomplete strategy
% ------------------------------
% Version: Vampire 5.0.1 (Release build, commit 1b13eaf on 2026-01-18 12:14:50 +0000)
% Linked with Z3 4.14.0.0 3c47fd96cf5645d0c42b2c819d9e9a84380aa721 NOTFOUND
% CaDiCaL version: 2.1.3
% Termination reason: Refutation not found, incomplete strategy
% Time elapsed: 0.0000 s
% Peak memory usage: 11 MB
% ------------------------------
% ------------------------------
% WARNING Broken Constraint: if kbo_weight_scheme(precedence) has been set then term_ordering(lpo) is equal to kbo or term_ordering(lpo) is equal to auto_kbo
% dis-1011_1_to=lpo:sil=16000:tgt=full:prc=on:bsd=on:avsql=on:sp=unary_first:spb=intro:acc=on:fd=preordered:avsqc=1:random_seed=3381542257:st=4:avsq=on:i=960:avsqr=1,16:kws=precedence:bd=all:ins=10:ss=axioms_1192 on p for (1192ds/960Mi)
% Instruction limit reached! 
% ------------------------------
% Version: Vampire 5.0.1 (Release build, commit 1b13eaf on 2026-01-18 12:14:50 +0000)
% Linked with Z3 4.14.0.0 3c47fd96cf5645d0c42b2c819d9e9a84380aa721 NOTFOUND
% CaDiCaL version: 2.1.3
% Termination reason: Instruction limit
% Termination phase: Saturation
% Time elapsed: 0.146 s
% Peak memory usage: 22 MB
% Instructions burned: 964 (million)
% lrs+4_1_sfv=off:to=lpo:sil=16000:sos=all:random_seed=476222561:i=183:av=off_1191 on p for (1191ds/183Mi)
% Refutation not found, incomplete strategy
% ------------------------------
% Version: Vampire 5.0.1 (Release build, commit 1b13eaf on 2026-01-18 12:14:50 +0000)
% Linked with Z3 4.14.0.0 3c47fd96cf5645d0c42b2c819d9e9a84380aa721 NOTFOUND
% CaDiCaL version: 2.1.3
% Termination reason: Refutation not found, incomplete strategy
% Time elapsed: 0.0000 s
% Peak memory usage: 8 MB
% ------------------------------
% ------------------------------
% lrs+11_8_slsqr=4,1:to=lpo:sil=2000:erd=off:spb=goal:lsd=50:s2agt=8:slsqc=3:slsq=on:random_seed=3016035614:s2pl=on:i=137:sd=2:ep=R:nm=6:av=off:ss=axioms:sgt=8_1190 on p for (1190ds/137Mi)
% Refutation not found, incomplete strategy
% ------------------------------
% Version: Vampire 5.0.1 (Release build, commit 1b13eaf on 2026-01-18 12:14:50 +0000)
% Linked with Z3 4.14.0.0 3c47fd96cf5645d0c42b2c819d9e9a84380aa721 NOTFOUND
% CaDiCaL version: 2.1.3
% Termination reason: Refutation not found, incomplete strategy
% Time elapsed: 0.0000 s
% Peak memory usage: 8 MB
% ------------------------------
% ------------------------------
% WARNING Broken Constraint: if kbo_weight_scheme(arity_squared) has been set then term_ordering(lpo) is equal to kbo or term_ordering(lpo) is equal to auto_kbo
% lrs+1010_14_to=lpo:sil=4000:tgt=full:plsq=on:plsqc=3:plsqr=1,64:erd=off:spb=goal_then_units:plsql=on:slsqc=3:slsq=on:random_seed=632444738:i=274:s2at=3:sd=1:kws=arity_squared:gtg=exists_all:ss=axioms:fsd=on:sgt=16_1190 on p for (1190ds/274Mi)
% Instruction limit reached! 
% ------------------------------
% Version: Vampire 5.0.1 (Release build, commit 1b13eaf on 2026-01-18 12:14:50 +0000)
% Linked with Z3 4.14.0.0 3c47fd96cf5645d0c42b2c819d9e9a84380aa721 NOTFOUND
% CaDiCaL version: 2.1.3
% Termination reason: Instruction limit
% Termination phase: Saturation
% Time elapsed: 0.050 s
% Peak memory usage: 14 MB
% Instructions burned: 278 (million)
% lrs+34_16:1_anc=all_dependent:to=lpo:sil=2000:sp=unary_first:sos=on:urr=full:fd=off:sac=on:random_seed=2440237626:i=259:aac=none:bd=preordered:ss=axioms_1190 on p for (1190ds/259Mi)
% Refutation not found, incomplete strategy
% ------------------------------
% Version: Vampire 5.0.1 (Release build, commit 1b13eaf on 2026-01-18 12:14:50 +0000)
% Linked with Z3 4.14.0.0 3c47fd96cf5645d0c42b2c819d9e9a84380aa721 NOTFOUND
% CaDiCaL version: 2.1.3
% Termination reason: Refutation not found, incomplete strategy
% Time elapsed: 0.0000 s
% Peak memory usage: 11 MB
% ------------------------------
% ------------------------------
% ott+10_1_to=lpo:sil=8000:drc=ordering:urr=on:br=off:random_seed=1758204466:s2a=on:cond=on:i=1197:gtg=position:ss=axioms:sgt=8_1190 on p for (1190ds/1197Mi)
% Instruction limit reached! 
% ------------------------------
% Version: Vampire 5.0.1 (Release build, commit 1b13eaf on 2026-01-18 12:14:50 +0000)
% Linked with Z3 4.14.0.0 3c47fd96cf5645d0c42b2c819d9e9a84380aa721 NOTFOUND
% CaDiCaL version: 2.1.3
% Termination reason: Instruction limit
% Termination phase: Saturation
% Time elapsed: 0.190 s
% Peak memory usage: 29 MB
% Instructions burned: 1202 (million)
% lrs+22_32_to=lpo:sil=4000:plsq=on:rp=on:newcnf=on:random_seed=1599241094:st=2.5:s2a=on:i=132:sd=5:ss=included_1188 on p for (1188ds/132Mi)
% Instruction limit reached! 
% ------------------------------
% Version: Vampire 5.0.1 (Release build, commit 1b13eaf on 2026-01-18 12:14:50 +0000)
% Linked with Z3 4.14.0.0 3c47fd96cf5645d0c42b2c819d9e9a84380aa721 NOTFOUND
% CaDiCaL version: 2.1.3
% Termination reason: Instruction limit
% Termination phase: Saturation
% Time elapsed: 0.044 s
% Peak memory usage: 12 MB
% Instructions burned: 132 (million)
% dis-1011_1_anc=none:to=lpo:sil=4000:plsq=on:prc=on:plsqc=3:plsqr=2804223,1048576:fdtod=off:sp=reverse_frequency:sos=on:lsd=20:nwc=1:flr=on:random_seed=3244868442:st=3:cond=fast:prac=on:i=179:gtgl=2:bs=unit_only:ep=RS:nm=10:ins=25:amm=off:gtg=all:ss=included_1187 on p for (1187ds/179Mi)
% Refutation not found, incomplete strategy
% ------------------------------
% Version: Vampire 5.0.1 (Release build, commit 1b13eaf on 2026-01-18 12:14:50 +0000)
% Linked with Z3 4.14.0.0 3c47fd96cf5645d0c42b2c819d9e9a84380aa721 NOTFOUND
% CaDiCaL version: 2.1.3
% Termination reason: Refutation not found, incomplete strategy
% Time elapsed: 0.002 s
% Peak memory usage: 11 MB
% ------------------------------
% ------------------------------
% lrs+1002_16:1_to=lpo:sil=2000:sos=on:acc=on:urr=full:fd=off:newcnf=on:random_seed=3097145291:i=1517:sd=1:sup=off:ss=included_1187 on p for (1187ds/1517Mi)
% Refutation not found, incomplete strategy
% ------------------------------
% Version: Vampire 5.0.1 (Release build, commit 1b13eaf on 2026-01-18 12:14:50 +0000)
% Linked with Z3 4.14.0.0 3c47fd96cf5645d0c42b2c819d9e9a84380aa721 NOTFOUND
% CaDiCaL version: 2.1.3
% Termination reason: Refutation not found, incomplete strategy
% Time elapsed: 0.001 s
% Peak memory usage: 11 MB
% ------------------------------
% ------------------------------
% ott+11_1_slsqr=12,1:to=lpo:sil=4000:erd=off:spb=goal:urr=on:br=off:slsq=on:random_seed=2823723340:cts=off:i=159:slsql=off:nm=6:gsp=on_1187 on p for (1187ds/159Mi)
% Instruction limit reached! 
% ------------------------------
% Version: Vampire 5.0.1 (Release build, commit 1b13eaf on 2026-01-18 12:14:50 +0000)
% Linked with Z3 4.14.0.0 3c47fd96cf5645d0c42b2c819d9e9a84380aa721 NOTFOUND
% CaDiCaL version: 2.1.3
% Termination reason: Instruction limit
% Termination phase: Saturation
% Time elapsed: 0.027 s
% Peak memory usage: 13 MB
% Instructions burned: 163 (million)
% lrs-1011_1_to=lpo:sil=2000:random_seed=1387037377:st=5:avsq=on:i=175:avsqr=1,16:ep=R:ss=included_1186 on p for (1186ds/175Mi)
% Refutation not found, incomplete strategy
% ------------------------------
% Version: Vampire 5.0.1 (Release build, commit 1b13eaf on 2026-01-18 12:14:50 +0000)
% Linked with Z3 4.14.0.0 3c47fd96cf5645d0c42b2c819d9e9a84380aa721 NOTFOUND
% CaDiCaL version: 2.1.3
% Termination reason: Refutation not found, incomplete strategy
% Time elapsed: 0.001 s
% Peak memory usage: 11 MB
% ------------------------------
% ------------------------------
% WARNING Broken Constraint: if kbo_weight_scheme(frequency) has been set then term_ordering(lpo) is equal to kbo or term_ordering(lpo) is equal to auto_kbo
% lrs-1010_8_to=lpo:sil=4000:tgt=ground:drc=off:br=off:slsq=on:random_seed=2351076076:i=176:kws=frequency:ss=axioms_1186 on p for (1186ds/176Mi)
% Refutation not found, incomplete strategy
% ------------------------------
% Version: Vampire 5.0.1 (Release build, commit 1b13eaf on 2026-01-18 12:14:50 +0000)
% Linked with Z3 4.14.0.0 3c47fd96cf5645d0c42b2c819d9e9a84380aa721 NOTFOUND
% CaDiCaL version: 2.1.3
% Termination reason: Refutation not found, incomplete strategy
% Time elapsed: 0.0000 s
% Peak memory usage: 11 MB
% ------------------------------
% ------------------------------
% lrs+1011_3:1_to=lpo:sil=2000:plsq=on:plsqc=1:plsqr=64,1:sp=reverse_frequency:sos=on:fd=preordered:rp=on:random_seed=3830879149:i=574:aac=none:bd=all:ins=1_1186 on p for (1186ds/574Mi)
% Refutation not found, incomplete strategy
% ------------------------------
% Version: Vampire 5.0.1 (Release build, commit 1b13eaf on 2026-01-18 12:14:50 +0000)
% Linked with Z3 4.14.0.0 3c47fd96cf5645d0c42b2c819d9e9a84380aa721 NOTFOUND
% CaDiCaL version: 2.1.3
% Termination reason: Refutation not found, incomplete strategy
% Time elapsed: 0.0000 s
% Peak memory usage: 11 MB
% ------------------------------
% ------------------------------
% dis+1010_7_anc=all_dependent:to=lpo:sil=64000:plsq=on:plsqr=8,1:sp=occurrence:sos=on:urr=ec_only:bsr=on:alpa=true:flr=on:slsq=on:random_seed=565041531:avsq=on:cond=on:i=116:gtgl=5:avsqr=1,32:aac=none:amm=off:gtg=all:rawr=on_1186 on p for (1186ds/116Mi)
% Instruction limit reached! 
% ------------------------------
% Version: Vampire 5.0.1 (Release build, commit 1b13eaf on 2026-01-18 12:14:50 +0000)
% Linked with Z3 4.14.0.0 3c47fd96cf5645d0c42b2c819d9e9a84380aa721 NOTFOUND
% CaDiCaL version: 2.1.3
% Termination reason: Instruction limit
% Termination phase: Saturation
% Time elapsed: 0.019 s
% Peak memory usage: 12 MB
% Instructions burned: 121 (million)
% lrs+10_1_to=lpo:sil=4000:plsq=on:s2agt=16:slsqc=1:slsq=on:random_seed=3595287473:st=5:s2a=on:i=879:sd=3:av=off:gtg=exists_top:ss=axioms_1186 on p for (1186ds/879Mi)
% Instruction limit reached! 
% ------------------------------
% Version: Vampire 5.0.1 (Release build, commit 1b13eaf on 2026-01-18 12:14:50 +0000)
% Linked with Z3 4.14.0.0 3c47fd96cf5645d0c42b2c819d9e9a84380aa721 NOTFOUND
% CaDiCaL version: 2.1.3
% Termination reason: Instruction limit
% Termination phase: Saturation
% Time elapsed: 0.141 s
% Peak memory usage: 24 MB
% Instructions burned: 881 (million)
% dis+10_3:10_to=lpo:sil=32000:flr=on:sac=on:random_seed=1652814380:i=382:ep=RST_1185 on p for (1185ds/382Mi)
% Instruction limit reached! 
% ------------------------------
% Version: Vampire 5.0.1 (Release build, commit 1b13eaf on 2026-01-18 12:14:50 +0000)
% Linked with Z3 4.14.0.0 3c47fd96cf5645d0c42b2c819d9e9a84380aa721 NOTFOUND
% CaDiCaL version: 2.1.3
% Termination reason: Instruction limit
% Termination phase: Saturation
% Time elapsed: 0.072 s
% Peak memory usage: 36 MB
% Instructions burned: 386 (million)
% WARNING Broken Constraint: if kbo_weight_scheme(precedence) has been set then term_ordering(lpo) is equal to kbo or term_ordering(lpo) is equal to auto_kbo
% lrs+1011_8:1_to=lpo:sil=4000:plsq=on:plsqc=3:plsqr=32,1:sp=reverse_arity:erd=off:lcm=reverse:acc=on:flr=on:slsq=on:random_seed=2731348049:s2a=on:i=178:kws=precedence:ep=RS:nm=32_1184 on p for (1184ds/178Mi)
% Refutation not found, incomplete strategy
% ------------------------------
% Version: Vampire 5.0.1 (Release build, commit 1b13eaf on 2026-01-18 12:14:50 +0000)
% Linked with Z3 4.14.0.0 3c47fd96cf5645d0c42b2c819d9e9a84380aa721 NOTFOUND
% CaDiCaL version: 2.1.3
% Termination reason: Refutation not found, incomplete strategy
% Time elapsed: 0.0000 s
% Peak memory usage: 12 MB
% ------------------------------
% ------------------------------
% Aborted by signal SIGSEGV on /tmp/tmphithy3bi/p.p
% ------------------------------
% Version: Vampire 5.0.1 (Release build, commit 1b13eaf on 2026-01-18 12:14:50 +0000)
% Linked with Z3 4.14.0.0 3c47fd96cf5645d0c42b2c819d9e9a84380aa721 NOTFOUND
% CaDiCaL version: 2.1.3
% Termination reason: Refutation not found, incomplete strategy
% Time elapsed: 0.0000 s
% Peak memory usage: 12 MB
% dis-1004_1024_slsqr=1,4:to=lpo:sil=128000:tgt=ground:irw=on:erd=off:spb=goal:bsr=on:rnwc=on:nwc=0.5:slsq=on:random_seed=4250043535:st=1.5:i=120:doe=on:bs=unit_only:ins=7:av=off:ss=axioms_1184 on p for (1184ds/120Mi)
% Refutation not found, incomplete strategy
% ------------------------------
% Version: Vampire 5.0.1 (Release build, commit 1b13eaf on 2026-01-18 12:14:50 +0000)
% Linked with Z3 4.14.0.0 3c47fd96cf5645d0c42b2c819d9e9a84380aa721 NOTFOUND
% CaDiCaL version: 2.1.3
% Termination reason: Refutation not found, incomplete strategy
% Time elapsed: 0.0000 s
% Peak memory usage: 8 MB
% ------------------------------
% ------------------------------
% WARNING Broken Constraint: if kbo_max_zero(on) has been set then term_ordering(lpo) is equal to kbo or term_ordering(lpo) is equal to auto_kbo
% lrs-1011_12_anc=all:to=lpo:sil=16000:plsq=on:fde=none:plsqc=2:plsqr=1,32:sp=unary_frequency:fs=off:spb=goal:bsr=unit_only:plsql=on:gs=on:nwc=2:kmz=on:sac=on:slsq=on:random_seed=4244263898:st=5:avsq=on:i=141:sd=1:fsr=off:gtg=exists_sym:ss=axioms:fsd=on_1184 on p for (1184ds/141Mi)
% Instruction limit reached! 
% ------------------------------
% Version: Vampire 5.0.1 (Release build, commit 1b13eaf on 2026-01-18 12:14:50 +0000)
% Linked with Z3 4.14.0.0 3c47fd96cf5645d0c42b2c819d9e9a84380aa721 NOTFOUND
% CaDiCaL version: 2.1.3
% Termination reason: Instruction limit
% Termination phase: Saturation
% Time elapsed: 0.039 s
% Peak memory usage: 14 MB
% Instructions burned: 142 (million)
% lrs-1010_128_to=lpo:sil=4000:rp=on:nwc=0.6:alpa=false:random_seed=547111526:i=625:aac=none:nm=2:gsp=on_1183 on p for (1183ds/625Mi)
% Instruction limit reached! 
% ------------------------------
% Version: Vampire 5.0.1 (Release build, commit 1b13eaf on 2026-01-18 12:14:50 +0000)
% Linked with Z3 4.14.0.0 3c47fd96cf5645d0c42b2c819d9e9a84380aa721 NOTFOUND
% CaDiCaL version: 2.1.3
% Termination reason: Instruction limit
% Termination phase: Saturation
% Time elapsed: 0.105 s
% Peak memory usage: 19 MB
% Instructions burned: 631 (million)
% dis+1010_1024_to=lpo:sil=4000:tgt=ground:sp=reverse_frequency:random_seed=2177586727:i=292:nm=16:av=off:ss=axioms_1182 on p for (1182ds/292Mi)
% Refutation not found, incomplete strategy
% ------------------------------
% Version: Vampire 5.0.1 (Release build, commit 1b13eaf on 2026-01-18 12:14:50 +0000)
% Linked with Z3 4.14.0.0 3c47fd96cf5645d0c42b2c819d9e9a84380aa721 NOTFOUND
% CaDiCaL version: 2.1.3
% Termination reason: Refutation not found, incomplete strategy
% Time elapsed: 0.0000 s
% Peak memory usage: 8 MB
% ------------------------------
% ------------------------------
% lrs-1010_4_to=lpo:sil=4000:fde=unused:sp=reverse_frequency:sos=on:erd=off:fs=off:fd=off:sac=on:random_seed=1133068612:i=324:aac=none:fsr=off_1182 on p for (1182ds/324Mi)
% Refutation not found, incomplete strategy
% ------------------------------
% Version: Vampire 5.0.1 (Release build, commit 1b13eaf on 2026-01-18 12:14:50 +0000)
% Linked with Z3 4.14.0.0 3c47fd96cf5645d0c42b2c819d9e9a84380aa721 NOTFOUND
% CaDiCaL version: 2.1.3
% Termination reason: Refutation not found, incomplete strategy
% Time elapsed: 0.0000 s
% Peak memory usage: 11 MB
% ------------------------------
% ------------------------------
% dis+1011_32_anc=all:to=lpo:sil=16000:drc=off:sp=reverse_frequency:fs=off:fd=preordered:sac=on:random_seed=4080390139:avsq=on:i=168:add=on:nicw=on:bd=preordered:fsr=off_1182 on p for (1182ds/168Mi)
% Instruction limit reached! 
% ------------------------------
% Version: Vampire 5.0.1 (Release build, commit 1b13eaf on 2026-01-18 12:14:50 +0000)
% Linked with Z3 4.14.0.0 3c47fd96cf5645d0c42b2c819d9e9a84380aa721 NOTFOUND
% CaDiCaL version: 2.1.3
% Termination reason: Instruction limit
% Termination phase: Saturation
% Time elapsed: 0.026 s
% Peak memory usage: 12 MB
% Instructions burned: 170 (million)
% dis-1011_10_to=lpo:sil=2000:tgt=ground:plsq=on:lsd=10:nwc=5:s2agt=64:random_seed=1361299650:s2a=on:i=123:av=off:ss=axioms:sgt=20_1182 on p for (1182ds/123Mi)
% Instruction limit reached! 
% ------------------------------
% Version: Vampire 5.0.1 (Release build, commit 1b13eaf on 2026-01-18 12:14:50 +0000)
% Linked with Z3 4.14.0.0 3c47fd96cf5645d0c42b2c819d9e9a84380aa721 NOTFOUND
% CaDiCaL version: 2.1.3
% Termination reason: Instruction limit
% Termination phase: Saturation
% Time elapsed: 0.038 s
% Peak memory usage: 12 MB
% Instructions burned: 124 (million)
% dis-1011_1_to=lpo:sil=2000:plsq=on:drc=off:fde=none:bsd=on:plsqr=1,2:sp=weighted_frequency:lma=off:bce=on:rp=on:nwc=20:random_seed=541872944:st=10:i=123:doe=on:bs=unit_only:av=off:ss=included:er=filter:sgt=88_1181 on p for (1181ds/123Mi)
% Instruction limit reached! 
% ------------------------------
% Version: Vampire 5.0.1 (Release build, commit 1b13eaf on 2026-01-18 12:14:50 +0000)
% Linked with Z3 4.14.0.0 3c47fd96cf5645d0c42b2c819d9e9a84380aa721 NOTFOUND
% CaDiCaL version: 2.1.3
% Termination reason: Instruction limit
% Termination phase: Saturation
% Time elapsed: 0.020 s
% Peak memory usage: 12 MB
% Instructions burned: 128 (million)
% WARNING Broken Constraint: if kbo_weight_scheme(arity_squared) has been set then term_ordering(lpo) is equal to kbo or term_ordering(lpo) is equal to auto_kbo
% dis+11_4_to=lpo:sil=4000:prc=on:fd=preordered:random_seed=3247408238:i=1091:kws=arity_squared:av=off_1181 on p for (1181ds/1091Mi)
% Instruction limit reached! 
% ------------------------------
% Version: Vampire 5.0.1 (Release build, commit 1b13eaf on 2026-01-18 12:14:50 +0000)
% Linked with Z3 4.14.0.0 3c47fd96cf5645d0c42b2c819d9e9a84380aa721 NOTFOUND
% CaDiCaL version: 2.1.3
% Termination reason: Instruction limit
% Termination phase: Saturation
% Time elapsed: 0.165 s
% Peak memory usage: 24 MB
% Instructions burned: 1094 (million)
% lrs+1002_1_to=lpo:sil=2000:sos=on:random_seed=2573686708:i=1674:sd=3:ss=axioms:sgt=16_1179 on p for (1179ds/1674Mi)
% Refutation not found, incomplete strategy
% ------------------------------
% Version: Vampire 5.0.1 (Release build, commit 1b13eaf on 2026-01-18 12:14:50 +0000)
% Linked with Z3 4.14.0.0 3c47fd96cf5645d0c42b2c819d9e9a84380aa721 NOTFOUND
% CaDiCaL version: 2.1.3
% Termination reason: Refutation not found, incomplete strategy
% Time elapsed: 0.0000 s
% Peak memory usage: 11 MB
% ------------------------------
% ------------------------------
% dis+10_1_to=lpo:sil=4000:lcm=reverse:urr=ec_only:gs=on:br=off:random_seed=4178590687:cts=off:i=340:nm=0:av=off:fsr=off_1179 on p for (1179ds/340Mi)
% Instruction limit reached! 
% ------------------------------
% Version: Vampire 5.0.1 (Release build, commit 1b13eaf on 2026-01-18 12:14:50 +0000)
% Linked with Z3 4.14.0.0 3c47fd96cf5645d0c42b2c819d9e9a84380aa721 NOTFOUND
% CaDiCaL version: 2.1.3
% Termination reason: Instruction limit
% Termination phase: Saturation
% Time elapsed: 0.080 s
% Peak memory usage: 14 MB
% Instructions burned: 341 (million)
% lrs+1002_5:4_to=lpo:sil=4000:plsq=on:sims=off:plsqr=256,1:sp=const_frequency:sos=on:fs=off:acc=on:fd=off:s2agt=32:random_seed=1151595340:s2a=on:i=124:aac=none:fsr=off_1178 on p for (1178ds/124Mi)
% Refutation not found, incomplete strategy
% ------------------------------
% Version: Vampire 5.0.1 (Release build, commit 1b13eaf on 2026-01-18 12:14:50 +0000)
% Linked with Z3 4.14.0.0 3c47fd96cf5645d0c42b2c819d9e9a84380aa721 NOTFOUND
% CaDiCaL version: 2.1.3
% Termination reason: Refutation not found, incomplete strategy
% Time elapsed: 0.002 s
% Peak memory usage: 11 MB
% ------------------------------
% ------------------------------
% lrs-1004_1024_to=lpo:sil=2000:tgt=ground:sos=on:newcnf=on:random_seed=975755377:i=125:sd=1:aac=none:fsr=off:gtg=position:ss=axioms_1178 on p for (1178ds/125Mi)
% Refutation not found, incomplete strategy
% ------------------------------
% Version: Vampire 5.0.1 (Release build, commit 1b13eaf on 2026-01-18 12:14:50 +0000)
% Linked with Z3 4.14.0.0 3c47fd96cf5645d0c42b2c819d9e9a84380aa721 NOTFOUND
% CaDiCaL version: 2.1.3
% Termination reason: Refutation not found, incomplete strategy
% Time elapsed: 0.002 s
% Peak memory usage: 11 MB
% ------------------------------
% ------------------------------
% lrs+11_1_to=lpo:sil=2000:random_seed=1685976335:i=328:sd=2:ep=RS:nm=0:av=off:ss=included_1177 on p for (1177ds/328Mi)
% Refutation not found, incomplete strategy
% ------------------------------
% Version: Vampire 5.0.1 (Release build, commit 1b13eaf on 2026-01-18 12:14:50 +0000)
% Linked with Z3 4.14.0.0 3c47fd96cf5645d0c42b2c819d9e9a84380aa721 NOTFOUND
% CaDiCaL version: 2.1.3
% Termination reason: Refutation not found, incomplete strategy
% Time elapsed: 0.001 s
% Peak memory usage: 8 MB
% ------------------------------
% ------------------------------
% lrs+1010_1_to=lpo:sil=4000:fde=unused:sos=on:urr=ec_only:sac=on:random_seed=1688819770:i=2032:gtgl=3:sd=2:gtg=exists_all:ss=axioms_1177 on p for (1177ds/2032Mi)
% Instruction limit reached! 
% ------------------------------
% Version: Vampire 5.0.1 (Release build, commit 1b13eaf on 2026-01-18 12:14:50 +0000)
% Linked with Z3 4.14.0.0 3c47fd96cf5645d0c42b2c819d9e9a84380aa721 NOTFOUND
% CaDiCaL version: 2.1.3
% Termination reason: Instruction limit
% Termination phase: Saturation
% Time elapsed: 0.335 s
% Peak memory usage: 39 MB
% Instructions burned: 2040 (million)
% dis-1010_2:3_sfv=off:to=lpo:sil=2000:fde=unused:sp=reverse_frequency:flr=on:random_seed=1430321401:st=9:i=237:av=off:ss=axioms_1174 on p for (1174ds/237Mi)
% Instruction limit reached! 
% ------------------------------
% Version: Vampire 5.0.1 (Release build, commit 1b13eaf on 2026-01-18 12:14:50 +0000)
% Linked with Z3 4.14.0.0 3c47fd96cf5645d0c42b2c819d9e9a84380aa721 NOTFOUND
% CaDiCaL version: 2.1.3
% Termination reason: Instruction limit
% Termination phase: Saturation
% Time elapsed: 0.035 s
% Peak memory usage: 13 MB
% Instructions burned: 242 (million)
% dis+10_1_to=lpo:sil=4000:plsq=on:plsqc=1:plsqr=32,1:random_seed=611554852:st=2:i=185:sd=1:bd=all:sup=off:ss=axioms_1174 on p for (1174ds/185Mi)
% Refutation not found, incomplete strategy
% ------------------------------
% Version: Vampire 5.0.1 (Release build, commit 1b13eaf on 2026-01-18 12:14:50 +0000)
% Linked with Z3 4.14.0.0 3c47fd96cf5645d0c42b2c819d9e9a84380aa721 NOTFOUND
% CaDiCaL version: 2.1.3
% Termination reason: Refutation not found, incomplete strategy
% Time elapsed: 0.0000 s
% Peak memory usage: 11 MB
% ------------------------------
% ------------------------------
% dis-1011_128_to=lpo:sil=16000:urr=on:bce=on:fd=off:random_seed=1582517710:i=187:av=off:fsr=off_1174 on p for (1174ds/187Mi)
% Instruction limit reached! 
% ------------------------------
% Version: Vampire 5.0.1 (Release build, commit 1b13eaf on 2026-01-18 12:14:50 +0000)
% Linked with Z3 4.14.0.0 3c47fd96cf5645d0c42b2c819d9e9a84380aa721 NOTFOUND
% CaDiCaL version: 2.1.3
% Termination reason: Instruction limit
% Termination phase: Saturation
% Time elapsed: 0.029 s
% Peak memory usage: 13 MB
% Instructions burned: 188 (million)
% WARNING Broken Constraint: if kbo_weight_scheme(inv_precedence) has been set then term_ordering(lpo) is equal to kbo or term_ordering(lpo) is equal to auto_kbo
% dis+1011_93_to=lpo:sil=16000:tgt=ground:spb=goal_then_units:lsd=100:nwc=1.2:lftc=20:random_seed=1726227088:i=1283:kws=inv_precedence:bs=on:av=off_1173 on p for (1173ds/1283Mi)
% Instruction limit reached! 
% ------------------------------
% Version: Vampire 5.0.1 (Release build, commit 1b13eaf on 2026-01-18 12:14:50 +0000)
% Linked with Z3 4.14.0.0 3c47fd96cf5645d0c42b2c819d9e9a84380aa721 NOTFOUND
% CaDiCaL version: 2.1.3
% Termination reason: Instruction limit
% Termination phase: Saturation
% Time elapsed: 0.179 s
% Peak memory usage: 19 MB
% Instructions burned: 1283 (million)
% dis+1010_16_to=lpo:sil=4000:fde=none:sos=on:spb=non_intro:random_seed=4169158600:st=1.8:i=311:sd=1:aac=none:gtg=exists_top:ss=axioms_1171 on p for (1171ds/311Mi)
% Refutation not found, incomplete strategy
% ------------------------------
% Version: Vampire 5.0.1 (Release build, commit 1b13eaf on 2026-01-18 12:14:50 +0000)
% Linked with Z3 4.14.0.0 3c47fd96cf5645d0c42b2c819d9e9a84380aa721 NOTFOUND
% CaDiCaL version: 2.1.3
% Termination reason: Refutation not found, incomplete strategy
% Time elapsed: 0.0000 s
% Peak memory usage: 11 MB
% ------------------------------
% ------------------------------
% dis+10_1_sfv=off:to=lpo:sil=4000:plsq=on:fde=none:plsqc=1:avsql=on:plsqr=10,1:sos=all:lma=off:acc=on:avsqc=3:random_seed=1972249040:avsq=on:i=161:aac=none_1171 on p for (1171ds/161Mi)
% Refutation not found, incomplete strategy
% ------------------------------
% Version: Vampire 5.0.1 (Release build, commit 1b13eaf on 2026-01-18 12:14:50 +0000)
% Linked with Z3 4.14.0.0 3c47fd96cf5645d0c42b2c819d9e9a84380aa721 NOTFOUND
% CaDiCaL version: 2.1.3
% Termination reason: Refutation not found, incomplete strategy
% Time elapsed: 0.0000 s
% Peak memory usage: 11 MB
% ------------------------------
% ------------------------------
% WARNING Broken Constraint: if kbo_weight_scheme(frequency) has been set then term_ordering(lpo) is equal to kbo or term_ordering(lpo) is equal to auto_kbo
% lrs+11_1024_to=lpo:sil=4000:plsq=on:plsqc=1:plsqr=64,1:fs=off:lsd=100:alpa=true:random_seed=3916489862:i=192:kws=frequency:nm=7:fsr=off_1171 on p for (1171ds/192Mi)
% Instruction limit reached! 
% ------------------------------
% Version: Vampire 5.0.1 (Release build, commit 1b13eaf on 2026-01-18 12:14:50 +0000)
% Linked with Z3 4.14.0.0 3c47fd96cf5645d0c42b2c819d9e9a84380aa721 NOTFOUND
% CaDiCaL version: 2.1.3
% Termination reason: Instruction limit
% Termination phase: Saturation
% Time elapsed: 0.026 s
% Peak memory usage: 11 MB
% Instructions burned: 274 (million)
% dis-1010_4096_to=lpo:sil=64000:sp=occurrence:erd=off:newcnf=on:random_seed=25532743:st=-1:i=2238:gtgl=4:sd=1:av=off:gtg=exists_sym:ss=included_1171 on p for (1171ds/2238Mi)
% Instruction limit reached! 
% ------------------------------
% Version: Vampire 5.0.1 (Release build, commit 1b13eaf on 2026-01-18 12:14:50 +0000)
% Linked with Z3 4.14.0.0 3c47fd96cf5645d0c42b2c819d9e9a84380aa721 NOTFOUND
% CaDiCaL version: 2.1.3
% Termination reason: Instruction limit
% Termination phase: Saturation
% Time elapsed: 0.307 s
% Peak memory usage: 23 MB
% Instructions burned: 2238 (million)
% dis+10_4_sfv=off:to=lpo:sil=4000:random_seed=1346782289:s2pl=no:i=224:sd=1:nm=16:ss=axioms:er=filter:sgt=4_1168 on p for (1168ds/224Mi)
% Instruction limit reached! 
% ------------------------------
% Version: Vampire 5.0.1 (Release build, commit 1b13eaf on 2026-01-18 12:14:50 +0000)
% Linked with Z3 4.14.0.0 3c47fd96cf5645d0c42b2c819d9e9a84380aa721 NOTFOUND
% CaDiCaL version: 2.1.3
% Termination reason: Instruction limit
% Termination phase: Saturation
% Time elapsed: 0.032 s
% Peak memory usage: 12 MB
% Instructions burned: 231 (million)
% lrs+1011_8:1_to=lpo:sil=2000:plsq=on:plsqc=1:plsqr=10,1:sos=on:lsd=1:urr=on:bsr=unit_only:rp=on:alpa=false:updr=off:sac=on:newcnf=on:slsq=on:random_seed=1404836531:cts=off:avsq=on:s2a=on:i=292:avsqr=1,16:sd=3:slsql=off:bd=preordered:nm=4:gsp=on:sup=off:ss=included:sgt=8:rawr=on_1168 on p for (1168ds/292Mi)
% Refutation not found, incomplete strategy
% ------------------------------
% Version: Vampire 5.0.1 (Release build, commit 1b13eaf on 2026-01-18 12:14:50 +0000)
% Linked with Z3 4.14.0.0 3c47fd96cf5645d0c42b2c819d9e9a84380aa721 NOTFOUND
% CaDiCaL version: 2.1.3
% Termination reason: Refutation not found, incomplete strategy
% Time elapsed: 0.0000 s
% Peak memory usage: 11 MB
% ------------------------------
% ------------------------------
% lrs+2_64_to=lpo:sil=4000:sas=cadical:sos=on:spb=goal:sac=on:random_seed=210765133:st=1.5:i=165:aac=none:ss=included_1168 on p for (1168ds/165Mi)
% Refutation not found, incomplete strategy
% ------------------------------
% Version: Vampire 5.0.1 (Release build, commit 1b13eaf on 2026-01-18 12:14:50 +0000)
% Linked with Z3 4.14.0.0 3c47fd96cf5645d0c42b2c819d9e9a84380aa721 NOTFOUND
% CaDiCaL version: 2.1.3
% Termination reason: Refutation not found, incomplete strategy
% Time elapsed: 0.0000 s
% Peak memory usage: 8 MB
% ------------------------------
% ------------------------------
% dis+1011_12:1_to=lpo:sil=32000:plsq=on:plsqc=2:plsqr=32,1:sos=on:fs=off:lsd=20:bsr=unit_only:fd=off:random_seed=2236831810:s2a=on:i=167:nm=16:fsr=off:amm=off_1168 on p for (1168ds/167Mi)
% Refutation not found, incomplete strategy
% ------------------------------
% Version: Vampire 5.0.1 (Release build, commit 1b13eaf on 2026-01-18 12:14:50 +0000)
% Linked with Z3 4.14.0.0 3c47fd96cf5645d0c42b2c819d9e9a84380aa721 NOTFOUND
% CaDiCaL version: 2.1.3
% Termination reason: Refutation not found, incomplete strategy
% Time elapsed: 0.0000 s
% Peak memory usage: 11 MB
% ------------------------------
% ------------------------------
% lrs+1010_2:1_to=lpo:sil=16000:spb=goal:slsq=on:random_seed=1455792567:i=170:ins=10:av=off:fsd=on_1167 on p for (1167ds/170Mi)
% Instruction limit reached! 
% ------------------------------
% Version: Vampire 5.0.1 (Release build, commit 1b13eaf on 2026-01-18 12:14:50 +0000)
% Linked with Z3 4.14.0.0 3c47fd96cf5645d0c42b2c819d9e9a84380aa721 NOTFOUND
% CaDiCaL version: 2.1.3
% Termination reason: Instruction limit
% Termination phase: Saturation
% Time elapsed: 0.027 s
% Peak memory usage: 13 MB
% Instructions burned: 173 (million)
% WARNING Broken Constraint: if kbo_weight_scheme(inv_arity) has been set then term_ordering(lpo) is equal to kbo or term_ordering(lpo) is equal to auto_kbo
% ott+1002_10_sfv=off:to=lpo:sil=4000:tgt=full:nwc=1:newcnf=on:random_seed=2301035731:i=178:kws=inv_arity:bd=preordered:fsd=on_1167 on p for (1167ds/178Mi)
% Instruction limit reached! 
% ------------------------------
% Version: Vampire 5.0.1 (Release build, commit 1b13eaf on 2026-01-18 12:14:50 +0000)
% Linked with Z3 4.14.0.0 3c47fd96cf5645d0c42b2c819d9e9a84380aa721 NOTFOUND
% CaDiCaL version: 2.1.3
% Termination reason: Instruction limit
% Termination phase: Saturation
% Time elapsed: 0.027 s
% Peak memory usage: 13 MB
% Instructions burned: 184 (million)
% lrs+1004_1_to=lpo:sil=2000:sp=occurrence:sos=all:erd=off:random_seed=2033476012:i=218:aac=none:ep=RS_1167 on p for (1167ds/218Mi)
% Refutation not found, incomplete strategy
% ------------------------------
% Version: Vampire 5.0.1 (Release build, commit 1b13eaf on 2026-01-18 12:14:50 +0000)
% Linked with Z3 4.14.0.0 3c47fd96cf5645d0c42b2c819d9e9a84380aa721 NOTFOUND
% CaDiCaL version: 2.1.3
% Termination reason: Refutation not found, incomplete strategy
% Time elapsed: 0.0000 s
% Peak memory usage: 11 MB
% ------------------------------
% ------------------------------
% lrs-1011_1_to=lpo:sil=2000:sos=on:random_seed=3961248362:i=2073:sd=1:ss=axioms:sgt=64_1167 on p for (1167ds/2073Mi)
% Refutation not found, incomplete strategy
% ------------------------------
% Version: Vampire 5.0.1 (Release build, commit 1b13eaf on 2026-01-18 12:14:50 +0000)
% Linked with Z3 4.14.0.0 3c47fd96cf5645d0c42b2c819d9e9a84380aa721 NOTFOUND
% CaDiCaL version: 2.1.3
% Termination reason: Refutation not found, incomplete strategy
% Time elapsed: 0.0000 s
% Peak memory usage: 11 MB
% ------------------------------
% ------------------------------
% dis+1011_1_to=lpo:sil=4000:plsq=on:plsqc=2:plsqr=64,1:sos=on:lsd=1:alpa=false:random_seed=759631485:avsq=on:i=140:avsqr=1,16:aac=none:ep=RS:nm=4:gsp=on_1167 on p for (1167ds/140Mi)
% Refutation not found, incomplete strategy
% ------------------------------
% Version: Vampire 5.0.1 (Release build, commit 1b13eaf on 2026-01-18 12:14:50 +0000)
% Linked with Z3 4.14.0.0 3c47fd96cf5645d0c42b2c819d9e9a84380aa721 NOTFOUND
% CaDiCaL version: 2.1.3
% Termination reason: Refutation not found, incomplete strategy
% Time elapsed: 0.0000 s
% Peak memory usage: 11 MB
% ------------------------------
% ------------------------------
% lrs+11_1_sfv=off:to=lpo:sil=2000:plsq=on:plsqc=1:bsd=on:plsqr=128,1:sos=all:newcnf=on:random_seed=3239941003:s2pl=on:i=142:sd=1:ss=axioms:fsd=on:sgt=32_1167 on p for (1167ds/142Mi)
% Refutation not found, incomplete strategy
% ------------------------------
% Version: Vampire 5.0.1 (Release build, commit 1b13eaf on 2026-01-18 12:14:50 +0000)
% Linked with Z3 4.14.0.0 3c47fd96cf5645d0c42b2c819d9e9a84380aa721 NOTFOUND
% CaDiCaL version: 2.1.3
% Termination reason: Refutation not found, incomplete strategy
% Time elapsed: 0.0000 s
% Peak memory usage: 11 MB
% ------------------------------
% ------------------------------
% dis-1010_1_to=lpo:sil=4000:random_seed=2649233190:i=184:sd=1:ep=RS:nm=2:av=off:ss=axioms_1167 on p for (1167ds/184Mi)
% Refutation not found, incomplete strategy
% ------------------------------
% Version: Vampire 5.0.1 (Release build, commit 1b13eaf on 2026-01-18 12:14:50 +0000)
% Linked with Z3 4.14.0.0 3c47fd96cf5645d0c42b2c819d9e9a84380aa721 NOTFOUND
% CaDiCaL version: 2.1.3
% Termination reason: Refutation not found, incomplete strategy
% Time elapsed: 0.0000 s
% Peak memory usage: 8 MB
% ------------------------------
% ------------------------------
% lrs+3_11:1_to=lpo:sil=4000:plsq=on:erd=off:urr=on:br=off:random_seed=1866320885:s2a=on:i=142:s2at=7:sd=1:ep=RS:ss=axioms:sgt=16_1167 on p for (1167ds/142Mi)
% Refutation not found, incomplete strategy
% ------------------------------
% Version: Vampire 5.0.1 (Release build, commit 1b13eaf on 2026-01-18 12:14:50 +0000)
% Linked with Z3 4.14.0.0 3c47fd96cf5645d0c42b2c819d9e9a84380aa721 NOTFOUND
% CaDiCaL version: 2.1.3
% Termination reason: Refutation not found, incomplete strategy
% Time elapsed: 0.0000 s
% Peak memory usage: 11 MB
% ------------------------------
% ------------------------------
% lrs-1010_1_to=lpo:sil=4000:fde=none:sos=on:erd=off:random_seed=3142973357:cts=off:i=278:sd=1:av=off:ss=included_1167 on p for (1167ds/278Mi)
% Refutation not found, incomplete strategy
% ------------------------------
% Version: Vampire 5.0.1 (Release build, commit 1b13eaf on 2026-01-18 12:14:50 +0000)
% Linked with Z3 4.14.0.0 3c47fd96cf5645d0c42b2c819d9e9a84380aa721 NOTFOUND
% CaDiCaL version: 2.1.3
% Termination reason: Refutation not found, incomplete strategy
% Time elapsed: 0.0000 s
% Peak memory usage: 8 MB
% ------------------------------
% ------------------------------
% ott-1010_32:1_to=lpo:sil=2000:sp=arity:sos=all:s2agt=16:random_seed=1068681253:st=2:s2a=on:cond=fast:i=194:av=off:gsp=on:ss=axioms_1167 on p for (1167ds/194Mi)
% Refutation not found, incomplete strategy
% ------------------------------
% Version: Vampire 5.0.1 (Release build, commit 1b13eaf on 2026-01-18 12:14:50 +0000)
% Linked with Z3 4.14.0.0 3c47fd96cf5645d0c42b2c819d9e9a84380aa721 NOTFOUND
% CaDiCaL version: 2.1.3
% Termination reason: Refutation not found, incomplete strategy
% Time elapsed: 0.0000 s
% Peak memory usage: 8 MB
% ------------------------------
% ------------------------------
% dis+10_1_sfv=off:slsqr=1,2:to=lpo:sil=2000:tgt=full:urr=on:br=off:flr=on:slsq=on:random_seed=3733555255:st=2:i=292:sd=2:slsql=off:nm=0:ins=20:gsp=on:ss=axioms:fsd=on_1167 on p for (1167ds/292Mi)
% Instruction limit reached! 
% ------------------------------
% Version: Vampire 5.0.1 (Release build, commit 1b13eaf on 2026-01-18 12:14:50 +0000)
% Linked with Z3 4.14.0.0 3c47fd96cf5645d0c42b2c819d9e9a84380aa721 NOTFOUND
% CaDiCaL version: 2.1.3
% Termination reason: Instruction limit
% Termination phase: Saturation
% Time elapsed: 0.041 s
% Peak memory usage: 13 MB
% Instructions burned: 300 (million)
% lrs+10_1_to=lpo:sil=4000:plsq=on:plsqc=1:plsqr=64,1:etr=on:sp=const_min:sos=on:spb=goal_then_units:br=off:sac=on:random_seed=1554440313:i=196:nm=0_1166 on p for (1166ds/196Mi)
% Refutation not found, incomplete strategy
% ------------------------------
% Version: Vampire 5.0.1 (Release build, commit 1b13eaf on 2026-01-18 12:14:50 +0000)
% Linked with Z3 4.14.0.0 3c47fd96cf5645d0c42b2c819d9e9a84380aa721 NOTFOUND
% CaDiCaL version: 2.1.3
% Termination reason: Refutation not found, incomplete strategy
% Time elapsed: 0.0000 s
% Peak memory usage: 11 MB
% ------------------------------
% ------------------------------
% lrs+1010_6:1_to=lpo:sil=32000:plsq=on:plsqr=128,1:sos=on:urr=on:plsql=on:flr=on:newcnf=on:lwlo=on:random_seed=1952283355:lrd=on:s2pl=on:i=148:ep=RS_1166 on p for (1166ds/148Mi)
% Refutation not found, incomplete strategy
% ------------------------------
% Version: Vampire 5.0.1 (Release build, commit 1b13eaf on 2026-01-18 12:14:50 +0000)
% Linked with Z3 4.14.0.0 3c47fd96cf5645d0c42b2c819d9e9a84380aa721 NOTFOUND
% CaDiCaL version: 2.1.3
% Termination reason: Refutation not found, incomplete strategy
% Time elapsed: 0.0000 s
% Peak memory usage: 11 MB
% ------------------------------
% ------------------------------
% dis+10_1_slsqr=4,1:to=lpo:sil=8000:urr=ec_only:br=off:slsqc=2:slsq=on:random_seed=3703501211:s2a=on:i=148:s2at=2:ins=1:gtg=position:fsd=on_1166 on p for (1166ds/148Mi)
% Instruction limit reached! 
% ------------------------------
% Version: Vampire 5.0.1 (Release build, commit 1b13eaf on 2026-01-18 12:14:50 +0000)
% Linked with Z3 4.14.0.0 3c47fd96cf5645d0c42b2c819d9e9a84380aa721 NOTFOUND
% CaDiCaL version: 2.1.3
% Termination reason: Instruction limit
% Termination phase: Saturation
% Time elapsed: 0.027 s
% Peak memory usage: 12 MB
% Instructions burned: 183 (million)
% lrs+10_1_to=lpo:sil=16000:irw=on:sos=all:spb=goal:acc=on:urr=on:br=off:newcnf=on:random_seed=549180551:s2a=on:i=148:bd=preordered:nm=6:ins=10_1166 on p for (1166ds/148Mi)
% Refutation not found, incomplete strategy
% ------------------------------
% Version: Vampire 5.0.1 (Release build, commit 1b13eaf on 2026-01-18 12:14:50 +0000)
% Linked with Z3 4.14.0.0 3c47fd96cf5645d0c42b2c819d9e9a84380aa721 NOTFOUND
% CaDiCaL version: 2.1.3
% Termination reason: Refutation not found, incomplete strategy
% Time elapsed: 0.0000 s
% Peak memory usage: 11 MB
% ------------------------------
% ------------------------------
% lrs+1011_32_to=lpo:sil=2000:bce=on:nwc=5:alpa=false:slsq=on:random_seed=1899189770:cts=off:i=543:aac=none:fsr=off:amm=off:rawr=on_1166 on p for (1166ds/543Mi)
% Instruction limit reached! 
% ------------------------------
% Version: Vampire 5.0.1 (Release build, commit 1b13eaf on 2026-01-18 12:14:50 +0000)
% Linked with Z3 4.14.0.0 3c47fd96cf5645d0c42b2c819d9e9a84380aa721 NOTFOUND
% CaDiCaL version: 2.1.3
% Termination reason: Instruction limit
% Termination phase: Saturation
% Time elapsed: 0.082 s
% Peak memory usage: 18 MB
% Instructions burned: 545 (million)
% dis-1011_128_to=lpo:sil=4000:tgt=full:sas=cadical:bce=on:fd=off:rp=on:slsqc=2:sac=on:slsq=on:random_seed=1687220759:i=153:s2at=3:ins=1_1165 on p for (1165ds/153Mi)
% Instruction limit reached! 
% ------------------------------
% Version: Vampire 5.0.1 (Release build, commit 1b13eaf on 2026-01-18 12:14:50 +0000)
% Linked with Z3 4.14.0.0 3c47fd96cf5645d0c42b2c819d9e9a84380aa721 NOTFOUND
% CaDiCaL version: 2.1.3
% Termination reason: Instruction limit
% Termination phase: Saturation
% Time elapsed: 0.024 s
% Peak memory usage: 13 MB
% Instructions burned: 158 (million)
% dis-1002_3:2_to=lpo:sil=16000:plsq=on:plsqc=1:plsqr=3,1:plsql=on:newcnf=on:random_seed=107183219:s2a=on:i=632:av=off:gtg=position_1165 on p for (1165ds/632Mi)
% Instruction limit reached! 
% ------------------------------
% Version: Vampire 5.0.1 (Release build, commit 1b13eaf on 2026-01-18 12:14:50 +0000)
% Linked with Z3 4.14.0.0 3c47fd96cf5645d0c42b2c819d9e9a84380aa721 NOTFOUND
% CaDiCaL version: 2.1.3
% Termination reason: Instruction limit
% Termination phase: Saturation
% Time elapsed: 0.088 s
% Peak memory usage: 15 MB
% Instructions burned: 632 (million)
% ott+10_14_to=lpo:sil=8000:tgt=full:prc=on:random_seed=1281221834:i=2501:fsr=off_1164 on p for (1164ds/2501Mi)
% Instruction limit reached! 
% ------------------------------
% Version: Vampire 5.0.1 (Release build, commit 1b13eaf on 2026-01-18 12:14:50 +0000)
% Linked with Z3 4.14.0.0 3c47fd96cf5645d0c42b2c819d9e9a84380aa721 NOTFOUND
% CaDiCaL version: 2.1.3
% Termination reason: Instruction limit
% Termination phase: Saturation
% Time elapsed: 0.404 s
% Peak memory usage: 57 MB
% Instructions burned: 2505 (million)
% dis+1011_1024_slsqr=1,128:to=lpo:sil=8000:gs=on:br=off:slsqc=1:slsq=on:random_seed=108381933:i=367:s2at=5:sd=3:slsql=off:ss=axioms:sgt=10_1160 on p for (1160ds/367Mi)
% Instruction limit reached! 
% ------------------------------
% Version: Vampire 5.0.1 (Release build, commit 1b13eaf on 2026-01-18 12:14:50 +0000)
% Linked with Z3 4.14.0.0 3c47fd96cf5645d0c42b2c819d9e9a84380aa721 NOTFOUND
% CaDiCaL version: 2.1.3
% Termination reason: Instruction limit
% Termination phase: Saturation
% Time elapsed: 0.048 s
% Peak memory usage: 14 MB
% Instructions burned: 372 (million)
% lrs+10_8_to=lpo:sil=4000:plsq=on:plsqc=1:urr=on:br=off:flr=on:newcnf=on:random_seed=2358871105:st=4:i=207:sd=1:fsr=off:gsp=on:ss=axioms_1159 on p for (1159ds/207Mi)
% Instruction limit reached! 
% ------------------------------
% Version: Vampire 5.0.1 (Release build, commit 1b13eaf on 2026-01-18 12:14:50 +0000)
% Linked with Z3 4.14.0.0 3c47fd96cf5645d0c42b2c819d9e9a84380aa721 NOTFOUND
% CaDiCaL version: 2.1.3
% Termination reason: Instruction limit
% Termination phase: Saturation
% Time elapsed: 0.034 s
% Peak memory usage: 14 MB
% Instructions burned: 212 (million)
% lrs-1010_1_to=lpo:sil=4000:sos=on:random_seed=1981296246:i=3739:sd=2:ins=10:ss=axioms_1159 on p for (1159ds/3739Mi)
% Refutation not found, incomplete strategy
% ------------------------------
% Version: Vampire 5.0.1 (Release build, commit 1b13eaf on 2026-01-18 12:14:50 +0000)
% Linked with Z3 4.14.0.0 3c47fd96cf5645d0c42b2c819d9e9a84380aa721 NOTFOUND
% CaDiCaL version: 2.1.3
% Termination reason: Refutation not found, incomplete strategy
% Time elapsed: 0.002 s
% Peak memory usage: 11 MB
% ------------------------------
% ------------------------------
% dis-1011_1_to=lpo:sil=4000:plsq=on:plsqr=32,1:sos=on:erd=off:lsd=5:fd=off:random_seed=3997148732:i=157:nm=16:av=off_1158 on p for (1158ds/157Mi)
% Refutation not found, incomplete strategy
% ------------------------------
% Version: Vampire 5.0.1 (Release build, commit 1b13eaf on 2026-01-18 12:14:50 +0000)
% Linked with Z3 4.14.0.0 3c47fd96cf5645d0c42b2c819d9e9a84380aa721 NOTFOUND
% CaDiCaL version: 2.1.3
% Termination reason: Refutation not found, incomplete strategy
% Time elapsed: 0.001 s
% Peak memory usage: 8 MB
% ------------------------------
% ------------------------------
% lrs+10_1_to=lpo:sil=4000:sp=occurrence:urr=on:br=off:random_seed=1895358826:st=1.2:s2a=on:i=1800:s2at=2:sd=3:ss=included:sgt=20_1158 on p for (1158ds/1800Mi)
% Instruction limit reached! 
% ------------------------------
% Version: Vampire 5.0.1 (Release build, commit 1b13eaf on 2026-01-18 12:14:50 +0000)
% Linked with Z3 4.14.0.0 3c47fd96cf5645d0c42b2c819d9e9a84380aa721 NOTFOUND
% CaDiCaL version: 2.1.3
% Termination reason: Instruction limit
% Termination phase: Saturation
% Time elapsed: 0.361 s
% Peak memory usage: 35 MB
% Instructions burned: 1801 (million)
% lrs+1010_4_to=lpo:sil=2000:plsq=on:prc=on:plsqr=18,1:sp=occurrence:fd=off:sac=on:random_seed=3157150218:s2a=on:i=163:nm=7:rawr=on_1154 on p for (1154ds/163Mi)
% Instruction limit reached! 
% ------------------------------
% Version: Vampire 5.0.1 (Release build, commit 1b13eaf on 2026-01-18 12:14:50 +0000)
% Linked with Z3 4.14.0.0 3c47fd96cf5645d0c42b2c819d9e9a84380aa721 NOTFOUND
% CaDiCaL version: 2.1.3
% Termination reason: Instruction limit
% Termination phase: Saturation
% Time elapsed: 0.028 s
% Peak memory usage: 14 MB
% Instructions burned: 163 (million)
% lrs-1011_4:1_anc=all_dependent:slsqr=5,4:to=kbo:sil=16000:tgt=ground:fde=none:sas=cadical:erd=off:fd=preordered:nwc=3:s2agt=16:alpa=true:flr=on:sac=on:lftc=80:slsq=on:avsqc=2:random_seed=2601702456:avsq=on:s2a=on:i=163:avsqr=7,8:ep=RST:fdi=8_1154 on p for (1154ds/163Mi)
% Aborted by signal SIGSEGV on /tmp/tmphithy3bi/p.p
% ------------------------------
% Version: Vampire 5.0.1 (Release build, commit 1b13eaf on 2026-01-18 12:14:50 +0000)
% Linked with Z3 4.14.0.0 3c47fd96cf5645d0c42b2c819d9e9a84380aa721 NOTFOUND
% CaDiCaL version: 2.1.3
% Termination reason: Unknown
% Termination phase: Saturation
% Time elapsed: 0.001 s
% Peak memory usage: 12 MB
% dis-1011_2:1_to=lpo:sil=8000:plsq=on:plsqr=1,8:sos=on:erd=off:gs=on:random_seed=1203128612:st=10:i=164:sd=1:aac=none:bd=all:nm=3:ss=included:rawr=on_1154 on p for (1154ds/164Mi)
% Refutation not found, incomplete strategy
% ------------------------------
% Version: Vampire 5.0.1 (Release build, commit 1b13eaf on 2026-01-18 12:14:50 +0000)
% Linked with Z3 4.14.0.0 3c47fd96cf5645d0c42b2c819d9e9a84380aa721 NOTFOUND
% CaDiCaL version: 2.1.3
% Termination reason: Refutation not found, incomplete strategy
% Time elapsed: 0.002 s
% Peak memory usage: 11 MB
% ------------------------------
% ------------------------------
% lrs+10_2:5_slsqr=2,1:to=lpo:sil=2000:plsq=on:plsqc=1:sas=cadical:plsqr=64,1:sp=const_min:acc=on:bce=on:plsql=on:alpa=random:flr=on:sac=on:slsq=on:random_seed=2270764281:s2a=on:i=230:s2at=2:slsql=off:fsr=off:gsp=on:ss=included:sgt=32:rawr=on_1154 on p for (1154ds/230Mi)
% Instruction limit reached! 
% ------------------------------
% Version: Vampire 5.0.1 (Release build, commit 1b13eaf on 2026-01-18 12:14:50 +0000)
% Linked with Z3 4.14.0.0 3c47fd96cf5645d0c42b2c819d9e9a84380aa721 NOTFOUND
% CaDiCaL version: 2.1.3
% Termination reason: Instruction limit
% Termination phase: Saturation
% Time elapsed: 0.039 s
% Peak memory usage: 15 MB
% Instructions burned: 236 (million)
% dis+1010_16_anc=all_dependent:to=lpo:sil=8000:sp=arity:fd=off:sac=on:random_seed=1361790954:st=5:i=165:sd=2:aac=none:ins=10:fsr=off:ss=axioms:fsd=on_1153 on p for (1153ds/165Mi)
% Instruction limit reached! 
% ------------------------------
% Version: Vampire 5.0.1 (Release build, commit 1b13eaf on 2026-01-18 12:14:50 +0000)
% Linked with Z3 4.14.0.0 3c47fd96cf5645d0c42b2c819d9e9a84380aa721 NOTFOUND
% CaDiCaL version: 2.1.3
% Termination reason: Instruction limit
% Termination phase: Saturation
% Time elapsed: 0.025 s
% Peak memory usage: 12 MB
% Instructions burned: 168 (million)
% lrs-2_64_to=lpo:sil=4000:sos=on:lcm=predicate:random_seed=2601810338:st=3:i=361:sd=5:av=off:ss=included_1153 on p for (1153ds/361Mi)
% Refutation not found, incomplete strategy
% ------------------------------
% Version: Vampire 5.0.1 (Release build, commit 1b13eaf on 2026-01-18 12:14:50 +0000)
% Linked with Z3 4.14.0.0 3c47fd96cf5645d0c42b2c819d9e9a84380aa721 NOTFOUND
% CaDiCaL version: 2.1.3
% Termination reason: Refutation not found, incomplete strategy
% Time elapsed: 0.0000 s
% Peak memory usage: 8 MB
% ------------------------------
% ------------------------------
% dis-1011_8_to=lpo:sil=4000:fde=none:nwc=2:random_seed=2856072562:st=5:s2a=on:i=231:s2at=2:sd=6:ep=RS:ins=1:ss=axioms_1153 on p for (1153ds/231Mi)
% Refutation not found, incomplete strategy
% ------------------------------
% Version: Vampire 5.0.1 (Release build, commit 1b13eaf on 2026-01-18 12:14:50 +0000)
% Linked with Z3 4.14.0.0 3c47fd96cf5645d0c42b2c819d9e9a84380aa721 NOTFOUND
% CaDiCaL version: 2.1.3
% Termination reason: Refutation not found, incomplete strategy
% Time elapsed: 0.0000 s
% Peak memory usage: 11 MB
% ------------------------------
% ------------------------------
% Aborted by signal SIGSEGV on /tmp/tmphithy3bi/p.p
% ------------------------------
% Version: Vampire 5.0.1 (Release build, commit 1b13eaf on 2026-01-18 12:14:50 +0000)
% Linked with Z3 4.14.0.0 3c47fd96cf5645d0c42b2c819d9e9a84380aa721 NOTFOUND
% CaDiCaL version: 2.1.3
% Termination reason: Refutation not found, incomplete strategy
% Time elapsed: 0.001 s
% Peak memory usage: 11 MB
% lrs-1010_8:1_anc=none:slsqr=4,1:to=lpo:sil=4000:tgt=ground:plsq=on:plsqc=1:plsqr=32,1:nwc=3:slsqc=1:slsq=on:avsqc=1:random_seed=1561032276:avsq=on:i=169:doe=on:nicw=on:nm=16:ss=axioms_1153 on p for (1153ds/169Mi)
% Refutation not found, incomplete strategy
% ------------------------------
% Version: Vampire 5.0.1 (Release build, commit 1b13eaf on 2026-01-18 12:14:50 +0000)
% Linked with Z3 4.14.0.0 3c47fd96cf5645d0c42b2c819d9e9a84380aa721 NOTFOUND
% CaDiCaL version: 2.1.3
% Termination reason: Refutation not found, incomplete strategy
% Time elapsed: 0.0000 s
% Peak memory usage: 11 MB
% ------------------------------
% ------------------------------
% lrs+11_32_anc=all:to=lpo:sil=4000:sos=all:erd=off:urr=on:sac=on:random_seed=2686874479:s2a=on:i=169:nicw=on:gtg=position:gsp=on:ss=axioms:sgt=8_1153 on p for (1153ds/169Mi)
% Refutation not found, incomplete strategy
% ------------------------------
% Version: Vampire 5.0.1 (Release build, commit 1b13eaf on 2026-01-18 12:14:50 +0000)
% Linked with Z3 4.14.0.0 3c47fd96cf5645d0c42b2c819d9e9a84380aa721 NOTFOUND
% CaDiCaL version: 2.1.3
% Termination reason: Refutation not found, incomplete strategy
% Time elapsed: 0.013 s
% Peak memory usage: 12 MB
% ------------------------------
% ------------------------------
% ott+1011_16_to=lpo:sil=2000:lsd=100:newcnf=on:random_seed=3303703140:st=3:s2a=on:i=169:sd=1:av=off:fsr=off:ss=axioms_1152 on p for (1152ds/169Mi)
% Instruction limit reached! 
% ------------------------------
% Version: Vampire 5.0.1 (Release build, commit 1b13eaf on 2026-01-18 12:14:50 +0000)
% Linked with Z3 4.14.0.0 3c47fd96cf5645d0c42b2c819d9e9a84380aa721 NOTFOUND
% CaDiCaL version: 2.1.3
% Termination reason: Instruction limit
% Termination phase: Saturation
% Time elapsed: 0.029 s
% Peak memory usage: 13 MB
% Instructions burned: 171 (million)
% lrs+1002_1_to=lpo:sil=128000:sos=on:random_seed=914550198:st=1.5:i=170:sd=2:nm=2:gtg=all:ss=axioms:fsd=on_1152 on p for (1152ds/170Mi)
% Instruction limit reached! 
% ------------------------------
% Version: Vampire 5.0.1 (Release build, commit 1b13eaf on 2026-01-18 12:14:50 +0000)
% Linked with Z3 4.14.0.0 3c47fd96cf5645d0c42b2c819d9e9a84380aa721 NOTFOUND
% CaDiCaL version: 2.1.3
% Termination reason: Instruction limit
% Termination phase: Saturation
% Time elapsed: 0.029 s
% Peak memory usage: 13 MB
% Instructions burned: 173 (million)
% dis+4_4_to=lpo:sil=16000:plsq=on:plsqr=1,32:sp=unary_frequency:lcm=predicate:fd=off:rp=on:random_seed=2520288754:i=170:bd=preordered:nm=2:av=off:sup=off_1152 on p for (1152ds/170Mi)
% Refutation not found, incomplete strategy
% ------------------------------
% Version: Vampire 5.0.1 (Release build, commit 1b13eaf on 2026-01-18 12:14:50 +0000)
% Linked with Z3 4.14.0.0 3c47fd96cf5645d0c42b2c819d9e9a84380aa721 NOTFOUND
% CaDiCaL version: 2.1.3
% Termination reason: Refutation not found, incomplete strategy
% Time elapsed: 0.0000 s
% Peak memory usage: 8 MB
% ------------------------------
% ------------------------------
% dis-1011_5:1_to=lpo:sil=4000:lsd=50:random_seed=406337407:s2a=on:i=171:s2at=1.2:ep=R:gtg=position_1152 on p for (1152ds/171Mi)
% Refutation not found, incomplete strategy
% ------------------------------
% Version: Vampire 5.0.1 (Release build, commit 1b13eaf on 2026-01-18 12:14:50 +0000)
% Linked with Z3 4.14.0.0 3c47fd96cf5645d0c42b2c819d9e9a84380aa721 NOTFOUND
% CaDiCaL version: 2.1.3
% Termination reason: Refutation not found, incomplete strategy
% Time elapsed: 0.0000 s
% Peak memory usage: 11 MB
% ------------------------------
% ------------------------------
% lrs+10_1_to=lpo:sil=4000:plsq=on:plsqr=32,1:sos=on:fs=off:acc=on:urr=ec_only:gs=on:sac=on:random_seed=1824459460:i=530:nm=0:fsr=off_1152 on p for (1152ds/530Mi)
% Refutation not found, incomplete strategy
% ------------------------------
% Version: Vampire 5.0.1 (Release build, commit 1b13eaf on 2026-01-18 12:14:50 +0000)
% Linked with Z3 4.14.0.0 3c47fd96cf5645d0c42b2c819d9e9a84380aa721 NOTFOUND
% CaDiCaL version: 2.1.3
% Termination reason: Refutation not found, incomplete strategy
% Time elapsed: 0.0000 s
% Peak memory usage: 12 MB
% ------------------------------
% ------------------------------
% lrs+1002_1_to=lpo:sil=8000:sos=on:erd=off:sac=on:random_seed=294699911:st=6:i=1370:sd=4:aac=none:sup=off:ss=axioms:sgt=16_1152 on p for (1152ds/1370Mi)
% Refutation not found, incomplete strategy
% ------------------------------
% Version: Vampire 5.0.1 (Release build, commit 1b13eaf on 2026-01-18 12:14:50 +0000)
% Linked with Z3 4.14.0.0 3c47fd96cf5645d0c42b2c819d9e9a84380aa721 NOTFOUND
% CaDiCaL version: 2.1.3
% Termination reason: Refutation not found, incomplete strategy
% Time elapsed: 0.0000 s
% Peak memory usage: 11 MB
% ------------------------------
% ------------------------------
% WARNING Broken Constraint: if kbo_weight_scheme(arity_squared) has been set then term_ordering(lpo) is equal to kbo or term_ordering(lpo) is equal to auto_kbo
% dis+1011_64_to=lpo:sil=128000:bsd=on:sp=arity:sos=on:lsd=50:fd=off:random_seed=1060125372:i=252:gtgl=4:kws=arity_squared:nm=16:av=off:gtg=exists_sym:gsp=on:fsd=on_1151 on p for (1151ds/252Mi)
% Instruction limit reached! 
% ------------------------------
% Version: Vampire 5.0.1 (Release build, commit 1b13eaf on 2026-01-18 12:14:50 +0000)
% Linked with Z3 4.14.0.0 3c47fd96cf5645d0c42b2c819d9e9a84380aa721 NOTFOUND
% CaDiCaL version: 2.1.3
% Termination reason: Instruction limit
% Termination phase: Saturation
% Time elapsed: 0.038 s
% Peak memory usage: 13 MB
% Instructions burned: 258 (million)
% WARNING Broken Constraint: if kbo_weight_scheme(precedence) has been set then term_ordering(lpo) is equal to kbo or term_ordering(lpo) is equal to auto_kbo
% dis+1010_3:1_to=lpo:sil=2000:tgt=full:prc=on:drc=off:fde=none:bsd=on:sp=unary_first:gs=on:br=off:random_seed=2177120196:i=178:kws=precedence:av=off:fsd=on_1151 on p for (1151ds/178Mi)
% Instruction limit reached! 
% ------------------------------
% Version: Vampire 5.0.1 (Release build, commit 1b13eaf on 2026-01-18 12:14:50 +0000)
% Linked with Z3 4.14.0.0 3c47fd96cf5645d0c42b2c819d9e9a84380aa721 NOTFOUND
% CaDiCaL version: 2.1.3
% Termination reason: Instruction limit
% Termination phase: Saturation
% Time elapsed: 0.028 s
% Peak memory usage: 12 MB
% Instructions burned: 184 (million)
% dis+10_8:1_to=lpo:sil=4000:sp=arity:sos=on:acc=on:fd=off:random_seed=4057572787:s2a=on:i=927:sd=2:ss=axioms_1151 on p for (1151ds/927Mi)
% Refutation not found, incomplete strategy
% ------------------------------
% Version: Vampire 5.0.1 (Release build, commit 1b13eaf on 2026-01-18 12:14:50 +0000)
% Linked with Z3 4.14.0.0 3c47fd96cf5645d0c42b2c819d9e9a84380aa721 NOTFOUND
% CaDiCaL version: 2.1.3
% Termination reason: Refutation not found, incomplete strategy
% Time elapsed: 0.0000 s
% Peak memory usage: 11 MB
% ------------------------------
% ------------------------------
% lrs+10_1_to=lpo:sil=4000:sos=on:spb=goal:lcm=predicate:urr=on:s2agt=8:sac=on:slsq=on:random_seed=572432767:st=3.3:s2a=on:i=269:sd=2:doe=on:nm=2:gtg=position:sup=off:ss=axioms_1151 on p for (1151ds/269Mi)
% Refutation not found, incomplete strategy
% ------------------------------
% Version: Vampire 5.0.1 (Release build, commit 1b13eaf on 2026-01-18 12:14:50 +0000)
% Linked with Z3 4.14.0.0 3c47fd96cf5645d0c42b2c819d9e9a84380aa721 NOTFOUND
% CaDiCaL version: 2.1.3
% Termination reason: Refutation not found, incomplete strategy
% Time elapsed: 0.0000 s
% Peak memory usage: 11 MB
% ------------------------------
% ------------------------------
% WARNING Broken Constraint: if kbo_weight_scheme(arity_squared) has been set then term_ordering(lpo) is equal to kbo or term_ordering(lpo) is equal to auto_kbo
% lrs+21_32:1_to=lpo:sil=16000:bsd=on:sos=on:spb=goal_then_units:lcm=predicate:flr=on:random_seed=2982070266:s2a=on:i=185:s2at=3.5:kws=arity_squared_1151 on p for (1151ds/185Mi)
% Refutation not found, incomplete strategy
% ------------------------------
% Version: Vampire 5.0.1 (Release build, commit 1b13eaf on 2026-01-18 12:14:50 +0000)
% Linked with Z3 4.14.0.0 3c47fd96cf5645d0c42b2c819d9e9a84380aa721 NOTFOUND
% CaDiCaL version: 2.1.3
% Termination reason: Refutation not found, incomplete strategy
% Time elapsed: 0.0000 s
% Peak memory usage: 11 MB
% ------------------------------
% ------------------------------
% lrs+1010_64_to=lpo:sil=2000:sos=on:erd=off:bce=on:bsr=on:nwc=1:flr=on:newcnf=on:random_seed=578350229:i=277:av=off:fdi=64_1151 on p for (1151ds/277Mi)
% Refutation not found, incomplete strategy
% ------------------------------
% Version: Vampire 5.0.1 (Release build, commit 1b13eaf on 2026-01-18 12:14:50 +0000)
% Linked with Z3 4.14.0.0 3c47fd96cf5645d0c42b2c819d9e9a84380aa721 NOTFOUND
% CaDiCaL version: 2.1.3
% Termination reason: Refutation not found, incomplete strategy
% Time elapsed: 0.0000 s
% Peak memory usage: 8 MB
% ------------------------------
% ------------------------------
% lrs-1011_64_to=lpo:sil=4000:fd=preordered:br=off:random_seed=355504824:i=456:sd=2:av=off:ss=axioms:sgt=32_1151 on p for (1151ds/456Mi)
% Instruction limit reached! 
% ------------------------------
% Version: Vampire 5.0.1 (Release build, commit 1b13eaf on 2026-01-18 12:14:50 +0000)
% Linked with Z3 4.14.0.0 3c47fd96cf5645d0c42b2c819d9e9a84380aa721 NOTFOUND
% CaDiCaL version: 2.1.3
% Termination reason: Instruction limit
% Termination phase: Saturation
% Time elapsed: 0.072 s
% Peak memory usage: 17 MB
% Instructions burned: 461 (million)
% lrs+10_32_to=lpo:sil=2000:sp=occurrence:sos=all:urr=on:br=off:random_seed=3795582480:st=3:i=635:sd=5:sup=off:ss=included_1150 on p for (1150ds/635Mi)
% Refutation not found, incomplete strategy
% ------------------------------
% Version: Vampire 5.0.1 (Release build, commit 1b13eaf on 2026-01-18 12:14:50 +0000)
% Linked with Z3 4.14.0.0 3c47fd96cf5645d0c42b2c819d9e9a84380aa721 NOTFOUND
% CaDiCaL version: 2.1.3
% Termination reason: Refutation not found, incomplete strategy
% Time elapsed: 0.0000 s
% Peak memory usage: 11 MB
% ------------------------------
% ------------------------------
% lrs+1011_23:4_slsqr=8,1:to=lpo:sil=32000:plsq=on:fde=none:plsqc=4:plsqr=64,1:spb=goal_then_units:acc=on:urr=on:plsql=on:gs=on:slsqc=4:alpa=true:slsq=on:random_seed=2036459662:cond=on:i=190:add=on:aac=none:doe=on:slsql=off:bd=preordered:nm=2:sup=off:ss=axioms_1150 on p for (1150ds/190Mi)
% Refutation not found, incomplete strategy
% ------------------------------
% Version: Vampire 5.0.1 (Release build, commit 1b13eaf on 2026-01-18 12:14:50 +0000)
% Linked with Z3 4.14.0.0 3c47fd96cf5645d0c42b2c819d9e9a84380aa721 NOTFOUND
% CaDiCaL version: 2.1.3
% Termination reason: Refutation not found, incomplete strategy
% Time elapsed: 0.0000 s
% Peak memory usage: 12 MB
% ------------------------------
% ------------------------------
% dis+1010_32:1_to=lpo:sil=2000:bsd=on:fd=off:slsq=on:random_seed=2054196711:cts=off:i=1282:sd=1:av=off:gtg=position:ss=axioms_1150 on p for (1150ds/1282Mi)
% Refutation not found, incomplete strategy
% ------------------------------
% Version: Vampire 5.0.1 (Release build, commit 1b13eaf on 2026-01-18 12:14:50 +0000)
% Linked with Z3 4.14.0.0 3c47fd96cf5645d0c42b2c819d9e9a84380aa721 NOTFOUND
% CaDiCaL version: 2.1.3
% Termination reason: Refutation not found, incomplete strategy
% Time elapsed: 0.0000 s
% Peak memory usage: 8 MB
% ------------------------------
% ------------------------------
% lrs+1011_16_anc=all_dependent:to=lpo:sil=4000:plsq=on:fde=none:plsqc=1:sas=cadical:plsqr=64,1:sos=on:spb=non_intro:plsql=on:fd=off:alpa=random:sac=on:random_seed=2417757622:avsq=on:i=191:avsqr=1,16:nm=16:ins=1:rawr=on_1150 on p for (1150ds/191Mi)
% Refutation not found, incomplete strategy
% ------------------------------
% Version: Vampire 5.0.1 (Release build, commit 1b13eaf on 2026-01-18 12:14:50 +0000)
% Linked with Z3 4.14.0.0 3c47fd96cf5645d0c42b2c819d9e9a84380aa721 NOTFOUND
% CaDiCaL version: 2.1.3
% Termination reason: Refutation not found, incomplete strategy
% Time elapsed: 0.0000 s
% Peak memory usage: 12 MB
% ------------------------------
% ------------------------------
% WARNING Broken Constraint: if kbo_max_zero(on) has been set then term_ordering(lpo) is equal to kbo or term_ordering(lpo) is equal to auto_kbo
% WARNING Broken Constraint: if kbo_weight_scheme(precedence) has been set then term_ordering(lpo) is equal to kbo or term_ordering(lpo) is equal to auto_kbo
% lrs+11_1_anc=all_dependent:to=lpo:sil=2000:plsq=on:fde=unused:plsqr=32,1:spb=intro:bsr=unit_only:gs=on:kmz=on:newcnf=on:random_seed=357297735:st=1.2:i=564:gtgl=3:sd=3:kws=precedence:gtg=exists_top:fdi=4:ss=axioms:sgt=10_1150 on p for (1150ds/564Mi)
% Instruction limit reached! 
% ------------------------------
% Version: Vampire 5.0.1 (Release build, commit 1b13eaf on 2026-01-18 12:14:50 +0000)
% Linked with Z3 4.14.0.0 3c47fd96cf5645d0c42b2c819d9e9a84380aa721 NOTFOUND
% CaDiCaL version: 2.1.3
% Termination reason: Instruction limit
% Termination phase: Saturation
% Time elapsed: 0.089 s
% Peak memory usage: 19 MB
% Instructions burned: 570 (million)
% dis-1011_25:7_to=lpo:sil=4000:sas=cadical:avsql=on:lsd=50:acc=on:bsr=unit_only:nwc=4:newcnf=on:avsqc=2:random_seed=1893822897:avsq=on:s2a=on:i=193:s2at=-1:avsqr=2,3:aac=none:ep=RSTC:rawr=on_1149 on p for (1149ds/193Mi)
% Aborted by signal SIGSEGV on /tmp/tmphithy3bi/p.p
% ------------------------------
% Version: Vampire 5.0.1 (Release build, commit 1b13eaf on 2026-01-18 12:14:50 +0000)
% Linked with Z3 4.14.0.0 3c47fd96cf5645d0c42b2c819d9e9a84380aa721 NOTFOUND
% CaDiCaL version: 2.1.3
% Termination reason: Unknown
% Termination phase: Saturation
% Time elapsed: 0.003 s
% Peak memory usage: 12 MB
% Instructions burned: 15 (million)
% dis+1003_12_to=lpo:sil=4000:plsq=on:plsqr=32,1:sp=weighted_frequency:sos=all:erd=off:lma=off:spb=intro:lcm=predicate:acc=on:urr=full:slsqc=2:updr=off:newcnf=on:slsq=on:random_seed=3296806102:i=195:ins=10:fsr=off:fdi=4:gsp=on_1149 on p for (1149ds/195Mi)
% Refutation not found, incomplete strategy
% ------------------------------
% Version: Vampire 5.0.1 (Release build, commit 1b13eaf on 2026-01-18 12:14:50 +0000)
% Linked with Z3 4.14.0.0 3c47fd96cf5645d0c42b2c819d9e9a84380aa721 NOTFOUND
% CaDiCaL version: 2.1.3
% Termination reason: Refutation not found, incomplete strategy
% Time elapsed: 0.0000 s
% Peak memory usage: 12 MB
% ------------------------------
% ------------------------------
% lrs+1010_4_to=lpo:sil=4000:drc=off:sp=weighted_frequency:spb=goal_then_units:nwc=5:lftc=50:random_seed=439516674:s2a=on:i=302:fgj=on:bd=all_1149 on p for (1149ds/302Mi)
% Instruction limit reached! 
% ------------------------------
% Version: Vampire 5.0.1 (Release build, commit 1b13eaf on 2026-01-18 12:14:50 +0000)
% Linked with Z3 4.14.0.0 3c47fd96cf5645d0c42b2c819d9e9a84380aa721 NOTFOUND
% CaDiCaL version: 2.1.3
% Termination reason: Instruction limit
% Termination phase: Saturation
% Time elapsed: 0.046 s
% Peak memory usage: 14 MB
% Instructions burned: 303 (million)
% lrs+1011_1_sfv=off:to=lpo:sil=4000:sp=arity:sos=all:spb=goal:urr=ec_only:br=off:random_seed=1931247613:i=2020:sd=1:ss=included_1148 on p for (1148ds/2020Mi)
% Refutation not found, incomplete strategy
% ------------------------------
% Version: Vampire 5.0.1 (Release build, commit 1b13eaf on 2026-01-18 12:14:50 +0000)
% Linked with Z3 4.14.0.0 3c47fd96cf5645d0c42b2c819d9e9a84380aa721 NOTFOUND
% CaDiCaL version: 2.1.3
% Termination reason: Refutation not found, incomplete strategy
% Time elapsed: 0.002 s
% Peak memory usage: 11 MB
% ------------------------------
% ------------------------------
% dis+1011_32_slsqr=1,4:to=lpo:sil=4000:erd=off:s2agt=8:slsqc=3:slsq=on:random_seed=3870420534:i=912:sd=4:nicw=on:ep=RS:ss=axioms:sgt=32_1148 on p for (1148ds/912Mi)
% Refutation not found, incomplete strategy
% ------------------------------
% Version: Vampire 5.0.1 (Release build, commit 1b13eaf on 2026-01-18 12:14:50 +0000)
% Linked with Z3 4.14.0.0 3c47fd96cf5645d0c42b2c819d9e9a84380aa721 NOTFOUND
% CaDiCaL version: 2.1.3
% Termination reason: Refutation not found, incomplete strategy
% Time elapsed: 0.002 s
% Peak memory usage: 11 MB
% ------------------------------
% ------------------------------
% Aborted by signal SIGSEGV on /tmp/tmphithy3bi/p.p
% ------------------------------
% Version: Vampire 5.0.1 (Release build, commit 1b13eaf on 2026-01-18 12:14:50 +0000)
% Linked with Z3 4.14.0.0 3c47fd96cf5645d0c42b2c819d9e9a84380aa721 NOTFOUND
% CaDiCaL version: 2.1.3
% Termination reason: Refutation not found, incomplete strategy
% Time elapsed: 0.002 s
% Peak memory usage: 11 MB
% lrs-11_23:64_sfv=off:to=lpo:sil=4000:tgt=ground:sp=const_min:sos=all:spb=goal:lcm=predicate:urr=on:fd=preordered:nwc=1:flr=on:lftc=40:random_seed=993896282:st=1.38385:i=303:add=off:aac=none:ss=axioms_1148 on p for (1148ds/303Mi)
% Refutation not found, incomplete strategy
% ------------------------------
% Version: Vampire 5.0.1 (Release build, commit 1b13eaf on 2026-01-18 12:14:50 +0000)
% Linked with Z3 4.14.0.0 3c47fd96cf5645d0c42b2c819d9e9a84380aa721 NOTFOUND
% CaDiCaL version: 2.1.3
% Termination reason: Refutation not found, incomplete strategy
% Time elapsed: 0.002 s
% Peak memory usage: 11 MB
% ------------------------------
% ------------------------------
% dis+1011_3:1_to=lpo:sil=8000:prc=on:drc=off:fde=unused:sp=reverse_arity:spb=non_intro:random_seed=4015507413:i=817:ins=20:av=off_1147 on p for (1147ds/817Mi)
% Instruction limit reached! 
% ------------------------------
% Version: Vampire 5.0.1 (Release build, commit 1b13eaf on 2026-01-18 12:14:50 +0000)
% Linked with Z3 4.14.0.0 3c47fd96cf5645d0c42b2c819d9e9a84380aa721 NOTFOUND
% CaDiCaL version: 2.1.3
% Termination reason: Instruction limit
% Termination phase: Saturation
% Time elapsed: 0.140 s
% Peak memory usage: 15 MB
% Instructions burned: 822 (million)
% dis+1_32:1_to=lpo:sil=128000:sp=occurrence:acc=on:s2agt=30:random_seed=2891052252:s2pl=no:s2a=on:i=1164:sd=2:nicw=on:fsr=off:ss=included_1146 on p for (1146ds/1164Mi)
% Instruction limit reached! 
% ------------------------------
% Version: Vampire 5.0.1 (Release build, commit 1b13eaf on 2026-01-18 12:14:50 +0000)
% Linked with Z3 4.14.0.0 3c47fd96cf5645d0c42b2c819d9e9a84380aa721 NOTFOUND
% CaDiCaL version: 2.1.3
% Termination reason: Instruction limit
% Termination phase: Saturation
% Time elapsed: 0.159 s
% Peak memory usage: 17 MB
% Instructions burned: 1165 (million)
% lrs-1011_1_to=lpo:sil=2000:sos=all:spb=goal_then_units:random_seed=1445009187:i=208_1144 on p for (1144ds/208Mi)
% Refutation not found, incomplete strategy
% ------------------------------
% Version: Vampire 5.0.1 (Release build, commit 1b13eaf on 2026-01-18 12:14:50 +0000)
% Linked with Z3 4.14.0.0 3c47fd96cf5645d0c42b2c819d9e9a84380aa721 NOTFOUND
% CaDiCaL version: 2.1.3
% Termination reason: Refutation not found, incomplete strategy
% Time elapsed: 0.001 s
% Peak memory usage: 11 MB
% ------------------------------
% ------------------------------
% lrs+1011_1_to=lpo:sil=32000:sp=occurrence:sos=all:random_seed=2387102110:st=2.3:i=7185:sd=14:ss=axioms:sgt=16_1144 on p for (1144ds/7185Mi)
% Refutation not found, incomplete strategy
% ------------------------------
% Version: Vampire 5.0.1 (Release build, commit 1b13eaf on 2026-01-18 12:14:50 +0000)
% Linked with Z3 4.14.0.0 3c47fd96cf5645d0c42b2c819d9e9a84380aa721 NOTFOUND
% CaDiCaL version: 2.1.3
% Termination reason: Refutation not found, incomplete strategy
% Time elapsed: 0.0000 s
% Peak memory usage: 11 MB
% ------------------------------
% ------------------------------
% dis+1002_2_to=lpo:sil=8000:sos=on:random_seed=3275095582:i=322:sd=2:ep=R:nm=4:gtg=position:ss=axioms:sgt=4_1144 on p for (1144ds/322Mi)
% Refutation not found, incomplete strategy
% ------------------------------
% Version: Vampire 5.0.1 (Release build, commit 1b13eaf on 2026-01-18 12:14:50 +0000)
% Linked with Z3 4.14.0.0 3c47fd96cf5645d0c42b2c819d9e9a84380aa721 NOTFOUND
% CaDiCaL version: 2.1.3
% Termination reason: Refutation not found, incomplete strategy
% Time elapsed: 0.0000 s
% Peak memory usage: 11 MB
% ------------------------------
% ------------------------------
% WARNING Broken Constraint: if kbo_weight_scheme(inv_arity_squared) has been set then term_ordering(lpo) is equal to kbo or term_ordering(lpo) is equal to auto_kbo
% lrs-1010_1_to=lpo:sil=2000:plsq=on:plsqr=50755291,524288:urr=on:rp=on:s2agt=40:br=off:random_seed=1579414811:s2a=on:i=329:add=off:sd=1:kws=inv_arity_squared:gsp=on:ss=axioms:sgt=8_1144 on p for (1144ds/329Mi)
% Instruction limit reached! 
% ------------------------------
% Version: Vampire 5.0.1 (Release build, commit 1b13eaf on 2026-01-18 12:14:50 +0000)
% Linked with Z3 4.14.0.0 3c47fd96cf5645d0c42b2c819d9e9a84380aa721 NOTFOUND
% CaDiCaL version: 2.1.3
% Termination reason: Instruction limit
% Termination phase: Saturation
% Time elapsed: 0.053 s
% Peak memory usage: 15 MB
% Instructions burned: 337 (million)
% lrs-1011_1_to=lpo:sil=2000:erd=off:random_seed=3274689321:i=215:ep=RS:nm=2_1144 on p for (1144ds/215Mi)
% Refutation not found, incomplete strategy
% ------------------------------
% Version: Vampire 5.0.1 (Release build, commit 1b13eaf on 2026-01-18 12:14:50 +0000)
% Linked with Z3 4.14.0.0 3c47fd96cf5645d0c42b2c819d9e9a84380aa721 NOTFOUND
% CaDiCaL version: 2.1.3
% Termination reason: Refutation not found, incomplete strategy
% Time elapsed: 0.0000 s
% Peak memory usage: 11 MB
% ------------------------------
% ------------------------------
% Aborted by signal SIGSEGV on /tmp/tmphithy3bi/p.p
% ------------------------------
% Version: Vampire 5.0.1 (Release build, commit 1b13eaf on 2026-01-18 12:14:50 +0000)
% Linked with Z3 4.14.0.0 3c47fd96cf5645d0c42b2c819d9e9a84380aa721 NOTFOUND
% CaDiCaL version: 2.1.3
% Termination reason: Refutation not found, incomplete strategy
% Time elapsed: 0.0000 s
% Peak memory usage: 11 MB
% dis+1011_20_to=lpo:sil=4000:bsd=on:newcnf=on:slsq=on:random_seed=4076124111:i=215:sd=1:slsql=off:ss=axioms:fsd=on_1144 on p for (1144ds/215Mi)
% Refutation not found, incomplete strategy
% ------------------------------
% Version: Vampire 5.0.1 (Release build, commit 1b13eaf on 2026-01-18 12:14:50 +0000)
% Linked with Z3 4.14.0.0 3c47fd96cf5645d0c42b2c819d9e9a84380aa721 NOTFOUND
% CaDiCaL version: 2.1.3
% Termination reason: Refutation not found, incomplete strategy
% Time elapsed: 0.0000 s
% Peak memory usage: 11 MB
% ------------------------------
% ------------------------------
% lrs+1011_1_to=lpo:sil=256000:plsq=on:newcnf=on:random_seed=1473996850:st=2:i=216:sd=3:ep=R:av=off:ss=included:sgt=16_1144 on p for (1144ds/216Mi)
% Refutation not found, incomplete strategy
% ------------------------------
% Version: Vampire 5.0.1 (Release build, commit 1b13eaf on 2026-01-18 12:14:50 +0000)
% Linked with Z3 4.14.0.0 3c47fd96cf5645d0c42b2c819d9e9a84380aa721 NOTFOUND
% CaDiCaL version: 2.1.3
% Termination reason: Refutation not found, incomplete strategy
% Time elapsed: 0.0000 s
% Peak memory usage: 8 MB
% ------------------------------
% ------------------------------
% lrs-1002_50_to=lpo:sil=2000:sas=cadical:sos=on:spb=non_intro:random_seed=3022882258:i=223:doe=on:bd=all:fsr=off:fsd=on:fsdmm=1_1143 on p for (1143ds/223Mi)
% Refutation not found, incomplete strategy
% ------------------------------
% Version: Vampire 5.0.1 (Release build, commit 1b13eaf on 2026-01-18 12:14:50 +0000)
% Linked with Z3 4.14.0.0 3c47fd96cf5645d0c42b2c819d9e9a84380aa721 NOTFOUND
% CaDiCaL version: 2.1.3
% Termination reason: Refutation not found, incomplete strategy
% Time elapsed: 0.013 s
% Peak memory usage: 12 MB
% ------------------------------
% ------------------------------
% lrs+1010_1_to=lpo:sil=16000:plsq=on:fde=none:plsqr=32,1:sos=on:erd=off:random_seed=2156059323:cts=off:i=227:av=off_1143 on p for (1143ds/227Mi)
% Refutation not found, incomplete strategy
% ------------------------------
% Version: Vampire 5.0.1 (Release build, commit 1b13eaf on 2026-01-18 12:14:50 +0000)
% Linked with Z3 4.14.0.0 3c47fd96cf5645d0c42b2c819d9e9a84380aa721 NOTFOUND
% CaDiCaL version: 2.1.3
% Termination reason: Refutation not found, incomplete strategy
% Time elapsed: 0.001 s
% Peak memory usage: 8 MB
% ------------------------------
% ------------------------------
% lrs+1002_1_to=lpo:sil=4000:sp=occurrence:sos=on:erd=off:random_seed=1635979156:i=1636:sd=2:ep=RS:av=off:ss=axioms_1143 on p for (1143ds/1636Mi)
% Refutation not found, incomplete strategy
% ------------------------------
% Version: Vampire 5.0.1 (Release build, commit 1b13eaf on 2026-01-18 12:14:50 +0000)
% Linked with Z3 4.14.0.0 3c47fd96cf5645d0c42b2c819d9e9a84380aa721 NOTFOUND
% CaDiCaL version: 2.1.3
% Termination reason: Refutation not found, incomplete strategy
% Time elapsed: 0.002 s
% Peak memory usage: 8 MB
% ------------------------------
% ------------------------------
% dis-30_1_to=lpo:sil=16000:random_seed=316467887:st=3:i=6010:ep=RST:av=off:ss=included_1143 on p for (1143ds/6010Mi)
% Instruction limit reached! 
% ------------------------------
% Version: Vampire 5.0.1 (Release build, commit 1b13eaf on 2026-01-18 12:14:50 +0000)
% Linked with Z3 4.14.0.0 3c47fd96cf5645d0c42b2c819d9e9a84380aa721 NOTFOUND
% CaDiCaL version: 2.1.3
% Termination reason: Instruction limit
% Termination phase: Saturation
% Time elapsed: 0.739 s
% Peak memory usage: 14 MB
% Instructions burned: 6010 (million)
% WARNING Broken Constraint: if kbo_weight_scheme(precedence) has been set then term_ordering(lpo) is equal to kbo or term_ordering(lpo) is equal to auto_kbo
% lrs+2_1_to=lpo:sil=2000:random_seed=3521477447:i=1044:kws=precedence:fsr=off_1135 on p for (1135ds/1044Mi)
% Instruction limit reached! 
% ------------------------------
% Version: Vampire 5.0.1 (Release build, commit 1b13eaf on 2026-01-18 12:14:50 +0000)
% Linked with Z3 4.14.0.0 3c47fd96cf5645d0c42b2c819d9e9a84380aa721 NOTFOUND
% CaDiCaL version: 2.1.3
% Termination reason: Instruction limit
% Termination phase: Saturation
% Time elapsed: 0.152 s
% Peak memory usage: 27 MB
% Instructions burned: 1049 (million)
% lrs+0_32:1_to=lpo:sil=64000:tgt=ground:irw=on:prc=on:sp=reverse_frequency:bce=on:bsr=on:random_seed=1178953105:i=372:sd=1:erml=2:bs=unit_only:bd=all:av=off:gtg=exists_sym:ss=axioms:er=filter_1133 on p for (1133ds/372Mi)
% Instruction limit reached! 
% ------------------------------
% Version: Vampire 5.0.1 (Release build, commit 1b13eaf on 2026-01-18 12:14:50 +0000)
% Linked with Z3 4.14.0.0 3c47fd96cf5645d0c42b2c819d9e9a84380aa721 NOTFOUND
% CaDiCaL version: 2.1.3
% Termination reason: Instruction limit
% Termination phase: Saturation
% Time elapsed: 0.048 s
% Peak memory usage: 17 MB
% Instructions burned: 372 (million)
% lrs+1010_32_to=lpo:sil=4000:plsq=on:bsr=unit_only:nwc=3:newcnf=on:random_seed=769281143:cts=off:i=516:gtgl=5:nm=16:av=off:gtg=exists_sym_1133 on p for (1133ds/516Mi)
% Instruction limit reached! 
% ------------------------------
% Version: Vampire 5.0.1 (Release build, commit 1b13eaf on 2026-01-18 12:14:50 +0000)
% Linked with Z3 4.14.0.0 3c47fd96cf5645d0c42b2c819d9e9a84380aa721 NOTFOUND
% CaDiCaL version: 2.1.3
% Termination reason: Instruction limit
% Termination phase: Saturation
% Time elapsed: 0.078 s
% Peak memory usage: 18 MB
% Instructions burned: 516 (million)
% lrs-1010_3:2_to=lpo:sil=4000:irw=on:plsq=on:plsqc=4:fd=preordered:updr=off:lwlo=on:random_seed=437744506:lrd=on:i=2469:bd=preordered_1132 on p for (1132ds/2469Mi)
% Instruction limit reached! 
% ------------------------------
% Version: Vampire 5.0.1 (Release build, commit 1b13eaf on 2026-01-18 12:14:50 +0000)
% Linked with Z3 4.14.0.0 3c47fd96cf5645d0c42b2c819d9e9a84380aa721 NOTFOUND
% CaDiCaL version: 2.1.3
% Termination reason: Instruction limit
% Termination phase: Saturation
% Time elapsed: 0.376 s
% Peak memory usage: 34 MB
% Instructions burned: 2471 (million)
% dis+1011_128_to=lpo:sil=4000:tgt=full:sos=on:spb=goal:lsd=100:bsr=on:br=off:random_seed=2622729916:i=242:sd=1:gtg=position:ss=axioms:sgt=64_1128 on p for (1128ds/242Mi)
% Refutation not found, incomplete strategy
% ------------------------------
% Version: Vampire 5.0.1 (Release build, commit 1b13eaf on 2026-01-18 12:14:50 +0000)
% Linked with Z3 4.14.0.0 3c47fd96cf5645d0c42b2c819d9e9a84380aa721 NOTFOUND
% CaDiCaL version: 2.1.3
% Termination reason: Refutation not found, incomplete strategy
% Time elapsed: 0.002 s
% Peak memory usage: 11 MB
% ------------------------------
% ------------------------------
% lrs-1011_12_to=lpo:sil=8000:prc=on:drc=off:sp=reverse_frequency:erd=off:lsd=1:urr=on:bce=on:rp=on:nwc=0.6:newcnf=on:avsqc=1:random_seed=2630403083:avsq=on:s2a=on:i=242:bd=preordered:nm=2:fsd=on_1128 on p for (1128ds/242Mi)
% Instruction limit reached! 
% ------------------------------
% Version: Vampire 5.0.1 (Release build, commit 1b13eaf on 2026-01-18 12:14:50 +0000)
% Linked with Z3 4.14.0.0 3c47fd96cf5645d0c42b2c819d9e9a84380aa721 NOTFOUND
% CaDiCaL version: 2.1.3
% Termination reason: Instruction limit
% Termination phase: Saturation
% Time elapsed: 0.035 s
% Peak memory usage: 14 MB
% Instructions burned: 243 (million)
% dis+1010_6_to=lpo:sil=16000:tgt=full:sp=unary_first:nwc=2:random_seed=1888609606:s2a=on:i=2051:sd=1:nm=4:gsp=on:ss=included_1127 on p for (1127ds/2051Mi)
% Instruction limit reached! 
% ------------------------------
% Version: Vampire 5.0.1 (Release build, commit 1b13eaf on 2026-01-18 12:14:50 +0000)
% Linked with Z3 4.14.0.0 3c47fd96cf5645d0c42b2c819d9e9a84380aa721 NOTFOUND
% CaDiCaL version: 2.1.3
% Termination reason: Instruction limit
% Termination phase: Saturation
% Time elapsed: 0.289 s
% Peak memory usage: 21 MB
% Instructions burned: 2056 (million)
% lrs-1011_1_to=lpo:sil=2000:plsq=on:plsqr=128,1:flr=on:random_seed=3642432497:i=253:gtgl=2:sd=1:gtg=exists_all:ss=axioms_1124 on p for (1124ds/253Mi)
% Instruction limit reached! 
% ------------------------------
% Version: Vampire 5.0.1 (Release build, commit 1b13eaf on 2026-01-18 12:14:50 +0000)
% Linked with Z3 4.14.0.0 3c47fd96cf5645d0c42b2c819d9e9a84380aa721 NOTFOUND
% CaDiCaL version: 2.1.3
% Termination reason: Instruction limit
% Termination phase: Saturation
% Time elapsed: 0.040 s
% Peak memory usage: 14 MB
% Instructions burned: 257 (million)
% lrs+10_1_slsqr=8,1:to=lpo:sil=16000:plsq=on:plsqr=32,1:sp=unary_first:erd=off:spb=units:lcm=reverse:urr=on:slsqc=1:flr=on:slsq=on:random_seed=1882129006:i=256:s2at=9:bd=preordered:av=off:fsr=off:fdi=8_1124 on p for (1124ds/256Mi)
% Instruction limit reached! 
% ------------------------------
% Version: Vampire 5.0.1 (Release build, commit 1b13eaf on 2026-01-18 12:14:50 +0000)
% Linked with Z3 4.14.0.0 3c47fd96cf5645d0c42b2c819d9e9a84380aa721 NOTFOUND
% CaDiCaL version: 2.1.3
% Termination reason: Instruction limit
% Termination phase: Saturation
% Time elapsed: 0.086 s
% Peak memory usage: 14 MB
% Instructions burned: 258 (million)
% dis+11_1_to=lpo:sil=32000:tgt=full:plsq=on:fde=unused:plsqc=1:plsqr=128,1:sos=on:erd=off:plsql=on:newcnf=on:random_seed=586473753:s2pl=on:cts=off:i=259:bs=on:av=off:fsr=off:ss=axioms:fsd=on:sgt=32:rawr=on_1123 on p for (1123ds/259Mi)
% Refutation not found, incomplete strategy
% ------------------------------
% Version: Vampire 5.0.1 (Release build, commit 1b13eaf on 2026-01-18 12:14:50 +0000)
% Linked with Z3 4.14.0.0 3c47fd96cf5645d0c42b2c819d9e9a84380aa721 NOTFOUND
% CaDiCaL version: 2.1.3
% Termination reason: Refutation not found, incomplete strategy
% Time elapsed: 0.002 s
% Peak memory usage: 8 MB
% ------------------------------
% ------------------------------
% lrs-1010_16:1_to=lpo:sil=8000:sp=occurrence:sos=on:acc=on:random_seed=1090163270:i=1549:sd=1:nm=12:fsr=off:ss=included_1123 on p for (1123ds/1549Mi)
% Refutation not found, incomplete strategy
% ------------------------------
% Version: Vampire 5.0.1 (Release build, commit 1b13eaf on 2026-01-18 12:14:50 +0000)
% Linked with Z3 4.14.0.0 3c47fd96cf5645d0c42b2c819d9e9a84380aa721 NOTFOUND
% CaDiCaL version: 2.1.3
% Termination reason: Refutation not found, incomplete strategy
% Time elapsed: 0.002 s
% Peak memory usage: 11 MB
% ------------------------------
% ------------------------------
% lrs+33_2003:644_to=lpo:sil=4000:sp=reverse_frequency:lcm=predicate:urr=on:s2agt=10:random_seed=3301052166:s2a=on:i=751:bd=preordered:ins=1:fdi=8:gsp=on_1123 on p for (1123ds/751Mi)
% Instruction limit reached! 
% ------------------------------
% Version: Vampire 5.0.1 (Release build, commit 1b13eaf on 2026-01-18 12:14:50 +0000)
% Linked with Z3 4.14.0.0 3c47fd96cf5645d0c42b2c819d9e9a84380aa721 NOTFOUND
% CaDiCaL version: 2.1.3
% Termination reason: Instruction limit
% Termination phase: Saturation
% Time elapsed: 0.210 s
% Peak memory usage: 19 MB
% Instructions burned: 756 (million)
% lrs+10_1_to=lpo:sil=16000:sp=occurrence:urr=on:br=off:random_seed=2187417116:st=5:s2a=on:i=758:s2at=2:sd=2:nm=2:gtg=exists_top:sup=off:ss=axioms_1120 on p for (1120ds/758Mi)
% Refutation not found, incomplete strategy
% ------------------------------
% Version: Vampire 5.0.1 (Release build, commit 1b13eaf on 2026-01-18 12:14:50 +0000)
% Linked with Z3 4.14.0.0 3c47fd96cf5645d0c42b2c819d9e9a84380aa721 NOTFOUND
% CaDiCaL version: 2.1.3
% Termination reason: Refutation not found, incomplete strategy
% Time elapsed: 0.002 s
% Peak memory usage: 11 MB
% ------------------------------
% ------------------------------
% lrs+1010_64_to=lpo:sil=2000:fde=none:sp=const_max:sos=on:urr=ec_only:bsr=unit_only:fd=off:rp=on:br=off:alpa=true:sac=on:random_seed=366284079:avsq=on:i=596:avsqr=8,1:ins=2:fdi=1024:rawr=on_1120 on p for (1120ds/596Mi)
% Refutation not found, incomplete strategy
% ------------------------------
% Version: Vampire 5.0.1 (Release build, commit 1b13eaf on 2026-01-18 12:14:50 +0000)
% Linked with Z3 4.14.0.0 3c47fd96cf5645d0c42b2c819d9e9a84380aa721 NOTFOUND
% CaDiCaL version: 2.1.3
% Termination reason: Refutation not found, incomplete strategy
% Time elapsed: 0.002 s
% Peak memory usage: 11 MB
% ------------------------------
% ------------------------------
% ott+1011_2:7_to=lpo:sil=2000:tgt=full:plsq=on:fde=none:plsqc=5:sims=off:sp=unary_first:spb=non_intro:lsd=10:plsql=on:nwc=20:s2agt=128:random_seed=626897009:s2a=on:i=1443:s2at=3:bd=preordered:av=off:gtg=exists_top:fdi=8_1120 on p for (1120ds/1443Mi)
% Instruction limit reached! 
% ------------------------------
% Version: Vampire 5.0.1 (Release build, commit 1b13eaf on 2026-01-18 12:14:50 +0000)
% Linked with Z3 4.14.0.0 3c47fd96cf5645d0c42b2c819d9e9a84380aa721 NOTFOUND
% CaDiCaL version: 2.1.3
% Termination reason: Instruction limit
% Termination phase: Saturation
% Time elapsed: 0.295 s
% Peak memory usage: 26 MB
% Instructions burned: 1446 (million)
% lrs-1011_4_to=lpo:sil=2000:sp=arity:flr=on:random_seed=1174448054:st=3:i=268:bd=preordered:ss=axioms_1117 on p for (1117ds/268Mi)
% Instruction limit reached! 
% ------------------------------
% Version: Vampire 5.0.1 (Release build, commit 1b13eaf on 2026-01-18 12:14:50 +0000)
% Linked with Z3 4.14.0.0 3c47fd96cf5645d0c42b2c819d9e9a84380aa721 NOTFOUND
% CaDiCaL version: 2.1.3
% Termination reason: Instruction limit
% Termination phase: Saturation
% Time elapsed: 0.049 s
% Peak memory usage: 14 MB
% Instructions burned: 270 (million)
% lrs+1011_4_sfv=off:to=lpo:sil=2000:fde=none:sp=const_frequency:sos=all:br=off:random_seed=1607456881:st=4:i=269:sd=3:doe=on:ins=10:av=off:ss=axioms_1116 on p for (1116ds/269Mi)
% Refutation not found, incomplete strategy
% ------------------------------
% Version: Vampire 5.0.1 (Release build, commit 1b13eaf on 2026-01-18 12:14:50 +0000)
% Linked with Z3 4.14.0.0 3c47fd96cf5645d0c42b2c819d9e9a84380aa721 NOTFOUND
% CaDiCaL version: 2.1.3
% Termination reason: Refutation not found, incomplete strategy
% Time elapsed: 0.0000 s
% Peak memory usage: 8 MB
% ------------------------------
% ------------------------------
% dis+1011_10_to=lpo:sil=4000:sp=const_min:erd=off:spb=non_intro:bsr=unit_only:rp=on:flr=on:newcnf=on:random_seed=2151241784:cts=off:s2a=on:i=269:s2at=5:bd=preordered:av=off:fsr=off:rawr=on_1116 on p for (1116ds/269Mi)
% Instruction limit reached! 
% ------------------------------
% Version: Vampire 5.0.1 (Release build, commit 1b13eaf on 2026-01-18 12:14:50 +0000)
% Linked with Z3 4.14.0.0 3c47fd96cf5645d0c42b2c819d9e9a84380aa721 NOTFOUND
% CaDiCaL version: 2.1.3
% Termination reason: Instruction limit
% Termination phase: Saturation
% Time elapsed: 0.046 s
% Peak memory usage: 13 MB
% Instructions burned: 269 (million)
% lrs+10_3_to=lpo:sil=8000:tgt=ground:fde=none:sp=reverse_arity:lcm=predicate:random_seed=1850773359:i=3317:sd=1:av=off:ss=axioms:sgt=50_1116 on p for (1116ds/3317Mi)
% Instruction limit reached! 
% ------------------------------
% Version: Vampire 5.0.1 (Release build, commit 1b13eaf on 2026-01-18 12:14:50 +0000)
% Linked with Z3 4.14.0.0 3c47fd96cf5645d0c42b2c819d9e9a84380aa721 NOTFOUND
% CaDiCaL version: 2.1.3
% Termination reason: Instruction limit
% Termination phase: Saturation
% Time elapsed: 0.665 s
% Peak memory usage: 60 MB
% Instructions burned: 3322 (million)
% WARNING Broken Constraint: if kbo_max_zero(on) has been set then term_ordering(lpo) is equal to kbo or term_ordering(lpo) is equal to auto_kbo
% WARNING Broken Constraint: if kbo_weight_scheme(precedence) has been set then term_ordering(lpo) is equal to kbo or term_ordering(lpo) is equal to auto_kbo
% ott+11_3_sfv=off:to=lpo:sil=2000:tgt=full:sp=reverse_frequency:spb=goal_then_units:urr=on:nwc=5:s2agt=100:br=off:kmz=on:updr=off:slsq=on:random_seed=716294631:s2a=on:i=286:kws=precedence:bd=preordered:ins=20:av=off_1109 on p for (1109ds/286Mi)
% Instruction limit reached! 
% ------------------------------
% Version: Vampire 5.0.1 (Release build, commit 1b13eaf on 2026-01-18 12:14:50 +0000)
% Linked with Z3 4.14.0.0 3c47fd96cf5645d0c42b2c819d9e9a84380aa721 NOTFOUND
% CaDiCaL version: 2.1.3
% Termination reason: Instruction limit
% Termination phase: Saturation
% Time elapsed: 0.044 s
% Peak memory usage: 15 MB
% Instructions burned: 291 (million)
% lrs+1010_1_to=lpo:sil=4000:plsq=on:plsqr=64,1:sos=on:spb=goal:alpa=true:random_seed=3388212950:st=2:i=1238:sd=2:fsr=off:ss=axioms:fsd=on_1108 on p for (1108ds/1238Mi)
% Refutation not found, incomplete strategy
% ------------------------------
% Version: Vampire 5.0.1 (Release build, commit 1b13eaf on 2026-01-18 12:14:50 +0000)
% Linked with Z3 4.14.0.0 3c47fd96cf5645d0c42b2c819d9e9a84380aa721 NOTFOUND
% CaDiCaL version: 2.1.3
% Termination reason: Refutation not found, incomplete strategy
% Time elapsed: 0.0000 s
% Peak memory usage: 11 MB
% ------------------------------
% ------------------------------
% lrs+1002_8:1_to=lpo:sil=4000:urr=on:br=off:random_seed=46289925:st=3:s2a=on:i=291:s2at=2:sd=1:doe=on:av=off:ss=axioms_1108 on p for (1108ds/291Mi)
% Instruction limit reached! 
% ------------------------------
% Version: Vampire 5.0.1 (Release build, commit 1b13eaf on 2026-01-18 12:14:50 +0000)
% Linked with Z3 4.14.0.0 3c47fd96cf5645d0c42b2c819d9e9a84380aa721 NOTFOUND
% CaDiCaL version: 2.1.3
% Termination reason: Instruction limit
% Termination phase: Saturation
% Time elapsed: 0.045 s
% Peak memory usage: 15 MB
% Instructions burned: 293 (million)
% lrs+10_1_sfv=off:to=lpo:sil=2000:sos=all:lma=off:random_seed=2405712488:st=1.5:i=291:gtgl=2:sd=2:av=off:gtg=exists_sym:ss=axioms_1108 on p for (1108ds/291Mi)
% Instruction limit reached! 
% ------------------------------
% Version: Vampire 5.0.1 (Release build, commit 1b13eaf on 2026-01-18 12:14:50 +0000)
% Linked with Z3 4.14.0.0 3c47fd96cf5645d0c42b2c819d9e9a84380aa721 NOTFOUND
% CaDiCaL version: 2.1.3
% Termination reason: Instruction limit
% Termination phase: Saturation
% Time elapsed: 0.046 s
% Peak memory usage: 14 MB
% Instructions burned: 293 (million)
% dis-1011_5:1_anc=all_dependent:to=lpo:sil=4000:erd=off:lsd=60:alpa=true:sac=on:random_seed=3195150351:avsq=on:i=300:ep=R:gsp=on_1107 on p for (1107ds/300Mi)
% Refutation not found, incomplete strategy
% ------------------------------
% Version: Vampire 5.0.1 (Release build, commit 1b13eaf on 2026-01-18 12:14:50 +0000)
% Linked with Z3 4.14.0.0 3c47fd96cf5645d0c42b2c819d9e9a84380aa721 NOTFOUND
% CaDiCaL version: 2.1.3
% Termination reason: Refutation not found, incomplete strategy
% Time elapsed: 0.0000 s
% Peak memory usage: 11 MB
% ------------------------------
% ------------------------------
% lrs-1011_8:1_to=lpo:sil=8000:sp=unary_first:bsr=on:fd=off:random_seed=2289759256:i=305_1107 on p for (1107ds/305Mi)
% Instruction limit reached! 
% ------------------------------
% Version: Vampire 5.0.1 (Release build, commit 1b13eaf on 2026-01-18 12:14:50 +0000)
% Linked with Z3 4.14.0.0 3c47fd96cf5645d0c42b2c819d9e9a84380aa721 NOTFOUND
% CaDiCaL version: 2.1.3
% Termination reason: Instruction limit
% Termination phase: Saturation
% Time elapsed: 0.046 s
% Peak memory usage: 15 MB
% Instructions burned: 305 (million)
% lrs+1011_3:1_to=lpo:sil=2000:plsq=on:plsqc=1:plsqr=32,1:sos=all:bsr=unit_only:s2agt=8:random_seed=683389791:s2a=on:i=511:bd=all:nm=4:av=off:ss=axioms:sgt=8_1107 on p for (1107ds/511Mi)
% Refutation not found, incomplete strategy
% ------------------------------
% Version: Vampire 5.0.1 (Release build, commit 1b13eaf on 2026-01-18 12:14:50 +0000)
% Linked with Z3 4.14.0.0 3c47fd96cf5645d0c42b2c819d9e9a84380aa721 NOTFOUND
% CaDiCaL version: 2.1.3
% Termination reason: Refutation not found, incomplete strategy
% Time elapsed: 0.0000 s
% Peak memory usage: 8 MB
% ------------------------------
% ------------------------------
% dis-1010_16:1_to=lpo:sil=16000:fde=unused:fd=off:newcnf=on:slsq=on:random_seed=616819873:s2a=on:i=1555:nm=2:gtg=position:ss=axioms_1107 on p for (1107ds/1555Mi)
% Refutation not found, incomplete strategy
% ------------------------------
% Version: Vampire 5.0.1 (Release build, commit 1b13eaf on 2026-01-18 12:14:50 +0000)
% Linked with Z3 4.14.0.0 3c47fd96cf5645d0c42b2c819d9e9a84380aa721 NOTFOUND
% CaDiCaL version: 2.1.3
% Termination reason: Refutation not found, incomplete strategy
% Time elapsed: 0.0000 s
% Peak memory usage: 11 MB
% ------------------------------
% ------------------------------
% lrs-1010_20_to=lpo:sil=4000:prc=on:drc=ordering:fde=unused:sp=const_min:sos=all:spb=goal:urr=ec_only:nwc=8:br=off:lftc=40:random_seed=1166765739:s2a=on:i=744:aac=none:doe=on:bd=preordered:amm=off:fdi=8_1107 on p for (1107ds/744Mi)
% Refutation not found, incomplete strategy
% ------------------------------
% Version: Vampire 5.0.1 (Release build, commit 1b13eaf on 2026-01-18 12:14:50 +0000)
% Linked with Z3 4.14.0.0 3c47fd96cf5645d0c42b2c819d9e9a84380aa721 NOTFOUND
% CaDiCaL version: 2.1.3
% Termination reason: Refutation not found, incomplete strategy
% Time elapsed: 0.0000 s
% Peak memory usage: 11 MB
% ------------------------------
% ------------------------------
% lrs+10_7_to=lpo:sil=64000:tgt=ground:drc=off:fde=none:sp=const_frequency:slsqc=4:slsq=on:random_seed=3578041005:i=10680:bd=all:gtg=exists_sym_1107 on p for (1107ds/10680Mi)
% Instruction limit reached! 
% ------------------------------
% Version: Vampire 5.0.1 (Release build, commit 1b13eaf on 2026-01-18 12:14:50 +0000)
% Linked with Z3 4.14.0.0 3c47fd96cf5645d0c42b2c819d9e9a84380aa721 NOTFOUND
% CaDiCaL version: 2.1.3
% Termination reason: Instruction limit
% Termination phase: Saturation
% Time elapsed: 1.773 s
% Peak memory usage: 88 MB
% Instructions burned: 10685 (million)
% dis-1002_7_anc=all_dependent:to=kbo:sil=16000:drc=off:etr=on:sos=on:nwc=1:kmz=on:newcnf=on:random_seed=3370320539:i=317:kws=frequency:doe=on:bs=unit_only:nm=0:ins=10:amm=off:gtg=exists_sym_1089 on p for (1089ds/317Mi)
% Instruction limit reached! 
% ------------------------------
% Version: Vampire 5.0.1 (Release build, commit 1b13eaf on 2026-01-18 12:14:50 +0000)
% Linked with Z3 4.14.0.0 3c47fd96cf5645d0c42b2c819d9e9a84380aa721 NOTFOUND
% CaDiCaL version: 2.1.3
% Termination reason: Instruction limit
% Termination phase: Saturation
% Time elapsed: 0.095 s
% Peak memory usage: 13 MB
% Instructions burned: 321 (million)
% dis+1010_3_to=lpo:sil=4000:sp=const_frequency:sos=on:rnwc=on:nwc=3:flr=on:random_seed=797637802:i=317:add=off:doe=on:nicw=on_1088 on p for (1088ds/317Mi)
% Refutation not found, incomplete strategy
% ------------------------------
% Version: Vampire 5.0.1 (Release build, commit 1b13eaf on 2026-01-18 12:14:50 +0000)
% Linked with Z3 4.14.0.0 3c47fd96cf5645d0c42b2c819d9e9a84380aa721 NOTFOUND
% CaDiCaL version: 2.1.3
% Termination reason: Refutation not found, incomplete strategy
% Time elapsed: 0.002 s
% Peak memory usage: 11 MB
% ------------------------------
% ------------------------------
% dis+1002_2_to=lpo:sil=4000:nwc=1:slsqc=2:flr=on:newcnf=on:slsq=on:random_seed=14452654:s2a=on:i=2524:s2at=1.5:sd=5:ep=R:ss=axioms:sgt=16_1087 on p for (1087ds/2524Mi)
% Refutation not found, incomplete strategy
% ------------------------------
% Version: Vampire 5.0.1 (Release build, commit 1b13eaf on 2026-01-18 12:14:50 +0000)
% Linked with Z3 4.14.0.0 3c47fd96cf5645d0c42b2c819d9e9a84380aa721 NOTFOUND
% CaDiCaL version: 2.1.3
% Termination reason: Refutation not found, incomplete strategy
% Time elapsed: 0.0000 s
% Peak memory usage: 11 MB
% ------------------------------
% ------------------------------
% lrs+1002_1_to=lpo:sil=4000:sims=off:sos=on:bsr=on:fd=off:slsqc=1:slsq=on:random_seed=1858733009:i=544:s2at=2:gtg=all_1087 on p for (1087ds/544Mi)
% Instruction limit reached! 
% ------------------------------
% Version: Vampire 5.0.1 (Release build, commit 1b13eaf on 2026-01-18 12:14:50 +0000)
% Linked with Z3 4.14.0.0 3c47fd96cf5645d0c42b2c819d9e9a84380aa721 NOTFOUND
% CaDiCaL version: 2.1.3
% Termination reason: Instruction limit
% Termination phase: Saturation
% Time elapsed: 0.122 s
% Peak memory usage: 19 MB
% Instructions burned: 550 (million)
% lrs+1002_32_to=lpo:sil=2000:sp=occurrence:sos=on:erd=off:random_seed=2139012148:st=3:cts=off:i=548:sd=5:ss=included_1086 on p for (1086ds/548Mi)
% Refutation not found, incomplete strategy
% ------------------------------
% Version: Vampire 5.0.1 (Release build, commit 1b13eaf on 2026-01-18 12:14:50 +0000)
% Linked with Z3 4.14.0.0 3c47fd96cf5645d0c42b2c819d9e9a84380aa721 NOTFOUND
% CaDiCaL version: 2.1.3
% Termination reason: Refutation not found, incomplete strategy
% Time elapsed: 0.0000 s
% Peak memory usage: 11 MB
% ------------------------------
% ------------------------------
% lrs+1_1_to=lpo:sil=8000:plsq=on:sos=on:lcm=reverse:random_seed=818665599:s2a=on:i=6200:s2at=2:sd=1:ss=included_1086 on p for (1086ds/6200Mi)
% Refutation not found, incomplete strategy
% ------------------------------
% Version: Vampire 5.0.1 (Release build, commit 1b13eaf on 2026-01-18 12:14:50 +0000)
% Linked with Z3 4.14.0.0 3c47fd96cf5645d0c42b2c819d9e9a84380aa721 NOTFOUND
% CaDiCaL version: 2.1.3
% Termination reason: Refutation not found, incomplete strategy
% Time elapsed: 0.0000 s
% Peak memory usage: 11 MB
% ------------------------------
% ------------------------------
% lrs-1011_16:1_to=lpo:sil=8000:fde=none:sp=occurrence:urr=on:s2agt=64:newcnf=on:random_seed=38800781:s2a=on:i=567:sd=2:av=off:ss=axioms_1086 on p for (1086ds/567Mi)
% Refutation not found, incomplete strategy
% ------------------------------
% Version: Vampire 5.0.1 (Release build, commit 1b13eaf on 2026-01-18 12:14:50 +0000)
% Linked with Z3 4.14.0.0 3c47fd96cf5645d0c42b2c819d9e9a84380aa721 NOTFOUND
% CaDiCaL version: 2.1.3
% Termination reason: Refutation not found, incomplete strategy
% Time elapsed: 0.0000 s
% Peak memory usage: 9 MB
% ------------------------------
% ------------------------------
% lrs+10_1024_to=lpo:sil=4000:sp=occurrence:sos=all:urr=on:rnwc=on:nwc=0.5:br=off:random_seed=3831579100:st=4:i=335:sd=4:ep=RST:ss=included_1086 on p for (1086ds/335Mi)
% Instruction limit reached! 
% ------------------------------
% Version: Vampire 5.0.1 (Release build, commit 1b13eaf on 2026-01-18 12:14:50 +0000)
% Linked with Z3 4.14.0.0 3c47fd96cf5645d0c42b2c819d9e9a84380aa721 NOTFOUND
% CaDiCaL version: 2.1.3
% Termination reason: Instruction limit
% Termination phase: Saturation
% Time elapsed: 0.039 s
% Peak memory usage: 17 MB
% Instructions burned: 342 (million)
% lrs-1010_1_to=lpo:sil=4000:fde=none:sp=unary_frequency:sos=on:spb=units:random_seed=2281974715:st=2:cts=off:i=2004:sd=2:ins=10:av=off:ss=included_1086 on p for (1086ds/2004Mi)
% Refutation not found, incomplete strategy
% ------------------------------
% Version: Vampire 5.0.1 (Release build, commit 1b13eaf on 2026-01-18 12:14:50 +0000)
% Linked with Z3 4.14.0.0 3c47fd96cf5645d0c42b2c819d9e9a84380aa721 NOTFOUND
% CaDiCaL version: 2.1.3
% Termination reason: Refutation not found, incomplete strategy
% Time elapsed: 0.0000 s
% Peak memory usage: 8 MB
% ------------------------------
% ------------------------------
% lrs+1002_128_anc=all:to=lpo:sil=16000:drc=ordering:sp=reverse_frequency:fd=off:sac=on:random_seed=1137698847:lrd=on:i=338:fgj=on:bd=all:ins=7_1086 on p for (1086ds/338Mi)
% Instruction limit reached! 
% ------------------------------
% Version: Vampire 5.0.1 (Release build, commit 1b13eaf on 2026-01-18 12:14:50 +0000)
% Linked with Z3 4.14.0.0 3c47fd96cf5645d0c42b2c819d9e9a84380aa721 NOTFOUND
% CaDiCaL version: 2.1.3
% Termination reason: Instruction limit
% Termination phase: Saturation
% Time elapsed: 0.099 s
% Peak memory usage: 16 MB
% Instructions burned: 339 (million)
% dis+1011_4_to=lpo:sil=4000:fde=unused:bsr=on:nwc=5:slsqc=1:slsq=on:random_seed=3605273674:i=819:s2at=-1:slsql=off:ep=R:ins=1:av=off:gsp=on_1084 on p for (1084ds/819Mi)
% Refutation not found, incomplete strategy
% ------------------------------
% Version: Vampire 5.0.1 (Release build, commit 1b13eaf on 2026-01-18 12:14:50 +0000)
% Linked with Z3 4.14.0.0 3c47fd96cf5645d0c42b2c819d9e9a84380aa721 NOTFOUND
% CaDiCaL version: 2.1.3
% Termination reason: Refutation not found, incomplete strategy
% Time elapsed: 0.001 s
% Peak memory usage: 8 MB
% ------------------------------
% ------------------------------
% dis+10_16:1_to=lpo:sil=4000:urr=on:bce=on:rnwc=on:br=off:slsq=on:random_seed=179968503:st=1.78:s2a=on:i=608:s2at=7.4:sd=11:av=off:ss=included_1084 on p for (1084ds/608Mi)
% Instruction limit reached! 
% ------------------------------
% Version: Vampire 5.0.1 (Release build, commit 1b13eaf on 2026-01-18 12:14:50 +0000)
% Linked with Z3 4.14.0.0 3c47fd96cf5645d0c42b2c819d9e9a84380aa721 NOTFOUND
% CaDiCaL version: 2.1.3
% Termination reason: Instruction limit
% Termination phase: Saturation
% Time elapsed: 0.084 s
% Peak memory usage: 15 MB
% Instructions burned: 611 (million)
% WARNING Broken Constraint: if kbo_weight_scheme(inv_arity_squared) has been set then term_ordering(lpo) is equal to kbo or term_ordering(lpo) is equal to auto_kbo
% dis+1002_24_anc=all_dependent:slsqr=4,3:to=lpo:sil=2000:tgt=ground:sims=off:sas=cadical:spb=non_intro:acc=on:bsr=on:gs=on:slsqc=1:alpa=random:flr=on:sac=on:slsq=on:random_seed=1687248191:st=1.2:cts=off:s2a=on:i=363:add=on:kws=inv_arity_squared:nm=16:ins=1:ss=axioms:rawr=on_1083 on p for (1083ds/363Mi)
% Refutation not found, incomplete strategy
% ------------------------------
% Version: Vampire 5.0.1 (Release build, commit 1b13eaf on 2026-01-18 12:14:50 +0000)
% Linked with Z3 4.14.0.0 3c47fd96cf5645d0c42b2c819d9e9a84380aa721 NOTFOUND
% CaDiCaL version: 2.1.3
% Termination reason: Refutation not found, incomplete strategy
% Time elapsed: 0.0000 s
% Peak memory usage: 12 MB
% ------------------------------
% ------------------------------
% lrs+10_10_to=lpo:sil=4000:tgt=full:prc=on:drc=off:sp=const_min:sos=on:urr=on:rnwc=on:br=off:random_seed=2165491084:i=646:av=off:proc=on_1083 on p for (1083ds/646Mi)
% Refutation not found, incomplete strategy
% ------------------------------
% Version: Vampire 5.0.1 (Release build, commit 1b13eaf on 2026-01-18 12:14:50 +0000)
% Linked with Z3 4.14.0.0 3c47fd96cf5645d0c42b2c819d9e9a84380aa721 NOTFOUND
% CaDiCaL version: 2.1.3
% Termination reason: Refutation not found, incomplete strategy
% Time elapsed: 0.0000 s
% Peak memory usage: 8 MB
% ------------------------------
% ------------------------------
% ott+1002_24_to=lpo:sil=2000:sp=occurrence:urr=on:bce=on:s2agt=32:br=off:slsqc=1:slsq=on:random_seed=1865205493:st=2.7:s2a=on:i=382:s2at=1.1:sd=3:nm=0:ins=25:av=off:ss=axioms:sgt=15_1083 on p for (1083ds/382Mi)
% Instruction limit reached! 
% ------------------------------
% Version: Vampire 5.0.1 (Release build, commit 1b13eaf on 2026-01-18 12:14:50 +0000)
% Linked with Z3 4.14.0.0 3c47fd96cf5645d0c42b2c819d9e9a84380aa721 NOTFOUND
% CaDiCaL version: 2.1.3
% Termination reason: Instruction limit
% Termination phase: Saturation
% Time elapsed: 0.059 s
% Peak memory usage: 17 MB
% Instructions burned: 386 (million)
% dis+1011_2:3_anc=all_dependent:to=lpo:sil=2000:plsq=on:plsqc=2:sas=cadical:plsqr=44827,1048576:sos=on:erd=off:bsr=unit_only:plsql=on:sac=on:avsqc=1:random_seed=1274315244:avsq=on:i=666:avsqr=1,16:bs=unit_only:bd=all_1083 on p for (1083ds/666Mi)
% Refutation not found, incomplete strategy
% ------------------------------
% Version: Vampire 5.0.1 (Release build, commit 1b13eaf on 2026-01-18 12:14:50 +0000)
% Linked with Z3 4.14.0.0 3c47fd96cf5645d0c42b2c819d9e9a84380aa721 NOTFOUND
% CaDiCaL version: 2.1.3
% Termination reason: Refutation not found, incomplete strategy
% Time elapsed: 0.0000 s
% Peak memory usage: 12 MB
% ------------------------------
% ------------------------------
% lrs-1010_1_to=lpo:sil=2000:sp=occurrence:random_seed=154367943:st=2:i=953:sd=3:ss=axioms:sgt=10_1083 on p for (1083ds/953Mi)
% Instruction limit reached! 
% ------------------------------
% Version: Vampire 5.0.1 (Release build, commit 1b13eaf on 2026-01-18 12:14:50 +0000)
% Linked with Z3 4.14.0.0 3c47fd96cf5645d0c42b2c819d9e9a84380aa721 NOTFOUND
% CaDiCaL version: 2.1.3
% Termination reason: Instruction limit
% Termination phase: Saturation
% Time elapsed: 0.139 s
% Peak memory usage: 26 MB
% Instructions burned: 953 (million)
% lrs+1002_1_to=lpo:sil=8000:sp=occurrence:sos=on:random_seed=3854414096:st=4:cts=off:i=708:sd=2:ep=R:ss=axioms_1081 on p for (1081ds/708Mi)
% Refutation not found, incomplete strategy
% ------------------------------
% Version: Vampire 5.0.1 (Release build, commit 1b13eaf on 2026-01-18 12:14:50 +0000)
% Linked with Z3 4.14.0.0 3c47fd96cf5645d0c42b2c819d9e9a84380aa721 NOTFOUND
% CaDiCaL version: 2.1.3
% Termination reason: Refutation not found, incomplete strategy
% Time elapsed: 0.0000 s
% Peak memory usage: 11 MB
% ------------------------------
% ------------------------------
% WARNING Broken Constraint: if kbo_max_zero(on) has been set then term_ordering(lpo) is equal to kbo or term_ordering(lpo) is equal to auto_kbo
% WARNING Broken Constraint: if kbo_weight_scheme(inv_arity) has been set then term_ordering(lpo) is equal to kbo or term_ordering(lpo) is equal to auto_kbo
% dis-1011_8_to=lpo:sil=4000:plsq=on:prc=on:fde=unused:plsqr=64,1:sp=reverse_frequency:erd=off:spb=goal_then_units:bsr=unit_only:s2agt=60:kmz=on:flr=on:random_seed=2934353431:s2a=on:i=413:kws=inv_arity:doe=on:bs=on:bd=preordered:nm=32:av=off:fsr=off:fsd=on_1081 on p for (1081ds/413Mi)
% Instruction limit reached! 
% ------------------------------
% Version: Vampire 5.0.1 (Release build, commit 1b13eaf on 2026-01-18 12:14:50 +0000)
% Linked with Z3 4.14.0.0 3c47fd96cf5645d0c42b2c819d9e9a84380aa721 NOTFOUND
% CaDiCaL version: 2.1.3
% Termination reason: Instruction limit
% Termination phase: Saturation
% Time elapsed: 0.062 s
% Peak memory usage: 16 MB
% Instructions burned: 421 (million)
% lrs+10_5:1_to=lpo:sil=2000:plsq=on:plsqc=1:plsqr=64,1:sp=reverse_frequency:urr=on:fd=preordered:nwc=1:br=off:flr=on:random_seed=2533942258:s2a=on:i=429:s2at=5:nm=2:ins=1:sup=off_1080 on p for (1080ds/429Mi)
% Refutation not found, incomplete strategy
% ------------------------------
% Version: Vampire 5.0.1 (Release build, commit 1b13eaf on 2026-01-18 12:14:50 +0000)
% Linked with Z3 4.14.0.0 3c47fd96cf5645d0c42b2c819d9e9a84380aa721 NOTFOUND
% CaDiCaL version: 2.1.3
% Termination reason: Refutation not found, incomplete strategy
% Time elapsed: 0.0000 s
% Peak memory usage: 11 MB
% ------------------------------
% ------------------------------
% dis+10_4096_to=lpo:sil=2000:drc=ordering:urr=ec_only:fd=preordered:nwc=5:br=off:random_seed=685181173:i=432:gtgl=4:fgj=on:gtg=exists_all:ss=axioms_1080 on p for (1080ds/432Mi)
% Instruction limit reached! 
% ------------------------------
% Version: Vampire 5.0.1 (Release build, commit 1b13eaf on 2026-01-18 12:14:50 +0000)
% Linked with Z3 4.14.0.0 3c47fd96cf5645d0c42b2c819d9e9a84380aa721 NOTFOUND
% CaDiCaL version: 2.1.3
% Termination reason: Instruction limit
% Termination phase: Saturation
% Time elapsed: 0.061 s
% Peak memory usage: 14 MB
% Instructions burned: 436 (million)
% lrs+1010_2_to=lpo:sil=4000:tgt=full:sp=reverse_frequency:spb=goal_then_units:acc=on:fd=preordered:sac=on:random_seed=2172249035:i=3109:gtgl=2:gtg=exists_sym_1080 on p for (1080ds/3109Mi)
% Instruction limit reached! 
% ------------------------------
% Version: Vampire 5.0.1 (Release build, commit 1b13eaf on 2026-01-18 12:14:50 +0000)
% Linked with Z3 4.14.0.0 3c47fd96cf5645d0c42b2c819d9e9a84380aa721 NOTFOUND
% CaDiCaL version: 2.1.3
% Termination reason: Instruction limit
% Termination phase: Saturation
% Time elapsed: 0.571 s
% Peak memory usage: 53 MB
% Instructions burned: 3113 (million)
% dis+1011_32:1_slsqr=1,16:to=lpo:sil=4000:lcm=reverse:urr=on:slsqc=4:flr=on:slsq=on:random_seed=740631162:st=4:i=438:s2at=2:sd=3:slsql=off:ep=RST:fdi=2:ss=axioms_1074 on p for (1074ds/438Mi)
% Aborted by signal SIGSEGV on /tmp/tmphithy3bi/p.p
% ------------------------------
% Version: Vampire 5.0.1 (Release build, commit 1b13eaf on 2026-01-18 12:14:50 +0000)
% Linked with Z3 4.14.0.0 3c47fd96cf5645d0c42b2c819d9e9a84380aa721 NOTFOUND
% CaDiCaL version: 2.1.3
% Termination reason: Unknown
% Termination phase: Saturation
% Time elapsed: 0.0000 s
% Peak memory usage: 8 MB
% lrs+10_64_to=lpo:sil=16000:plsq=on:sp=occurrence:sos=on:urr=full:random_seed=3094040058:st=3.6:i=1466:sd=5:nm=4:ss=included_1074 on p for (1074ds/1466Mi)
% Refutation not found, incomplete strategy
% ------------------------------
% Version: Vampire 5.0.1 (Release build, commit 1b13eaf on 2026-01-18 12:14:50 +0000)
% Linked with Z3 4.14.0.0 3c47fd96cf5645d0c42b2c819d9e9a84380aa721 NOTFOUND
% CaDiCaL version: 2.1.3
% Termination reason: Refutation not found, incomplete strategy
% Time elapsed: 0.0000 s
% Peak memory usage: 11 MB
% ------------------------------
% ------------------------------
% lrs+1010_2_to=lpo:sil=16000:plsq=on:plsqc=1:erd=off:urr=ec_only:nwc=1:random_seed=1122739870:i=445:fgj=on:ep=RS:av=off:sup=off_1074 on p for (1074ds/445Mi)
% Refutation not found, incomplete strategy
% ------------------------------
% Version: Vampire 5.0.1 (Release build, commit 1b13eaf on 2026-01-18 12:14:50 +0000)
% Linked with Z3 4.14.0.0 3c47fd96cf5645d0c42b2c819d9e9a84380aa721 NOTFOUND
% CaDiCaL version: 2.1.3
% Termination reason: Refutation not found, incomplete strategy
% Time elapsed: 0.0000 s
% Peak memory usage: 8 MB
% ------------------------------
% ------------------------------
% WARNING Broken Constraint: if kbo_weight_scheme(frequency) has been set then term_ordering(lpo) is equal to kbo or term_ordering(lpo) is equal to auto_kbo
% lrs+1011_4_to=lpo:sil=128000:tgt=ground:acc=on:rp=on:s2agt=23:slsqc=1:alpa=false:flr=on:sac=on:newcnf=on:slsq=on:random_seed=3171457589:cts=off:s2a=on:i=448:add=off:kws=frequency:aac=none:slsql=off:nicw=on:bs=on:bd=preordered:fsr=off:fsd=on_1074 on p for (1074ds/448Mi)
% Instruction limit reached! 
% ------------------------------
% Version: Vampire 5.0.1 (Release build, commit 1b13eaf on 2026-01-18 12:14:50 +0000)
% Linked with Z3 4.14.0.0 3c47fd96cf5645d0c42b2c819d9e9a84380aa721 NOTFOUND
% CaDiCaL version: 2.1.3
% Termination reason: Instruction limit
% Termination phase: Saturation
% Time elapsed: 0.066 s
% Peak memory usage: 16 MB
% Instructions burned: 449 (million)
% lrs-1010_1_to=lpo:sil=4000:sp=occurrence:sos=on:random_seed=3210961494:i=3603:ss=axioms_1073 on p for (1073ds/3603Mi)
% Refutation not found, incomplete strategy
% ------------------------------
% Version: Vampire 5.0.1 (Release build, commit 1b13eaf on 2026-01-18 12:14:50 +0000)
% Linked with Z3 4.14.0.0 3c47fd96cf5645d0c42b2c819d9e9a84380aa721 NOTFOUND
% CaDiCaL version: 2.1.3
% Termination reason: Refutation not found, incomplete strategy
% Time elapsed: 0.0000 s
% Peak memory usage: 11 MB
% ------------------------------
% ------------------------------
% WARNING Broken Constraint: if kbo_weight_scheme(inv_frequency) has been set then term_ordering(lpo) is equal to kbo or term_ordering(lpo) is equal to auto_kbo
% ott+10_1_to=lpo:sil=8000:fde=none:sp=occurrence:sos=all:urr=on:br=off:random_seed=3210566928:i=4064:sd=2:kws=inv_frequency:bd=all:gsp=on:sup=off:ss=axioms_1073 on p for (1073ds/4064Mi)
% Refutation not found, incomplete strategy
% ------------------------------
% Version: Vampire 5.0.1 (Release build, commit 1b13eaf on 2026-01-18 12:14:50 +0000)
% Linked with Z3 4.14.0.0 3c47fd96cf5645d0c42b2c819d9e9a84380aa721 NOTFOUND
% CaDiCaL version: 2.1.3
% Termination reason: Refutation not found, incomplete strategy
% Time elapsed: 0.0000 s
% Peak memory usage: 11 MB
% ------------------------------
% ------------------------------
% lrs+1010_32_to=lpo:sil=2000:fde=none:sas=cadical:sp=occurrence:sos=on:urr=ec_only:br=off:random_seed=4213861670:avsq=on:i=464:avsqr=1,16:bd=preordered:gtg=exists_top_1073 on p for (1073ds/464Mi)
% Refutation not found, incomplete strategy
% ------------------------------
% Version: Vampire 5.0.1 (Release build, commit 1b13eaf on 2026-01-18 12:14:50 +0000)
% Linked with Z3 4.14.0.0 3c47fd96cf5645d0c42b2c819d9e9a84380aa721 NOTFOUND
% CaDiCaL version: 2.1.3
% Termination reason: Refutation not found, incomplete strategy
% Time elapsed: 0.0000 s
% Peak memory usage: 12 MB
% ------------------------------
% ------------------------------
% dis+35_1024_to=lpo:sil=32000:sos=on:spb=goal:updr=off:random_seed=2287692709:s2pl=on:i=828:nm=4:av=off_1073 on p for (1073ds/828Mi)
% Refutation not found, incomplete strategy
% ------------------------------
% Version: Vampire 5.0.1 (Release build, commit 1b13eaf on 2026-01-18 12:14:50 +0000)
% Linked with Z3 4.14.0.0 3c47fd96cf5645d0c42b2c819d9e9a84380aa721 NOTFOUND
% CaDiCaL version: 2.1.3
% Termination reason: Refutation not found, incomplete strategy
% Time elapsed: 0.0000 s
% Peak memory usage: 8 MB
% ------------------------------
% ------------------------------
% dis-1011_1024_to=lpo:sil=2000:rp=on:nwc=1:random_seed=2169409029:st=5:i=466:sd=3:av=off:gtg=exists_top:fdi=32:sup=off:ss=axioms:fsd=on_1073 on p for (1073ds/466Mi)
% Refutation not found, incomplete strategy
% ------------------------------
% Version: Vampire 5.0.1 (Release build, commit 1b13eaf on 2026-01-18 12:14:50 +0000)
% Linked with Z3 4.14.0.0 3c47fd96cf5645d0c42b2c819d9e9a84380aa721 NOTFOUND
% CaDiCaL version: 2.1.3
% Termination reason: Refutation not found, incomplete strategy
% Time elapsed: 0.0000 s
% Peak memory usage: 8 MB
% ------------------------------
% ------------------------------
% lrs-1010_5:4_to=lpo:sil=2000:sp=const_frequency:sos=on:random_seed=2141396567:st=2:cond=fast:i=1578:ss=included:sgt=10_1073 on p for (1073ds/1578Mi)
% Refutation not found, incomplete strategy
% ------------------------------
% Version: Vampire 5.0.1 (Release build, commit 1b13eaf on 2026-01-18 12:14:50 +0000)
% Linked with Z3 4.14.0.0 3c47fd96cf5645d0c42b2c819d9e9a84380aa721 NOTFOUND
% CaDiCaL version: 2.1.3
% Termination reason: Refutation not found, incomplete strategy
% Time elapsed: 0.0000 s
% Peak memory usage: 11 MB
% ------------------------------
% ------------------------------
% lrs-1011_1_to=lpo:sil=16000:sos=on:lsd=10:newcnf=on:random_seed=3421187213:i=852:sd=1:sup=off:ss=axioms_1073 on p for (1073ds/852Mi)
% Refutation not found, incomplete strategy
% ------------------------------
% Version: Vampire 5.0.1 (Release build, commit 1b13eaf on 2026-01-18 12:14:50 +0000)
% Linked with Z3 4.14.0.0 3c47fd96cf5645d0c42b2c819d9e9a84380aa721 NOTFOUND
% CaDiCaL version: 2.1.3
% Termination reason: Refutation not found, incomplete strategy
% Time elapsed: 0.0000 s
% Peak memory usage: 11 MB
% ------------------------------
% ------------------------------
% lrs+1010_1_to=lpo:sil=4000:fde=none:sp=arity:sos=on:erd=off:fs=off:random_seed=3941858436:st=1.5:i=488:sd=2:fsr=off:ss=axioms_1073 on p for (1073ds/488Mi)
% Refutation not found, incomplete strategy
% ------------------------------
% Version: Vampire 5.0.1 (Release build, commit 1b13eaf on 2026-01-18 12:14:50 +0000)
% Linked with Z3 4.14.0.0 3c47fd96cf5645d0c42b2c819d9e9a84380aa721 NOTFOUND
% CaDiCaL version: 2.1.3
% Termination reason: Refutation not found, incomplete strategy
% Time elapsed: 0.0000 s
% Peak memory usage: 11 MB
% ------------------------------
% ------------------------------
% WARNING Broken Constraint: if kbo_weight_scheme(precedence) has been set then term_ordering(lpo) is equal to kbo or term_ordering(lpo) is equal to auto_kbo
% lrs+10_16_anc=all:to=lpo:sil=128000:tgt=full:drc=off:spb=goal:nwc=1:random_seed=2344553441:i=6037:kws=precedence:bd=preordered_1073 on p for (1073ds/6037Mi)
% Instruction limit reached! 
% ------------------------------
% Version: Vampire 5.0.1 (Release build, commit 1b13eaf on 2026-01-18 12:14:50 +0000)
% Linked with Z3 4.14.0.0 3c47fd96cf5645d0c42b2c819d9e9a84380aa721 NOTFOUND
% CaDiCaL version: 2.1.3
% Termination reason: Instruction limit
% Termination phase: Saturation
% Time elapsed: 0.927 s
% Peak memory usage: 61 MB
% Instructions burned: 6043 (million)
% dis+1010_2_to=lpo:sil=4000:spb=units:rp=on:s2agt=10:slsqc=1:flr=on:slsq=on:random_seed=2976846686:s2pl=no:s2a=on:i=2942:s2at=6:sd=3:ep=R:nm=4:ss=axioms:sgt=40_1063 on p for (1063ds/2942Mi)
% Refutation not found, incomplete strategy
% ------------------------------
% Version: Vampire 5.0.1 (Release build, commit 1b13eaf on 2026-01-18 12:14:50 +0000)
% Linked with Z3 4.14.0.0 3c47fd96cf5645d0c42b2c819d9e9a84380aa721 NOTFOUND
% CaDiCaL version: 2.1.3
% Termination reason: Refutation not found, incomplete strategy
% Time elapsed: 0.0000 s
% Peak memory usage: 11 MB
% ------------------------------
% ------------------------------
% lrs-1011_128_to=lpo:sil=4000:sos=on:erd=off:lsd=10:rnwc=on:fd=off:nwc=3:random_seed=2633088092:cts=off:i=511:av=off:fsr=off_1063 on p for (1063ds/511Mi)
% Refutation not found, incomplete strategy
% ------------------------------
% Version: Vampire 5.0.1 (Release build, commit 1b13eaf on 2026-01-18 12:14:50 +0000)
% Linked with Z3 4.14.0.0 3c47fd96cf5645d0c42b2c819d9e9a84380aa721 NOTFOUND
% CaDiCaL version: 2.1.3
% Termination reason: Refutation not found, incomplete strategy
% Time elapsed: 0.0000 s
% Peak memory usage: 8 MB
% ------------------------------
% ------------------------------
% WARNING Broken Constraint: if kbo_weight_scheme(inv_frequency) has been set then term_ordering(lpo) is equal to kbo or term_ordering(lpo) is equal to auto_kbo
% dis-1011_81:16_to=lpo:sil=16000:tgt=full:plsq=on:bsd=on:plsqr=32,1:acc=on:bce=on:random_seed=1289361728:i=3459:kws=inv_frequency:nicw=on:gsp=on:fsd=on_1063 on p for (1063ds/3459Mi)
% Instruction limit reached! 
% ------------------------------
% Version: Vampire 5.0.1 (Release build, commit 1b13eaf on 2026-01-18 12:14:50 +0000)
% Linked with Z3 4.14.0.0 3c47fd96cf5645d0c42b2c819d9e9a84380aa721 NOTFOUND
% CaDiCaL version: 2.1.3
% Termination reason: Instruction limit
% Termination phase: Saturation
% Time elapsed: 0.649 s
% Peak memory usage: 29 MB
% Instructions burned: 3465 (million)
% lrs+10_64:1_sfv=off:to=lpo:sil=4000:fde=none:sos=all:spb=non_intro:urr=on:random_seed=4261297288:i=948:aac=none:doe=on:bd=preordered:ins=4:ss=included_1056 on p for (1056ds/948Mi)
% Refutation not found, incomplete strategy
% ------------------------------
% Version: Vampire 5.0.1 (Release build, commit 1b13eaf on 2026-01-18 12:14:50 +0000)
% Linked with Z3 4.14.0.0 3c47fd96cf5645d0c42b2c819d9e9a84380aa721 NOTFOUND
% CaDiCaL version: 2.1.3
% Termination reason: Refutation not found, incomplete strategy
% Time elapsed: 0.0000 s
% Peak memory usage: 11 MB
% ------------------------------
% ------------------------------
% lrs+21_6_anc=none:to=lpo:sil=16000:fde=none:avsql=on:sos=on:sac=on:random_seed=176276082:avsq=on:i=526:add=off:ep=RSTC_1056 on p for (1056ds/526Mi)
% Refutation not found, incomplete strategy
% ------------------------------
% Version: Vampire 5.0.1 (Release build, commit 1b13eaf on 2026-01-18 12:14:50 +0000)
% Linked with Z3 4.14.0.0 3c47fd96cf5645d0c42b2c819d9e9a84380aa721 NOTFOUND
% CaDiCaL version: 2.1.3
% Termination reason: Refutation not found, incomplete strategy
% Time elapsed: 0.010 s
% Peak memory usage: 11 MB
% ------------------------------
% ------------------------------
% lrs+21_1_to=lpo:sil=16000:sp=arity:sos=on:lcm=predicate:urr=on:random_seed=3422038395:avsq=on:i=1389:avsqr=1,32:sd=2:ep=RS:ss=axioms_1056 on p for (1056ds/1389Mi)
% Refutation not found, incomplete strategy
% ------------------------------
% Version: Vampire 5.0.1 (Release build, commit 1b13eaf on 2026-01-18 12:14:50 +0000)
% Linked with Z3 4.14.0.0 3c47fd96cf5645d0c42b2c819d9e9a84380aa721 NOTFOUND
% CaDiCaL version: 2.1.3
% Termination reason: Refutation not found, incomplete strategy
% Time elapsed: 0.0000 s
% Peak memory usage: 11 MB
% ------------------------------
% ------------------------------
% WARNING Broken Constraint: if kbo_max_zero(on) has been set then term_ordering(lpo) is equal to kbo or term_ordering(lpo) is equal to auto_kbo
% lrs+11_3:1_anc=all_dependent:slsqr=11,2:to=lpo:sil=32000:fde=none:etr=on:erd=off:lma=off:lsd=100:urr=on:slsqc=1:kmz=on:flr=on:slsq=on:avsqc=5:random_seed=3996727020:st=1.326:avsq=on:i=538:s2at=2.3:gtgl=5:avsqr=46,3:bd=preordered:ins=10:gtg=exists_top:sup=off:ss=axioms:sgt=20_1056 on p for (1056ds/538Mi)
% Refutation not found, incomplete strategy
% ------------------------------
% Version: Vampire 5.0.1 (Release build, commit 1b13eaf on 2026-01-18 12:14:50 +0000)
% Linked with Z3 4.14.0.0 3c47fd96cf5645d0c42b2c819d9e9a84380aa721 NOTFOUND
% CaDiCaL version: 2.1.3
% Termination reason: Refutation not found, incomplete strategy
% Time elapsed: 0.0000 s
% Peak memory usage: 11 MB
% ------------------------------
% ------------------------------
% dis+1011_1_to=lpo:sil=2000:tgt=full:prc=on:drc=off:random_seed=644196361:i=988:av=off:fsr=off_1056 on p for (1056ds/988Mi)
% Instruction limit reached! 
% ------------------------------
% Version: Vampire 5.0.1 (Release build, commit 1b13eaf on 2026-01-18 12:14:50 +0000)
% Linked with Z3 4.14.0.0 3c47fd96cf5645d0c42b2c819d9e9a84380aa721 NOTFOUND
% CaDiCaL version: 2.1.3
% Termination reason: Instruction limit
% Termination phase: Saturation
% Time elapsed: 0.144 s
% Peak memory usage: 17 MB
% Instructions burned: 989 (million)
% WARNING Broken Constraint: if kbo_weight_scheme(inv_frequency) has been set then term_ordering(lpo) is equal to kbo or term_ordering(lpo) is equal to auto_kbo
% dis-1010_2:3_to=lpo:sil=16000:prc=on:bsd=on:acc=on:bce=on:gs=on:nwc=5:s2agt=8:newcnf=on:random_seed=4032639479:avsq=on:s2a=on:i=552:avsqr=8,1:kws=inv_frequency:doe=on:nm=16:fsd=on_1055 on p for (1055ds/552Mi)
% Instruction limit reached! 
% ------------------------------
% Version: Vampire 5.0.1 (Release build, commit 1b13eaf on 2026-01-18 12:14:50 +0000)
% Linked with Z3 4.14.0.0 3c47fd96cf5645d0c42b2c819d9e9a84380aa721 NOTFOUND
% CaDiCaL version: 2.1.3
% Termination reason: Instruction limit
% Termination phase: Saturation
% Time elapsed: 0.075 s
% Peak memory usage: 17 MB
% Instructions burned: 553 (million)
% dis+3_1_to=lpo:sil=4000:plsq=on:plsqc=1:plsqr=64,1:sac=on:random_seed=801696205:i=1469:nm=5:amm=off_1054 on p for (1054ds/1469Mi)
% Instruction limit reached! 
% ------------------------------
% Version: Vampire 5.0.1 (Release build, commit 1b13eaf on 2026-01-18 12:14:50 +0000)
% Linked with Z3 4.14.0.0 3c47fd96cf5645d0c42b2c819d9e9a84380aa721 NOTFOUND
% CaDiCaL version: 2.1.3
% Termination reason: Instruction limit
% Termination phase: Saturation
% Time elapsed: 0.209 s
% Peak memory usage: 19 MB
% Instructions burned: 1472 (million)
% dis+10_1024_to=lpo:sil=8000:prc=on:drc=off:sp=arity:random_seed=2011430420:i=7157:bd=preordered_1052 on p for (1052ds/7157Mi)
% Instruction limit reached! 
% ------------------------------
% Version: Vampire 5.0.1 (Release build, commit 1b13eaf on 2026-01-18 12:14:50 +0000)
% Linked with Z3 4.14.0.0 3c47fd96cf5645d0c42b2c819d9e9a84380aa721 NOTFOUND
% CaDiCaL version: 2.1.3
% Termination reason: Instruction limit
% Termination phase: Saturation
% Time elapsed: 1.005 s
% Peak memory usage: 38 MB
% Instructions burned: 7163 (million)
% lrs+1011_3:1_to=lpo:sil=4000:sp=occurrence:random_seed=2574175091:i=4424:sd=1:ep=R:ss=axioms:sgt=64_1042 on p for (1042ds/4424Mi)
% Refutation not found, incomplete strategy
% ------------------------------
% Version: Vampire 5.0.1 (Release build, commit 1b13eaf on 2026-01-18 12:14:50 +0000)
% Linked with Z3 4.14.0.0 3c47fd96cf5645d0c42b2c819d9e9a84380aa721 NOTFOUND
% CaDiCaL version: 2.1.3
% Termination reason: Refutation not found, incomplete strategy
% Time elapsed: 0.0000 s
% Peak memory usage: 11 MB
% ------------------------------
% ------------------------------
% WARNING Broken Constraint: if kbo_weight_scheme(inv_frequency) has been set then term_ordering(lpo) is equal to kbo or term_ordering(lpo) is equal to auto_kbo
% lrs+10_1_to=lpo:sil=4000:erd=off:random_seed=2300521961:i=1077:sd=3:kws=inv_frequency:bd=preordered:ss=axioms:sgt=16_1042 on p for (1042ds/1077Mi)
% Instruction limit reached! 
% ------------------------------
% Version: Vampire 5.0.1 (Release build, commit 1b13eaf on 2026-01-18 12:14:50 +0000)
% Linked with Z3 4.14.0.0 3c47fd96cf5645d0c42b2c819d9e9a84380aa721 NOTFOUND
% CaDiCaL version: 2.1.3
% Termination reason: Instruction limit
% Termination phase: Saturation
% Time elapsed: 0.159 s
% Peak memory usage: 22 MB
% Instructions burned: 1082 (million)
% WARNING Broken Constraint: if kbo_weight_scheme(precedence) has been set then term_ordering(lpo) is equal to kbo or term_ordering(lpo) is equal to auto_kbo
% lrs+21_1_to=lpo:sil=4000:fde=none:sos=on:lcm=predicate:random_seed=2366696335:i=3573:kws=precedence:ss=included:sgt=14_1040 on p for (1040ds/3573Mi)
% Refutation not found, incomplete strategy
% ------------------------------
% Version: Vampire 5.0.1 (Release build, commit 1b13eaf on 2026-01-18 12:14:50 +0000)
% Linked with Z3 4.14.0.0 3c47fd96cf5645d0c42b2c819d9e9a84380aa721 NOTFOUND
% CaDiCaL version: 2.1.3
% Termination reason: Refutation not found, incomplete strategy
% Time elapsed: 0.0000 s
% Peak memory usage: 11 MB
% ------------------------------
% ------------------------------
% lrs+1011_1_to=kbo:sil=4000:drc=ordering:sas=cadical:lma=off:spb=non_intro:lcm=reverse:foolp=on:rp=on:nwc=20:flr=on:slsq=on:random_seed=2700730716:avsq=on:s2a=on:i=1625:add=on:ep=R:ins=5_1040 on p for (1040ds/1625Mi)
% Refutation not found, incomplete strategy
% ------------------------------
% Version: Vampire 5.0.1 (Release build, commit 1b13eaf on 2026-01-18 12:14:50 +0000)
% Linked with Z3 4.14.0.0 3c47fd96cf5645d0c42b2c819d9e9a84380aa721 NOTFOUND
% CaDiCaL version: 2.1.3
% Termination reason: Refutation not found, incomplete strategy
% Time elapsed: 0.0000 s
% Peak memory usage: 12 MB
% ------------------------------
% ------------------------------
% lrs-35_1_slsqr=1,64:to=lpo:sil=128000:bsr=unit_only:nwc=0.5:slsq=on:random_seed=1570901401:i=1120:bd=preordered:av=off:fdi=32_1040 on p for (1040ds/1120Mi)
% Instruction limit reached! 
% ------------------------------
% Version: Vampire 5.0.1 (Release build, commit 1b13eaf on 2026-01-18 12:14:50 +0000)
% Linked with Z3 4.14.0.0 3c47fd96cf5645d0c42b2c819d9e9a84380aa721 NOTFOUND
% CaDiCaL version: 2.1.3
% Termination reason: Instruction limit
% Termination phase: Saturation
% Time elapsed: 0.172 s
% Peak memory usage: 23 MB
% Instructions burned: 1123 (million)
% WARNING Broken Constraint: if kbo_weight_scheme(inv_arity_squared) has been set then term_ordering(lpo) is equal to kbo or term_ordering(lpo) is equal to auto_kbo
% dis+1002_2048_to=lpo:sil=4000:sp=arity:sos=on:spb=goal_then_units:flr=on:avsqc=1:random_seed=3485945961:avsq=on:i=1637:add=on:sd=2:kws=inv_arity_squared:ss=axioms_1038 on p for (1038ds/1637Mi)
% Refutation not found, incomplete strategy
% ------------------------------
% Version: Vampire 5.0.1 (Release build, commit 1b13eaf on 2026-01-18 12:14:50 +0000)
% Linked with Z3 4.14.0.0 3c47fd96cf5645d0c42b2c819d9e9a84380aa721 NOTFOUND
% CaDiCaL version: 2.1.3
% Termination reason: Refutation not found, incomplete strategy
% Time elapsed: 0.002 s
% Peak memory usage: 11 MB
% ------------------------------
% ------------------------------
% lrs+31_1024_to=lpo:sil=128000:drc=ordering:sp=unary_frequency:bsr=unit_only:random_seed=1497346061:cond=fast:i=652:fgj=on:bd=preordered_1038 on p for (1038ds/652Mi)
% Instruction limit reached! 
% ------------------------------
% Version: Vampire 5.0.1 (Release build, commit 1b13eaf on 2026-01-18 12:14:50 +0000)
% Linked with Z3 4.14.0.0 3c47fd96cf5645d0c42b2c819d9e9a84380aa721 NOTFOUND
% CaDiCaL version: 2.1.3
% Termination reason: Instruction limit
% Termination phase: Saturation
% Time elapsed: 0.211 s
% Peak memory usage: 20 MB
% Instructions burned: 655 (million)
% lrs+10_4_to=lpo:sil=16000:spb=goal_then_units:nwc=2:random_seed=2980110322:s2pl=no:st=1.8:i=660:gtgl=3:sd=6:av=off:gtg=all:ss=included:sgt=2_1036 on p for (1036ds/660Mi)
% Instruction limit reached! 
% ------------------------------
% Version: Vampire 5.0.1 (Release build, commit 1b13eaf on 2026-01-18 12:14:50 +0000)
% Linked with Z3 4.14.0.0 3c47fd96cf5645d0c42b2c819d9e9a84380aa721 NOTFOUND
% CaDiCaL version: 2.1.3
% Termination reason: Instruction limit
% Termination phase: Saturation
% Time elapsed: 0.157 s
% Peak memory usage: 19 MB
% Instructions burned: 661 (million)
% lrs+1010_1_to=lpo:sil=8000:fde=none:sos=on:random_seed=298831589:i=1786:sd=2:ss=axioms_1034 on p for (1034ds/1786Mi)
% Refutation not found, incomplete strategy
% ------------------------------
% Version: Vampire 5.0.1 (Release build, commit 1b13eaf on 2026-01-18 12:14:50 +0000)
% Linked with Z3 4.14.0.0 3c47fd96cf5645d0c42b2c819d9e9a84380aa721 NOTFOUND
% CaDiCaL version: 2.1.3
% Termination reason: Refutation not found, incomplete strategy
% Time elapsed: 0.002 s
% Peak memory usage: 11 MB
% ------------------------------
% ------------------------------
% WARNING Broken Constraint: if kbo_weight_scheme(inv_frequency) has been set then term_ordering(lpo) is equal to kbo or term_ordering(lpo) is equal to auto_kbo
% lrs-1011_3_to=lpo:sil=8000:fde=unused:sp=occurrence:urr=on:nwc=1:random_seed=1712453232:s2a=on:i=2383:sd=1:kws=inv_frequency:nm=0:ss=included_1034 on p for (1034ds/2383Mi)
% Instruction limit reached! 
% ------------------------------
% Version: Vampire 5.0.1 (Release build, commit 1b13eaf on 2026-01-18 12:14:50 +0000)
% Linked with Z3 4.14.0.0 3c47fd96cf5645d0c42b2c819d9e9a84380aa721 NOTFOUND
% CaDiCaL version: 2.1.3
% Termination reason: Instruction limit
% Termination phase: Saturation
% Time elapsed: 0.498 s
% Peak memory usage: 45 MB
% Instructions burned: 2389 (million)
% dis+1002_1_to=lpo:sil=8000:sp=occurrence:fd=off:sac=on:random_seed=910875815:s2a=on:i=1267:s2at=5:sd=2:nm=3:ss=included_1028 on p for (1028ds/1267Mi)
% Instruction limit reached! 
% ------------------------------
% Version: Vampire 5.0.1 (Release build, commit 1b13eaf on 2026-01-18 12:14:50 +0000)
% Linked with Z3 4.14.0.0 3c47fd96cf5645d0c42b2c819d9e9a84380aa721 NOTFOUND
% CaDiCaL version: 2.1.3
% Termination reason: Instruction limit
% Termination phase: Saturation
% Time elapsed: 0.183 s
% Peak memory usage: 20 MB
% Instructions burned: 1270 (million)
% WARNING Broken Constraint: if kbo_weight_scheme(inv_arity) has been set then term_ordering(lpo) is equal to kbo or term_ordering(lpo) is equal to auto_kbo
% dis+2_8_anc=none:to=lpo:sil=32000:plsq=on:prc=on:drc=off:bsd=on:plsqr=7,8:sp=const_min:sos=all:lma=off:lcm=reverse:updr=off:slsq=on:random_seed=1564532272:avsq=on:cond=fast:i=689:avsqr=11,4:kws=inv_arity:fgj=on:bs=unit_only:bd=all:rawr=on_1026 on p for (1026ds/689Mi)
% Refutation not found, incomplete strategy
% ------------------------------
% Version: Vampire 5.0.1 (Release build, commit 1b13eaf on 2026-01-18 12:14:50 +0000)
% Linked with Z3 4.14.0.0 3c47fd96cf5645d0c42b2c819d9e9a84380aa721 NOTFOUND
% CaDiCaL version: 2.1.3
% Termination reason: Refutation not found, incomplete strategy
% Time elapsed: 0.0000 s
% Peak memory usage: 11 MB
% ------------------------------
% ------------------------------
% WARNING Broken Constraint: if kbo_weight_scheme(inv_frequency) has been set then term_ordering(lpo) is equal to kbo or term_ordering(lpo) is equal to auto_kbo
% ott+1010_1_to=lpo:sil=4000:sos=on:acc=on:urr=on:bsr=on:rnwc=on:fd=preordered:slsqc=1:slsq=on:random_seed=1571015949:i=691:kws=inv_frequency:aac=none:bd=all:ins=5:fsr=off_1026 on p for (1026ds/691Mi)
% Refutation not found, incomplete strategy
% ------------------------------
% Version: Vampire 5.0.1 (Release build, commit 1b13eaf on 2026-01-18 12:14:50 +0000)
% Linked with Z3 4.14.0.0 3c47fd96cf5645d0c42b2c819d9e9a84380aa721 NOTFOUND
% CaDiCaL version: 2.1.3
% Termination reason: Refutation not found, incomplete strategy
% Time elapsed: 0.0000 s
% Peak memory usage: 12 MB
% ------------------------------
% ------------------------------
% WARNING Broken Constraint: if kbo_weight_scheme(frequency) has been set then term_ordering(lpo) is equal to kbo or term_ordering(lpo) is equal to auto_kbo
% lrs+34_4096_to=lpo:sil=8000:tgt=ground:prc=on:drc=off:sp=reverse_frequency:sos=on:fd=preordered:random_seed=3053145621:s2pl=no:s2a=on:i=1287:kws=frequency:fsr=off_1026 on p for (1026ds/1287Mi)
% Refutation not found, incomplete strategy
% ------------------------------
% Version: Vampire 5.0.1 (Release build, commit 1b13eaf on 2026-01-18 12:14:50 +0000)
% Linked with Z3 4.14.0.0 3c47fd96cf5645d0c42b2c819d9e9a84380aa721 NOTFOUND
% CaDiCaL version: 2.1.3
% Termination reason: Refutation not found, incomplete strategy
% Time elapsed: 0.0000 s
% Peak memory usage: 11 MB
% ------------------------------
% ------------------------------
% lrs+10_1_to=lpo:sil=16000:tgt=ground:sims=off:erd=off:urr=ec_only:rnwc=on:lftc=10:lwlo=on:random_seed=1608208114:lrd=on:st=2:s2a=on:i=1903:s2at=3:doe=on:fgj=on:gtg=exists_top:ss=included_1026 on p for (1026ds/1903Mi)
% Instruction limit reached! 
% ------------------------------
% Version: Vampire 5.0.1 (Release build, commit 1b13eaf on 2026-01-18 12:14:50 +0000)
% Linked with Z3 4.14.0.0 3c47fd96cf5645d0c42b2c819d9e9a84380aa721 NOTFOUND
% CaDiCaL version: 2.1.3
% Termination reason: Instruction limit
% Termination phase: Saturation
% Time elapsed: 0.284 s
% Peak memory usage: 43 MB
% Instructions burned: 1904 (million)
% lrs-1002_7_anc=none:sfv=off:to=lpo:sil=128000:tgt=ground:prc=on:drc=off:fde=unused:etr=on:spb=non_intro:bce=on:bsr=unit_only:flr=on:updr=off:random_seed=906722354:prac=on:i=710:doe=on:nicw=on:bd=preordered:fsr=off:gsp=on:proc=on:rawr=on_1023 on p for (1023ds/710Mi)
% Instruction limit reached! 
% ------------------------------
% Version: Vampire 5.0.1 (Release build, commit 1b13eaf on 2026-01-18 12:14:50 +0000)
% Linked with Z3 4.14.0.0 3c47fd96cf5645d0c42b2c819d9e9a84380aa721 NOTFOUND
% CaDiCaL version: 2.1.3
% Termination reason: Instruction limit
% Termination phase: Saturation
% Time elapsed: 0.196 s
% Peak memory usage: 19 MB
% Instructions burned: 713 (million)
% lrs+1011_256_to=kbo:sil=2000:tgt=ground:irw=on:drc=off:fde=none:lma=off:rnwc=on:fd=preordered:br=off:slsqc=1:slsq=on:random_seed=1343838498:st=1.2:i=714:s2at=3:sd=10:kws=inv_arity:fgj=on:nicw=on:amm=off:ss=included_1021 on p for (1021ds/714Mi)
% Instruction limit reached! 
% ------------------------------
% Version: Vampire 5.0.1 (Release build, commit 1b13eaf on 2026-01-18 12:14:50 +0000)
% Linked with Z3 4.14.0.0 3c47fd96cf5645d0c42b2c819d9e9a84380aa721 NOTFOUND
% CaDiCaL version: 2.1.3
% Termination reason: Instruction limit
% Termination phase: Saturation
% Time elapsed: 0.178 s
% Peak memory usage: 22 MB
% Instructions burned: 719 (million)
% lrs+10_4:1_to=lpo:sil=4000:erd=off:urr=on:s2agt=8:br=off:random_seed=1359975147:s2a=on:i=1975:bd=all_1019 on p for (1019ds/1975Mi)
% Instruction limit reached! 
% ------------------------------
% Version: Vampire 5.0.1 (Release build, commit 1b13eaf on 2026-01-18 12:14:50 +0000)
% Linked with Z3 4.14.0.0 3c47fd96cf5645d0c42b2c819d9e9a84380aa721 NOTFOUND
% CaDiCaL version: 2.1.3
% Termination reason: Instruction limit
% Termination phase: Saturation
% Time elapsed: 0.340 s
% Peak memory usage: 39 MB
% Instructions burned: 1977 (million)
% ott-1010_8_to=lpo:sil=4000:fde=none:sp=arity:spb=goal_then_units:nwc=3:s2agt=16:flr=on:slsq=on:random_seed=3344994398:s2a=on:i=4528:bd=all_1016 on p for (1016ds/4528Mi)
% Instruction limit reached! 
% ------------------------------
% Version: Vampire 5.0.1 (Release build, commit 1b13eaf on 2026-01-18 12:14:50 +0000)
% Linked with Z3 4.14.0.0 3c47fd96cf5645d0c42b2c819d9e9a84380aa721 NOTFOUND
% CaDiCaL version: 2.1.3
% Termination reason: Instruction limit
% Termination phase: Saturation
% Time elapsed: 0.705 s
% Peak memory usage: 50 MB
% Instructions burned: 4531 (million)
% lrs+1002_1_to=lpo:sil=4000:sp=unary_first:sos=on:spb=units:random_seed=125845143:i=2020:sd=2:nm=6:av=off:ss=axioms_1009 on p for (1009ds/2020Mi)
% Refutation not found, incomplete strategy
% ------------------------------
% Version: Vampire 5.0.1 (Release build, commit 1b13eaf on 2026-01-18 12:14:50 +0000)
% Linked with Z3 4.14.0.0 3c47fd96cf5645d0c42b2c819d9e9a84380aa721 NOTFOUND
% CaDiCaL version: 2.1.3
% Termination reason: Refutation not found, incomplete strategy
% Time elapsed: 0.0000 s
% Peak memory usage: 8 MB
% ------------------------------
% ------------------------------
% dis+1002_1_to=kbo:sil=256000:plsq=on:sp=weighted_frequency:sos=on:erd=off:spb=units:acc=on:urr=ec_only:plsql=on:nwc=20:random_seed=663448552:avsq=on:i=753:gtgl=2:avsqr=12,1:nicw=on:ep=RST:gtg=exists_sym:ss=axioms:sgt=8_1009 on p for (1009ds/753Mi)
% Instruction limit reached! 
% ------------------------------
% Version: Vampire 5.0.1 (Release build, commit 1b13eaf on 2026-01-18 12:14:50 +0000)
% Linked with Z3 4.14.0.0 3c47fd96cf5645d0c42b2c819d9e9a84380aa721 NOTFOUND
% CaDiCaL version: 2.1.3
% Termination reason: Instruction limit
% Termination phase: Saturation
% Time elapsed: 0.100 s
% Peak memory usage: 12 MB
% Instructions burned: 757 (million)
% lrs+10_128_to=lpo:sil=4000:sp=occurrence:sos=all:urr=full:br=off:random_seed=3449866498:st=4.8:s2a=on:i=1412:sd=4:sup=off:ss=included_1008 on p for (1008ds/1412Mi)
% Refutation not found, incomplete strategy
% ------------------------------
% Version: Vampire 5.0.1 (Release build, commit 1b13eaf on 2026-01-18 12:14:50 +0000)
% Linked with Z3 4.14.0.0 3c47fd96cf5645d0c42b2c819d9e9a84380aa721 NOTFOUND
% CaDiCaL version: 2.1.3
% Termination reason: Refutation not found, incomplete strategy
% Time elapsed: 0.0000 s
% Peak memory usage: 11 MB
% ------------------------------
% ------------------------------
% lrs+10_1_to=lpo:sil=128000:sp=occurrence:random_seed=2912743494:st=3:i=37942:sd=4:ss=included:sgt=16_1008 on p for (1008ds/37942Mi)
% Instruction limit reached! 
% ------------------------------
% Version: Vampire 5.0.1 (Release build, commit 1b13eaf on 2026-01-18 12:14:50 +0000)
% Linked with Z3 4.14.0.0 3c47fd96cf5645d0c42b2c819d9e9a84380aa721 NOTFOUND
% CaDiCaL version: 2.1.3
% Termination reason: Instruction limit
% Termination phase: Saturation
% Time elapsed: 5.685 s
% Peak memory usage: 519 MB
% Instructions burned: 37951 (million)
% lrs+11_1_to=lpo:sil=2000:tgt=full:plsq=on:sp=reverse_frequency:sos=all:erd=off:plsql=on:nwc=3:random_seed=509796139:s2pl=on:i=1495:s2at=5:bd=preordered:av=off_950 on p for (950ds/1495Mi)
% Refutation not found, incomplete strategy
% ------------------------------
% Version: Vampire 5.0.1 (Release build, commit 1b13eaf on 2026-01-18 12:14:50 +0000)
% Linked with Z3 4.14.0.0 3c47fd96cf5645d0c42b2c819d9e9a84380aa721 NOTFOUND
% CaDiCaL version: 2.1.3
% Termination reason: Refutation not found, incomplete strategy
% Time elapsed: 0.0000 s
% Peak memory usage: 8 MB
% ------------------------------
% ------------------------------
% lrs+1002_16_anc=all_dependent:to=lpo:sil=16000:sas=cadical:sos=on:rp=on:s2agt=10:sac=on:random_seed=3625186466:st=5:s2a=on:i=798:sd=5:bs=unit_only:ep=RS:ss=included_950 on p for (950ds/798Mi)
% Refutation not found, incomplete strategy
% ------------------------------
% Version: Vampire 5.0.1 (Release build, commit 1b13eaf on 2026-01-18 12:14:50 +0000)
% Linked with Z3 4.14.0.0 3c47fd96cf5645d0c42b2c819d9e9a84380aa721 NOTFOUND
% CaDiCaL version: 2.1.3
% Termination reason: Refutation not found, incomplete strategy
% Time elapsed: 0.0000 s
% Peak memory usage: 12 MB
% ------------------------------
% ------------------------------
% lrs+1002_512_to=lpo:sil=4000:plsq=on:plsqc=2:plsqr=64,1:rp=on:gs=on:random_seed=1202175662:i=861:aac=none:nm=2:gsp=on_950 on p for (950ds/861Mi)
% Instruction limit reached! 
% ------------------------------
% Version: Vampire 5.0.1 (Release build, commit 1b13eaf on 2026-01-18 12:14:50 +0000)
% Linked with Z3 4.14.0.0 3c47fd96cf5645d0c42b2c819d9e9a84380aa721 NOTFOUND
% CaDiCaL version: 2.1.3
% Termination reason: Instruction limit
% Termination phase: Saturation
% Time elapsed: 0.125 s
% Peak memory usage: 23 MB
% Instructions burned: 861 (million)
% dis-1010_2_sfv=off:to=lpo:sil=4000:plsq=on:plsqc=1:plsqr=64,1:erd=off:newcnf=on:random_seed=3772200080:cond=fast:i=1675:doe=on:av=off_949 on p for (949ds/1675Mi)
% Instruction limit reached! 
% ------------------------------
% Version: Vampire 5.0.1 (Release build, commit 1b13eaf on 2026-01-18 12:14:50 +0000)
% Linked with Z3 4.14.0.0 3c47fd96cf5645d0c42b2c819d9e9a84380aa721 NOTFOUND
% CaDiCaL version: 2.1.3
% Termination reason: Instruction limit
% Termination phase: Saturation
% Time elapsed: 0.235 s
% Peak memory usage: 20 MB
% Instructions burned: 1679 (million)
% lrs+1011_2_to=lpo:sil=16000:prc=on:drc=off:sp=const_frequency:nwc=1:random_seed=3226113977:i=897:sd=3:doe=on:bd=preordered:nm=4:ins=2:av=off:gtg=exists_all:ss=axioms:sgt=27_946 on p for (946ds/897Mi)
% Instruction limit reached! 
% ------------------------------
% Version: Vampire 5.0.1 (Release build, commit 1b13eaf on 2026-01-18 12:14:50 +0000)
% Linked with Z3 4.14.0.0 3c47fd96cf5645d0c42b2c819d9e9a84380aa721 NOTFOUND
% CaDiCaL version: 2.1.3
% Termination reason: Instruction limit
% Termination phase: Saturation
% Time elapsed: 0.118 s
% Peak memory usage: 22 MB
% Instructions burned: 898 (million)
% lrs-1010_1_to=lpo:sil=8000:sos=on:random_seed=1399126827:st=2:i=3392:sd=2:ss=axioms_945 on p for (945ds/3392Mi)
% Refutation not found, incomplete strategy
% ------------------------------
% Version: Vampire 5.0.1 (Release build, commit 1b13eaf on 2026-01-18 12:14:50 +0000)
% Linked with Z3 4.14.0.0 3c47fd96cf5645d0c42b2c819d9e9a84380aa721 NOTFOUND
% CaDiCaL version: 2.1.3
% Termination reason: Refutation not found, incomplete strategy
% Time elapsed: 0.0000 s
% Peak memory usage: 11 MB
% ------------------------------
% ------------------------------
% lrs-1011_4_to=lpo:sil=4000:sos=all:lsd=10:random_seed=587547893:s2a=on:i=2612:s2at=5:ep=RS:av=off:ss=included:sgt=10_945 on p for (945ds/2612Mi)
% Refutation not found, incomplete strategy
% ------------------------------
% Version: Vampire 5.0.1 (Release build, commit 1b13eaf on 2026-01-18 12:14:50 +0000)
% Linked with Z3 4.14.0.0 3c47fd96cf5645d0c42b2c819d9e9a84380aa721 NOTFOUND
% CaDiCaL version: 2.1.3
% Termination reason: Refutation not found, incomplete strategy
% Time elapsed: 0.0000 s
% Peak memory usage: 8 MB
% ------------------------------
% ------------------------------
% dis+1011_8_to=lpo:sil=4000:lsd=50:nwc=2:random_seed=3655474728:cond=fast:i=948:gtgl=2:ep=RS:av=off:gtg=exists_all_945 on p for (945ds/948Mi)
% Refutation not found, incomplete strategy
% ------------------------------
% Version: Vampire 5.0.1 (Release build, commit 1b13eaf on 2026-01-18 12:14:50 +0000)
% Linked with Z3 4.14.0.0 3c47fd96cf5645d0c42b2c819d9e9a84380aa721 NOTFOUND
% CaDiCaL version: 2.1.3
% Termination reason: Refutation not found, incomplete strategy
% Time elapsed: 0.0000 s
% Peak memory usage: 8 MB
% ------------------------------
% ------------------------------
% lrs+1011_6:5_sfv=off:to=lpo:sil=32000:tgt=ground:sos=all:erd=off:urr=on:rnwc=on:gs=on:flr=on:random_seed=3953838075:s2a=on:i=951:s2at=2:sd=2:av=off:fsr=off:ss=axioms_945 on p for (945ds/951Mi)
% Refutation not found, incomplete strategy
% ------------------------------
% Version: Vampire 5.0.1 (Release build, commit 1b13eaf on 2026-01-18 12:14:50 +0000)
% Linked with Z3 4.14.0.0 3c47fd96cf5645d0c42b2c819d9e9a84380aa721 NOTFOUND
% CaDiCaL version: 2.1.3
% Termination reason: Refutation not found, incomplete strategy
% Time elapsed: 0.0000 s
% Peak memory usage: 12 MB
% ------------------------------
% ------------------------------
% lrs+11_1_to=lpo:sil=8000:flr=on:random_seed=272802679:i=982:sd=2:sup=off:ss=axioms:sgt=8_945 on p for (945ds/982Mi)
% Refutation not found, incomplete strategy
% ------------------------------
% Version: Vampire 5.0.1 (Release build, commit 1b13eaf on 2026-01-18 12:14:50 +0000)
% Linked with Z3 4.14.0.0 3c47fd96cf5645d0c42b2c819d9e9a84380aa721 NOTFOUND
% CaDiCaL version: 2.1.3
% Termination reason: Refutation not found, incomplete strategy
% Time elapsed: 0.0000 s
% Peak memory usage: 11 MB
% ------------------------------
% ------------------------------
% lrs+10_1_to=lpo:sil=8000:sp=occurrence:sos=on:fs=off:random_seed=3602103752:st=1.2:i=2778:sd=2:ep=R:fsr=off:ss=included_945 on p for (945ds/2778Mi)
% Refutation not found, incomplete strategy
% ------------------------------
% Version: Vampire 5.0.1 (Release build, commit 1b13eaf on 2026-01-18 12:14:50 +0000)
% Linked with Z3 4.14.0.0 3c47fd96cf5645d0c42b2c819d9e9a84380aa721 NOTFOUND
% CaDiCaL version: 2.1.3
% Termination reason: Refutation not found, incomplete strategy
% Time elapsed: 0.0000 s
% Peak memory usage: 10 MB
% ------------------------------
% ------------------------------
% lrs-1002_32_to=lpo:sil=4000:sp=occurrence:nwc=1:random_seed=4154832040:st=3.4:i=1009:sd=4:ep=RST:ss=axioms:sgt=8_945 on p for (945ds/1009Mi)
% Instruction limit reached! 
% ------------------------------
% Version: Vampire 5.0.1 (Release build, commit 1b13eaf on 2026-01-18 12:14:50 +0000)
% Linked with Z3 4.14.0.0 3c47fd96cf5645d0c42b2c819d9e9a84380aa721 NOTFOUND
% CaDiCaL version: 2.1.3
% Termination reason: Instruction limit
% Termination phase: Saturation
% Time elapsed: 0.114 s
% Peak memory usage: 11 MB
% Instructions burned: 1009 (million)
% dis+10_2:13_anc=all_dependent:sfv=off:to=lpo:sil=2000:sos=on:rnwc=on:sac=on:random_seed=2287066946:st=2:avsq=on:s2a=on:i=1019:sd=2:aac=none:doe=on:nicw=on:bs=unit_only:nm=2:amm=off:ss=axioms_944 on p for (944ds/1019Mi)
% Refutation not found, incomplete strategy
% ------------------------------
% Version: Vampire 5.0.1 (Release build, commit 1b13eaf on 2026-01-18 12:14:50 +0000)
% Linked with Z3 4.14.0.0 3c47fd96cf5645d0c42b2c819d9e9a84380aa721 NOTFOUND
% CaDiCaL version: 2.1.3
% Termination reason: Refutation not found, incomplete strategy
% Time elapsed: 0.0000 s
% Peak memory usage: 11 MB
% ------------------------------
% ------------------------------
% dis+1010_2_slsqr=3,53:to=lpo:sil=8000:tgt=full:plsq=on:plsqc=1:sims=off:sas=cadical:plsqr=5241031,262144:sp=arity:sos=on:spb=units:bsr=unit_only:rp=on:nwc=1:slsqc=1:newcnf=on:slsq=on:random_seed=2883086774:i=1040:s2at=5:doe=on:bs=on_944 on p for (944ds/1040Mi)
% Refutation not found, incomplete strategy
% ------------------------------
% Version: Vampire 5.0.1 (Release build, commit 1b13eaf on 2026-01-18 12:14:50 +0000)
% Linked with Z3 4.14.0.0 3c47fd96cf5645d0c42b2c819d9e9a84380aa721 NOTFOUND
% CaDiCaL version: 2.1.3
% Termination reason: Refutation not found, incomplete strategy
% Time elapsed: 0.0000 s
% Peak memory usage: 12 MB
% ------------------------------
% ------------------------------
% ott+1011_1024_to=lpo:sil=8000:prc=on:sos=on:fd=off:br=off:random_seed=3968201688:cts=off:i=1043:gtgl=4:sd=1:gtg=exists_sym:ss=axioms_944 on p for (944ds/1043Mi)
% Instruction limit reached! 
% ------------------------------
% Version: Vampire 5.0.1 (Release build, commit 1b13eaf on 2026-01-18 12:14:50 +0000)
% Linked with Z3 4.14.0.0 3c47fd96cf5645d0c42b2c819d9e9a84380aa721 NOTFOUND
% CaDiCaL version: 2.1.3
% Termination reason: Instruction limit
% Termination phase: Saturation
% Time elapsed: 0.166 s
% Peak memory usage: 30 MB
% Instructions burned: 1049 (million)
% WARNING Broken Constraint: if kbo_weight_scheme(inv_precedence) has been set then term_ordering(lpo) is equal to kbo or term_ordering(lpo) is equal to auto_kbo
% lrs+1011_1_to=lpo:sil=32000:fde=unused:sp=unary_frequency:spb=goal_then_units:lsd=100:sac=on:random_seed=2025423816:i=1045:kws=inv_precedence:bd=all:nm=2:fsr=off_942 on p for (942ds/1045Mi)
% Instruction limit reached! 
% ------------------------------
% Version: Vampire 5.0.1 (Release build, commit 1b13eaf on 2026-01-18 12:14:50 +0000)
% Linked with Z3 4.14.0.0 3c47fd96cf5645d0c42b2c819d9e9a84380aa721 NOTFOUND
% CaDiCaL version: 2.1.3
% Termination reason: Instruction limit
% Termination phase: Saturation
% Time elapsed: 0.153 s
% Peak memory usage: 22 MB
% Instructions burned: 1046 (million)
% WARNING Broken Constraint: if kbo_weight_scheme(inv_frequency) has been set then term_ordering(lpo) is equal to kbo or term_ordering(lpo) is equal to auto_kbo
% dis+1002_8_sfv=off:to=lpo:sil=16000:tgt=full:plsq=on:sos=on:erd=off:spb=goal_then_units:gs=on:nwc=9:random_seed=712686328:cond=on:i=12085:sd=2:kws=inv_frequency:bd=preordered:nm=20:gtg=position:gsp=on:ss=included_940 on p for (940ds/12085Mi)
% Refutation not found, incomplete strategy
% ------------------------------
% Version: Vampire 5.0.1 (Release build, commit 1b13eaf on 2026-01-18 12:14:50 +0000)
% Linked with Z3 4.14.0.0 3c47fd96cf5645d0c42b2c819d9e9a84380aa721 NOTFOUND
% CaDiCaL version: 2.1.3
% Termination reason: Refutation not found, incomplete strategy
% Time elapsed: 0.0000 s
% Peak memory usage: 12 MB
% ------------------------------
% ------------------------------
% dis+1010_2_to=lpo:sil=8000:fde=none:sp=const_frequency:bce=on:sac=on:random_seed=1037990955:s2a=on:cond=on:i=1111:s2at=1.5:fsr=off_940 on p for (940ds/1111Mi)
% Instruction limit reached! 
% ------------------------------
% Version: Vampire 5.0.1 (Release build, commit 1b13eaf on 2026-01-18 12:14:50 +0000)
% Linked with Z3 4.14.0.0 3c47fd96cf5645d0c42b2c819d9e9a84380aa721 NOTFOUND
% CaDiCaL version: 2.1.3
% Termination reason: Instruction limit
% Termination phase: Saturation
% Time elapsed: 0.149 s
% Peak memory usage: 16 MB
% Instructions burned: 1112 (million)
% dis+10_1_to=lpo:sil=8000:plsq=on:sp=occurrence:acc=on:urr=on:s2agt=16:br=off:random_seed=3707345418:s2a=on:i=2126:sd=3:nm=16:ss=axioms_939 on p for (939ds/2126Mi)
% Refutation not found, incomplete strategy
% ------------------------------
% Version: Vampire 5.0.1 (Release build, commit 1b13eaf on 2026-01-18 12:14:50 +0000)
% Linked with Z3 4.14.0.0 3c47fd96cf5645d0c42b2c819d9e9a84380aa721 NOTFOUND
% CaDiCaL version: 2.1.3
% Termination reason: Refutation not found, incomplete strategy
% Time elapsed: 0.0000 s
% Peak memory usage: 11 MB
% ------------------------------
% ------------------------------
% lrs-1011_1_to=lpo:sil=32000:plsq=on:fde=none:plsqr=2,1:gs=on:slsqc=3:slsq=on:random_seed=3228005109:s2a=on:i=1118:gtgl=2:slsql=off:ep=R:av=off:fsr=off:gtg=exists_sym:gsp=on_939 on p for (939ds/1118Mi)
% Refutation not found, incomplete strategy
% ------------------------------
% Version: Vampire 5.0.1 (Release build, commit 1b13eaf on 2026-01-18 12:14:50 +0000)
% Linked with Z3 4.14.0.0 3c47fd96cf5645d0c42b2c819d9e9a84380aa721 NOTFOUND
% CaDiCaL version: 2.1.3
% Termination reason: Refutation not found, incomplete strategy
% Time elapsed: 0.0000 s
% Peak memory usage: 11 MB
% ------------------------------
% ------------------------------
% lrs+1002_1_to=lpo:sil=32000:fde=unused:bsd=on:random_seed=2103822346:s2a=on:i=1125:s2at=5:bs=unit_only:bsdmm=1:av=off:gtg=exists_all:fsd=on_939 on p for (939ds/1125Mi)
% Instruction limit reached! 
% ------------------------------
% Version: Vampire 5.0.1 (Release build, commit 1b13eaf on 2026-01-18 12:14:50 +0000)
% Linked with Z3 4.14.0.0 3c47fd96cf5645d0c42b2c819d9e9a84380aa721 NOTFOUND
% CaDiCaL version: 2.1.3
% Termination reason: Instruction limit
% Termination phase: Saturation
% Time elapsed: 0.293 s
% Peak memory usage: 22 MB
% Instructions burned: 1130 (million)
% lrs-1010_1_to=lpo:sil=2000:sp=occurrence:sos=on:urr=ec_only:random_seed=1653931436:st=2:i=1131:sd=2:aac=none:ss=axioms:sgt=40_936 on p for (936ds/1131Mi)
% Refutation not found, incomplete strategy
% ------------------------------
% Version: Vampire 5.0.1 (Release build, commit 1b13eaf on 2026-01-18 12:14:50 +0000)
% Linked with Z3 4.14.0.0 3c47fd96cf5645d0c42b2c819d9e9a84380aa721 NOTFOUND
% CaDiCaL version: 2.1.3
% Termination reason: Refutation not found, incomplete strategy
% Time elapsed: 0.0000 s
% Peak memory usage: 11 MB
% ------------------------------
% ------------------------------
% dis+1011_1_slsqr=4,1:to=lpo:sil=4000:fde=none:erd=off:newcnf=on:slsq=on:random_seed=3410922798:cond=fast:i=3294:bs=unit_only:ep=RST:nm=2:ins=1:av=off:rawr=on_936 on p for (936ds/3294Mi)
% Aborted by signal SIGSEGV on /tmp/tmphithy3bi/p.p
% ------------------------------
% Version: Vampire 5.0.1 (Release build, commit 1b13eaf on 2026-01-18 12:14:50 +0000)
% Linked with Z3 4.14.0.0 3c47fd96cf5645d0c42b2c819d9e9a84380aa721 NOTFOUND
% CaDiCaL version: 2.1.3
% Termination reason: Unknown
% Termination phase: Saturation
% Time elapsed: 0.0000 s
% Peak memory usage: 8 MB
% lrs-21_8:1_to=lpo:sil=8000:sos=on:lcm=predicate:acc=on:fd=off:random_seed=642588585:i=1213:sd=1:fsr=off:amm=off:gsp=on:ss=included_935 on p for (935ds/1213Mi)
% Refutation not found, incomplete strategy
% ------------------------------
% Version: Vampire 5.0.1 (Release build, commit 1b13eaf on 2026-01-18 12:14:50 +0000)
% Linked with Z3 4.14.0.0 3c47fd96cf5645d0c42b2c819d9e9a84380aa721 NOTFOUND
% CaDiCaL version: 2.1.3
% Termination reason: Refutation not found, incomplete strategy
% Time elapsed: 0.0000 s
% Peak memory usage: 11 MB
% ------------------------------
% ------------------------------
% lrs+10_4096_to=lpo:sil=16000:sos=on:acc=on:urr=on:s2agt=16:sac=on:random_seed=2816257596:s2a=on:i=1231:sd=3:nicw=on:ep=RS:ss=axioms:sgt=16_935 on p for (935ds/1231Mi)
% Refutation not found, incomplete strategy
% ------------------------------
% Version: Vampire 5.0.1 (Release build, commit 1b13eaf on 2026-01-18 12:14:50 +0000)
% Linked with Z3 4.14.0.0 3c47fd96cf5645d0c42b2c819d9e9a84380aa721 NOTFOUND
% CaDiCaL version: 2.1.3
% Termination reason: Refutation not found, incomplete strategy
% Time elapsed: 0.0000 s
% Peak memory usage: 11 MB
% ------------------------------
% ------------------------------
% lrs+10_28_to=lpo:sil=64000:tgt=full:drc=off:fde=none:spb=goal:acc=on:nwc=1:random_seed=4230139772:i=35242:fgj=on:nicw=on:bd=all:fsr=off:ss=axioms:sgt=8_935 on p for (935ds/35242Mi)
% Solution written to "/tmp/vampire-proof-920779"
% Refutation found. Thanks to Tanya!
% SZS status Theorem for p
% SZS output start Proof for p
fof(f1,axiom,(
  ! [X0,X1,X2,X3] : X1 = f(f(f(f(X2,f(X1,f(X3,X1))),X1),X2),f(f(X2,X0),X2))),
  file('/tmp/tmphithy3bi/p.p',unknown)).
fof(f2,conjecture,(
  ! [X0,X1] : X0 = X1),
  file('/tmp/tmphithy3bi/p.p',unknown)).
fof(f3,negated_conjecture,(
  ~! [X0,X1] : X0 = X1),
  inference(negated_conjecture,[status(cth)],[f2])).
fof(f4,plain,(
  ? [X0,X1] : X0 != X1),
  inference(ennf_transformation,[],[f3])).
fof(f5,plain,(
  ? [X0,X1] : X0 != X1 => sK0 != sK1),
  introduced(definition,[],[skolem_symbol_introduction])).
fof(f6,plain,(
  sK0 != sK1),
  inference(skolemisation,[status(esa),new_symbols(skolem,[sK0,sK1])],[f4,f5])).
fof(f7,plain,(
  sK0 != sK1),
  inference(cnf_transformation,[],[f6])).
fof(f8,plain,(
  ( ! [X2,X3,X0,X1] : (f(f(f(f(X2,f(X1,f(X3,X1))),X1),X2),f(f(X2,X0),X2)) = X1) )),
  inference(cnf_transformation,[],[f1])).
fof(f10,definition,(
  spl2_1 <=> sK0 = sK1),
  introduced(definition,[new_symbols(naming,[spl2_1])],[avatar_definition])).
fof(f12,plain,(
  sK0 != sK1 | spl2_1),
  inference(avatar_component_clause,[],[f10])).
fof(f13,plain,(
  ~spl2_1),
  inference(avatar_split_clause,[],[f7,f10])).
fof(f14,plain,(
  ( ! [X2,X3,X0,X1,X5] : (f(f(X2,X3),X2) = f(f(f(f(X1,f(f(f(X2,X3),X2),X0)),f(f(X2,X3),X2)),X1),f(f(X1,X5),X1))) )),
  inference(superposition,[],[f8,f8])).
fof(f21,plain,(
  ( ! [X2,X3,X0,X4] : (f(f(f(f(X2,f(X0,X3)),X0),X2),f(f(X2,X4),X2)) = X0) )),
  inference(superposition,[],[f14,f8])).
fof(f30,plain,(
  ( ! [X2,X3,X0,X1,X5] : (f(f(f(X2,f(X0,X3)),X0),X2) = f(f(f(f(X1,X0),f(f(f(X2,f(X0,X3)),X0),X2)),X1),f(f(X1,X5),X1))) )),
  inference(superposition,[],[f21,f21])).
fof(f31,plain,(
  ( ! [X2,X3,X0,X1,X4] : (f(X1,X3) = f(f(f(X0,f(X1,X3)),f(f(f(X1,f(X0,X2)),X0),X1)),f(f(f(f(f(X1,f(X0,X2)),X0),X1),X4),f(f(f(X1,f(X0,X2)),X0),X1)))) )),
  inference(superposition,[],[f21,f21])).
fof(f32,plain,(
  ( ! [X2,X3,X0,X1,X4] : (f(f(f(f(f(f(f(X1,f(X0,X2)),X0),X1),f(X3,X4)),X3),f(f(f(X1,f(X0,X2)),X0),X1)),f(X0,f(f(f(X1,f(X0,X2)),X0),X1))) = X3) )),
  inference(superposition,[],[f21,f21])).
fof(f33,plain,(
  ( ! [X2,X3,X0,X1] : (f(f(f(f(f(f(X0,f(X0,X1)),X0),f(X2,X3)),X2),f(f(X0,f(X0,X1)),X0)),X0) = X2) )),
  inference(superposition,[],[f21,f21])).
fof(f50,plain,(
  ( ! [X2,X3,X0,X1,X4,X5] : (f(f(f(X1,f(X2,X3)),X2),X1) = f(f(f(f(f(f(f(X4,f(X0,X5)),X0),X4),X2),f(f(f(X1,f(X2,X3)),X2),X1)),f(f(f(X4,f(X0,X5)),X0),X4)),f(X0,f(f(f(X4,f(X0,X5)),X0),X4)))) )),
  inference(superposition,[],[f30,f21])).
fof(f65,plain,(
  ( ! [X2,X3,X0,X1] : (f(X1,X3) = f(f(f(X0,f(X1,X3)),f(f(f(X1,f(X0,X2)),X0),X1)),f(X0,f(f(f(X1,f(X0,X2)),X0),X1)))) )),
  inference(superposition,[],[f32,f21])).
fof(f66,plain,(
  ( ! [X2,X3,X0,X1,X4] : (f(f(f(X0,X1),f(f(f(f(f(f(X1,X2),f(f(X1,X2),X3)),f(X1,X2)),f(X0,X4)),X0),f(f(f(X1,X2),f(f(X1,X2),X3)),f(X1,X2)))),f(X0,f(f(f(f(f(f(X1,X2),f(f(X1,X2),X3)),f(X1,X2)),f(X0,X4)),X0),f(f(f(X1,X2),f(f(X1,X2),X3)),f(X1,X2))))) = X1) )),
  inference(superposition,[],[f32,f33])).
fof(f90,plain,(
  ( ! [X2,X3,X0,X1,X4] : (f(f(X1,X2),X1) = f(f(X0,f(f(f(f(X1,X2),f(f(f(f(X1,f(X0,X3)),X0),X1),X4)),f(f(f(X1,f(X0,X3)),X0),X1)),f(X1,X2))),f(f(f(f(X1,f(X0,X3)),X0),X1),f(f(f(f(X1,X2),f(f(f(f(X1,f(X0,X3)),X0),X1),X4)),f(f(f(X1,f(X0,X3)),X0),X1)),f(X1,X2))))) )),
  inference(superposition,[],[f65,f21])).
fof(f95,plain,(
  ( ! [X2,X3,X0,X1,X4] : (f(X1,X2) = f(f(f(f(f(f(X3,f(X0,X4)),X0),X3),f(X1,X2)),f(f(f(X1,X0),f(f(f(X3,f(X0,X4)),X0),X3)),X1)),f(f(f(f(X3,f(X0,X4)),X0),X3),f(f(f(X1,X0),f(f(f(X3,f(X0,X4)),X0),X3)),X1)))) )),
  inference(superposition,[],[f65,f21])).
fof(f100,plain,(
  ( ! [X2,X3,X0,X1,X4] : (f(f(f(f(X1,f(X0,X2)),X0),X1),X3) = f(f(f(f(X1,X4),f(f(f(f(X1,f(X0,X2)),X0),X1),X3)),f(f(X0,f(X1,X4)),f(f(f(X1,f(X0,X2)),X0),X1))),f(f(X1,X4),f(f(X0,f(X1,X4)),f(f(f(X1,f(X0,X2)),X0),X1))))) )),
  inference(superposition,[],[f65,f21])).
fof(f107,plain,(
  ( ! [X2,X3,X0,X1,X4] : (f(f(f(f(X0,X1),X2),f(f(X2,f(X0,X1)),f(f(f(X0,f(X2,X3)),X2),X0))),f(f(f(f(X2,f(X0,X1)),f(f(f(X0,f(X2,X3)),X2),X0)),X4),f(f(X2,f(X0,X1)),f(f(f(X0,f(X2,X3)),X2),X0)))) = X2) )),
  inference(superposition,[],[f21,f65])).
fof(f352,plain,(
  ( ! [X2,X3,X0,X1,X4,X5] : (f(f(f(X1,f(X2,X3)),X2),X1) = f(f(f(X0,f(f(f(X1,f(X2,X3)),X2),X1)),f(f(f(f(f(X2,f(X2,X4)),X2),f(X0,X5)),X0),f(f(X2,f(X2,X4)),X2))),f(X0,f(f(f(f(f(X2,f(X2,X4)),X2),f(X0,X5)),X0),f(f(X2,f(X2,X4)),X2))))) )),
  inference(superposition,[],[f50,f33])).
fof(f669,plain,(
  ( ! [X2,X3,X0,X1] : (f(f(f(f(X0,X1),X2),f(f(X2,f(X0,X1)),f(f(f(X0,f(X2,X3)),X2),X0))),f(f(X0,X1),f(f(X2,f(X0,X1)),f(f(f(X0,f(X2,X3)),X2),X0)))) = X2) )),
  inference(superposition,[],[f107,f31])).
fof(f791,plain,(
  ( ! [X2,X0,X1,X4,X5] : (f(f(f(X0,X4),f(f(X4,X0),f(f(f(f(f(f(X1,f(X0,X2)),X0),X1),f(X4,X5)),X4),f(f(f(X1,f(X0,X2)),X0),X1)))),f(X0,f(f(X4,X0),f(f(f(f(f(f(X1,f(X0,X2)),X0),X1),f(X4,X5)),X4),f(f(f(X1,f(X0,X2)),X0),X1))))) = X4) )),
  inference(superposition,[],[f669,f21])).
fof(f1321,plain,(
  ( ! [X2,X3,X0,X1] : (f(f(X1,X2),X1) = f(f(X0,f(f(f(f(X1,X2),X0),f(f(f(X1,f(X0,X3)),X0),X1)),f(X1,X2))),f(f(f(f(X1,f(X0,X3)),X0),X1),f(f(f(f(X1,X2),X0),f(f(f(X1,f(X0,X3)),X0),X1)),f(X1,X2))))) )),
  inference(superposition,[],[f95,f21])).
fof(f2169,plain,(
  ( ! [X2,X0,X1] : (f(f(f(f(X0,f(X0,X2)),X0),X0),f(f(f(f(X0,X1),X0),f(f(f(X0,f(X0,X2)),X0),X0)),f(X0,X1))) = f(f(f(f(X0,X1),X0),f(f(X0,f(X0,f(f(f(f(X0,X1),X0),f(f(f(X0,f(X0,X2)),X0),X0)),f(X0,X1)))),f(f(f(X0,f(X0,X2)),X0),X0))),f(f(X0,f(f(f(f(X0,X1),X0),f(f(f(X0,f(X0,X2)),X0),X0)),f(X0,X1))),f(f(X0,f(X0,f(f(f(f(X0,X1),X0),f(f(f(X0,f(X0,X2)),X0),X0)),f(X0,X1)))),f(f(f(X0,f(X0,X2)),X0),X0))))) )),
  inference(superposition,[],[f100,f1321])).
fof(f4199,plain,(
  ( ! [X2,X3,X0,X1] : (f(X1,X2) = f(f(f(X0,f(X1,X2)),f(f(f(X1,X2),X0),f(f(X0,f(X1,X2)),f(f(f(X1,f(X0,X3)),X0),X1)))),f(X0,f(f(f(X1,X2),X0),f(f(X0,f(X1,X2)),f(f(f(X1,f(X0,X3)),X0),X1)))))) )),
  inference(superposition,[],[f791,f21])).
fof(f4470,plain,(
  ( ! [X2,X3,X0,X1,X4] : (f(f(X1,X2),X1) = f(f(X0,f(f(f(f(X1,X2),X1),f(f(f(X1,f(X0,X3)),X0),X1)),f(X0,f(f(f(f(X1,X2),f(f(f(f(X1,f(X0,X3)),X0),X1),X4)),f(f(f(X1,f(X0,X3)),X0),X1)),f(X1,X2))))),f(f(f(f(X1,f(X0,X3)),X0),X1),f(f(f(f(X1,X2),X1),f(f(f(X1,f(X0,X3)),X0),X1)),f(X0,f(f(f(f(X1,X2),f(f(f(f(X1,f(X0,X3)),X0),X1),X4)),f(f(f(X1,f(X0,X3)),X0),X1)),f(X1,X2))))))) )),
  inference(superposition,[],[f4199,f21])).
fof(f8423,plain,(
  ( ! [X2,X3,X0,X1,X6,X4,X5] : (f(f(X1,X3),X1) = f(f(X0,f(f(f(f(f(f(f(f(X1,X3),X1),X4),f(f(f(f(X1,X3),X1),X4),X5)),f(f(f(X1,X3),X1),X4)),f(f(f(f(X1,f(X0,X2)),X0),X1),X6)),f(f(f(X1,f(X0,X2)),X0),X1)),f(f(f(f(f(X1,X3),X1),X4),f(f(f(f(X1,X3),X1),X4),X5)),f(f(f(X1,X3),X1),X4)))),f(f(f(f(X1,f(X0,X2)),X0),X1),f(f(f(f(f(f(f(f(X1,X3),X1),X4),f(f(f(f(X1,X3),X1),X4),X5)),f(f(f(X1,X3),X1),X4)),f(f(f(f(X1,f(X0,X2)),X0),X1),X6)),f(f(f(X1,f(X0,X2)),X0),X1)),f(f(f(f(f(X1,X3),X1),X4),f(f(f(f(X1,X3),X1),X4),X5)),f(f(f(X1,X3),X1),X4)))))) )),
  inference(superposition,[],[f66,f21])).
fof(f10535,plain,(
  ( ! [X2,X3,X0,X1] : (f(f(X0,f(f(f(f(X0,X1),f(f(f(f(X0,f(X0,X2)),X0),X0),X3)),f(f(f(X0,f(X0,X2)),X0),X0)),f(X0,X1))),X0) = f(f(X0,f(f(f(f(X0,X1),X0),f(f(f(X0,f(X0,X2)),X0),X0)),f(X0,f(f(f(f(X0,X1),f(f(f(f(X0,f(X0,X2)),X0),X0),X3)),f(f(f(X0,f(X0,X2)),X0),X0)),f(X0,X1))))),f(f(f(f(X0,f(X0,X2)),X0),X0),f(f(f(f(X0,X1),X0),f(f(f(X0,f(X0,X2)),X0),X0)),f(X0,f(f(f(f(X0,X1),f(f(f(f(X0,f(X0,X2)),X0),X0),X3)),f(f(f(X0,f(X0,X2)),X0),X0)),f(X0,X1))))))) )),
  inference(superposition,[],[f90,f90])).
fof(f10681,plain,(
  ( ! [X2,X3,X0,X1] : (f(f(f(f(X0,f(X0,X2)),X0),X0),f(f(f(f(X0,X1),f(f(f(f(X0,f(X0,X2)),X0),X0),X3)),f(f(f(X0,f(X0,X2)),X0),X0)),f(X0,X1))) = f(f(f(f(X0,X1),X0),f(f(X0,f(X0,f(f(f(f(X0,X1),f(f(f(f(X0,f(X0,X2)),X0),X0),X3)),f(f(f(X0,f(X0,X2)),X0),X0)),f(X0,X1)))),f(f(f(X0,f(X0,X2)),X0),X0))),f(f(X0,f(f(f(f(X0,X1),f(f(f(f(X0,f(X0,X2)),X0),X0),X3)),f(f(f(X0,f(X0,X2)),X0),X0)),f(X0,X1))),f(f(X0,f(X0,f(f(f(f(X0,X1),f(f(f(f(X0,f(X0,X2)),X0),X0),X3)),f(f(f(X0,f(X0,X2)),X0),X0)),f(X0,X1)))),f(f(f(X0,f(X0,X2)),X0),X0))))) )),
  inference(superposition,[],[f100,f90])).
fof(f10894,plain,(
  ( ! [X2,X3,X0,X1] : (f(f(X0,X1),X0) = f(f(X0,f(f(f(f(X0,X1),f(f(f(f(X0,f(X0,X2)),X0),X0),X3)),f(f(f(X0,f(X0,X2)),X0),X0)),f(X0,X1))),X0)) )),
  inference(forward_demodulation,[],[f10535,f4470])).
fof(f10895,plain,(
  ( ! [X2,X0,X1] : (f(f(X0,X1),X0) = f(f(X0,f(f(f(f(X0,X1),X0),f(f(f(X0,f(X0,X2)),X0),X0)),f(X0,X1))),X0)) )),
  inference(superposition,[],[f10894,f21])).
fof(f11024,plain,(
  ( ! [X2,X3,X0,X1,X4] : (f(f(f(f(X0,X1),X0),f(f(X0,f(X0,f(f(f(f(X0,X1),f(f(f(f(X0,f(X0,X2)),X0),X0),X3)),f(f(f(X0,f(X0,X2)),X0),X0)),f(X0,X1)))),f(f(f(X0,f(X0,X4)),X0),X0))),f(f(X0,f(f(f(f(X0,X1),f(f(f(f(X0,f(X0,X2)),X0),X0),X3)),f(f(f(X0,f(X0,X2)),X0),X0)),f(X0,X1))),f(f(X0,f(X0,f(f(f(f(X0,X1),f(f(f(f(X0,f(X0,X2)),X0),X0),X3)),f(f(f(X0,f(X0,X2)),X0),X0)),f(X0,X1)))),f(f(f(X0,f(X0,X4)),X0),X0)))) = X0) )),
  inference(superposition,[],[f669,f10894])).
fof(f11250,plain,(
  ( ! [X2,X3,X0,X1] : (f(f(f(f(X0,f(X0,X2)),X0),X0),f(f(f(f(X0,X1),f(f(f(f(X0,f(X0,X2)),X0),X0),X3)),f(f(f(X0,f(X0,X2)),X0),X0)),f(X0,X1))) = X0) )),
  inference(backward_demodulation,[],[f10681,f11024])).
fof(f11390,plain,(
  ( ! [X2,X3,X0,X1] : (f(f(f(f(X0,X1),X0),f(f(X0,f(X0,f(f(f(f(X0,X1),X0),f(f(f(X0,f(X0,X2)),X0),X0)),f(X0,X1)))),f(f(f(X0,f(X0,X3)),X0),X0))),f(f(X0,f(f(f(f(X0,X1),X0),f(f(f(X0,f(X0,X2)),X0),X0)),f(X0,X1))),f(f(X0,f(X0,f(f(f(f(X0,X1),X0),f(f(f(X0,f(X0,X2)),X0),X0)),f(X0,X1)))),f(f(f(X0,f(X0,X3)),X0),X0)))) = X0) )),
  inference(superposition,[],[f669,f10895])).
fof(f11618,plain,(
  ( ! [X2,X0,X1] : (f(f(f(f(X0,f(X0,X2)),X0),X0),f(f(f(f(X0,X1),X0),f(f(f(X0,f(X0,X2)),X0),X0)),f(X0,X1))) = X0) )),
  inference(backward_demodulation,[],[f2169,f11390])).
fof(f12139,plain,(
  ( ! [X2,X3,X0,X1,X4,X5] : (f(f(f(f(X0,X1),f(f(f(f(X0,f(X0,X2)),X0),X0),X3)),f(f(f(X0,f(X0,X2)),X0),X0)),f(X0,X1)) = f(f(X0,f(f(f(f(f(f(f(f(X0,f(X0,X2)),X0),X0),f(f(f(f(X0,f(X0,X2)),X0),X0),X4)),f(f(f(X0,f(X0,X2)),X0),X0)),f(f(f(f(X0,f(X0,X2)),X0),X0),X5)),f(f(f(X0,f(X0,X2)),X0),X0)),f(f(f(f(f(X0,f(X0,X2)),X0),X0),f(f(f(f(X0,f(X0,X2)),X0),X0),X4)),f(f(f(X0,f(X0,X2)),X0),X0)))),f(f(f(f(X0,f(X0,X2)),X0),X0),f(f(f(f(f(f(f(f(X0,f(X0,X2)),X0),X0),f(f(f(f(X0,f(X0,X2)),X0),X0),X4)),f(f(f(X0,f(X0,X2)),X0),X0)),f(f(f(f(X0,f(X0,X2)),X0),X0),X5)),f(f(f(X0,f(X0,X2)),X0),X0)),f(f(f(f(f(X0,f(X0,X2)),X0),X0),f(f(f(f(X0,f(X0,X2)),X0),X0),X4)),f(f(f(X0,f(X0,X2)),X0),X0)))))) )),
  inference(superposition,[],[f352,f11250])).
fof(f12348,plain,(
  ( ! [X2,X3,X0,X1] : (f(f(X0,f(X0,X2)),X0) = f(f(f(f(X0,X1),f(f(f(f(X0,f(X0,X2)),X0),X0),X3)),f(f(f(X0,f(X0,X2)),X0),X0)),f(X0,X1))) )),
  inference(forward_demodulation,[],[f12139,f8423])).
fof(f12356,plain,(
  ( ! [X2,X0,X1] : (f(f(X0,X1),X0) = f(f(X0,f(f(X0,f(X0,X2)),X0)),X0)) )),
  inference(backward_demodulation,[],[f10894,f12348])).
fof(f12615,plain,(
  ( ! [X2,X0,X1] : (f(f(X0,X1),X0) = f(f(X0,X2),X0)) )),
  inference(superposition,[],[f12356,f12356])).
fof(f13309,plain,(
  ( ! [X2,X3,X0,X1] : (f(X0,f(f(f(X1,f(X0,X2)),X0),X1)) = f(f(f(f(f(X1,f(X0,X2)),X0),X1),X3),f(f(f(X1,f(X0,X2)),X0),X1))) )),
  inference(superposition,[],[f12615,f21])).
fof(f13346,plain,(
  ( ! [X2,X3,X0,X1] : (f(f(f(X0,X2),X3),f(X0,X2)) = f(f(f(X0,X1),X0),f(X0,X2))) )),
  inference(superposition,[],[f12615,f12615])).
fof(f13786,plain,(
  ( ! [X3,X0,X1,X4] : (f(f(f(f(f(f(X0,X1),X0),f(X3,X4)),X3),f(f(X0,X1),X0)),X0) = X3) )),
  inference(superposition,[],[f33,f12615])).
fof(f13798,plain,(
  ( ! [X3,X0,X1] : (f(f(f(f(X0,X1),X0),X0),f(f(X0,X3),X0)) = X0) )),
  inference(superposition,[],[f21,f12615])).
fof(f13906,plain,(
  ( ! [X2,X3,X0,X1] : (f(f(f(X0,f(X1,X2)),X1),X0) = f(f(f(f(f(f(f(X0,f(X1,X2)),X1),X0),X1),f(f(f(X0,f(X1,X2)),X1),X0)),X3),f(f(f(f(f(X0,f(X1,X2)),X1),X0),X1),f(f(f(X0,f(X1,X2)),X1),X0)))) )),
  inference(superposition,[],[f30,f12615])).
fof(f14084,plain,(
  ( ! [X2,X3,X0,X1] : (f(X0,X2) = f(f(f(f(f(X0,X2),f(f(X0,X2),X3)),f(X0,X2)),f(X0,X2)),f(f(f(f(f(X0,X1),X0),f(X0,X2)),f(f(f(f(X0,X2),f(f(X0,X2),X3)),f(X0,X2)),f(X0,X2))),f(f(X0,X1),X0)))) )),
  inference(superposition,[],[f11618,f12615])).
fof(f15383,plain,(
  ( ! [X2,X3,X0,X1] : (f(f(f(X0,f(X1,X2)),X1),X0) = f(f(f(X1,f(f(f(X0,f(X1,X2)),X1),X0)),X3),f(X1,f(f(f(X0,f(X1,X2)),X1),X0)))) )),
  inference(backward_demodulation,[],[f13906,f13309])).
fof(f16156,plain,(
  ( ! [X2,X0,X1] : (f(f(f(f(X0,X1),X0),X2),f(f(X0,X1),X0)) = X0) )),
  inference(superposition,[],[f12615,f13798])).
fof(f16200,plain,(
  ( ! [X2,X0,X1] : (f(f(f(f(X0,X1),X2),f(X0,X1)),f(f(X0,X1),X0)) = X0) )),
  inference(superposition,[],[f16156,f12615])).
fof(f16203,plain,(
  ( ! [X2,X3,X0,X1] : (f(X0,X2) = f(f(f(f(f(X0,X1),X0),f(X0,X2)),X3),f(f(f(X0,X1),X0),f(X0,X2)))) )),
  inference(superposition,[],[f16156,f12615])).
fof(f16245,plain,(
  ( ! [X2,X3,X0,X1,X4] : (f(f(f(X3,X0),f(f(f(f(f(f(X0,X1),X0),X2),f(X3,X4)),X3),f(f(f(X0,X1),X0),X2))),f(X3,f(f(f(f(f(f(X0,X1),X0),X2),f(X3,X4)),X3),f(f(f(X0,X1),X0),X2)))) = X0) )),
  inference(superposition,[],[f65,f16156])).
fof(f16249,plain,(
  ( ! [X2,X3,X0,X1] : (f(X0,f(f(f(X0,X1),X0),X2)) = f(f(f(f(f(X0,X1),X0),X2),X3),f(f(f(X0,X1),X0),X2))) )),
  inference(superposition,[],[f12615,f16156])).
fof(f16283,plain,(
  ( ! [X2,X0,X1] : (f(X0,X2) = f(X0,f(f(f(X0,X1),X0),f(X0,X2)))) )),
  inference(forward_demodulation,[],[f16203,f16249])).
fof(f16295,plain,(
  ( ! [X2,X0,X1] : (f(f(f(X0,X1),X0),X2) = f(f(f(X0,X1),X0),f(X0,f(f(f(X0,X1),X0),X2)))) )),
  inference(superposition,[],[f16283,f16156])).
fof(f16307,plain,(
  ( ! [X2,X0,X1] : (f(X0,X1) = f(X0,f(f(f(X0,X1),X2),f(X0,X1)))) )),
  inference(superposition,[],[f16283,f12615])).
fof(f16310,plain,(
  ( ! [X2,X3,X0,X1] : (f(f(X0,X2),X0) = f(f(f(f(X0,X1),f(f(X0,X2),X0)),X0),f(f(X0,X3),X0))) )),
  inference(superposition,[],[f21,f16283])).
fof(f16456,plain,(
  ( ! [X2,X3,X0,X1] : (f(f(f(f(X0,X2),X3),f(X0,X2)),f(f(X0,X1),X0)) = X0) )),
  inference(superposition,[],[f16200,f12615])).
fof(f16519,plain,(
  ( ! [X2,X3,X0,X1] : (f(f(f(f(X0,X1),X0),f(X0,X2)),f(f(X0,X3),X0)) = X0) )),
  inference(superposition,[],[f16456,f12615])).
fof(f16572,plain,(
  ( ! [X2,X3,X0,X1,X4] : (f(X0,X3) = f(f(f(X0,f(X0,X3)),f(f(f(X0,X1),X2),f(X0,X1))),f(f(f(f(f(X0,X1),X2),f(X0,X1)),X4),f(f(f(X0,X1),X2),f(X0,X1))))) )),
  inference(superposition,[],[f21,f16456])).
fof(f16584,plain,(
  ( ! [X2,X3,X0,X1] : (f(X0,X3) = f(f(f(X0,f(X0,X3)),f(f(f(X0,X1),X2),f(X0,X1))),f(X0,X1))) )),
  inference(forward_demodulation,[],[f16572,f16156])).
fof(f17193,plain,(
  ( ! [X2,X3,X0,X1] : (f(f(f(f(X0,X1),X0),X2),X3) = f(f(f(f(f(f(X0,X1),X0),X2),f(f(f(f(X0,X1),X0),X2),X3)),f(f(X0,X1),X0)),X0)) )),
  inference(superposition,[],[f13786,f16307])).
fof(f17497,plain,(
  ( ! [X2,X3,X0,X1] : (f(f(f(f(X0,X1),X0),X2),f(f(X0,X3),X0)) = X0) )),
  inference(superposition,[],[f16519,f16295])).
fof(f17827,plain,(
  ( ! [X3,X0,X1] : (f(f(X0,X1),f(f(X0,X3),X0)) = X0) )),
  inference(superposition,[],[f16456,f16584])).
fof(f17833,plain,(
  ( ! [X2,X0,X1] : (f(X0,X1) = f(f(f(X0,f(X0,X1)),X2),f(X0,f(X0,X1)))) )),
  inference(superposition,[],[f12615,f16584])).
fof(f17846,plain,(
  ( ! [X3,X0,X1,X4] : (f(X0,f(X0,X1)) = f(f(f(X0,X1),X3),f(f(f(X0,f(X0,X1)),X4),f(X0,f(X0,X1))))) )),
  inference(superposition,[],[f17497,f16584])).
fof(f17860,plain,(
  ( ! [X3,X0,X1] : (f(X0,f(X0,X1)) = f(f(f(X0,X1),X3),f(X0,X1))) )),
  inference(backward_demodulation,[],[f17846,f17833])).
fof(f17868,plain,(
  ( ! [X2,X3,X0] : (f(f(X0,X2),X0) = f(f(X0,X0),f(f(X0,X3),X0))) )),
  inference(backward_demodulation,[],[f16310,f17827])).
fof(f18064,plain,(
  ( ! [X2,X0,X1] : (f(X0,f(X0,X2)) = f(f(f(X0,X1),X0),f(X0,X2))) )),
  inference(backward_demodulation,[],[f13346,f17860])).
fof(f18133,plain,(
  ( ! [X3,X0,X1] : (f(X0,X3) = f(f(f(X0,f(X0,X3)),f(X0,f(X0,X1))),f(X0,X1))) )),
  inference(backward_demodulation,[],[f16584,f17860])).
fof(f18175,plain,(
  ( ! [X2,X0,X1] : (f(f(f(X0,f(X1,X2)),X1),X0) = f(X1,f(X1,f(f(f(X0,f(X1,X2)),X1),X0)))) )),
  inference(backward_demodulation,[],[f15383,f17860])).
fof(f19249,plain,(
  ( ! [X2,X0,X1] : (f(X0,X2) = f(f(f(X0,f(X0,X2)),f(X0,X2)),f(f(f(f(f(X0,X1),X0),f(X0,X2)),f(f(X0,f(X0,X2)),f(X0,X2))),f(f(X0,X1),X0)))) )),
  inference(backward_demodulation,[],[f14084,f17860])).
fof(f19279,plain,(
  ( ! [X2,X0] : (f(f(X0,X2),X0) = X0) )),
  inference(forward_demodulation,[],[f17868,f17827])).
fof(f19367,plain,(
  ( ! [X2,X0,X1] : (f(X0,X2) = f(f(f(X0,f(X0,X2)),f(X0,X2)),f(f(f(X0,f(X0,X2)),f(f(X0,f(X0,X2)),f(X0,X2))),f(f(X0,X1),X0)))) )),
  inference(backward_demodulation,[],[f19249,f18064])).
fof(f19371,plain,(
  ( ! [X0,X1] : (f(X0,X1) = f(X0,f(X0,X1))) )),
  inference(backward_demodulation,[],[f17860,f19279])).
fof(f21423,plain,(
  ( ! [X3,X0,X4] : (f(f(f(f(X0,f(X3,X4)),X3),X0),X0) = X3) )),
  inference(backward_demodulation,[],[f13786,f19279])).
fof(f21540,plain,(
  ( ! [X2,X3,X0,X4] : (f(f(f(X3,X0),f(f(f(f(X0,X2),f(X3,X4)),X3),f(X0,X2))),f(X3,f(f(f(f(X0,X2),f(X3,X4)),X3),f(X0,X2)))) = X0) )),
  inference(backward_demodulation,[],[f16245,f19279])).
fof(f21548,plain,(
  ( ! [X2,X3,X0] : (f(f(X0,X2),X3) = f(f(f(f(X0,X2),f(f(X0,X2),X3)),X0),X0)) )),
  inference(backward_demodulation,[],[f17193,f19279])).
fof(f22111,plain,(
  ( ! [X2,X0] : (f(X0,X2) = f(f(f(X0,f(X0,X2)),f(X0,X2)),f(f(f(X0,f(X0,X2)),f(f(X0,f(X0,X2)),f(X0,X2))),X0))) )),
  inference(forward_demodulation,[],[f19367,f19279])).
fof(f22210,plain,(
  ( ! [X2,X3,X0] : (f(f(X0,X2),X3) = f(f(f(f(X0,X2),X3),X0),X0)) )),
  inference(backward_demodulation,[],[f21548,f19371])).
fof(f22223,plain,(
  ( ! [X3,X0,X1] : (f(X0,X3) = f(f(f(X0,f(X0,X3)),f(X0,X1)),f(X0,X1))) )),
  inference(backward_demodulation,[],[f18133,f19371])).
fof(f22249,plain,(
  ( ! [X2,X0,X1] : (f(f(f(X0,f(X1,X2)),X1),X0) = f(X1,f(f(f(X0,f(X1,X2)),X1),X0))) )),
  inference(backward_demodulation,[],[f18175,f19371])).
fof(f22271,plain,(
  ( ! [X2,X0] : (f(X0,X2) = f(f(f(X0,f(X0,X2)),f(X0,X2)),f(f(f(X0,f(X0,X2)),f(X0,X2)),X0))) )),
  inference(forward_demodulation,[],[f22111,f19371])).
fof(f22784,plain,(
  ( ! [X2,X3,X0,X4] : (f(f(f(X3,X0),f(f(f(f(X0,X2),f(X3,X4)),X3),f(X0,X2))),f(f(f(f(X0,X2),f(X3,X4)),X3),f(X0,X2))) = X0) )),
  inference(backward_demodulation,[],[f21540,f22249])).
fof(f22851,plain,(
  ( ! [X3,X0,X1] : (f(X0,X3) = f(f(f(X0,X3),f(X0,X1)),f(X0,X1))) )),
  inference(forward_demodulation,[],[f22223,f19371])).
fof(f23016,plain,(
  ( ! [X3,X0,X4] : (f(f(X0,f(X3,X4)),X3) = X3) )),
  inference(backward_demodulation,[],[f21423,f22210])).
fof(f23035,plain,(
  ( ! [X2,X0] : (f(X0,X2) = f(f(f(X0,f(X0,X2)),f(X0,X2)),X0)) )),
  inference(forward_demodulation,[],[f22271,f19371])).
fof(f23725,plain,(
  ( ! [X2,X3,X0] : (f(f(f(X3,X0),f(X3,f(X0,X2))),f(X3,f(X0,X2))) = X0) )),
  inference(backward_demodulation,[],[f22784,f23016])).
fof(f24231,plain,(
  ( ! [X2,X0] : (f(X0,X2) = X0) )),
  inference(forward_demodulation,[],[f23035,f23016])).
fof(f24616,plain,(
  ( ! [X3,X0] : (f(X3,X0) = X0) )),
  inference(forward_demodulation,[],[f23725,f22851])).
fof(f25535,plain,(
  ( ! [X3,X0] : (X0 = X3) )),
  inference(forward_demodulation,[],[f24616,f24231])).
fof(f26443,plain,(
  ( ! [X0] : (sK0 != X0) ) | spl2_1),
  inference(superposition,[],[f12,f25535])).
fof(f26446,plain,(
  $false | spl2_1),
  inference(equality_resolution,[],[f26443])).
fof(f26447,plain,(
  spl2_1),
  inference(avatar_contradiction_clause,[],[f26446])).
cnf(s1, plain, ~spl2_1, inference(sat_conversion,[],[f13])).
cnf(s2, plain, spl2_1, inference(sat_conversion,[],[f26447])).
cnf(s3, plain, $false, inference(rat,[],[s1,s2])).
fof(f26448,plain,(
  $false),
  inference(avatar_sat_refutation,[],[s3])).
% SZS output end Proof for p
% ------------------------------
% Version: Vampire 5.0.1 (Release build, commit 1b13eaf on 2026-01-18 12:14:50 +0000)
% Linked with Z3 4.14.0.0 3c47fd96cf5645d0c42b2c819d9e9a84380aa721 NOTFOUND
% CaDiCaL version: 2.1.3
% Termination reason: Refutation
% Time elapsed: 5.598 s
% Peak memory usage: 154 MB
% Instructions burned: 33287 (million)
% ------------------------------
% ------------------------------
% Success in time 32.025 s
