% law: x = ((y ◇ (x ◇ x)) ◇ (((w ◇ y) ◇ (z ◇ (x ◇ w))) ◇ y))
% config: vampire/triv/casc @ 30s

% Running in auto input_syntax mode. Trying TPTP
% Detected formulas, will run a generic FOF schedule.
% lrs+1011_32_sil=2000:tgt=full:alpa=true:random_seed=1182212424:st=5:i=107:sd=1:ss=included:er=filter_300 on p for (300ds/107Mi)
% Instruction limit reached! 
% ------------------------------
% Version: Vampire 5.0.1 (Release build, commit 1b13eaf on 2026-01-18 12:14:50 +0000)
% Linked with Z3 4.14.0.0 3c47fd96cf5645d0c42b2c819d9e9a84380aa721 NOTFOUND
% CaDiCaL version: 2.1.3
% Termination reason: Instruction limit
% Termination phase: Saturation
% Time elapsed: 0.018 s
% Peak memory usage: 13 MB
% Instructions burned: 108 (million)
% lrs+10_2:3_to=lpo:sil=16000:sp=arity:random_seed=424256757:i=114:bd=all:ss=axioms:sgt=4_299 on p for (299ds/114Mi)
% Instruction limit reached! 
% ------------------------------
% Version: Vampire 5.0.1 (Release build, commit 1b13eaf on 2026-01-18 12:14:50 +0000)
% Linked with Z3 4.14.0.0 3c47fd96cf5645d0c42b2c819d9e9a84380aa721 NOTFOUND
% CaDiCaL version: 2.1.3
% Termination reason: Instruction limit
% Termination phase: Saturation
% Time elapsed: 0.019 s
% Peak memory usage: 13 MB
% Instructions burned: 119 (million)
% ott+1011_2_sil=4000:lsd=20:rnwc=on:rp=on:sac=on:newcnf=on:random_seed=3359202649:i=132:kws=arity:er=filter_299 on p for (299ds/132Mi)
% Instruction limit reached! 
% ------------------------------
% Version: Vampire 5.0.1 (Release build, commit 1b13eaf on 2026-01-18 12:14:50 +0000)
% Linked with Z3 4.14.0.0 3c47fd96cf5645d0c42b2c819d9e9a84380aa721 NOTFOUND
% CaDiCaL version: 2.1.3
% Termination reason: Instruction limit
% Termination phase: Saturation
% Time elapsed: 0.025 s
% Peak memory usage: 14 MB
% Instructions burned: 152 (million)
% dis+1011_1_slsqr=8,1:sil=2000:spb=units:fd=off:kmz=on:flr=on:sac=on:slsq=on:random_seed=3853830278:st=2:i=121:sd=30:aac=none:ep=RS:ss=axioms:sgt=10_299 on p for (299ds/121Mi)
% Refutation not found, incomplete strategy
% ------------------------------
% Version: Vampire 5.0.1 (Release build, commit 1b13eaf on 2026-01-18 12:14:50 +0000)
% Linked with Z3 4.14.0.0 3c47fd96cf5645d0c42b2c819d9e9a84380aa721 NOTFOUND
% CaDiCaL version: 2.1.3
% Termination reason: Refutation not found, incomplete strategy
% Time elapsed: 0.002 s
% Peak memory usage: 12 MB
% ------------------------------
% ------------------------------
% Aborted by signal SIGSEGV on /tmp/tmpb8omr1fz/p.p
% ------------------------------
% Version: Vampire 5.0.1 (Release build, commit 1b13eaf on 2026-01-18 12:14:50 +0000)
% Linked with Z3 4.14.0.0 3c47fd96cf5645d0c42b2c819d9e9a84380aa721 NOTFOUND
% CaDiCaL version: 2.1.3
% Termination reason: Refutation not found, incomplete strategy
% Time elapsed: 0.002 s
% Peak memory usage: 12 MB
% lrs+10_1_sil=2000:sos=on:random_seed=1312620206:i=135:sd=2:gtg=position:ss=axioms_299 on p for (299ds/135Mi)
% Refutation not found, incomplete strategy
% ------------------------------
% Version: Vampire 5.0.1 (Release build, commit 1b13eaf on 2026-01-18 12:14:50 +0000)
% Linked with Z3 4.14.0.0 3c47fd96cf5645d0c42b2c819d9e9a84380aa721 NOTFOUND
% CaDiCaL version: 2.1.3
% Termination reason: Refutation not found, incomplete strategy
% Time elapsed: 0.001 s
% Peak memory usage: 11 MB
% ------------------------------
% ------------------------------
% lrs+1011_1_sil=16000:random_seed=2456083726:i=269:sd=10:ss=axioms:sgt=16_298 on p for (298ds/269Mi)
% Instruction limit reached! 
% ------------------------------
% Version: Vampire 5.0.1 (Release build, commit 1b13eaf on 2026-01-18 12:14:50 +0000)
% Linked with Z3 4.14.0.0 3c47fd96cf5645d0c42b2c819d9e9a84380aa721 NOTFOUND
% CaDiCaL version: 2.1.3
% Termination reason: Instruction limit
% Termination phase: Saturation
% Time elapsed: 0.094 s
% Peak memory usage: 16 MB
% Instructions burned: 269 (million)
% dis+1010_4_sil=2000:sos=on:sac=on:random_seed=1381442839:i=140:sd=1:ss=axioms_297 on p for (297ds/140Mi)
% Refutation not found, incomplete strategy
% ------------------------------
% Version: Vampire 5.0.1 (Release build, commit 1b13eaf on 2026-01-18 12:14:50 +0000)
% Linked with Z3 4.14.0.0 3c47fd96cf5645d0c42b2c819d9e9a84380aa721 NOTFOUND
% CaDiCaL version: 2.1.3
% Termination reason: Refutation not found, incomplete strategy
% Time elapsed: 0.001 s
% Peak memory usage: 11 MB
% ------------------------------
% ------------------------------
% ott+11_4:1_slsqr=8,1:to=kbo:sil=4000:spb=goal:bsr=on:slsq=on:random_seed=1122556969:s2pl=on:st=3:s2a=on:i=124:gtgl=4:sd=1:kws=inv_arity:ep=RST:gtg=position:ss=axioms:fsd=on_297 on p for (297ds/124Mi)
% Aborted by signal SIGSEGV on /tmp/tmpb8omr1fz/p.p
% ------------------------------
% Version: Vampire 5.0.1 (Release build, commit 1b13eaf on 2026-01-18 12:14:50 +0000)
% Linked with Z3 4.14.0.0 3c47fd96cf5645d0c42b2c819d9e9a84380aa721 NOTFOUND
% CaDiCaL version: 2.1.3
% Termination reason: Unknown
% Termination phase: Saturation
% Time elapsed: 0.002 s
% Peak memory usage: 11 MB
% Instructions burned: 1 (million)
% ott+1010_1_to=lpo:sil=32000:fde=none:sos=on:spb=goal_then_units:urr=on:random_seed=3973778065:st=2.5:cts=off:i=297:sd=4:ins=10:gsp=on:ss=axioms_297 on p for (297ds/297Mi)
% Refutation not found, incomplete strategy
% ------------------------------
% Version: Vampire 5.0.1 (Release build, commit 1b13eaf on 2026-01-18 12:14:50 +0000)
% Linked with Z3 4.14.0.0 3c47fd96cf5645d0c42b2c819d9e9a84380aa721 NOTFOUND
% CaDiCaL version: 2.1.3
% Termination reason: Refutation not found, incomplete strategy
% Time elapsed: 0.0000 s
% Peak memory usage: 12 MB
% ------------------------------
% ------------------------------
% lrs-1002_1_sil=2000:random_seed=4174226259:i=641:sd=20:ss=axioms:sgt=8_297 on p for (297ds/641Mi)
% Instruction limit reached! 
% ------------------------------
% Version: Vampire 5.0.1 (Release build, commit 1b13eaf on 2026-01-18 12:14:50 +0000)
% Linked with Z3 4.14.0.0 3c47fd96cf5645d0c42b2c819d9e9a84380aa721 NOTFOUND
% CaDiCaL version: 2.1.3
% Termination reason: Instruction limit
% Termination phase: Saturation
% Time elapsed: 0.163 s
% Peak memory usage: 22 MB
% Instructions burned: 642 (million)
% lrs+1011_1_sil=4000:plsq=on:plsqr=32,1:sp=occurrence:sos=all:erd=off:random_seed=364022431:st=5:i=160:sup=off:ss=included_295 on p for (295ds/160Mi)
% Refutation not found, incomplete strategy
% ------------------------------
% Version: Vampire 5.0.1 (Release build, commit 1b13eaf on 2026-01-18 12:14:50 +0000)
% Linked with Z3 4.14.0.0 3c47fd96cf5645d0c42b2c819d9e9a84380aa721 NOTFOUND
% CaDiCaL version: 2.1.3
% Termination reason: Refutation not found, incomplete strategy
% Time elapsed: 0.001 s
% Peak memory usage: 11 MB
% ------------------------------
% ------------------------------
% lrs+10_16:1_sil=2000:sp=reverse_frequency:lcm=predicate:bsr=unit_only:random_seed=2995643436:avsq=on:i=433:kws=inv_frequency:bs=unit_only:gtg=exists_sym_295 on p for (295ds/433Mi)
% Instruction limit reached! 
% ------------------------------
% Version: Vampire 5.0.1 (Release build, commit 1b13eaf on 2026-01-18 12:14:50 +0000)
% Linked with Z3 4.14.0.0 3c47fd96cf5645d0c42b2c819d9e9a84380aa721 NOTFOUND
% CaDiCaL version: 2.1.3
% Termination reason: Instruction limit
% Termination phase: Saturation
% Time elapsed: 0.077 s
% Peak memory usage: 17 MB
% Instructions burned: 438 (million)
% lrs+1011_32_sfv=off:sil=128000:sos=all:newcnf=on:random_seed=2537745959:cond=fast:i=114:nm=2:fsr=off:gtg=all:ss=axioms_294 on p for (294ds/114Mi)
% Instruction limit reached! 
% ------------------------------
% Version: Vampire 5.0.1 (Release build, commit 1b13eaf on 2026-01-18 12:14:50 +0000)
% Linked with Z3 4.14.0.0 3c47fd96cf5645d0c42b2c819d9e9a84380aa721 NOTFOUND
% CaDiCaL version: 2.1.3
% Termination reason: Instruction limit
% Termination phase: Saturation
% Time elapsed: 0.019 s
% Peak memory usage: 13 MB
% Instructions burned: 114 (million)
% lrs+10_64_sil=16000:sos=on:urr=on:br=off:random_seed=2694794806:st=2.2:i=120:sd=1:nm=2:gtg=all:ss=axioms_293 on p for (293ds/120Mi)
% Instruction limit reached! 
% ------------------------------
% Version: Vampire 5.0.1 (Release build, commit 1b13eaf on 2026-01-18 12:14:50 +0000)
% Linked with Z3 4.14.0.0 3c47fd96cf5645d0c42b2c819d9e9a84380aa721 NOTFOUND
% CaDiCaL version: 2.1.3
% Termination reason: Instruction limit
% Termination phase: Saturation
% Time elapsed: 0.019 s
% Peak memory usage: 13 MB
% Instructions burned: 120 (million)
% lrs+21_1_slsqr=16,1:to=lpo:sil=4000:fs=off:acc=on:alpa=true:slsq=on:random_seed=2005929778:i=126:sd=3:aac=none:doe=on:fsr=off:sup=off:ss=included:er=filter:sgt=10_293 on p for (293ds/126Mi)
% Refutation not found, incomplete strategy
% ------------------------------
% Version: Vampire 5.0.1 (Release build, commit 1b13eaf on 2026-01-18 12:14:50 +0000)
% Linked with Z3 4.14.0.0 3c47fd96cf5645d0c42b2c819d9e9a84380aa721 NOTFOUND
% CaDiCaL version: 2.1.3
% Termination reason: Refutation not found, incomplete strategy
% Time elapsed: 0.0000 s
% Peak memory usage: 12 MB
% ------------------------------
% ------------------------------
% dis-1011_1_sil=64000:sp=occurrence:nwc=2:sac=on:random_seed=3793721721:i=161:gtgl=2:gtg=exists_sym_293 on p for (293ds/161Mi)
% Instruction limit reached! 
% ------------------------------
% Version: Vampire 5.0.1 (Release build, commit 1b13eaf on 2026-01-18 12:14:50 +0000)
% Linked with Z3 4.14.0.0 3c47fd96cf5645d0c42b2c819d9e9a84380aa721 NOTFOUND
% CaDiCaL version: 2.1.3
% Termination reason: Instruction limit
% Termination phase: Saturation
% Time elapsed: 0.024 s
% Peak memory usage: 13 MB
% Instructions burned: 165 (million)
% lrs+11_1024_sil=2000:drc=off:gs=on:flr=on:random_seed=3681008956:s2a=on:i=137:sd=2:fgj=on:av=off:ss=axioms:sgt=4_293 on p for (293ds/137Mi)
% Instruction limit reached! 
% ------------------------------
% Version: Vampire 5.0.1 (Release build, commit 1b13eaf on 2026-01-18 12:14:50 +0000)
% Linked with Z3 4.14.0.0 3c47fd96cf5645d0c42b2c819d9e9a84380aa721 NOTFOUND
% CaDiCaL version: 2.1.3
% Termination reason: Instruction limit
% Termination phase: Saturation
% Time elapsed: 0.022 s
% Peak memory usage: 14 MB
% Instructions burned: 142 (million)
% dis-1010_1_anc=none:sil=2000:sims=off:etr=on:sos=on:spb=units:nwc=2:random_seed=2449915559:i=698:sd=2:kws=arity:aac=none:ss=axioms:sgt=10_293 on p for (293ds/698Mi)
% Refutation not found, incomplete strategy
% ------------------------------
% Version: Vampire 5.0.1 (Release build, commit 1b13eaf on 2026-01-18 12:14:50 +0000)
% Linked with Z3 4.14.0.0 3c47fd96cf5645d0c42b2c819d9e9a84380aa721 NOTFOUND
% CaDiCaL version: 2.1.3
% Termination reason: Refutation not found, incomplete strategy
% Time elapsed: 0.0000 s
% Peak memory usage: 11 MB
% ------------------------------
% ------------------------------
% dis+10_1_sil=32000:s2agt=32:random_seed=106065847:st=3:s2a=on:i=183:sd=1:gtg=position:ss=axioms_293 on p for (293ds/183Mi)
% Instruction limit reached! 
% ------------------------------
% Version: Vampire 5.0.1 (Release build, commit 1b13eaf on 2026-01-18 12:14:50 +0000)
% Linked with Z3 4.14.0.0 3c47fd96cf5645d0c42b2c819d9e9a84380aa721 NOTFOUND
% CaDiCaL version: 2.1.3
% Termination reason: Instruction limit
% Termination phase: Saturation
% Time elapsed: 0.027 s
% Peak memory usage: 13 MB
% Instructions burned: 184 (million)
% dis+1010_2_sil=8000:plsq=on:plsqr=1,2:fd=off:random_seed=2774974325:st=1.5:s2a=on:i=119:sd=2:sup=off:ss=axioms_292 on p for (292ds/119Mi)
% Refutation not found, incomplete strategy
% ------------------------------
% Version: Vampire 5.0.1 (Release build, commit 1b13eaf on 2026-01-18 12:14:50 +0000)
% Linked with Z3 4.14.0.0 3c47fd96cf5645d0c42b2c819d9e9a84380aa721 NOTFOUND
% CaDiCaL version: 2.1.3
% Termination reason: Refutation not found, incomplete strategy
% Time elapsed: 0.0000 s
% Peak memory usage: 11 MB
% ------------------------------
% ------------------------------
% dis+1010_3_sil=2000:tgt=full:plsq=on:drc=off:fde=unused:sp=arity:acc=on:nwc=20:flr=on:sac=on:avsqc=2:random_seed=260616297:s2pl=on:st=3:avsq=on:i=285:s2at=5:avsqr=52993,1048576:sd=10:gtg=exists_sym:ss=axioms_292 on p for (292ds/285Mi)
% Instruction limit reached! 
% ------------------------------
% Version: Vampire 5.0.1 (Release build, commit 1b13eaf on 2026-01-18 12:14:50 +0000)
% Linked with Z3 4.14.0.0 3c47fd96cf5645d0c42b2c819d9e9a84380aa721 NOTFOUND
% CaDiCaL version: 2.1.3
% Termination reason: Instruction limit
% Termination phase: Saturation
% Time elapsed: 0.048 s
% Peak memory usage: 15 MB
% Instructions burned: 288 (million)
% lrs+1011_1_to=lpo:sil=32000:sp=arity:spb=goal:urr=on:bsr=on:fd=preordered:nwc=0.968:br=off:newcnf=on:random_seed=3922196031:s2a=on:i=130:s2at=11:bd=preordered:nm=20:ins=10:gtg=position:gsp=on_292 on p for (292ds/130Mi)
% Instruction limit reached! 
% ------------------------------
% Version: Vampire 5.0.1 (Release build, commit 1b13eaf on 2026-01-18 12:14:50 +0000)
% Linked with Z3 4.14.0.0 3c47fd96cf5645d0c42b2c819d9e9a84380aa721 NOTFOUND
% CaDiCaL version: 2.1.3
% Termination reason: Instruction limit
% Termination phase: Saturation
% Time elapsed: 0.021 s
% Peak memory usage: 14 MB
% Instructions burned: 135 (million)
% lrs+11_128_sil=2000:spb=units:lcm=predicate:nwc=20:slsqc=4:slsq=on:random_seed=1319437847:cts=off:i=178:slsql=off:nm=2:av=off:fsr=off_292 on p for (292ds/178Mi)
% Instruction limit reached! 
% ------------------------------
% Version: Vampire 5.0.1 (Release build, commit 1b13eaf on 2026-01-18 12:14:50 +0000)
% Linked with Z3 4.14.0.0 3c47fd96cf5645d0c42b2c819d9e9a84380aa721 NOTFOUND
% CaDiCaL version: 2.1.3
% Termination reason: Instruction limit
% Termination phase: Saturation
% Time elapsed: 0.028 s
% Peak memory usage: 14 MB
% Instructions burned: 181 (million)
% lrs-10_3:2_anc=all:sil=8000:plsq=on:plsqc=1:plsqr=1,1:erd=off:urr=on:rp=on:br=off:sac=on:avsqc=3:random_seed=1564982525:avsq=on:s2a=on:i=270:s2at=2:nicw=on:ss=axioms_291 on p for (291ds/270Mi)
% Refutation not found, incomplete strategy
% ------------------------------
% Version: Vampire 5.0.1 (Release build, commit 1b13eaf on 2026-01-18 12:14:50 +0000)
% Linked with Z3 4.14.0.0 3c47fd96cf5645d0c42b2c819d9e9a84380aa721 NOTFOUND
% CaDiCaL version: 2.1.3
% Termination reason: Refutation not found, incomplete strategy
% Time elapsed: 0.0000 s
% Peak memory usage: 12 MB
% ------------------------------
% ------------------------------
% dis-1011_1_sil=16000:tgt=full:prc=on:bsd=on:avsql=on:sp=unary_first:spb=intro:acc=on:fd=preordered:avsqc=1:random_seed=2841771311:st=4:avsq=on:i=960:avsqr=1,16:kws=precedence:bd=all:ins=10:ss=axioms_291 on p for (291ds/960Mi)
% Instruction limit reached! 
% ------------------------------
% Version: Vampire 5.0.1 (Release build, commit 1b13eaf on 2026-01-18 12:14:50 +0000)
% Linked with Z3 4.14.0.0 3c47fd96cf5645d0c42b2c819d9e9a84380aa721 NOTFOUND
% CaDiCaL version: 2.1.3
% Termination reason: Instruction limit
% Termination phase: Saturation
% Time elapsed: 0.148 s
% Peak memory usage: 25 MB
% Instructions burned: 966 (million)
% lrs+4_1_sfv=off:sil=16000:sos=all:random_seed=4105834978:i=183:av=off_290 on p for (290ds/183Mi)
% Refutation not found, incomplete strategy
% ------------------------------
% Version: Vampire 5.0.1 (Release build, commit 1b13eaf on 2026-01-18 12:14:50 +0000)
% Linked with Z3 4.14.0.0 3c47fd96cf5645d0c42b2c819d9e9a84380aa721 NOTFOUND
% CaDiCaL version: 2.1.3
% Termination reason: Refutation not found, incomplete strategy
% Time elapsed: 0.0000 s
% Peak memory usage: 9 MB
% ------------------------------
% ------------------------------
% lrs+11_8_slsqr=4,1:sil=2000:erd=off:spb=goal:lsd=50:s2agt=8:slsqc=3:slsq=on:random_seed=1731593235:s2pl=on:i=137:sd=2:ep=R:nm=6:av=off:ss=axioms:sgt=8_290 on p for (290ds/137Mi)
% Refutation not found, incomplete strategy
% ------------------------------
% Version: Vampire 5.0.1 (Release build, commit 1b13eaf on 2026-01-18 12:14:50 +0000)
% Linked with Z3 4.14.0.0 3c47fd96cf5645d0c42b2c819d9e9a84380aa721 NOTFOUND
% CaDiCaL version: 2.1.3
% Termination reason: Refutation not found, incomplete strategy
% Time elapsed: 0.0000 s
% Peak memory usage: 8 MB
% ------------------------------
% ------------------------------
% lrs+1010_14_sil=4000:tgt=full:plsq=on:plsqc=3:plsqr=1,64:erd=off:spb=goal_then_units:plsql=on:slsqc=3:slsq=on:random_seed=1233131577:i=274:s2at=3:sd=1:kws=arity_squared:gtg=exists_all:ss=axioms:fsd=on:sgt=16_290 on p for (290ds/274Mi)
% Instruction limit reached! 
% ------------------------------
% Version: Vampire 5.0.1 (Release build, commit 1b13eaf on 2026-01-18 12:14:50 +0000)
% Linked with Z3 4.14.0.0 3c47fd96cf5645d0c42b2c819d9e9a84380aa721 NOTFOUND
% CaDiCaL version: 2.1.3
% Termination reason: Instruction limit
% Termination phase: Saturation
% Time elapsed: 0.049 s
% Peak memory usage: 16 MB
% Instructions burned: 274 (million)
% lrs+34_16:1_anc=all_dependent:to=lpo:sil=2000:sp=unary_first:sos=on:urr=full:fd=off:sac=on:random_seed=3979404961:i=259:aac=none:bd=preordered:ss=axioms_289 on p for (289ds/259Mi)
% Refutation not found, incomplete strategy
% ------------------------------
% Version: Vampire 5.0.1 (Release build, commit 1b13eaf on 2026-01-18 12:14:50 +0000)
% Linked with Z3 4.14.0.0 3c47fd96cf5645d0c42b2c819d9e9a84380aa721 NOTFOUND
% CaDiCaL version: 2.1.3
% Termination reason: Refutation not found, incomplete strategy
% Time elapsed: 0.001 s
% Peak memory usage: 11 MB
% ------------------------------
% ------------------------------
% ott+10_1_sil=8000:drc=ordering:urr=on:br=off:random_seed=337845800:s2a=on:cond=on:i=1197:gtg=position:ss=axioms:sgt=8_289 on p for (289ds/1197Mi)
% Instruction limit reached! 
% ------------------------------
% Version: Vampire 5.0.1 (Release build, commit 1b13eaf on 2026-01-18 12:14:50 +0000)
% Linked with Z3 4.14.0.0 3c47fd96cf5645d0c42b2c819d9e9a84380aa721 NOTFOUND
% CaDiCaL version: 2.1.3
% Termination reason: Instruction limit
% Termination phase: Saturation
% Time elapsed: 0.328 s
% Peak memory usage: 32 MB
% Instructions burned: 1202 (million)
% lrs+22_32_sil=4000:plsq=on:rp=on:newcnf=on:random_seed=4219062432:st=2.5:s2a=on:i=132:sd=5:ss=included_285 on p for (285ds/132Mi)
% Instruction limit reached! 
% ------------------------------
% Version: Vampire 5.0.1 (Release build, commit 1b13eaf on 2026-01-18 12:14:50 +0000)
% Linked with Z3 4.14.0.0 3c47fd96cf5645d0c42b2c819d9e9a84380aa721 NOTFOUND
% CaDiCaL version: 2.1.3
% Termination reason: Instruction limit
% Termination phase: Saturation
% Time elapsed: 0.022 s
% Peak memory usage: 14 MB
% Instructions burned: 137 (million)
% dis-1011_1_anc=none:to=lpo:sil=4000:plsq=on:prc=on:plsqc=3:plsqr=2804223,1048576:fdtod=off:sp=reverse_frequency:sos=on:lsd=20:nwc=1:flr=on:random_seed=3028871500:st=3:cond=fast:prac=on:i=179:gtgl=2:bs=unit_only:ep=RS:nm=10:ins=25:amm=off:gtg=all:ss=included_285 on p for (285ds/179Mi)
% Refutation not found, incomplete strategy
% ------------------------------
% Version: Vampire 5.0.1 (Release build, commit 1b13eaf on 2026-01-18 12:14:50 +0000)
% Linked with Z3 4.14.0.0 3c47fd96cf5645d0c42b2c819d9e9a84380aa721 NOTFOUND
% CaDiCaL version: 2.1.3
% Termination reason: Refutation not found, incomplete strategy
% Time elapsed: 0.0000 s
% Peak memory usage: 12 MB
% ------------------------------
% ------------------------------
% lrs+1002_16:1_sil=2000:sos=on:acc=on:urr=full:fd=off:newcnf=on:random_seed=2292472147:i=1517:sd=1:sup=off:ss=included_285 on p for (285ds/1517Mi)
% Refutation not found, incomplete strategy
% ------------------------------
% Version: Vampire 5.0.1 (Release build, commit 1b13eaf on 2026-01-18 12:14:50 +0000)
% Linked with Z3 4.14.0.0 3c47fd96cf5645d0c42b2c819d9e9a84380aa721 NOTFOUND
% CaDiCaL version: 2.1.3
% Termination reason: Refutation not found, incomplete strategy
% Time elapsed: 0.002 s
% Peak memory usage: 12 MB
% ------------------------------
% ------------------------------
% ott+11_1_slsqr=12,1:sil=4000:erd=off:spb=goal:urr=on:br=off:slsq=on:random_seed=3879607947:cts=off:i=159:slsql=off:nm=6:gsp=on_285 on p for (285ds/159Mi)
% Instruction limit reached! 
% ------------------------------
% Version: Vampire 5.0.1 (Release build, commit 1b13eaf on 2026-01-18 12:14:50 +0000)
% Linked with Z3 4.14.0.0 3c47fd96cf5645d0c42b2c819d9e9a84380aa721 NOTFOUND
% CaDiCaL version: 2.1.3
% Termination reason: Instruction limit
% Termination phase: Saturation
% Time elapsed: 0.042 s
% Peak memory usage: 14 MB
% Instructions burned: 162 (million)
% lrs-1011_1_sil=2000:random_seed=3048007242:st=5:avsq=on:i=175:avsqr=1,16:ep=R:ss=included_284 on p for (284ds/175Mi)
% Refutation not found, incomplete strategy
% ------------------------------
% Version: Vampire 5.0.1 (Release build, commit 1b13eaf on 2026-01-18 12:14:50 +0000)
% Linked with Z3 4.14.0.0 3c47fd96cf5645d0c42b2c819d9e9a84380aa721 NOTFOUND
% CaDiCaL version: 2.1.3
% Termination reason: Refutation not found, incomplete strategy
% Time elapsed: 0.0000 s
% Peak memory usage: 11 MB
% ------------------------------
% ------------------------------
% lrs-1010_8_sil=4000:tgt=ground:drc=off:br=off:slsq=on:random_seed=742935924:i=176:kws=frequency:ss=axioms_284 on p for (284ds/176Mi)
% Refutation not found, incomplete strategy
% ------------------------------
% Version: Vampire 5.0.1 (Release build, commit 1b13eaf on 2026-01-18 12:14:50 +0000)
% Linked with Z3 4.14.0.0 3c47fd96cf5645d0c42b2c819d9e9a84380aa721 NOTFOUND
% CaDiCaL version: 2.1.3
% Termination reason: Refutation not found, incomplete strategy
% Time elapsed: 0.0000 s
% Peak memory usage: 11 MB
% ------------------------------
% ------------------------------
% lrs+1011_3:1_to=lpo:sil=2000:plsq=on:plsqc=1:plsqr=64,1:sp=reverse_frequency:sos=on:fd=preordered:rp=on:random_seed=2177066309:i=574:aac=none:bd=all:ins=1_284 on p for (284ds/574Mi)
% Refutation not found, incomplete strategy
% ------------------------------
% Version: Vampire 5.0.1 (Release build, commit 1b13eaf on 2026-01-18 12:14:50 +0000)
% Linked with Z3 4.14.0.0 3c47fd96cf5645d0c42b2c819d9e9a84380aa721 NOTFOUND
% CaDiCaL version: 2.1.3
% Termination reason: Refutation not found, incomplete strategy
% Time elapsed: 0.0000 s
% Peak memory usage: 12 MB
% ------------------------------
% ------------------------------
% dis+1010_7_anc=all_dependent:sil=64000:plsq=on:plsqr=8,1:sp=occurrence:sos=on:urr=ec_only:bsr=on:alpa=true:flr=on:slsq=on:random_seed=3021587446:avsq=on:cond=on:i=116:gtgl=5:avsqr=1,32:aac=none:amm=off:gtg=all:rawr=on_284 on p for (284ds/116Mi)
% Instruction limit reached! 
% ------------------------------
% Version: Vampire 5.0.1 (Release build, commit 1b13eaf on 2026-01-18 12:14:50 +0000)
% Linked with Z3 4.14.0.0 3c47fd96cf5645d0c42b2c819d9e9a84380aa721 NOTFOUND
% CaDiCaL version: 2.1.3
% Termination reason: Instruction limit
% Termination phase: Saturation
% Time elapsed: 0.038 s
% Peak memory usage: 12 MB
% Instructions burned: 120 (million)
% lrs+10_1_sil=4000:plsq=on:s2agt=16:slsqc=1:slsq=on:random_seed=610990662:st=5:s2a=on:i=879:sd=3:av=off:gtg=exists_top:ss=axioms_283 on p for (283ds/879Mi)
% Instruction limit reached! 
% ------------------------------
% Version: Vampire 5.0.1 (Release build, commit 1b13eaf on 2026-01-18 12:14:50 +0000)
% Linked with Z3 4.14.0.0 3c47fd96cf5645d0c42b2c819d9e9a84380aa721 NOTFOUND
% CaDiCaL version: 2.1.3
% Termination reason: Instruction limit
% Termination phase: Saturation
% Time elapsed: 0.265 s
% Peak memory usage: 27 MB
% Instructions burned: 881 (million)
% dis+10_3:10_to=lpo:sil=32000:flr=on:sac=on:random_seed=1962612091:i=382:ep=RST_280 on p for (280ds/382Mi)
% Instruction limit reached! 
% ------------------------------
% Version: Vampire 5.0.1 (Release build, commit 1b13eaf on 2026-01-18 12:14:50 +0000)
% Linked with Z3 4.14.0.0 3c47fd96cf5645d0c42b2c819d9e9a84380aa721 NOTFOUND
% CaDiCaL version: 2.1.3
% Termination reason: Instruction limit
% Termination phase: Saturation
% Time elapsed: 0.072 s
% Peak memory usage: 36 MB
% Instructions burned: 387 (million)
% lrs+1011_8:1_sil=4000:plsq=on:plsqc=3:plsqr=32,1:sp=reverse_arity:erd=off:lcm=reverse:acc=on:flr=on:slsq=on:random_seed=1612568876:s2a=on:i=178:kws=precedence:ep=RS:nm=32_280 on p for (280ds/178Mi)
% Refutation not found, incomplete strategy
% ------------------------------
% Version: Vampire 5.0.1 (Release build, commit 1b13eaf on 2026-01-18 12:14:50 +0000)
% Linked with Z3 4.14.0.0 3c47fd96cf5645d0c42b2c819d9e9a84380aa721 NOTFOUND
% CaDiCaL version: 2.1.3
% Termination reason: Refutation not found, incomplete strategy
% Time elapsed: 0.0000 s
% Peak memory usage: 12 MB
% ------------------------------
% ------------------------------
% Aborted by signal SIGSEGV on /tmp/tmpb8omr1fz/p.p
% ------------------------------
% Version: Vampire 5.0.1 (Release build, commit 1b13eaf on 2026-01-18 12:14:50 +0000)
% Linked with Z3 4.14.0.0 3c47fd96cf5645d0c42b2c819d9e9a84380aa721 NOTFOUND
% CaDiCaL version: 2.1.3
% Termination reason: Refutation not found, incomplete strategy
% Time elapsed: 0.0000 s
% Peak memory usage: 12 MB
% dis-1004_1024_slsqr=1,4:to=lpo:sil=128000:tgt=ground:irw=on:erd=off:spb=goal:bsr=on:rnwc=on:nwc=0.5:slsq=on:random_seed=3380744822:st=1.5:i=120:doe=on:bs=unit_only:ins=7:av=off:ss=axioms_279 on p for (279ds/120Mi)
% Refutation not found, incomplete strategy
% ------------------------------
% Version: Vampire 5.0.1 (Release build, commit 1b13eaf on 2026-01-18 12:14:50 +0000)
% Linked with Z3 4.14.0.0 3c47fd96cf5645d0c42b2c819d9e9a84380aa721 NOTFOUND
% CaDiCaL version: 2.1.3
% Termination reason: Refutation not found, incomplete strategy
% Time elapsed: 0.001 s
% Peak memory usage: 8 MB
% ------------------------------
% ------------------------------
% lrs-1011_12_anc=all:sil=16000:plsq=on:fde=none:plsqc=2:plsqr=1,32:sp=unary_frequency:fs=off:spb=goal:bsr=unit_only:plsql=on:gs=on:nwc=2:kmz=on:sac=on:slsq=on:random_seed=2119534465:st=5:avsq=on:i=141:sd=1:fsr=off:gtg=exists_sym:ss=axioms:fsd=on_279 on p for (279ds/141Mi)
% Instruction limit reached! 
% ------------------------------
% Version: Vampire 5.0.1 (Release build, commit 1b13eaf on 2026-01-18 12:14:50 +0000)
% Linked with Z3 4.14.0.0 3c47fd96cf5645d0c42b2c819d9e9a84380aa721 NOTFOUND
% CaDiCaL version: 2.1.3
% Termination reason: Instruction limit
% Termination phase: Saturation
% Time elapsed: 0.023 s
% Peak memory usage: 15 MB
% Instructions burned: 145 (million)
% lrs-1010_128_sil=4000:rp=on:nwc=0.6:alpa=false:random_seed=2166488042:i=625:aac=none:nm=2:gsp=on_279 on p for (279ds/625Mi)
% Instruction limit reached! 
% ------------------------------
% Version: Vampire 5.0.1 (Release build, commit 1b13eaf on 2026-01-18 12:14:50 +0000)
% Linked with Z3 4.14.0.0 3c47fd96cf5645d0c42b2c819d9e9a84380aa721 NOTFOUND
% CaDiCaL version: 2.1.3
% Termination reason: Instruction limit
% Termination phase: Saturation
% Time elapsed: 0.099 s
% Peak memory usage: 21 MB
% Instructions burned: 627 (million)
% dis+1010_1024_sil=4000:tgt=ground:sp=reverse_frequency:random_seed=1790898698:i=292:nm=16:av=off:ss=axioms_278 on p for (278ds/292Mi)
% Refutation not found, incomplete strategy
% ------------------------------
% Version: Vampire 5.0.1 (Release build, commit 1b13eaf on 2026-01-18 12:14:50 +0000)
% Linked with Z3 4.14.0.0 3c47fd96cf5645d0c42b2c819d9e9a84380aa721 NOTFOUND
% CaDiCaL version: 2.1.3
% Termination reason: Refutation not found, incomplete strategy
% Time elapsed: 0.0000 s
% Peak memory usage: 9 MB
% ------------------------------
% ------------------------------
% lrs-1010_4_to=lpo:sil=4000:fde=unused:sp=reverse_frequency:sos=on:erd=off:fs=off:fd=off:sac=on:random_seed=1126624015:i=324:aac=none:fsr=off_278 on p for (278ds/324Mi)
% Refutation not found, incomplete strategy
% ------------------------------
% Version: Vampire 5.0.1 (Release build, commit 1b13eaf on 2026-01-18 12:14:50 +0000)
% Linked with Z3 4.14.0.0 3c47fd96cf5645d0c42b2c819d9e9a84380aa721 NOTFOUND
% CaDiCaL version: 2.1.3
% Termination reason: Refutation not found, incomplete strategy
% Time elapsed: 0.0000 s
% Peak memory usage: 11 MB
% ------------------------------
% ------------------------------
% dis+1011_32_anc=all:to=lpo:sil=16000:drc=off:sp=reverse_frequency:fs=off:fd=preordered:sac=on:random_seed=2722692250:avsq=on:i=168:add=on:nicw=on:bd=preordered:fsr=off_278 on p for (278ds/168Mi)
% Instruction limit reached! 
% ------------------------------
% Version: Vampire 5.0.1 (Release build, commit 1b13eaf on 2026-01-18 12:14:50 +0000)
% Linked with Z3 4.14.0.0 3c47fd96cf5645d0c42b2c819d9e9a84380aa721 NOTFOUND
% CaDiCaL version: 2.1.3
% Termination reason: Instruction limit
% Termination phase: Saturation
% Time elapsed: 0.025 s
% Peak memory usage: 13 MB
% Instructions burned: 172 (million)
% dis-1011_10_sil=2000:tgt=ground:plsq=on:lsd=10:nwc=5:s2agt=64:random_seed=4256820678:s2a=on:i=123:av=off:ss=axioms:sgt=20_278 on p for (278ds/123Mi)
% Instruction limit reached! 
% ------------------------------
% Version: Vampire 5.0.1 (Release build, commit 1b13eaf on 2026-01-18 12:14:50 +0000)
% Linked with Z3 4.14.0.0 3c47fd96cf5645d0c42b2c819d9e9a84380aa721 NOTFOUND
% CaDiCaL version: 2.1.3
% Termination reason: Instruction limit
% Termination phase: Saturation
% Time elapsed: 0.018 s
% Peak memory usage: 12 MB
% Instructions burned: 130 (million)
% dis-1011_1_sil=2000:plsq=on:drc=off:fde=none:bsd=on:plsqr=1,2:sp=weighted_frequency:lma=off:bce=on:rp=on:nwc=20:random_seed=2193735910:st=10:i=123:doe=on:bs=unit_only:av=off:ss=included:er=filter:sgt=88_277 on p for (277ds/123Mi)
% Instruction limit reached! 
% ------------------------------
% Version: Vampire 5.0.1 (Release build, commit 1b13eaf on 2026-01-18 12:14:50 +0000)
% Linked with Z3 4.14.0.0 3c47fd96cf5645d0c42b2c819d9e9a84380aa721 NOTFOUND
% CaDiCaL version: 2.1.3
% Termination reason: Instruction limit
% Termination phase: Saturation
% Time elapsed: 0.018 s
% Peak memory usage: 12 MB
% Instructions burned: 124 (million)
% dis+11_4_sil=4000:prc=on:fd=preordered:random_seed=958303860:i=1091:kws=arity_squared:av=off_277 on p for (277ds/1091Mi)
% Instruction limit reached! 
% ------------------------------
% Version: Vampire 5.0.1 (Release build, commit 1b13eaf on 2026-01-18 12:14:50 +0000)
% Linked with Z3 4.14.0.0 3c47fd96cf5645d0c42b2c819d9e9a84380aa721 NOTFOUND
% CaDiCaL version: 2.1.3
% Termination reason: Instruction limit
% Termination phase: Saturation
% Time elapsed: 0.168 s
% Peak memory usage: 27 MB
% Instructions burned: 1097 (million)
% lrs+1002_1_to=lpo:sil=2000:sos=on:random_seed=1256368641:i=1674:sd=3:ss=axioms:sgt=16_276 on p for (276ds/1674Mi)
% Refutation not found, incomplete strategy
% ------------------------------
% Version: Vampire 5.0.1 (Release build, commit 1b13eaf on 2026-01-18 12:14:50 +0000)
% Linked with Z3 4.14.0.0 3c47fd96cf5645d0c42b2c819d9e9a84380aa721 NOTFOUND
% CaDiCaL version: 2.1.3
% Termination reason: Refutation not found, incomplete strategy
% Time elapsed: 0.013 s
% Peak memory usage: 11 MB
% ------------------------------
% ------------------------------
% dis+10_1_sil=4000:lcm=reverse:urr=ec_only:gs=on:br=off:random_seed=2748829802:cts=off:i=340:nm=0:av=off:fsr=off_275 on p for (275ds/340Mi)
% Instruction limit reached! 
% ------------------------------
% Version: Vampire 5.0.1 (Release build, commit 1b13eaf on 2026-01-18 12:14:50 +0000)
% Linked with Z3 4.14.0.0 3c47fd96cf5645d0c42b2c819d9e9a84380aa721 NOTFOUND
% CaDiCaL version: 2.1.3
% Termination reason: Instruction limit
% Termination phase: Saturation
% Time elapsed: 0.101 s
% Peak memory usage: 15 MB
% Instructions burned: 344 (million)
% lrs+1002_5:4_sil=4000:plsq=on:sims=off:plsqr=256,1:sp=const_frequency:sos=on:fs=off:acc=on:fd=off:s2agt=32:random_seed=2988924956:s2a=on:i=124:aac=none:fsr=off_274 on p for (274ds/124Mi)
% Refutation not found, incomplete strategy
% ------------------------------
% Version: Vampire 5.0.1 (Release build, commit 1b13eaf on 2026-01-18 12:14:50 +0000)
% Linked with Z3 4.14.0.0 3c47fd96cf5645d0c42b2c819d9e9a84380aa721 NOTFOUND
% CaDiCaL version: 2.1.3
% Termination reason: Refutation not found, incomplete strategy
% Time elapsed: 0.0000 s
% Peak memory usage: 12 MB
% ------------------------------
% ------------------------------
% lrs-1004_1024_sil=2000:tgt=ground:sos=on:newcnf=on:random_seed=159103015:i=125:sd=1:aac=none:fsr=off:gtg=position:ss=axioms_274 on p for (274ds/125Mi)
% Refutation not found, incomplete strategy
% ------------------------------
% Version: Vampire 5.0.1 (Release build, commit 1b13eaf on 2026-01-18 12:14:50 +0000)
% Linked with Z3 4.14.0.0 3c47fd96cf5645d0c42b2c819d9e9a84380aa721 NOTFOUND
% CaDiCaL version: 2.1.3
% Termination reason: Refutation not found, incomplete strategy
% Time elapsed: 0.0000 s
% Peak memory usage: 12 MB
% ------------------------------
% ------------------------------
% lrs+11_1_sil=2000:random_seed=1264379219:i=328:sd=2:ep=RS:nm=0:av=off:ss=included_274 on p for (274ds/328Mi)
% Refutation not found, incomplete strategy
% ------------------------------
% Version: Vampire 5.0.1 (Release build, commit 1b13eaf on 2026-01-18 12:14:50 +0000)
% Linked with Z3 4.14.0.0 3c47fd96cf5645d0c42b2c819d9e9a84380aa721 NOTFOUND
% CaDiCaL version: 2.1.3
% Termination reason: Refutation not found, incomplete strategy
% Time elapsed: 0.001 s
% Peak memory usage: 9 MB
% ------------------------------
% ------------------------------
% lrs+1010_1_sil=4000:fde=unused:sos=on:urr=ec_only:sac=on:random_seed=3915644168:i=2032:gtgl=3:sd=2:gtg=exists_all:ss=axioms_273 on p for (273ds/2032Mi)
% Instruction limit reached! 
% ------------------------------
% Version: Vampire 5.0.1 (Release build, commit 1b13eaf on 2026-01-18 12:14:50 +0000)
% Linked with Z3 4.14.0.0 3c47fd96cf5645d0c42b2c819d9e9a84380aa721 NOTFOUND
% CaDiCaL version: 2.1.3
% Termination reason: Instruction limit
% Termination phase: Saturation
% Time elapsed: 0.532 s
% Peak memory usage: 48 MB
% Instructions burned: 2036 (million)
% dis-1010_2:3_sfv=off:sil=2000:fde=unused:sp=reverse_frequency:flr=on:random_seed=2882685603:st=9:i=237:av=off:ss=axioms_268 on p for (268ds/237Mi)
% Instruction limit reached! 
% ------------------------------
% Version: Vampire 5.0.1 (Release build, commit 1b13eaf on 2026-01-18 12:14:50 +0000)
% Linked with Z3 4.14.0.0 3c47fd96cf5645d0c42b2c819d9e9a84380aa721 NOTFOUND
% CaDiCaL version: 2.1.3
% Termination reason: Instruction limit
% Termination phase: Saturation
% Time elapsed: 0.068 s
% Peak memory usage: 13 MB
% Instructions burned: 238 (million)
% dis+10_1_sil=4000:plsq=on:plsqc=1:plsqr=32,1:random_seed=445950320:st=2:i=185:sd=1:bd=all:sup=off:ss=axioms_267 on p for (267ds/185Mi)
% Refutation not found, incomplete strategy
% ------------------------------
% Version: Vampire 5.0.1 (Release build, commit 1b13eaf on 2026-01-18 12:14:50 +0000)
% Linked with Z3 4.14.0.0 3c47fd96cf5645d0c42b2c819d9e9a84380aa721 NOTFOUND
% CaDiCaL version: 2.1.3
% Termination reason: Refutation not found, incomplete strategy
% Time elapsed: 0.001 s
% Peak memory usage: 11 MB
% ------------------------------
% ------------------------------
% dis-1011_128_sil=16000:urr=on:bce=on:fd=off:random_seed=3817853874:i=187:av=off:fsr=off_267 on p for (267ds/187Mi)
% Instruction limit reached! 
% ------------------------------
% Version: Vampire 5.0.1 (Release build, commit 1b13eaf on 2026-01-18 12:14:50 +0000)
% Linked with Z3 4.14.0.0 3c47fd96cf5645d0c42b2c819d9e9a84380aa721 NOTFOUND
% CaDiCaL version: 2.1.3
% Termination reason: Instruction limit
% Termination phase: Saturation
% Time elapsed: 0.056 s
% Peak memory usage: 13 MB
% Instructions burned: 187 (million)
% dis+1011_93_sil=16000:tgt=ground:spb=goal_then_units:lsd=100:nwc=1.2:lftc=20:random_seed=80126829:i=1283:kws=inv_precedence:bs=on:av=off_266 on p for (266ds/1283Mi)
% Instruction limit reached! 
% ------------------------------
% Version: Vampire 5.0.1 (Release build, commit 1b13eaf on 2026-01-18 12:14:50 +0000)
% Linked with Z3 4.14.0.0 3c47fd96cf5645d0c42b2c819d9e9a84380aa721 NOTFOUND
% CaDiCaL version: 2.1.3
% Termination reason: Instruction limit
% Termination phase: Saturation
% Time elapsed: 0.269 s
% Peak memory usage: 21 MB
% Instructions burned: 1288 (million)
% dis+1010_16_sil=4000:fde=none:sos=on:spb=non_intro:random_seed=764676964:st=1.8:i=311:sd=1:aac=none:gtg=exists_top:ss=axioms_263 on p for (263ds/311Mi)
% Refutation not found, incomplete strategy
% ------------------------------
% Version: Vampire 5.0.1 (Release build, commit 1b13eaf on 2026-01-18 12:14:50 +0000)
% Linked with Z3 4.14.0.0 3c47fd96cf5645d0c42b2c819d9e9a84380aa721 NOTFOUND
% CaDiCaL version: 2.1.3
% Termination reason: Refutation not found, incomplete strategy
% Time elapsed: 0.0000 s
% Peak memory usage: 11 MB
% ------------------------------
% ------------------------------
% dis+10_1_sfv=off:sil=4000:plsq=on:fde=none:plsqc=1:avsql=on:plsqr=10,1:sos=all:lma=off:acc=on:avsqc=3:random_seed=3406268903:avsq=on:i=161:aac=none_263 on p for (263ds/161Mi)
% Refutation not found, incomplete strategy
% ------------------------------
% Version: Vampire 5.0.1 (Release build, commit 1b13eaf on 2026-01-18 12:14:50 +0000)
% Linked with Z3 4.14.0.0 3c47fd96cf5645d0c42b2c819d9e9a84380aa721 NOTFOUND
% CaDiCaL version: 2.1.3
% Termination reason: Refutation not found, incomplete strategy
% Time elapsed: 0.0000 s
% Peak memory usage: 12 MB
% ------------------------------
% ------------------------------
% lrs+11_1024_sil=4000:plsq=on:plsqc=1:plsqr=64,1:fs=off:lsd=100:alpa=true:random_seed=1365822744:i=192:kws=frequency:nm=7:fsr=off_263 on p for (263ds/192Mi)
% Instruction limit reached! 
% ------------------------------
% Version: Vampire 5.0.1 (Release build, commit 1b13eaf on 2026-01-18 12:14:50 +0000)
% Linked with Z3 4.14.0.0 3c47fd96cf5645d0c42b2c819d9e9a84380aa721 NOTFOUND
% CaDiCaL version: 2.1.3
% Termination reason: Instruction limit
% Termination phase: Saturation
% Time elapsed: 0.056 s
% Peak memory usage: 13 MB
% Instructions burned: 193 (million)
% dis-1010_4096_sil=64000:sp=occurrence:erd=off:newcnf=on:random_seed=2352157500:st=-1:i=2238:gtgl=4:sd=1:av=off:gtg=exists_sym:ss=included_262 on p for (262ds/2238Mi)
% Instruction limit reached! 
% ------------------------------
% Version: Vampire 5.0.1 (Release build, commit 1b13eaf on 2026-01-18 12:14:50 +0000)
% Linked with Z3 4.14.0.0 3c47fd96cf5645d0c42b2c819d9e9a84380aa721 NOTFOUND
% CaDiCaL version: 2.1.3
% Termination reason: Instruction limit
% Termination phase: Saturation
% Time elapsed: 0.513 s
% Peak memory usage: 30 MB
% Instructions burned: 2238 (million)
% dis+10_4_sfv=off:sil=4000:random_seed=2755482077:s2pl=no:i=224:sd=1:nm=16:ss=axioms:er=filter:sgt=4_257 on p for (257ds/224Mi)
% Instruction limit reached! 
% ------------------------------
% Version: Vampire 5.0.1 (Release build, commit 1b13eaf on 2026-01-18 12:14:50 +0000)
% Linked with Z3 4.14.0.0 3c47fd96cf5645d0c42b2c819d9e9a84380aa721 NOTFOUND
% CaDiCaL version: 2.1.3
% Termination reason: Instruction limit
% Termination phase: Saturation
% Time elapsed: 0.079 s
% Peak memory usage: 13 MB
% Instructions burned: 225 (million)
% lrs+1011_8:1_sil=2000:plsq=on:plsqc=1:plsqr=10,1:sos=on:lsd=1:urr=on:bsr=unit_only:rp=on:alpa=false:updr=off:sac=on:newcnf=on:slsq=on:random_seed=289270954:cts=off:avsq=on:s2a=on:i=292:avsqr=1,16:sd=3:slsql=off:bd=preordered:nm=4:gsp=on:sup=off:ss=included:sgt=8:rawr=on_256 on p for (256ds/292Mi)
% Refutation not found, incomplete strategy
% ------------------------------
% Version: Vampire 5.0.1 (Release build, commit 1b13eaf on 2026-01-18 12:14:50 +0000)
% Linked with Z3 4.14.0.0 3c47fd96cf5645d0c42b2c819d9e9a84380aa721 NOTFOUND
% CaDiCaL version: 2.1.3
% Termination reason: Refutation not found, incomplete strategy
% Time elapsed: 0.0000 s
% Peak memory usage: 12 MB
% ------------------------------
% ------------------------------
% lrs+2_64_to=lpo:sil=4000:sas=cadical:sos=on:spb=goal:sac=on:random_seed=232494261:st=1.5:i=165:aac=none:ss=included_256 on p for (256ds/165Mi)
% Refutation not found, incomplete strategy
% ------------------------------
% Version: Vampire 5.0.1 (Release build, commit 1b13eaf on 2026-01-18 12:14:50 +0000)
% Linked with Z3 4.14.0.0 3c47fd96cf5645d0c42b2c819d9e9a84380aa721 NOTFOUND
% CaDiCaL version: 2.1.3
% Termination reason: Refutation not found, incomplete strategy
% Time elapsed: 0.004 s
% Peak memory usage: 12 MB
% ------------------------------
% ------------------------------
% dis+1011_12:1_sil=32000:plsq=on:plsqc=2:plsqr=32,1:sos=on:fs=off:lsd=20:bsr=unit_only:fd=off:random_seed=3449634008:s2a=on:i=167:nm=16:fsr=off:amm=off_256 on p for (256ds/167Mi)
% Refutation not found, incomplete strategy
% ------------------------------
% Version: Vampire 5.0.1 (Release build, commit 1b13eaf on 2026-01-18 12:14:50 +0000)
% Linked with Z3 4.14.0.0 3c47fd96cf5645d0c42b2c819d9e9a84380aa721 NOTFOUND
% CaDiCaL version: 2.1.3
% Termination reason: Refutation not found, incomplete strategy
% Time elapsed: 0.0000 s
% Peak memory usage: 11 MB
% ------------------------------
% ------------------------------
% lrs+1010_2:1_to=lpo:sil=16000:spb=goal:slsq=on:random_seed=3365749790:i=170:ins=10:av=off:fsd=on_256 on p for (256ds/170Mi)
% Instruction limit reached! 
% ------------------------------
% Version: Vampire 5.0.1 (Release build, commit 1b13eaf on 2026-01-18 12:14:50 +0000)
% Linked with Z3 4.14.0.0 3c47fd96cf5645d0c42b2c819d9e9a84380aa721 NOTFOUND
% CaDiCaL version: 2.1.3
% Termination reason: Instruction limit
% Termination phase: Saturation
% Time elapsed: 0.028 s
% Peak memory usage: 15 MB
% Instructions burned: 171 (million)
% ott+1002_10_sfv=off:sil=4000:tgt=full:nwc=1:newcnf=on:random_seed=1723444889:i=178:kws=inv_arity:bd=preordered:fsd=on_255 on p for (255ds/178Mi)
% Instruction limit reached! 
% ------------------------------
% Version: Vampire 5.0.1 (Release build, commit 1b13eaf on 2026-01-18 12:14:50 +0000)
% Linked with Z3 4.14.0.0 3c47fd96cf5645d0c42b2c819d9e9a84380aa721 NOTFOUND
% CaDiCaL version: 2.1.3
% Termination reason: Instruction limit
% Termination phase: Saturation
% Time elapsed: 0.027 s
% Peak memory usage: 14 MB
% Instructions burned: 182 (million)
% lrs+1004_1_sil=2000:sp=occurrence:sos=all:erd=off:random_seed=3508344376:i=218:aac=none:ep=RS_255 on p for (255ds/218Mi)
% Refutation not found, incomplete strategy
% ------------------------------
% Version: Vampire 5.0.1 (Release build, commit 1b13eaf on 2026-01-18 12:14:50 +0000)
% Linked with Z3 4.14.0.0 3c47fd96cf5645d0c42b2c819d9e9a84380aa721 NOTFOUND
% CaDiCaL version: 2.1.3
% Termination reason: Refutation not found, incomplete strategy
% Time elapsed: 0.0000 s
% Peak memory usage: 11 MB
% ------------------------------
% ------------------------------
% lrs-1011_1_sil=2000:sos=on:random_seed=2449681421:i=2073:sd=1:ss=axioms:sgt=64_255 on p for (255ds/2073Mi)
% Refutation not found, incomplete strategy
% ------------------------------
% Version: Vampire 5.0.1 (Release build, commit 1b13eaf on 2026-01-18 12:14:50 +0000)
% Linked with Z3 4.14.0.0 3c47fd96cf5645d0c42b2c819d9e9a84380aa721 NOTFOUND
% CaDiCaL version: 2.1.3
% Termination reason: Refutation not found, incomplete strategy
% Time elapsed: 0.0000 s
% Peak memory usage: 11 MB
% ------------------------------
% ------------------------------
% dis+1011_1_sil=4000:plsq=on:plsqc=2:plsqr=64,1:sos=on:lsd=1:alpa=false:random_seed=1754621161:avsq=on:i=140:avsqr=1,16:aac=none:ep=RS:nm=4:gsp=on_255 on p for (255ds/140Mi)
% Refutation not found, incomplete strategy
% ------------------------------
% Version: Vampire 5.0.1 (Release build, commit 1b13eaf on 2026-01-18 12:14:50 +0000)
% Linked with Z3 4.14.0.0 3c47fd96cf5645d0c42b2c819d9e9a84380aa721 NOTFOUND
% CaDiCaL version: 2.1.3
% Termination reason: Refutation not found, incomplete strategy
% Time elapsed: 0.0000 s
% Peak memory usage: 11 MB
% ------------------------------
% ------------------------------
% lrs+11_1_sfv=off:sil=2000:plsq=on:plsqc=1:bsd=on:plsqr=128,1:sos=all:newcnf=on:random_seed=1574856628:s2pl=on:i=142:sd=1:ss=axioms:fsd=on:sgt=32_255 on p for (255ds/142Mi)
% Refutation not found, incomplete strategy
% ------------------------------
% Version: Vampire 5.0.1 (Release build, commit 1b13eaf on 2026-01-18 12:14:50 +0000)
% Linked with Z3 4.14.0.0 3c47fd96cf5645d0c42b2c819d9e9a84380aa721 NOTFOUND
% CaDiCaL version: 2.1.3
% Termination reason: Refutation not found, incomplete strategy
% Time elapsed: 0.0000 s
% Peak memory usage: 12 MB
% ------------------------------
% ------------------------------
% dis-1010_1_sil=4000:random_seed=2090684198:i=184:sd=1:ep=RS:nm=2:av=off:ss=axioms_255 on p for (255ds/184Mi)
% Refutation not found, incomplete strategy
% ------------------------------
% Version: Vampire 5.0.1 (Release build, commit 1b13eaf on 2026-01-18 12:14:50 +0000)
% Linked with Z3 4.14.0.0 3c47fd96cf5645d0c42b2c819d9e9a84380aa721 NOTFOUND
% CaDiCaL version: 2.1.3
% Termination reason: Refutation not found, incomplete strategy
% Time elapsed: 0.0000 s
% Peak memory usage: 9 MB
% ------------------------------
% ------------------------------
% lrs+3_11:1_sil=4000:plsq=on:erd=off:urr=on:br=off:random_seed=91165358:s2a=on:i=142:s2at=7:sd=1:ep=RS:ss=axioms:sgt=16_255 on p for (255ds/142Mi)
% Refutation not found, incomplete strategy
% ------------------------------
% Version: Vampire 5.0.1 (Release build, commit 1b13eaf on 2026-01-18 12:14:50 +0000)
% Linked with Z3 4.14.0.0 3c47fd96cf5645d0c42b2c819d9e9a84380aa721 NOTFOUND
% CaDiCaL version: 2.1.3
% Termination reason: Refutation not found, incomplete strategy
% Time elapsed: 0.0000 s
% Peak memory usage: 11 MB
% ------------------------------
% ------------------------------
% lrs-1010_1_to=lpo:sil=4000:fde=none:sos=on:erd=off:random_seed=3930667133:cts=off:i=278:sd=1:av=off:ss=included_255 on p for (255ds/278Mi)
% Refutation not found, incomplete strategy
% ------------------------------
% Version: Vampire 5.0.1 (Release build, commit 1b13eaf on 2026-01-18 12:14:50 +0000)
% Linked with Z3 4.14.0.0 3c47fd96cf5645d0c42b2c819d9e9a84380aa721 NOTFOUND
% CaDiCaL version: 2.1.3
% Termination reason: Refutation not found, incomplete strategy
% Time elapsed: 0.0000 s
% Peak memory usage: 8 MB
% ------------------------------
% ------------------------------
% ott-1010_32:1_sil=2000:sp=arity:sos=all:s2agt=16:random_seed=641181072:st=2:s2a=on:cond=fast:i=194:av=off:gsp=on:ss=axioms_254 on p for (254ds/194Mi)
% Refutation not found, incomplete strategy
% ------------------------------
% Version: Vampire 5.0.1 (Release build, commit 1b13eaf on 2026-01-18 12:14:50 +0000)
% Linked with Z3 4.14.0.0 3c47fd96cf5645d0c42b2c819d9e9a84380aa721 NOTFOUND
% CaDiCaL version: 2.1.3
% Termination reason: Refutation not found, incomplete strategy
% Time elapsed: 0.0000 s
% Peak memory usage: 8 MB
% ------------------------------
% ------------------------------
% dis+10_1_sfv=off:slsqr=1,2:sil=2000:tgt=full:urr=on:br=off:flr=on:slsq=on:random_seed=4168876138:st=2:i=292:sd=2:slsql=off:nm=0:ins=20:gsp=on:ss=axioms:fsd=on_254 on p for (254ds/292Mi)
% Instruction limit reached! 
% ------------------------------
% Version: Vampire 5.0.1 (Release build, commit 1b13eaf on 2026-01-18 12:14:50 +0000)
% Linked with Z3 4.14.0.0 3c47fd96cf5645d0c42b2c819d9e9a84380aa721 NOTFOUND
% CaDiCaL version: 2.1.3
% Termination reason: Instruction limit
% Termination phase: Saturation
% Time elapsed: 0.042 s
% Peak memory usage: 14 MB
% Instructions burned: 296 (million)
% lrs+10_1_to=lpo:sil=4000:plsq=on:plsqc=1:plsqr=64,1:etr=on:sp=const_min:sos=on:spb=goal_then_units:br=off:sac=on:random_seed=1262569616:i=196:nm=0_254 on p for (254ds/196Mi)
% Refutation not found, incomplete strategy
% ------------------------------
% Version: Vampire 5.0.1 (Release build, commit 1b13eaf on 2026-01-18 12:14:50 +0000)
% Linked with Z3 4.14.0.0 3c47fd96cf5645d0c42b2c819d9e9a84380aa721 NOTFOUND
% CaDiCaL version: 2.1.3
% Termination reason: Refutation not found, incomplete strategy
% Time elapsed: 0.0000 s
% Peak memory usage: 11 MB
% ------------------------------
% ------------------------------
% lrs+1010_6:1_sil=32000:plsq=on:plsqr=128,1:sos=on:urr=on:plsql=on:flr=on:newcnf=on:lwlo=on:random_seed=2640740253:lrd=on:s2pl=on:i=148:ep=RS_254 on p for (254ds/148Mi)
% Refutation not found, incomplete strategy
% ------------------------------
% Version: Vampire 5.0.1 (Release build, commit 1b13eaf on 2026-01-18 12:14:50 +0000)
% Linked with Z3 4.14.0.0 3c47fd96cf5645d0c42b2c819d9e9a84380aa721 NOTFOUND
% CaDiCaL version: 2.1.3
% Termination reason: Refutation not found, incomplete strategy
% Time elapsed: 0.0000 s
% Peak memory usage: 12 MB
% ------------------------------
% ------------------------------
% dis+10_1_slsqr=4,1:sil=8000:urr=ec_only:br=off:slsqc=2:slsq=on:random_seed=1162199437:s2a=on:i=148:s2at=2:ins=1:gtg=position:fsd=on_254 on p for (254ds/148Mi)
% Instruction limit reached! 
% ------------------------------
% Version: Vampire 5.0.1 (Release build, commit 1b13eaf on 2026-01-18 12:14:50 +0000)
% Linked with Z3 4.14.0.0 3c47fd96cf5645d0c42b2c819d9e9a84380aa721 NOTFOUND
% CaDiCaL version: 2.1.3
% Termination reason: Instruction limit
% Termination phase: Saturation
% Time elapsed: 0.022 s
% Peak memory usage: 13 MB
% Instructions burned: 148 (million)
% lrs+10_1_sil=16000:irw=on:sos=all:spb=goal:acc=on:urr=on:br=off:newcnf=on:random_seed=1824262600:s2a=on:i=148:bd=preordered:nm=6:ins=10_254 on p for (254ds/148Mi)
% Refutation not found, incomplete strategy
% ------------------------------
% Version: Vampire 5.0.1 (Release build, commit 1b13eaf on 2026-01-18 12:14:50 +0000)
% Linked with Z3 4.14.0.0 3c47fd96cf5645d0c42b2c819d9e9a84380aa721 NOTFOUND
% CaDiCaL version: 2.1.3
% Termination reason: Refutation not found, incomplete strategy
% Time elapsed: 0.001 s
% Peak memory usage: 12 MB
% ------------------------------
% ------------------------------
% lrs+1011_32_sil=2000:bce=on:nwc=5:alpa=false:slsq=on:random_seed=2729283088:cts=off:i=543:aac=none:fsr=off:amm=off:rawr=on_254 on p for (254ds/543Mi)
% Instruction limit reached! 
% ------------------------------
% Version: Vampire 5.0.1 (Release build, commit 1b13eaf on 2026-01-18 12:14:50 +0000)
% Linked with Z3 4.14.0.0 3c47fd96cf5645d0c42b2c819d9e9a84380aa721 NOTFOUND
% CaDiCaL version: 2.1.3
% Termination reason: Instruction limit
% Termination phase: Saturation
% Time elapsed: 0.172 s
% Peak memory usage: 20 MB
% Instructions burned: 544 (million)
% dis-1011_128_sil=4000:tgt=full:sas=cadical:bce=on:fd=off:rp=on:slsqc=2:sac=on:slsq=on:random_seed=3747846537:i=153:s2at=3:ins=1_252 on p for (252ds/153Mi)
% Instruction limit reached! 
% ------------------------------
% Version: Vampire 5.0.1 (Release build, commit 1b13eaf on 2026-01-18 12:14:50 +0000)
% Linked with Z3 4.14.0.0 3c47fd96cf5645d0c42b2c819d9e9a84380aa721 NOTFOUND
% CaDiCaL version: 2.1.3
% Termination reason: Instruction limit
% Termination phase: Saturation
% Time elapsed: 0.042 s
% Peak memory usage: 14 MB
% Instructions burned: 157 (million)
% dis-1002_3:2_sil=16000:plsq=on:plsqc=1:plsqr=3,1:plsql=on:newcnf=on:random_seed=2273879349:s2a=on:i=632:av=off:gtg=position_251 on p for (251ds/632Mi)
% Instruction limit reached! 
% ------------------------------
% Version: Vampire 5.0.1 (Release build, commit 1b13eaf on 2026-01-18 12:14:50 +0000)
% Linked with Z3 4.14.0.0 3c47fd96cf5645d0c42b2c819d9e9a84380aa721 NOTFOUND
% CaDiCaL version: 2.1.3
% Termination reason: Instruction limit
% Termination phase: Saturation
% Time elapsed: 0.184 s
% Peak memory usage: 16 MB
% Instructions burned: 633 (million)
% ott+10_14_sil=8000:tgt=full:prc=on:random_seed=2188161933:i=2501:fsr=off_249 on p for (249ds/2501Mi)
% Instruction limit reached! 
% ------------------------------
% Version: Vampire 5.0.1 (Release build, commit 1b13eaf on 2026-01-18 12:14:50 +0000)
% Linked with Z3 4.14.0.0 3c47fd96cf5645d0c42b2c819d9e9a84380aa721 NOTFOUND
% CaDiCaL version: 2.1.3
% Termination reason: Instruction limit
% Termination phase: Saturation
% Time elapsed: 0.550 s
% Peak memory usage: 55 MB
% Instructions burned: 2502 (million)
% dis+1011_1024_slsqr=1,128:sil=8000:gs=on:br=off:slsqc=1:slsq=on:random_seed=2430195066:i=367:s2at=5:sd=3:slsql=off:ss=axioms:sgt=10_243 on p for (243ds/367Mi)
% Instruction limit reached! 
% ------------------------------
% Version: Vampire 5.0.1 (Release build, commit 1b13eaf on 2026-01-18 12:14:50 +0000)
% Linked with Z3 4.14.0.0 3c47fd96cf5645d0c42b2c819d9e9a84380aa721 NOTFOUND
% CaDiCaL version: 2.1.3
% Termination reason: Instruction limit
% Termination phase: Saturation
% Time elapsed: 0.100 s
% Peak memory usage: 16 MB
% Instructions burned: 372 (million)
% lrs+10_8_to=lpo:sil=4000:plsq=on:plsqc=1:urr=on:br=off:flr=on:newcnf=on:random_seed=2521706265:st=4:i=207:sd=1:fsr=off:gsp=on:ss=axioms_242 on p for (242ds/207Mi)
% Instruction limit reached! 
% ------------------------------
% Version: Vampire 5.0.1 (Release build, commit 1b13eaf on 2026-01-18 12:14:50 +0000)
% Linked with Z3 4.14.0.0 3c47fd96cf5645d0c42b2c819d9e9a84380aa721 NOTFOUND
% CaDiCaL version: 2.1.3
% Termination reason: Instruction limit
% Termination phase: Saturation
% Time elapsed: 0.069 s
% Peak memory usage: 15 MB
% Instructions burned: 208 (million)
% lrs-1010_1_to=lpo:sil=4000:sos=on:random_seed=3837673079:i=3739:sd=2:ins=10:ss=axioms_241 on p for (241ds/3739Mi)
% Refutation not found, incomplete strategy
% ------------------------------
% Version: Vampire 5.0.1 (Release build, commit 1b13eaf on 2026-01-18 12:14:50 +0000)
% Linked with Z3 4.14.0.0 3c47fd96cf5645d0c42b2c819d9e9a84380aa721 NOTFOUND
% CaDiCaL version: 2.1.3
% Termination reason: Refutation not found, incomplete strategy
% Time elapsed: 0.002 s
% Peak memory usage: 11 MB
% ------------------------------
% ------------------------------
% dis-1011_1_sil=4000:plsq=on:plsqr=32,1:sos=on:erd=off:lsd=5:fd=off:random_seed=2131169761:i=157:nm=16:av=off_241 on p for (241ds/157Mi)
% Refutation not found, incomplete strategy
% ------------------------------
% Version: Vampire 5.0.1 (Release build, commit 1b13eaf on 2026-01-18 12:14:50 +0000)
% Linked with Z3 4.14.0.0 3c47fd96cf5645d0c42b2c819d9e9a84380aa721 NOTFOUND
% CaDiCaL version: 2.1.3
% Termination reason: Refutation not found, incomplete strategy
% Time elapsed: 0.002 s
% Peak memory usage: 8 MB
% ------------------------------
% ------------------------------
% lrs+10_1_sil=4000:sp=occurrence:urr=on:br=off:random_seed=3121106293:st=1.2:s2a=on:i=1800:s2at=2:sd=3:ss=included:sgt=20_241 on p for (241ds/1800Mi)
% Instruction limit reached! 
% ------------------------------
% Version: Vampire 5.0.1 (Release build, commit 1b13eaf on 2026-01-18 12:14:50 +0000)
% Linked with Z3 4.14.0.0 3c47fd96cf5645d0c42b2c819d9e9a84380aa721 NOTFOUND
% CaDiCaL version: 2.1.3
% Termination reason: Instruction limit
% Termination phase: Saturation
% Time elapsed: 0.451 s
% Peak memory usage: 43 MB
% Instructions burned: 1801 (million)
% lrs+1010_4_to=lpo:sil=2000:plsq=on:prc=on:plsqr=18,1:sp=occurrence:fd=off:sac=on:random_seed=635774528:s2a=on:i=163:nm=7:rawr=on_236 on p for (236ds/163Mi)
% Instruction limit reached! 
% ------------------------------
% Version: Vampire 5.0.1 (Release build, commit 1b13eaf on 2026-01-18 12:14:50 +0000)
% Linked with Z3 4.14.0.0 3c47fd96cf5645d0c42b2c819d9e9a84380aa721 NOTFOUND
% CaDiCaL version: 2.1.3
% Termination reason: Instruction limit
% Termination phase: Saturation
% Time elapsed: 0.030 s
% Peak memory usage: 15 MB
% Instructions burned: 168 (million)
% lrs-1011_4:1_anc=all_dependent:slsqr=5,4:to=kbo:sil=16000:tgt=ground:fde=none:sas=cadical:erd=off:fd=preordered:nwc=3:s2agt=16:alpa=true:flr=on:sac=on:lftc=80:slsq=on:avsqc=2:random_seed=3491052237:avsq=on:s2a=on:i=163:avsqr=7,8:ep=RST:fdi=8_236 on p for (236ds/163Mi)
% Aborted by signal SIGSEGV on /tmp/tmpb8omr1fz/p.p
% ------------------------------
% Version: Vampire 5.0.1 (Release build, commit 1b13eaf on 2026-01-18 12:14:50 +0000)
% Linked with Z3 4.14.0.0 3c47fd96cf5645d0c42b2c819d9e9a84380aa721 NOTFOUND
% CaDiCaL version: 2.1.3
% Termination reason: Unknown
% Termination phase: Saturation
% Time elapsed: 0.0000 s
% Peak memory usage: 12 MB
% dis-1011_2:1_sil=8000:plsq=on:plsqr=1,8:sos=on:erd=off:gs=on:random_seed=2173767000:st=10:i=164:sd=1:aac=none:bd=all:nm=3:ss=included:rawr=on_236 on p for (236ds/164Mi)
% Refutation not found, incomplete strategy
% ------------------------------
% Version: Vampire 5.0.1 (Release build, commit 1b13eaf on 2026-01-18 12:14:50 +0000)
% Linked with Z3 4.14.0.0 3c47fd96cf5645d0c42b2c819d9e9a84380aa721 NOTFOUND
% CaDiCaL version: 2.1.3
% Termination reason: Refutation not found, incomplete strategy
% Time elapsed: 0.013 s
% Peak memory usage: 12 MB
% ------------------------------
% ------------------------------
% lrs+10_2:5_slsqr=2,1:to=lpo:sil=2000:plsq=on:plsqc=1:sas=cadical:plsqr=64,1:sp=const_min:acc=on:bce=on:plsql=on:alpa=random:flr=on:sac=on:slsq=on:random_seed=2565207994:s2a=on:i=230:s2at=2:slsql=off:fsr=off:gsp=on:ss=included:sgt=32:rawr=on_235 on p for (235ds/230Mi)
% Instruction limit reached! 
% ------------------------------
% Version: Vampire 5.0.1 (Release build, commit 1b13eaf on 2026-01-18 12:14:50 +0000)
% Linked with Z3 4.14.0.0 3c47fd96cf5645d0c42b2c819d9e9a84380aa721 NOTFOUND
% CaDiCaL version: 2.1.3
% Termination reason: Instruction limit
% Termination phase: Saturation
% Time elapsed: 0.046 s
% Peak memory usage: 17 MB
% Instructions burned: 235 (million)
% dis+1010_16_anc=all_dependent:to=lpo:sil=8000:sp=arity:fd=off:sac=on:random_seed=3348024294:st=5:i=165:sd=2:aac=none:ins=10:fsr=off:ss=axioms:fsd=on_235 on p for (235ds/165Mi)
% Instruction limit reached! 
% ------------------------------
% Version: Vampire 5.0.1 (Release build, commit 1b13eaf on 2026-01-18 12:14:50 +0000)
% Linked with Z3 4.14.0.0 3c47fd96cf5645d0c42b2c819d9e9a84380aa721 NOTFOUND
% CaDiCaL version: 2.1.3
% Termination reason: Instruction limit
% Termination phase: Saturation
% Time elapsed: 0.034 s
% Peak memory usage: 13 MB
% Instructions burned: 166 (million)
% lrs-2_64_sil=4000:sos=on:lcm=predicate:random_seed=1550014069:st=3:i=361:sd=5:av=off:ss=included_234 on p for (234ds/361Mi)
% Refutation not found, incomplete strategy
% ------------------------------
% Version: Vampire 5.0.1 (Release build, commit 1b13eaf on 2026-01-18 12:14:50 +0000)
% Linked with Z3 4.14.0.0 3c47fd96cf5645d0c42b2c819d9e9a84380aa721 NOTFOUND
% CaDiCaL version: 2.1.3
% Termination reason: Refutation not found, incomplete strategy
% Time elapsed: 0.0000 s
% Peak memory usage: 9 MB
% ------------------------------
% ------------------------------
% dis-1011_8_sil=4000:fde=none:nwc=2:random_seed=1825177772:st=5:s2a=on:i=231:s2at=2:sd=6:ep=RS:ins=1:ss=axioms_234 on p for (234ds/231Mi)
% Refutation not found, incomplete strategy
% ------------------------------
% Version: Vampire 5.0.1 (Release build, commit 1b13eaf on 2026-01-18 12:14:50 +0000)
% Linked with Z3 4.14.0.0 3c47fd96cf5645d0c42b2c819d9e9a84380aa721 NOTFOUND
% CaDiCaL version: 2.1.3
% Termination reason: Refutation not found, incomplete strategy
% Time elapsed: 0.0000 s
% Peak memory usage: 11 MB
% ------------------------------
% ------------------------------
% Aborted by signal SIGSEGV on /tmp/tmpb8omr1fz/p.p
% ------------------------------
% Version: Vampire 5.0.1 (Release build, commit 1b13eaf on 2026-01-18 12:14:50 +0000)
% Linked with Z3 4.14.0.0 3c47fd96cf5645d0c42b2c819d9e9a84380aa721 NOTFOUND
% CaDiCaL version: 2.1.3
% Termination reason: Refutation not found, incomplete strategy
% Time elapsed: 0.0000 s
% Peak memory usage: 11 MB
% lrs-1010_8:1_anc=none:slsqr=4,1:sil=4000:tgt=ground:plsq=on:plsqc=1:plsqr=32,1:nwc=3:slsqc=1:slsq=on:avsqc=1:random_seed=2735516958:avsq=on:i=169:doe=on:nicw=on:nm=16:ss=axioms_234 on p for (234ds/169Mi)
% Refutation not found, incomplete strategy
% ------------------------------
% Version: Vampire 5.0.1 (Release build, commit 1b13eaf on 2026-01-18 12:14:50 +0000)
% Linked with Z3 4.14.0.0 3c47fd96cf5645d0c42b2c819d9e9a84380aa721 NOTFOUND
% CaDiCaL version: 2.1.3
% Termination reason: Refutation not found, incomplete strategy
% Time elapsed: 0.0000 s
% Peak memory usage: 12 MB
% ------------------------------
% ------------------------------
% lrs+11_32_anc=all:sil=4000:sos=all:erd=off:urr=on:sac=on:random_seed=3856349819:s2a=on:i=169:nicw=on:gtg=position:gsp=on:ss=axioms:sgt=8_234 on p for (234ds/169Mi)
% Refutation not found, incomplete strategy
% ------------------------------
% Version: Vampire 5.0.1 (Release build, commit 1b13eaf on 2026-01-18 12:14:50 +0000)
% Linked with Z3 4.14.0.0 3c47fd96cf5645d0c42b2c819d9e9a84380aa721 NOTFOUND
% CaDiCaL version: 2.1.3
% Termination reason: Refutation not found, incomplete strategy
% Time elapsed: 0.0000 s
% Peak memory usage: 12 MB
% ------------------------------
% ------------------------------
% ott+1011_16_sil=2000:lsd=100:newcnf=on:random_seed=1300154611:st=3:s2a=on:i=169:sd=1:av=off:fsr=off:ss=axioms_234 on p for (234ds/169Mi)
% Instruction limit reached! 
% ------------------------------
% Version: Vampire 5.0.1 (Release build, commit 1b13eaf on 2026-01-18 12:14:50 +0000)
% Linked with Z3 4.14.0.0 3c47fd96cf5645d0c42b2c819d9e9a84380aa721 NOTFOUND
% CaDiCaL version: 2.1.3
% Termination reason: Instruction limit
% Termination phase: Saturation
% Time elapsed: 0.027 s
% Peak memory usage: 14 MB
% Instructions burned: 173 (million)
% lrs+1002_1_sil=128000:sos=on:random_seed=2857439646:st=1.5:i=170:sd=2:nm=2:gtg=all:ss=axioms:fsd=on_234 on p for (234ds/170Mi)
% Instruction limit reached! 
% ------------------------------
% Version: Vampire 5.0.1 (Release build, commit 1b13eaf on 2026-01-18 12:14:50 +0000)
% Linked with Z3 4.14.0.0 3c47fd96cf5645d0c42b2c819d9e9a84380aa721 NOTFOUND
% CaDiCaL version: 2.1.3
% Termination reason: Instruction limit
% Termination phase: Saturation
% Time elapsed: 0.043 s
% Peak memory usage: 14 MB
% Instructions burned: 172 (million)
% dis+4_4_sil=16000:plsq=on:plsqr=1,32:sp=unary_frequency:lcm=predicate:fd=off:rp=on:random_seed=181649831:i=170:bd=preordered:nm=2:av=off:sup=off_233 on p for (233ds/170Mi)
% Refutation not found, incomplete strategy
% ------------------------------
% Version: Vampire 5.0.1 (Release build, commit 1b13eaf on 2026-01-18 12:14:50 +0000)
% Linked with Z3 4.14.0.0 3c47fd96cf5645d0c42b2c819d9e9a84380aa721 NOTFOUND
% CaDiCaL version: 2.1.3
% Termination reason: Refutation not found, incomplete strategy
% Time elapsed: 0.001 s
% Peak memory usage: 8 MB
% ------------------------------
% ------------------------------
% dis-1011_5:1_sil=4000:lsd=50:random_seed=3281738590:s2a=on:i=171:s2at=1.2:ep=R:gtg=position_233 on p for (233ds/171Mi)
% Refutation not found, incomplete strategy
% ------------------------------
% Version: Vampire 5.0.1 (Release build, commit 1b13eaf on 2026-01-18 12:14:50 +0000)
% Linked with Z3 4.14.0.0 3c47fd96cf5645d0c42b2c819d9e9a84380aa721 NOTFOUND
% CaDiCaL version: 2.1.3
% Termination reason: Refutation not found, incomplete strategy
% Time elapsed: 0.002 s
% Peak memory usage: 11 MB
% ------------------------------
% ------------------------------
% lrs+10_1_sil=4000:plsq=on:plsqr=32,1:sos=on:fs=off:acc=on:urr=ec_only:gs=on:sac=on:random_seed=158447370:i=530:nm=0:fsr=off_232 on p for (232ds/530Mi)
% Refutation not found, incomplete strategy
% ------------------------------
% Version: Vampire 5.0.1 (Release build, commit 1b13eaf on 2026-01-18 12:14:50 +0000)
% Linked with Z3 4.14.0.0 3c47fd96cf5645d0c42b2c819d9e9a84380aa721 NOTFOUND
% CaDiCaL version: 2.1.3
% Termination reason: Refutation not found, incomplete strategy
% Time elapsed: 0.0000 s
% Peak memory usage: 12 MB
% ------------------------------
% ------------------------------
% lrs+1002_1_sil=8000:sos=on:erd=off:sac=on:random_seed=2383068363:st=6:i=1370:sd=4:aac=none:sup=off:ss=axioms:sgt=16_232 on p for (232ds/1370Mi)
% Refutation not found, incomplete strategy
% ------------------------------
% Version: Vampire 5.0.1 (Release build, commit 1b13eaf on 2026-01-18 12:14:50 +0000)
% Linked with Z3 4.14.0.0 3c47fd96cf5645d0c42b2c819d9e9a84380aa721 NOTFOUND
% CaDiCaL version: 2.1.3
% Termination reason: Refutation not found, incomplete strategy
% Time elapsed: 0.0000 s
% Peak memory usage: 11 MB
% ------------------------------
% ------------------------------
% dis+1011_64_sil=128000:bsd=on:sp=arity:sos=on:lsd=50:fd=off:random_seed=2296436134:i=252:gtgl=4:kws=arity_squared:nm=16:av=off:gtg=exists_sym:gsp=on:fsd=on_232 on p for (232ds/252Mi)
% Instruction limit reached! 
% ------------------------------
% Version: Vampire 5.0.1 (Release build, commit 1b13eaf on 2026-01-18 12:14:50 +0000)
% Linked with Z3 4.14.0.0 3c47fd96cf5645d0c42b2c819d9e9a84380aa721 NOTFOUND
% CaDiCaL version: 2.1.3
% Termination reason: Instruction limit
% Termination phase: Saturation
% Time elapsed: 0.040 s
% Peak memory usage: 15 MB
% Instructions burned: 254 (million)
% dis+1010_3:1_sil=2000:tgt=full:prc=on:drc=off:fde=none:bsd=on:sp=unary_first:gs=on:br=off:random_seed=3486731911:i=178:kws=precedence:av=off:fsd=on_232 on p for (232ds/178Mi)
% Instruction limit reached! 
% ------------------------------
% Version: Vampire 5.0.1 (Release build, commit 1b13eaf on 2026-01-18 12:14:50 +0000)
% Linked with Z3 4.14.0.0 3c47fd96cf5645d0c42b2c819d9e9a84380aa721 NOTFOUND
% CaDiCaL version: 2.1.3
% Termination reason: Instruction limit
% Termination phase: Saturation
% Time elapsed: 0.039 s
% Peak memory usage: 13 MB
% Instructions burned: 182 (million)
% dis+10_8:1_sil=4000:sp=arity:sos=on:acc=on:fd=off:random_seed=280140829:s2a=on:i=927:sd=2:ss=axioms_232 on p for (232ds/927Mi)
% Refutation not found, incomplete strategy
% ------------------------------
% Version: Vampire 5.0.1 (Release build, commit 1b13eaf on 2026-01-18 12:14:50 +0000)
% Linked with Z3 4.14.0.0 3c47fd96cf5645d0c42b2c819d9e9a84380aa721 NOTFOUND
% CaDiCaL version: 2.1.3
% Termination reason: Refutation not found, incomplete strategy
% Time elapsed: 0.002 s
% Peak memory usage: 12 MB
% ------------------------------
% ------------------------------
% lrs+10_1_sil=4000:sos=on:spb=goal:lcm=predicate:urr=on:s2agt=8:sac=on:slsq=on:random_seed=255752206:st=3.3:s2a=on:i=269:sd=2:doe=on:nm=2:gtg=position:sup=off:ss=axioms_231 on p for (231ds/269Mi)
% Refutation not found, incomplete strategy
% ------------------------------
% Version: Vampire 5.0.1 (Release build, commit 1b13eaf on 2026-01-18 12:14:50 +0000)
% Linked with Z3 4.14.0.0 3c47fd96cf5645d0c42b2c819d9e9a84380aa721 NOTFOUND
% CaDiCaL version: 2.1.3
% Termination reason: Refutation not found, incomplete strategy
% Time elapsed: 0.002 s
% Peak memory usage: 12 MB
% ------------------------------
% ------------------------------
% lrs+21_32:1_sil=16000:bsd=on:sos=on:spb=goal_then_units:lcm=predicate:flr=on:random_seed=3358803511:s2a=on:i=185:s2at=3.5:kws=arity_squared_231 on p for (231ds/185Mi)
% Refutation not found, incomplete strategy
% ------------------------------
% Version: Vampire 5.0.1 (Release build, commit 1b13eaf on 2026-01-18 12:14:50 +0000)
% Linked with Z3 4.14.0.0 3c47fd96cf5645d0c42b2c819d9e9a84380aa721 NOTFOUND
% CaDiCaL version: 2.1.3
% Termination reason: Refutation not found, incomplete strategy
% Time elapsed: 0.014 s
% Peak memory usage: 11 MB
% ------------------------------
% ------------------------------
% lrs+1010_64_sil=2000:sos=on:erd=off:bce=on:bsr=on:nwc=1:flr=on:newcnf=on:random_seed=3343299275:i=277:av=off:fdi=64_231 on p for (231ds/277Mi)
% Refutation not found, incomplete strategy
% ------------------------------
% Version: Vampire 5.0.1 (Release build, commit 1b13eaf on 2026-01-18 12:14:50 +0000)
% Linked with Z3 4.14.0.0 3c47fd96cf5645d0c42b2c819d9e9a84380aa721 NOTFOUND
% CaDiCaL version: 2.1.3
% Termination reason: Refutation not found, incomplete strategy
% Time elapsed: 0.014 s
% Peak memory usage: 9 MB
% ------------------------------
% ------------------------------
% lrs-1011_64_sil=4000:fd=preordered:br=off:random_seed=3037592857:i=456:sd=2:av=off:ss=axioms:sgt=32_231 on p for (231ds/456Mi)
% Instruction limit reached! 
% ------------------------------
% Version: Vampire 5.0.1 (Release build, commit 1b13eaf on 2026-01-18 12:14:50 +0000)
% Linked with Z3 4.14.0.0 3c47fd96cf5645d0c42b2c819d9e9a84380aa721 NOTFOUND
% CaDiCaL version: 2.1.3
% Termination reason: Instruction limit
% Termination phase: Saturation
% Time elapsed: 0.142 s
% Peak memory usage: 19 MB
% Instructions burned: 457 (million)
% lrs+10_32_sil=2000:sp=occurrence:sos=all:urr=on:br=off:random_seed=1150853861:st=3:i=635:sd=5:sup=off:ss=included_229 on p for (229ds/635Mi)
% Refutation not found, incomplete strategy
% ------------------------------
% Version: Vampire 5.0.1 (Release build, commit 1b13eaf on 2026-01-18 12:14:50 +0000)
% Linked with Z3 4.14.0.0 3c47fd96cf5645d0c42b2c819d9e9a84380aa721 NOTFOUND
% CaDiCaL version: 2.1.3
% Termination reason: Refutation not found, incomplete strategy
% Time elapsed: 0.0000 s
% Peak memory usage: 11 MB
% ------------------------------
% ------------------------------
% lrs+1011_23:4_slsqr=8,1:sil=32000:plsq=on:fde=none:plsqc=4:plsqr=64,1:spb=goal_then_units:acc=on:urr=on:plsql=on:gs=on:slsqc=4:alpa=true:slsq=on:random_seed=2447939309:cond=on:i=190:add=on:aac=none:doe=on:slsql=off:bd=preordered:nm=2:sup=off:ss=axioms_229 on p for (229ds/190Mi)
% Refutation not found, incomplete strategy
% ------------------------------
% Version: Vampire 5.0.1 (Release build, commit 1b13eaf on 2026-01-18 12:14:50 +0000)
% Linked with Z3 4.14.0.0 3c47fd96cf5645d0c42b2c819d9e9a84380aa721 NOTFOUND
% CaDiCaL version: 2.1.3
% Termination reason: Refutation not found, incomplete strategy
% Time elapsed: 0.002 s
% Peak memory usage: 12 MB
% ------------------------------
% ------------------------------
% dis+1010_32:1_sil=2000:bsd=on:fd=off:slsq=on:random_seed=2964114924:cts=off:i=1282:sd=1:av=off:gtg=position:ss=axioms_229 on p for (229ds/1282Mi)
% Refutation not found, incomplete strategy
% ------------------------------
% Version: Vampire 5.0.1 (Release build, commit 1b13eaf on 2026-01-18 12:14:50 +0000)
% Linked with Z3 4.14.0.0 3c47fd96cf5645d0c42b2c819d9e9a84380aa721 NOTFOUND
% CaDiCaL version: 2.1.3
% Termination reason: Refutation not found, incomplete strategy
% Time elapsed: 0.001 s
% Peak memory usage: 9 MB
% ------------------------------
% ------------------------------
% lrs+1011_16_anc=all_dependent:sil=4000:plsq=on:fde=none:plsqc=1:sas=cadical:plsqr=64,1:sos=on:spb=non_intro:plsql=on:fd=off:alpa=random:sac=on:random_seed=1479071430:avsq=on:i=191:avsqr=1,16:nm=16:ins=1:rawr=on_228 on p for (228ds/191Mi)
% Refutation not found, incomplete strategy
% ------------------------------
% Version: Vampire 5.0.1 (Release build, commit 1b13eaf on 2026-01-18 12:14:50 +0000)
% Linked with Z3 4.14.0.0 3c47fd96cf5645d0c42b2c819d9e9a84380aa721 NOTFOUND
% CaDiCaL version: 2.1.3
% Termination reason: Refutation not found, incomplete strategy
% Time elapsed: 0.002 s
% Peak memory usage: 12 MB
% ------------------------------
% ------------------------------
% lrs+11_1_anc=all_dependent:sil=2000:plsq=on:fde=unused:plsqr=32,1:spb=intro:bsr=unit_only:gs=on:kmz=on:newcnf=on:random_seed=4062793150:st=1.2:i=564:gtgl=3:sd=3:kws=precedence:gtg=exists_top:fdi=4:ss=axioms:sgt=10_228 on p for (228ds/564Mi)
% Instruction limit reached! 
% ------------------------------
% Version: Vampire 5.0.1 (Release build, commit 1b13eaf on 2026-01-18 12:14:50 +0000)
% Linked with Z3 4.14.0.0 3c47fd96cf5645d0c42b2c819d9e9a84380aa721 NOTFOUND
% CaDiCaL version: 2.1.3
% Termination reason: Instruction limit
% Termination phase: Saturation
% Time elapsed: 0.102 s
% Peak memory usage: 17 MB
% Instructions burned: 573 (million)
% dis-1011_25:7_sil=4000:sas=cadical:avsql=on:lsd=50:acc=on:bsr=unit_only:nwc=4:newcnf=on:avsqc=2:random_seed=2852749614:avsq=on:s2a=on:i=193:s2at=-1:avsqr=2,3:aac=none:ep=RSTC:rawr=on_227 on p for (227ds/193Mi)
% Aborted by signal SIGSEGV on /tmp/tmpb8omr1fz/p.p
% ------------------------------
% Version: Vampire 5.0.1 (Release build, commit 1b13eaf on 2026-01-18 12:14:50 +0000)
% Linked with Z3 4.14.0.0 3c47fd96cf5645d0c42b2c819d9e9a84380aa721 NOTFOUND
% CaDiCaL version: 2.1.3
% Termination reason: Unknown
% Termination phase: Saturation
% Time elapsed: 0.003 s
% Peak memory usage: 12 MB
% Instructions burned: 15 (million)
% dis+1003_12_sil=4000:plsq=on:plsqr=32,1:sp=weighted_frequency:sos=all:erd=off:lma=off:spb=intro:lcm=predicate:acc=on:urr=full:slsqc=2:updr=off:newcnf=on:slsq=on:random_seed=2689095533:i=195:ins=10:fsr=off:fdi=4:gsp=on_227 on p for (227ds/195Mi)
% Refutation not found, incomplete strategy
% ------------------------------
% Version: Vampire 5.0.1 (Release build, commit 1b13eaf on 2026-01-18 12:14:50 +0000)
% Linked with Z3 4.14.0.0 3c47fd96cf5645d0c42b2c819d9e9a84380aa721 NOTFOUND
% CaDiCaL version: 2.1.3
% Termination reason: Refutation not found, incomplete strategy
% Time elapsed: 0.001 s
% Peak memory usage: 12 MB
% ------------------------------
% ------------------------------
% lrs+1010_4_to=lpo:sil=4000:drc=off:sp=weighted_frequency:spb=goal_then_units:nwc=5:lftc=50:random_seed=3023980240:s2a=on:i=302:fgj=on:bd=all_227 on p for (227ds/302Mi)
% Instruction limit reached! 
% ------------------------------
% Version: Vampire 5.0.1 (Release build, commit 1b13eaf on 2026-01-18 12:14:50 +0000)
% Linked with Z3 4.14.0.0 3c47fd96cf5645d0c42b2c819d9e9a84380aa721 NOTFOUND
% CaDiCaL version: 2.1.3
% Termination reason: Instruction limit
% Termination phase: Saturation
% Time elapsed: 0.051 s
% Peak memory usage: 15 MB
% Instructions burned: 307 (million)
% lrs+1011_1_sfv=off:to=lpo:sil=4000:sp=arity:sos=all:spb=goal:urr=ec_only:br=off:random_seed=4095297094:i=2020:sd=1:ss=included_226 on p for (226ds/2020Mi)
% Refutation not found, incomplete strategy
% ------------------------------
% Version: Vampire 5.0.1 (Release build, commit 1b13eaf on 2026-01-18 12:14:50 +0000)
% Linked with Z3 4.14.0.0 3c47fd96cf5645d0c42b2c819d9e9a84380aa721 NOTFOUND
% CaDiCaL version: 2.1.3
% Termination reason: Refutation not found, incomplete strategy
% Time elapsed: 0.0000 s
% Peak memory usage: 11 MB
% ------------------------------
% ------------------------------
% dis+1011_32_slsqr=1,4:sil=4000:erd=off:s2agt=8:slsqc=3:slsq=on:random_seed=2341506087:i=912:sd=4:nicw=on:ep=RS:ss=axioms:sgt=32_226 on p for (226ds/912Mi)
% Refutation not found, incomplete strategy
% ------------------------------
% Version: Vampire 5.0.1 (Release build, commit 1b13eaf on 2026-01-18 12:14:50 +0000)
% Linked with Z3 4.14.0.0 3c47fd96cf5645d0c42b2c819d9e9a84380aa721 NOTFOUND
% CaDiCaL version: 2.1.3
% Termination reason: Refutation not found, incomplete strategy
% Time elapsed: 0.0000 s
% Peak memory usage: 12 MB
% ------------------------------
% ------------------------------
% Aborted by signal SIGSEGV on /tmp/tmpb8omr1fz/p.p
% ------------------------------
% Version: Vampire 5.0.1 (Release build, commit 1b13eaf on 2026-01-18 12:14:50 +0000)
% Linked with Z3 4.14.0.0 3c47fd96cf5645d0c42b2c819d9e9a84380aa721 NOTFOUND
% CaDiCaL version: 2.1.3
% Termination reason: Refutation not found, incomplete strategy
% Time elapsed: 0.0000 s
% Peak memory usage: 12 MB
% lrs-11_23:64_sfv=off:to=lpo:sil=4000:tgt=ground:sp=const_min:sos=all:spb=goal:lcm=predicate:urr=on:fd=preordered:nwc=1:flr=on:lftc=40:random_seed=4261656545:st=1.38385:i=303:add=off:aac=none:ss=axioms_226 on p for (226ds/303Mi)
% Refutation not found, incomplete strategy
% ------------------------------
% Version: Vampire 5.0.1 (Release build, commit 1b13eaf on 2026-01-18 12:14:50 +0000)
% Linked with Z3 4.14.0.0 3c47fd96cf5645d0c42b2c819d9e9a84380aa721 NOTFOUND
% CaDiCaL version: 2.1.3
% Termination reason: Refutation not found, incomplete strategy
% Time elapsed: 0.0000 s
% Peak memory usage: 11 MB
% ------------------------------
% ------------------------------
% dis+1011_3:1_sil=8000:prc=on:drc=off:fde=unused:sp=reverse_arity:spb=non_intro:random_seed=357785688:i=817:ins=20:av=off_225 on p for (225ds/817Mi)
% Instruction limit reached! 
% ------------------------------
% Version: Vampire 5.0.1 (Release build, commit 1b13eaf on 2026-01-18 12:14:50 +0000)
% Linked with Z3 4.14.0.0 3c47fd96cf5645d0c42b2c819d9e9a84380aa721 NOTFOUND
% CaDiCaL version: 2.1.3
% Termination reason: Instruction limit
% Termination phase: Saturation
% Time elapsed: 0.233 s
% Peak memory usage: 14 MB
% Instructions burned: 820 (million)
% dis+1_32:1_sil=128000:sp=occurrence:acc=on:s2agt=30:random_seed=963514972:s2pl=no:s2a=on:i=1164:sd=2:nicw=on:fsr=off:ss=included_223 on p for (223ds/1164Mi)
% Instruction limit reached! 
% ------------------------------
% Version: Vampire 5.0.1 (Release build, commit 1b13eaf on 2026-01-18 12:14:50 +0000)
% Linked with Z3 4.14.0.0 3c47fd96cf5645d0c42b2c819d9e9a84380aa721 NOTFOUND
% CaDiCaL version: 2.1.3
% Termination reason: Instruction limit
% Termination phase: Saturation
% Time elapsed: 0.193 s
% Peak memory usage: 19 MB
% Instructions burned: 1171 (million)
% lrs-1011_1_to=lpo:sil=2000:sos=all:spb=goal_then_units:random_seed=1529258724:i=208_221 on p for (221ds/208Mi)
% Refutation not found, incomplete strategy
% ------------------------------
% Version: Vampire 5.0.1 (Release build, commit 1b13eaf on 2026-01-18 12:14:50 +0000)
% Linked with Z3 4.14.0.0 3c47fd96cf5645d0c42b2c819d9e9a84380aa721 NOTFOUND
% CaDiCaL version: 2.1.3
% Termination reason: Refutation not found, incomplete strategy
% Time elapsed: 0.013 s
% Peak memory usage: 11 MB
% ------------------------------
% ------------------------------
% lrs+1011_1_sil=32000:sp=occurrence:sos=all:random_seed=4229685937:st=2.3:i=7185:sd=14:ss=axioms:sgt=16_220 on p for (220ds/7185Mi)
% Refutation not found, incomplete strategy
% ------------------------------
% Version: Vampire 5.0.1 (Release build, commit 1b13eaf on 2026-01-18 12:14:50 +0000)
% Linked with Z3 4.14.0.0 3c47fd96cf5645d0c42b2c819d9e9a84380aa721 NOTFOUND
% CaDiCaL version: 2.1.3
% Termination reason: Refutation not found, incomplete strategy
% Time elapsed: 0.001 s
% Peak memory usage: 11 MB
% ------------------------------
% ------------------------------
% dis+1002_2_sil=8000:sos=on:random_seed=470874701:i=322:sd=2:ep=R:nm=4:gtg=position:ss=axioms:sgt=4_220 on p for (220ds/322Mi)
% Refutation not found, incomplete strategy
% ------------------------------
% Version: Vampire 5.0.1 (Release build, commit 1b13eaf on 2026-01-18 12:14:50 +0000)
% Linked with Z3 4.14.0.0 3c47fd96cf5645d0c42b2c819d9e9a84380aa721 NOTFOUND
% CaDiCaL version: 2.1.3
% Termination reason: Refutation not found, incomplete strategy
% Time elapsed: 0.0000 s
% Peak memory usage: 11 MB
% ------------------------------
% ------------------------------
% lrs-1010_1_sil=2000:plsq=on:plsqr=50755291,524288:urr=on:rp=on:s2agt=40:br=off:random_seed=2946761632:s2a=on:i=329:add=off:sd=1:kws=inv_arity_squared:gsp=on:ss=axioms:sgt=8_220 on p for (220ds/329Mi)
% Instruction limit reached! 
% ------------------------------
% Version: Vampire 5.0.1 (Release build, commit 1b13eaf on 2026-01-18 12:14:50 +0000)
% Linked with Z3 4.14.0.0 3c47fd96cf5645d0c42b2c819d9e9a84380aa721 NOTFOUND
% CaDiCaL version: 2.1.3
% Termination reason: Instruction limit
% Termination phase: Saturation
% Time elapsed: 0.115 s
% Peak memory usage: 18 MB
% Instructions burned: 329 (million)
% lrs-1011_1_sil=2000:erd=off:random_seed=2083766077:i=215:ep=RS:nm=2_219 on p for (219ds/215Mi)
% Refutation not found, incomplete strategy
% ------------------------------
% Version: Vampire 5.0.1 (Release build, commit 1b13eaf on 2026-01-18 12:14:50 +0000)
% Linked with Z3 4.14.0.0 3c47fd96cf5645d0c42b2c819d9e9a84380aa721 NOTFOUND
% CaDiCaL version: 2.1.3
% Termination reason: Refutation not found, incomplete strategy
% Time elapsed: 0.002 s
% Peak memory usage: 11 MB
% ------------------------------
% ------------------------------
% Aborted by signal SIGSEGV on /tmp/tmpb8omr1fz/p.p
% ------------------------------
% Version: Vampire 5.0.1 (Release build, commit 1b13eaf on 2026-01-18 12:14:50 +0000)
% Linked with Z3 4.14.0.0 3c47fd96cf5645d0c42b2c819d9e9a84380aa721 NOTFOUND
% CaDiCaL version: 2.1.3
% Termination reason: Refutation not found, incomplete strategy
% Time elapsed: 0.002 s
% Peak memory usage: 11 MB
% dis+1011_20_to=lpo:sil=4000:bsd=on:newcnf=on:slsq=on:random_seed=2555816289:i=215:sd=1:slsql=off:ss=axioms:fsd=on_218 on p for (218ds/215Mi)
% Refutation not found, incomplete strategy
% ------------------------------
% Version: Vampire 5.0.1 (Release build, commit 1b13eaf on 2026-01-18 12:14:50 +0000)
% Linked with Z3 4.14.0.0 3c47fd96cf5645d0c42b2c819d9e9a84380aa721 NOTFOUND
% CaDiCaL version: 2.1.3
% Termination reason: Refutation not found, incomplete strategy
% Time elapsed: 0.001 s
% Peak memory usage: 12 MB
% ------------------------------
% ------------------------------
% lrs+1011_1_sil=256000:plsq=on:newcnf=on:random_seed=945820191:st=2:i=216:sd=3:ep=R:av=off:ss=included:sgt=16_218 on p for (218ds/216Mi)
% Refutation not found, incomplete strategy
% ------------------------------
% Version: Vampire 5.0.1 (Release build, commit 1b13eaf on 2026-01-18 12:14:50 +0000)
% Linked with Z3 4.14.0.0 3c47fd96cf5645d0c42b2c819d9e9a84380aa721 NOTFOUND
% CaDiCaL version: 2.1.3
% Termination reason: Refutation not found, incomplete strategy
% Time elapsed: 0.002 s
% Peak memory usage: 9 MB
% ------------------------------
% ------------------------------
% lrs-1002_50_sil=2000:sas=cadical:sos=on:spb=non_intro:random_seed=3588342051:i=223:doe=on:bd=all:fsr=off:fsd=on:fsdmm=1_218 on p for (218ds/223Mi)
% Refutation not found, incomplete strategy
% ------------------------------
% Version: Vampire 5.0.1 (Release build, commit 1b13eaf on 2026-01-18 12:14:50 +0000)
% Linked with Z3 4.14.0.0 3c47fd96cf5645d0c42b2c819d9e9a84380aa721 NOTFOUND
% CaDiCaL version: 2.1.3
% Termination reason: Refutation not found, incomplete strategy
% Time elapsed: 0.002 s
% Peak memory usage: 12 MB
% ------------------------------
% ------------------------------
% lrs+1010_1_sil=16000:plsq=on:fde=none:plsqr=32,1:sos=on:erd=off:random_seed=2729439165:cts=off:i=227:av=off_218 on p for (218ds/227Mi)
% Refutation not found, incomplete strategy
% ------------------------------
% Version: Vampire 5.0.1 (Release build, commit 1b13eaf on 2026-01-18 12:14:50 +0000)
% Linked with Z3 4.14.0.0 3c47fd96cf5645d0c42b2c819d9e9a84380aa721 NOTFOUND
% CaDiCaL version: 2.1.3
% Termination reason: Refutation not found, incomplete strategy
% Time elapsed: 0.0000 s
% Peak memory usage: 8 MB
% ------------------------------
% ------------------------------
% lrs+1002_1_sil=4000:sp=occurrence:sos=on:erd=off:random_seed=2755124067:i=1636:sd=2:ep=RS:av=off:ss=axioms_218 on p for (218ds/1636Mi)
% Refutation not found, incomplete strategy
% ------------------------------
% Version: Vampire 5.0.1 (Release build, commit 1b13eaf on 2026-01-18 12:14:50 +0000)
% Linked with Z3 4.14.0.0 3c47fd96cf5645d0c42b2c819d9e9a84380aa721 NOTFOUND
% CaDiCaL version: 2.1.3
% Termination reason: Refutation not found, incomplete strategy
% Time elapsed: 0.001 s
% Peak memory usage: 8 MB
% ------------------------------
% ------------------------------
% dis-30_1_to=lpo:sil=16000:random_seed=4258342268:st=3:i=6010:ep=RST:av=off:ss=included_218 on p for (218ds/6010Mi)
% Instruction limit reached! 
% ------------------------------
% Version: Vampire 5.0.1 (Release build, commit 1b13eaf on 2026-01-18 12:14:50 +0000)
% Linked with Z3 4.14.0.0 3c47fd96cf5645d0c42b2c819d9e9a84380aa721 NOTFOUND
% CaDiCaL version: 2.1.3
% Termination reason: Instruction limit
% Termination phase: Saturation
% Time elapsed: 0.828 s
% Peak memory usage: 15 MB
% Instructions burned: 6018 (million)
% lrs+2_1_sil=2000:random_seed=2130857772:i=1044:kws=precedence:fsr=off_209 on p for (209ds/1044Mi)
% Instruction limit reached! 
% ------------------------------
% Version: Vampire 5.0.1 (Release build, commit 1b13eaf on 2026-01-18 12:14:50 +0000)
% Linked with Z3 4.14.0.0 3c47fd96cf5645d0c42b2c819d9e9a84380aa721 NOTFOUND
% CaDiCaL version: 2.1.3
% Termination reason: Instruction limit
% Termination phase: Saturation
% Time elapsed: 0.239 s
% Peak memory usage: 29 MB
% Instructions burned: 1044 (million)
% lrs+0_32:1_sil=64000:tgt=ground:irw=on:prc=on:sp=reverse_frequency:bce=on:bsr=on:random_seed=3854652059:i=372:sd=1:erml=2:bs=unit_only:bd=all:av=off:gtg=exists_sym:ss=axioms:er=filter_207 on p for (207ds/372Mi)
% Instruction limit reached! 
% ------------------------------
% Version: Vampire 5.0.1 (Release build, commit 1b13eaf on 2026-01-18 12:14:50 +0000)
% Linked with Z3 4.14.0.0 3c47fd96cf5645d0c42b2c819d9e9a84380aa721 NOTFOUND
% CaDiCaL version: 2.1.3
% Termination reason: Instruction limit
% Termination phase: Saturation
% Time elapsed: 0.127 s
% Peak memory usage: 17 MB
% Instructions burned: 377 (million)
% lrs+1010_32_sil=4000:plsq=on:bsr=unit_only:nwc=3:newcnf=on:random_seed=3750784421:cts=off:i=516:gtgl=5:nm=16:av=off:gtg=exists_sym_205 on p for (205ds/516Mi)
% Instruction limit reached! 
% ------------------------------
% Version: Vampire 5.0.1 (Release build, commit 1b13eaf on 2026-01-18 12:14:50 +0000)
% Linked with Z3 4.14.0.0 3c47fd96cf5645d0c42b2c819d9e9a84380aa721 NOTFOUND
% CaDiCaL version: 2.1.3
% Termination reason: Instruction limit
% Termination phase: Saturation
% Time elapsed: 0.148 s
% Peak memory usage: 20 MB
% Instructions burned: 521 (million)
% lrs-1010_3:2_sil=4000:irw=on:plsq=on:plsqc=4:fd=preordered:updr=off:lwlo=on:random_seed=2531075245:lrd=on:i=2469:bd=preordered_203 on p for (203ds/2469Mi)
% Instruction limit reached! 
% ------------------------------
% Version: Vampire 5.0.1 (Release build, commit 1b13eaf on 2026-01-18 12:14:50 +0000)
% Linked with Z3 4.14.0.0 3c47fd96cf5645d0c42b2c819d9e9a84380aa721 NOTFOUND
% CaDiCaL version: 2.1.3
% Termination reason: Instruction limit
% Termination phase: Saturation
% Time elapsed: 0.467 s
% Peak memory usage: 34 MB
% Instructions burned: 2469 (million)
% dis+1011_128_sil=4000:tgt=full:sos=on:spb=goal:lsd=100:bsr=on:br=off:random_seed=1370686194:i=242:sd=1:gtg=position:ss=axioms:sgt=64_198 on p for (198ds/242Mi)
% Refutation not found, incomplete strategy
% ------------------------------
% Version: Vampire 5.0.1 (Release build, commit 1b13eaf on 2026-01-18 12:14:50 +0000)
% Linked with Z3 4.14.0.0 3c47fd96cf5645d0c42b2c819d9e9a84380aa721 NOTFOUND
% CaDiCaL version: 2.1.3
% Termination reason: Refutation not found, incomplete strategy
% Time elapsed: 0.0000 s
% Peak memory usage: 12 MB
% ------------------------------
% ------------------------------
% lrs-1011_12_to=lpo:sil=8000:prc=on:drc=off:sp=reverse_frequency:erd=off:lsd=1:urr=on:bce=on:rp=on:nwc=0.6:newcnf=on:avsqc=1:random_seed=3915359538:avsq=on:s2a=on:i=242:bd=preordered:nm=2:fsd=on_198 on p for (198ds/242Mi)
% Instruction limit reached! 
% ------------------------------
% Version: Vampire 5.0.1 (Release build, commit 1b13eaf on 2026-01-18 12:14:50 +0000)
% Linked with Z3 4.14.0.0 3c47fd96cf5645d0c42b2c819d9e9a84380aa721 NOTFOUND
% CaDiCaL version: 2.1.3
% Termination reason: Instruction limit
% Termination phase: Saturation
% Time elapsed: 0.037 s
% Peak memory usage: 15 MB
% Instructions burned: 247 (million)
% dis+1010_6_sil=16000:tgt=full:sp=unary_first:nwc=2:random_seed=2182404548:s2a=on:i=2051:sd=1:nm=4:gsp=on:ss=included_198 on p for (198ds/2051Mi)
% Instruction limit reached! 
% ------------------------------
% Version: Vampire 5.0.1 (Release build, commit 1b13eaf on 2026-01-18 12:14:50 +0000)
% Linked with Z3 4.14.0.0 3c47fd96cf5645d0c42b2c819d9e9a84380aa721 NOTFOUND
% CaDiCaL version: 2.1.3
% Termination reason: Instruction limit
% Termination phase: Saturation
% Time elapsed: 0.356 s
% Peak memory usage: 29 MB
% Instructions burned: 2056 (million)
% lrs-1011_1_to=lpo:sil=2000:plsq=on:plsqr=128,1:flr=on:random_seed=2290621514:i=253:gtgl=2:sd=1:gtg=exists_all:ss=axioms_194 on p for (194ds/253Mi)
% Instruction limit reached! 
% ------------------------------
% Version: Vampire 5.0.1 (Release build, commit 1b13eaf on 2026-01-18 12:14:50 +0000)
% Linked with Z3 4.14.0.0 3c47fd96cf5645d0c42b2c819d9e9a84380aa721 NOTFOUND
% CaDiCaL version: 2.1.3
% Termination reason: Instruction limit
% Termination phase: Saturation
% Time elapsed: 0.073 s
% Peak memory usage: 16 MB
% Instructions burned: 257 (million)
% lrs+10_1_slsqr=8,1:sil=16000:plsq=on:plsqr=32,1:sp=unary_first:erd=off:spb=units:lcm=reverse:urr=on:slsqc=1:flr=on:slsq=on:random_seed=2711798004:i=256:s2at=9:bd=preordered:av=off:fsr=off:fdi=8_193 on p for (193ds/256Mi)
% Instruction limit reached! 
% ------------------------------
% Version: Vampire 5.0.1 (Release build, commit 1b13eaf on 2026-01-18 12:14:50 +0000)
% Linked with Z3 4.14.0.0 3c47fd96cf5645d0c42b2c819d9e9a84380aa721 NOTFOUND
% CaDiCaL version: 2.1.3
% Termination reason: Instruction limit
% Termination phase: Saturation
% Time elapsed: 0.099 s
% Peak memory usage: 15 MB
% Instructions burned: 260 (million)
% dis+11_1_to=lpo:sil=32000:tgt=full:plsq=on:fde=unused:plsqc=1:plsqr=128,1:sos=on:erd=off:plsql=on:newcnf=on:random_seed=4190322652:s2pl=on:cts=off:i=259:bs=on:av=off:fsr=off:ss=axioms:fsd=on:sgt=32:rawr=on_192 on p for (192ds/259Mi)
% Refutation not found, incomplete strategy
% ------------------------------
% Version: Vampire 5.0.1 (Release build, commit 1b13eaf on 2026-01-18 12:14:50 +0000)
% Linked with Z3 4.14.0.0 3c47fd96cf5645d0c42b2c819d9e9a84380aa721 NOTFOUND
% CaDiCaL version: 2.1.3
% Termination reason: Refutation not found, incomplete strategy
% Time elapsed: 0.0000 s
% Peak memory usage: 9 MB
% ------------------------------
% ------------------------------
% lrs-1010_16:1_sil=8000:sp=occurrence:sos=on:acc=on:random_seed=279656381:i=1549:sd=1:nm=12:fsr=off:ss=included_192 on p for (192ds/1549Mi)
% Refutation not found, incomplete strategy
% ------------------------------
% Version: Vampire 5.0.1 (Release build, commit 1b13eaf on 2026-01-18 12:14:50 +0000)
% Linked with Z3 4.14.0.0 3c47fd96cf5645d0c42b2c819d9e9a84380aa721 NOTFOUND
% CaDiCaL version: 2.1.3
% Termination reason: Refutation not found, incomplete strategy
% Time elapsed: 0.0000 s
% Peak memory usage: 12 MB
% ------------------------------
% ------------------------------
% lrs+33_2003:644_sil=4000:sp=reverse_frequency:lcm=predicate:urr=on:s2agt=10:random_seed=1527346047:s2a=on:i=751:bd=preordered:ins=1:fdi=8:gsp=on_192 on p for (192ds/751Mi)
% Instruction limit reached! 
% ------------------------------
% Version: Vampire 5.0.1 (Release build, commit 1b13eaf on 2026-01-18 12:14:50 +0000)
% Linked with Z3 4.14.0.0 3c47fd96cf5645d0c42b2c819d9e9a84380aa721 NOTFOUND
% CaDiCaL version: 2.1.3
% Termination reason: Instruction limit
% Termination phase: Saturation
% Time elapsed: 0.147 s
% Peak memory usage: 20 MB
% Instructions burned: 756 (million)
% lrs+10_1_sil=16000:sp=occurrence:urr=on:br=off:random_seed=3531338151:st=5:s2a=on:i=758:s2at=2:sd=2:nm=2:gtg=exists_top:sup=off:ss=axioms_190 on p for (190ds/758Mi)
% Refutation not found, incomplete strategy
% ------------------------------
% Version: Vampire 5.0.1 (Release build, commit 1b13eaf on 2026-01-18 12:14:50 +0000)
% Linked with Z3 4.14.0.0 3c47fd96cf5645d0c42b2c819d9e9a84380aa721 NOTFOUND
% CaDiCaL version: 2.1.3
% Termination reason: Refutation not found, incomplete strategy
% Time elapsed: 0.0000 s
% Peak memory usage: 11 MB
% ------------------------------
% ------------------------------
% lrs+1010_64_to=lpo:sil=2000:fde=none:sp=const_max:sos=on:urr=ec_only:bsr=unit_only:fd=off:rp=on:br=off:alpa=true:sac=on:random_seed=2620673637:avsq=on:i=596:avsqr=8,1:ins=2:fdi=1024:rawr=on_190 on p for (190ds/596Mi)
% Refutation not found, incomplete strategy
% ------------------------------
% Version: Vampire 5.0.1 (Release build, commit 1b13eaf on 2026-01-18 12:14:50 +0000)
% Linked with Z3 4.14.0.0 3c47fd96cf5645d0c42b2c819d9e9a84380aa721 NOTFOUND
% CaDiCaL version: 2.1.3
% Termination reason: Refutation not found, incomplete strategy
% Time elapsed: 0.002 s
% Peak memory usage: 12 MB
% ------------------------------
% ------------------------------
% ott+1011_2:7_to=lpo:sil=2000:tgt=full:plsq=on:fde=none:plsqc=5:sims=off:sp=unary_first:spb=non_intro:lsd=10:plsql=on:nwc=20:s2agt=128:random_seed=2746053614:s2a=on:i=1443:s2at=3:bd=preordered:av=off:gtg=exists_top:fdi=8_190 on p for (190ds/1443Mi)
% Instruction limit reached! 
% ------------------------------
% Version: Vampire 5.0.1 (Release build, commit 1b13eaf on 2026-01-18 12:14:50 +0000)
% Linked with Z3 4.14.0.0 3c47fd96cf5645d0c42b2c819d9e9a84380aa721 NOTFOUND
% CaDiCaL version: 2.1.3
% Termination reason: Instruction limit
% Termination phase: Saturation
% Time elapsed: 0.364 s
% Peak memory usage: 25 MB
% Instructions burned: 1446 (million)
% lrs-1011_4_to=lpo:sil=2000:sp=arity:flr=on:random_seed=3266494450:st=3:i=268:bd=preordered:ss=axioms_186 on p for (186ds/268Mi)
% Instruction limit reached! 
% ------------------------------
% Version: Vampire 5.0.1 (Release build, commit 1b13eaf on 2026-01-18 12:14:50 +0000)
% Linked with Z3 4.14.0.0 3c47fd96cf5645d0c42b2c819d9e9a84380aa721 NOTFOUND
% CaDiCaL version: 2.1.3
% Termination reason: Instruction limit
% Termination phase: Saturation
% Time elapsed: 0.083 s
% Peak memory usage: 15 MB
% Instructions burned: 274 (million)
% lrs+1011_4_sfv=off:to=lpo:sil=2000:fde=none:sp=const_frequency:sos=all:br=off:random_seed=1183061836:st=4:i=269:sd=3:doe=on:ins=10:av=off:ss=axioms_185 on p for (185ds/269Mi)
% Refutation not found, incomplete strategy
% ------------------------------
% Version: Vampire 5.0.1 (Release build, commit 1b13eaf on 2026-01-18 12:14:50 +0000)
% Linked with Z3 4.14.0.0 3c47fd96cf5645d0c42b2c819d9e9a84380aa721 NOTFOUND
% CaDiCaL version: 2.1.3
% Termination reason: Refutation not found, incomplete strategy
% Time elapsed: 0.001 s
% Peak memory usage: 8 MB
% ------------------------------
% ------------------------------
% dis+1011_10_to=lpo:sil=4000:sp=const_min:erd=off:spb=non_intro:bsr=unit_only:rp=on:flr=on:newcnf=on:random_seed=1363619898:cts=off:s2a=on:i=269:s2at=5:bd=preordered:av=off:fsr=off:rawr=on_185 on p for (185ds/269Mi)
% Instruction limit reached! 
% ------------------------------
% Version: Vampire 5.0.1 (Release build, commit 1b13eaf on 2026-01-18 12:14:50 +0000)
% Linked with Z3 4.14.0.0 3c47fd96cf5645d0c42b2c819d9e9a84380aa721 NOTFOUND
% CaDiCaL version: 2.1.3
% Termination reason: Instruction limit
% Termination phase: Saturation
% Time elapsed: 0.082 s
% Peak memory usage: 13 MB
% Instructions burned: 273 (million)
% lrs+10_3_sil=8000:tgt=ground:fde=none:sp=reverse_arity:lcm=predicate:random_seed=970049396:i=3317:sd=1:av=off:ss=axioms:sgt=50_184 on p for (184ds/3317Mi)
% Instruction limit reached! 
% ------------------------------
% Version: Vampire 5.0.1 (Release build, commit 1b13eaf on 2026-01-18 12:14:50 +0000)
% Linked with Z3 4.14.0.0 3c47fd96cf5645d0c42b2c819d9e9a84380aa721 NOTFOUND
% CaDiCaL version: 2.1.3
% Termination reason: Instruction limit
% Termination phase: Saturation
% Time elapsed: 0.692 s
% Peak memory usage: 68 MB
% Instructions burned: 3320 (million)
% ott+11_3_sfv=off:sil=2000:tgt=full:sp=reverse_frequency:spb=goal_then_units:urr=on:nwc=5:s2agt=100:br=off:kmz=on:updr=off:slsq=on:random_seed=2402855513:s2a=on:i=286:kws=precedence:bd=preordered:ins=20:av=off_176 on p for (176ds/286Mi)
% Instruction limit reached! 
% ------------------------------
% Version: Vampire 5.0.1 (Release build, commit 1b13eaf on 2026-01-18 12:14:50 +0000)
% Linked with Z3 4.14.0.0 3c47fd96cf5645d0c42b2c819d9e9a84380aa721 NOTFOUND
% CaDiCaL version: 2.1.3
% Termination reason: Instruction limit
% Termination phase: Saturation
% Time elapsed: 0.096 s
% Peak memory usage: 15 MB
% Instructions burned: 286 (million)
% lrs+1010_1_to=lpo:sil=4000:plsq=on:plsqr=64,1:sos=on:spb=goal:alpa=true:random_seed=1722714512:st=2:i=1238:sd=2:fsr=off:ss=axioms:fsd=on_175 on p for (175ds/1238Mi)
% Refutation not found, incomplete strategy
% ------------------------------
% Version: Vampire 5.0.1 (Release build, commit 1b13eaf on 2026-01-18 12:14:50 +0000)
% Linked with Z3 4.14.0.0 3c47fd96cf5645d0c42b2c819d9e9a84380aa721 NOTFOUND
% CaDiCaL version: 2.1.3
% Termination reason: Refutation not found, incomplete strategy
% Time elapsed: 0.001 s
% Peak memory usage: 12 MB
% ------------------------------
% ------------------------------
% lrs+1002_8:1_sil=4000:urr=on:br=off:random_seed=649837645:st=3:s2a=on:i=291:s2at=2:sd=1:doe=on:av=off:ss=axioms_175 on p for (175ds/291Mi)
% Instruction limit reached! 
% ------------------------------
% Version: Vampire 5.0.1 (Release build, commit 1b13eaf on 2026-01-18 12:14:50 +0000)
% Linked with Z3 4.14.0.0 3c47fd96cf5645d0c42b2c819d9e9a84380aa721 NOTFOUND
% CaDiCaL version: 2.1.3
% Termination reason: Instruction limit
% Termination phase: Saturation
% Time elapsed: 0.048 s
% Peak memory usage: 16 MB
% Instructions burned: 295 (million)
% lrs+10_1_sfv=off:to=lpo:sil=2000:sos=all:lma=off:random_seed=841087719:st=1.5:i=291:gtgl=2:sd=2:av=off:gtg=exists_sym:ss=axioms_175 on p for (175ds/291Mi)
% Instruction limit reached! 
% ------------------------------
% Version: Vampire 5.0.1 (Release build, commit 1b13eaf on 2026-01-18 12:14:50 +0000)
% Linked with Z3 4.14.0.0 3c47fd96cf5645d0c42b2c819d9e9a84380aa721 NOTFOUND
% CaDiCaL version: 2.1.3
% Termination reason: Instruction limit
% Termination phase: Saturation
% Time elapsed: 0.048 s
% Peak memory usage: 16 MB
% Instructions burned: 291 (million)
% dis-1011_5:1_anc=all_dependent:sil=4000:erd=off:lsd=60:alpa=true:sac=on:random_seed=4072730976:avsq=on:i=300:ep=R:gsp=on_174 on p for (174ds/300Mi)
% Refutation not found, incomplete strategy
% ------------------------------
% Version: Vampire 5.0.1 (Release build, commit 1b13eaf on 2026-01-18 12:14:50 +0000)
% Linked with Z3 4.14.0.0 3c47fd96cf5645d0c42b2c819d9e9a84380aa721 NOTFOUND
% CaDiCaL version: 2.1.3
% Termination reason: Refutation not found, incomplete strategy
% Time elapsed: 0.0000 s
% Peak memory usage: 11 MB
% ------------------------------
% ------------------------------
% lrs-1011_8:1_to=lpo:sil=8000:sp=unary_first:bsr=on:fd=off:random_seed=2492897169:i=305_174 on p for (174ds/305Mi)
% Instruction limit reached! 
% ------------------------------
% Version: Vampire 5.0.1 (Release build, commit 1b13eaf on 2026-01-18 12:14:50 +0000)
% Linked with Z3 4.14.0.0 3c47fd96cf5645d0c42b2c819d9e9a84380aa721 NOTFOUND
% CaDiCaL version: 2.1.3
% Termination reason: Instruction limit
% Termination phase: Saturation
% Time elapsed: 0.054 s
% Peak memory usage: 19 MB
% Instructions burned: 311 (million)
% lrs+1011_3:1_sil=2000:plsq=on:plsqc=1:plsqr=32,1:sos=all:bsr=unit_only:s2agt=8:random_seed=2454562443:s2a=on:i=511:bd=all:nm=4:av=off:ss=axioms:sgt=8_173 on p for (173ds/511Mi)
% Refutation not found, incomplete strategy
% ------------------------------
% Version: Vampire 5.0.1 (Release build, commit 1b13eaf on 2026-01-18 12:14:50 +0000)
% Linked with Z3 4.14.0.0 3c47fd96cf5645d0c42b2c819d9e9a84380aa721 NOTFOUND
% CaDiCaL version: 2.1.3
% Termination reason: Refutation not found, incomplete strategy
% Time elapsed: 0.0000 s
% Peak memory usage: 8 MB
% ------------------------------
% ------------------------------
% dis-1010_16:1_to=lpo:sil=16000:fde=unused:fd=off:newcnf=on:slsq=on:random_seed=2010910471:s2a=on:i=1555:nm=2:gtg=position:ss=axioms_173 on p for (173ds/1555Mi)
% Refutation not found, incomplete strategy
% ------------------------------
% Version: Vampire 5.0.1 (Release build, commit 1b13eaf on 2026-01-18 12:14:50 +0000)
% Linked with Z3 4.14.0.0 3c47fd96cf5645d0c42b2c819d9e9a84380aa721 NOTFOUND
% CaDiCaL version: 2.1.3
% Termination reason: Refutation not found, incomplete strategy
% Time elapsed: 0.0000 s
% Peak memory usage: 12 MB
% ------------------------------
% ------------------------------
% lrs-1010_20_sil=4000:prc=on:drc=ordering:fde=unused:sp=const_min:sos=all:spb=goal:urr=ec_only:nwc=8:br=off:lftc=40:random_seed=616126734:s2a=on:i=744:aac=none:doe=on:bd=preordered:amm=off:fdi=8_173 on p for (173ds/744Mi)
% Refutation not found, incomplete strategy
% ------------------------------
% Version: Vampire 5.0.1 (Release build, commit 1b13eaf on 2026-01-18 12:14:50 +0000)
% Linked with Z3 4.14.0.0 3c47fd96cf5645d0c42b2c819d9e9a84380aa721 NOTFOUND
% CaDiCaL version: 2.1.3
% Termination reason: Refutation not found, incomplete strategy
% Time elapsed: 0.0000 s
% Peak memory usage: 11 MB
% ------------------------------
% ------------------------------
% lrs+10_7_to=lpo:sil=64000:tgt=ground:drc=off:fde=none:sp=const_frequency:slsqc=4:slsq=on:random_seed=3248618254:i=10680:bd=all:gtg=exists_sym_173 on p for (173ds/10680Mi)
% Instruction limit reached! 
% ------------------------------
% Version: Vampire 5.0.1 (Release build, commit 1b13eaf on 2026-01-18 12:14:50 +0000)
% Linked with Z3 4.14.0.0 3c47fd96cf5645d0c42b2c819d9e9a84380aa721 NOTFOUND
% CaDiCaL version: 2.1.3
% Termination reason: Instruction limit
% Termination phase: Saturation
% Time elapsed: 1.881 s
% Peak memory usage: 54 MB
% Instructions burned: 10686 (million)
% dis-1002_7_anc=all_dependent:to=kbo:sil=16000:drc=off:etr=on:sos=on:nwc=1:kmz=on:newcnf=on:random_seed=2972825010:i=317:kws=frequency:doe=on:bs=unit_only:nm=0:ins=10:amm=off:gtg=exists_sym_154 on p for (154ds/317Mi)
% Instruction limit reached! 
% ------------------------------
% Version: Vampire 5.0.1 (Release build, commit 1b13eaf on 2026-01-18 12:14:50 +0000)
% Linked with Z3 4.14.0.0 3c47fd96cf5645d0c42b2c819d9e9a84380aa721 NOTFOUND
% CaDiCaL version: 2.1.3
% Termination reason: Instruction limit
% Termination phase: Saturation
% Time elapsed: 0.048 s
% Peak memory usage: 14 MB
% Instructions burned: 324 (million)
% dis+1010_3_sil=4000:sp=const_frequency:sos=on:rnwc=on:nwc=3:flr=on:random_seed=1358500779:i=317:add=off:doe=on:nicw=on_154 on p for (154ds/317Mi)
% Refutation not found, incomplete strategy
% ------------------------------
% Version: Vampire 5.0.1 (Release build, commit 1b13eaf on 2026-01-18 12:14:50 +0000)
% Linked with Z3 4.14.0.0 3c47fd96cf5645d0c42b2c819d9e9a84380aa721 NOTFOUND
% CaDiCaL version: 2.1.3
% Termination reason: Refutation not found, incomplete strategy
% Time elapsed: 0.0000 s
% Peak memory usage: 11 MB
% ------------------------------
% ------------------------------
% dis+1002_2_sil=4000:nwc=1:slsqc=2:flr=on:newcnf=on:slsq=on:random_seed=3340709473:s2a=on:i=2524:s2at=1.5:sd=5:ep=R:ss=axioms:sgt=16_154 on p for (154ds/2524Mi)
% Refutation not found, incomplete strategy
% ------------------------------
% Version: Vampire 5.0.1 (Release build, commit 1b13eaf on 2026-01-18 12:14:50 +0000)
% Linked with Z3 4.14.0.0 3c47fd96cf5645d0c42b2c819d9e9a84380aa721 NOTFOUND
% CaDiCaL version: 2.1.3
% Termination reason: Refutation not found, incomplete strategy
% Time elapsed: 0.0000 s
% Peak memory usage: 12 MB
% ------------------------------
% ------------------------------
% lrs+1002_1_sil=4000:sims=off:sos=on:bsr=on:fd=off:slsqc=1:slsq=on:random_seed=808537954:i=544:s2at=2:gtg=all_154 on p for (154ds/544Mi)
% Instruction limit reached! 
% ------------------------------
% Version: Vampire 5.0.1 (Release build, commit 1b13eaf on 2026-01-18 12:14:50 +0000)
% Linked with Z3 4.14.0.0 3c47fd96cf5645d0c42b2c819d9e9a84380aa721 NOTFOUND
% CaDiCaL version: 2.1.3
% Termination reason: Instruction limit
% Termination phase: Saturation
% Time elapsed: 0.094 s
% Peak memory usage: 23 MB
% Instructions burned: 549 (million)
% lrs+1002_32_sil=2000:sp=occurrence:sos=on:erd=off:random_seed=3475959631:st=3:cts=off:i=548:sd=5:ss=included_153 on p for (153ds/548Mi)
% Refutation not found, incomplete strategy
% ------------------------------
% Version: Vampire 5.0.1 (Release build, commit 1b13eaf on 2026-01-18 12:14:50 +0000)
% Linked with Z3 4.14.0.0 3c47fd96cf5645d0c42b2c819d9e9a84380aa721 NOTFOUND
% CaDiCaL version: 2.1.3
% Termination reason: Refutation not found, incomplete strategy
% Time elapsed: 0.0000 s
% Peak memory usage: 11 MB
% ------------------------------
% ------------------------------
% lrs+1_1_sil=8000:plsq=on:sos=on:lcm=reverse:random_seed=24670460:s2a=on:i=6200:s2at=2:sd=1:ss=included_153 on p for (153ds/6200Mi)
% Refutation not found, incomplete strategy
% ------------------------------
% Version: Vampire 5.0.1 (Release build, commit 1b13eaf on 2026-01-18 12:14:50 +0000)
% Linked with Z3 4.14.0.0 3c47fd96cf5645d0c42b2c819d9e9a84380aa721 NOTFOUND
% CaDiCaL version: 2.1.3
% Termination reason: Refutation not found, incomplete strategy
% Time elapsed: 0.001 s
% Peak memory usage: 12 MB
% ------------------------------
% ------------------------------
% lrs-1011_16:1_sil=8000:fde=none:sp=occurrence:urr=on:s2agt=64:newcnf=on:random_seed=1612597898:s2a=on:i=567:sd=2:av=off:ss=axioms_153 on p for (153ds/567Mi)
% Refutation not found, incomplete strategy
% ------------------------------
% Version: Vampire 5.0.1 (Release build, commit 1b13eaf on 2026-01-18 12:14:50 +0000)
% Linked with Z3 4.14.0.0 3c47fd96cf5645d0c42b2c819d9e9a84380aa721 NOTFOUND
% CaDiCaL version: 2.1.3
% Termination reason: Refutation not found, incomplete strategy
% Time elapsed: 0.0000 s
% Peak memory usage: 9 MB
% ------------------------------
% ------------------------------
% lrs+10_1024_sil=4000:sp=occurrence:sos=all:urr=on:rnwc=on:nwc=0.5:br=off:random_seed=136138759:st=4:i=335:sd=4:ep=RST:ss=included_153 on p for (153ds/335Mi)
% Instruction limit reached! 
% ------------------------------
% Version: Vampire 5.0.1 (Release build, commit 1b13eaf on 2026-01-18 12:14:50 +0000)
% Linked with Z3 4.14.0.0 3c47fd96cf5645d0c42b2c819d9e9a84380aa721 NOTFOUND
% CaDiCaL version: 2.1.3
% Termination reason: Instruction limit
% Termination phase: Saturation
% Time elapsed: 0.038 s
% Peak memory usage: 17 MB
% Instructions burned: 335 (million)
% lrs-1010_1_to=lpo:sil=4000:fde=none:sp=unary_frequency:sos=on:spb=units:random_seed=4176916552:st=2:cts=off:i=2004:sd=2:ins=10:av=off:ss=included_152 on p for (152ds/2004Mi)
% Refutation not found, incomplete strategy
% ------------------------------
% Version: Vampire 5.0.1 (Release build, commit 1b13eaf on 2026-01-18 12:14:50 +0000)
% Linked with Z3 4.14.0.0 3c47fd96cf5645d0c42b2c819d9e9a84380aa721 NOTFOUND
% CaDiCaL version: 2.1.3
% Termination reason: Refutation not found, incomplete strategy
% Time elapsed: 0.0000 s
% Peak memory usage: 8 MB
% ------------------------------
% ------------------------------
% lrs+1002_128_anc=all:to=lpo:sil=16000:drc=ordering:sp=reverse_frequency:fd=off:sac=on:random_seed=1590031570:lrd=on:i=338:fgj=on:bd=all:ins=7_152 on p for (152ds/338Mi)
% Instruction limit reached! 
% ------------------------------
% Version: Vampire 5.0.1 (Release build, commit 1b13eaf on 2026-01-18 12:14:50 +0000)
% Linked with Z3 4.14.0.0 3c47fd96cf5645d0c42b2c819d9e9a84380aa721 NOTFOUND
% CaDiCaL version: 2.1.3
% Termination reason: Instruction limit
% Termination phase: Saturation
% Time elapsed: 0.054 s
% Peak memory usage: 16 MB
% Instructions burned: 341 (million)
% dis+1011_4_sil=4000:fde=unused:bsr=on:nwc=5:slsqc=1:slsq=on:random_seed=178579242:i=819:s2at=-1:slsql=off:ep=R:ins=1:av=off:gsp=on_152 on p for (152ds/819Mi)
% Refutation not found, incomplete strategy
% ------------------------------
% Version: Vampire 5.0.1 (Release build, commit 1b13eaf on 2026-01-18 12:14:50 +0000)
% Linked with Z3 4.14.0.0 3c47fd96cf5645d0c42b2c819d9e9a84380aa721 NOTFOUND
% CaDiCaL version: 2.1.3
% Termination reason: Refutation not found, incomplete strategy
% Time elapsed: 0.0000 s
% Peak memory usage: 8 MB
% ------------------------------
% ------------------------------
% dis+10_16:1_sil=4000:urr=on:bce=on:rnwc=on:br=off:slsq=on:random_seed=3539370892:st=1.78:s2a=on:i=608:s2at=7.4:sd=11:av=off:ss=included_152 on p for (152ds/608Mi)
% Instruction limit reached! 
% ------------------------------
% Version: Vampire 5.0.1 (Release build, commit 1b13eaf on 2026-01-18 12:14:50 +0000)
% Linked with Z3 4.14.0.0 3c47fd96cf5645d0c42b2c819d9e9a84380aa721 NOTFOUND
% CaDiCaL version: 2.1.3
% Termination reason: Instruction limit
% Termination phase: Saturation
% Time elapsed: 0.088 s
% Peak memory usage: 16 MB
% Instructions burned: 614 (million)
% dis+1002_24_anc=all_dependent:slsqr=4,3:sil=2000:tgt=ground:sims=off:sas=cadical:spb=non_intro:acc=on:bsr=on:gs=on:slsqc=1:alpa=random:flr=on:sac=on:slsq=on:random_seed=1595251812:st=1.2:cts=off:s2a=on:i=363:add=on:kws=inv_arity_squared:nm=16:ins=1:ss=axioms:rawr=on_151 on p for (151ds/363Mi)
% Refutation not found, incomplete strategy
% ------------------------------
% Version: Vampire 5.0.1 (Release build, commit 1b13eaf on 2026-01-18 12:14:50 +0000)
% Linked with Z3 4.14.0.0 3c47fd96cf5645d0c42b2c819d9e9a84380aa721 NOTFOUND
% CaDiCaL version: 2.1.3
% Termination reason: Refutation not found, incomplete strategy
% Time elapsed: 0.001 s
% Peak memory usage: 13 MB
% ------------------------------
% ------------------------------
% lrs+10_10_sil=4000:tgt=full:prc=on:drc=off:sp=const_min:sos=on:urr=on:rnwc=on:br=off:random_seed=2702211149:i=646:av=off:proc=on_151 on p for (151ds/646Mi)
% Refutation not found, incomplete strategy
% ------------------------------
% Version: Vampire 5.0.1 (Release build, commit 1b13eaf on 2026-01-18 12:14:50 +0000)
% Linked with Z3 4.14.0.0 3c47fd96cf5645d0c42b2c819d9e9a84380aa721 NOTFOUND
% CaDiCaL version: 2.1.3
% Termination reason: Refutation not found, incomplete strategy
% Time elapsed: 0.0000 s
% Peak memory usage: 8 MB
% ------------------------------
% ------------------------------
% ott+1002_24_to=lpo:sil=2000:sp=occurrence:urr=on:bce=on:s2agt=32:br=off:slsqc=1:slsq=on:random_seed=2692406609:st=2.7:s2a=on:i=382:s2at=1.1:sd=3:nm=0:ins=25:av=off:ss=axioms:sgt=15_150 on p for (150ds/382Mi)
% Instruction limit reached! 
% ------------------------------
% Version: Vampire 5.0.1 (Release build, commit 1b13eaf on 2026-01-18 12:14:50 +0000)
% Linked with Z3 4.14.0.0 3c47fd96cf5645d0c42b2c819d9e9a84380aa721 NOTFOUND
% CaDiCaL version: 2.1.3
% Termination reason: Instruction limit
% Termination phase: Saturation
% Time elapsed: 0.065 s
% Peak memory usage: 18 MB
% Instructions burned: 386 (million)
% dis+1011_2:3_anc=all_dependent:sil=2000:plsq=on:plsqc=2:sas=cadical:plsqr=44827,1048576:sos=on:erd=off:bsr=unit_only:plsql=on:sac=on:avsqc=1:random_seed=2850867212:avsq=on:i=666:avsqr=1,16:bs=unit_only:bd=all_150 on p for (150ds/666Mi)
% Refutation not found, incomplete strategy
% ------------------------------
% Version: Vampire 5.0.1 (Release build, commit 1b13eaf on 2026-01-18 12:14:50 +0000)
% Linked with Z3 4.14.0.0 3c47fd96cf5645d0c42b2c819d9e9a84380aa721 NOTFOUND
% CaDiCaL version: 2.1.3
% Termination reason: Refutation not found, incomplete strategy
% Time elapsed: 0.001 s
% Peak memory usage: 12 MB
% ------------------------------
% ------------------------------
% lrs-1010_1_sil=2000:sp=occurrence:random_seed=3735247702:st=2:i=953:sd=3:ss=axioms:sgt=10_150 on p for (150ds/953Mi)
% Instruction limit reached! 
% ------------------------------
% Version: Vampire 5.0.1 (Release build, commit 1b13eaf on 2026-01-18 12:14:50 +0000)
% Linked with Z3 4.14.0.0 3c47fd96cf5645d0c42b2c819d9e9a84380aa721 NOTFOUND
% CaDiCaL version: 2.1.3
% Termination reason: Instruction limit
% Termination phase: Saturation
% Time elapsed: 0.169 s
% Peak memory usage: 28 MB
% Instructions burned: 955 (million)
% lrs+1002_1_sil=8000:sp=occurrence:sos=on:random_seed=1348291711:st=4:cts=off:i=708:sd=2:ep=R:ss=axioms_148 on p for (148ds/708Mi)
% Refutation not found, incomplete strategy
% ------------------------------
% Version: Vampire 5.0.1 (Release build, commit 1b13eaf on 2026-01-18 12:14:50 +0000)
% Linked with Z3 4.14.0.0 3c47fd96cf5645d0c42b2c819d9e9a84380aa721 NOTFOUND
% CaDiCaL version: 2.1.3
% Termination reason: Refutation not found, incomplete strategy
% Time elapsed: 0.001 s
% Peak memory usage: 11 MB
% ------------------------------
% ------------------------------
% dis-1011_8_sil=4000:plsq=on:prc=on:fde=unused:plsqr=64,1:sp=reverse_frequency:erd=off:spb=goal_then_units:bsr=unit_only:s2agt=60:kmz=on:flr=on:random_seed=3948458865:s2a=on:i=413:kws=inv_arity:doe=on:bs=on:bd=preordered:nm=32:av=off:fsr=off:fsd=on_148 on p for (148ds/413Mi)
% Instruction limit reached! 
% ------------------------------
% Version: Vampire 5.0.1 (Release build, commit 1b13eaf on 2026-01-18 12:14:50 +0000)
% Linked with Z3 4.14.0.0 3c47fd96cf5645d0c42b2c819d9e9a84380aa721 NOTFOUND
% CaDiCaL version: 2.1.3
% Termination reason: Instruction limit
% Termination phase: Saturation
% Time elapsed: 0.064 s
% Peak memory usage: 17 MB
% Instructions burned: 416 (million)
% lrs+10_5:1_to=lpo:sil=2000:plsq=on:plsqc=1:plsqr=64,1:sp=reverse_frequency:urr=on:fd=preordered:nwc=1:br=off:flr=on:random_seed=2509251915:s2a=on:i=429:s2at=5:nm=2:ins=1:sup=off_147 on p for (147ds/429Mi)
% Refutation not found, incomplete strategy
% ------------------------------
% Version: Vampire 5.0.1 (Release build, commit 1b13eaf on 2026-01-18 12:14:50 +0000)
% Linked with Z3 4.14.0.0 3c47fd96cf5645d0c42b2c819d9e9a84380aa721 NOTFOUND
% CaDiCaL version: 2.1.3
% Termination reason: Refutation not found, incomplete strategy
% Time elapsed: 0.001 s
% Peak memory usage: 11 MB
% ------------------------------
% ------------------------------
% dis+10_4096_to=lpo:sil=2000:drc=ordering:urr=ec_only:fd=preordered:nwc=5:br=off:random_seed=2427442723:i=432:gtgl=4:fgj=on:gtg=exists_all:ss=axioms_147 on p for (147ds/432Mi)
% Instruction limit reached! 
% ------------------------------
% Version: Vampire 5.0.1 (Release build, commit 1b13eaf on 2026-01-18 12:14:50 +0000)
% Linked with Z3 4.14.0.0 3c47fd96cf5645d0c42b2c819d9e9a84380aa721 NOTFOUND
% CaDiCaL version: 2.1.3
% Termination reason: Instruction limit
% Termination phase: Saturation
% Time elapsed: 0.063 s
% Peak memory usage: 15 MB
% Instructions burned: 433 (million)
% lrs+1010_2_to=lpo:sil=4000:tgt=full:sp=reverse_frequency:spb=goal_then_units:acc=on:fd=preordered:sac=on:random_seed=3841651576:i=3109:gtgl=2:gtg=exists_sym_147 on p for (147ds/3109Mi)
% Instruction limit reached! 
% ------------------------------
% Version: Vampire 5.0.1 (Release build, commit 1b13eaf on 2026-01-18 12:14:50 +0000)
% Linked with Z3 4.14.0.0 3c47fd96cf5645d0c42b2c819d9e9a84380aa721 NOTFOUND
% CaDiCaL version: 2.1.3
% Termination reason: Instruction limit
% Termination phase: Saturation
% Time elapsed: 0.475 s
% Peak memory usage: 33 MB
% Instructions burned: 3113 (million)
% dis+1011_32:1_slsqr=1,16:sil=4000:lcm=reverse:urr=on:slsqc=4:flr=on:slsq=on:random_seed=2489976769:st=4:i=438:s2at=2:sd=3:slsql=off:ep=RST:fdi=2:ss=axioms_142 on p for (142ds/438Mi)
% Aborted by signal SIGSEGV on /tmp/tmpb8omr1fz/p.p
% ------------------------------
% Version: Vampire 5.0.1 (Release build, commit 1b13eaf on 2026-01-18 12:14:50 +0000)
% Linked with Z3 4.14.0.0 3c47fd96cf5645d0c42b2c819d9e9a84380aa721 NOTFOUND
% CaDiCaL version: 2.1.3
% Termination reason: Unknown
% Termination phase: Saturation
% Time elapsed: 0.001 s
% Peak memory usage: 8 MB
% lrs+10_64_sil=16000:plsq=on:sp=occurrence:sos=on:urr=full:random_seed=2375802145:st=3.6:i=1466:sd=5:nm=4:ss=included_142 on p for (142ds/1466Mi)
% Refutation not found, incomplete strategy
% ------------------------------
% Version: Vampire 5.0.1 (Release build, commit 1b13eaf on 2026-01-18 12:14:50 +0000)
% Linked with Z3 4.14.0.0 3c47fd96cf5645d0c42b2c819d9e9a84380aa721 NOTFOUND
% CaDiCaL version: 2.1.3
% Termination reason: Refutation not found, incomplete strategy
% Time elapsed: 0.0000 s
% Peak memory usage: 12 MB
% ------------------------------
% ------------------------------
% lrs+1010_2_sil=16000:plsq=on:plsqc=1:erd=off:urr=ec_only:nwc=1:random_seed=2951145375:i=445:fgj=on:ep=RS:av=off:sup=off_142 on p for (142ds/445Mi)
% Refutation not found, incomplete strategy
% ------------------------------
% Version: Vampire 5.0.1 (Release build, commit 1b13eaf on 2026-01-18 12:14:50 +0000)
% Linked with Z3 4.14.0.0 3c47fd96cf5645d0c42b2c819d9e9a84380aa721 NOTFOUND
% CaDiCaL version: 2.1.3
% Termination reason: Refutation not found, incomplete strategy
% Time elapsed: 0.0000 s
% Peak memory usage: 8 MB
% ------------------------------
% ------------------------------
% lrs+1011_4_sil=128000:tgt=ground:acc=on:rp=on:s2agt=23:slsqc=1:alpa=false:flr=on:sac=on:newcnf=on:slsq=on:random_seed=4278789986:cts=off:s2a=on:i=448:add=off:kws=frequency:aac=none:slsql=off:nicw=on:bs=on:bd=preordered:fsr=off:fsd=on_142 on p for (142ds/448Mi)
% Instruction limit reached! 
% ------------------------------
% Version: Vampire 5.0.1 (Release build, commit 1b13eaf on 2026-01-18 12:14:50 +0000)
% Linked with Z3 4.14.0.0 3c47fd96cf5645d0c42b2c819d9e9a84380aa721 NOTFOUND
% CaDiCaL version: 2.1.3
% Termination reason: Instruction limit
% Termination phase: Saturation
% Time elapsed: 0.072 s
% Peak memory usage: 17 MB
% Instructions burned: 449 (million)
% lrs-1010_1_sil=4000:sp=occurrence:sos=on:random_seed=1622195656:i=3603:ss=axioms_141 on p for (141ds/3603Mi)
% Refutation not found, incomplete strategy
% ------------------------------
% Version: Vampire 5.0.1 (Release build, commit 1b13eaf on 2026-01-18 12:14:50 +0000)
% Linked with Z3 4.14.0.0 3c47fd96cf5645d0c42b2c819d9e9a84380aa721 NOTFOUND
% CaDiCaL version: 2.1.3
% Termination reason: Refutation not found, incomplete strategy
% Time elapsed: 0.0000 s
% Peak memory usage: 11 MB
% ------------------------------
% ------------------------------
% ott+10_1_sil=8000:fde=none:sp=occurrence:sos=all:urr=on:br=off:random_seed=3462408751:i=4064:sd=2:kws=inv_frequency:bd=all:gsp=on:sup=off:ss=axioms_141 on p for (141ds/4064Mi)
% Refutation not found, incomplete strategy
% ------------------------------
% Version: Vampire 5.0.1 (Release build, commit 1b13eaf on 2026-01-18 12:14:50 +0000)
% Linked with Z3 4.14.0.0 3c47fd96cf5645d0c42b2c819d9e9a84380aa721 NOTFOUND
% CaDiCaL version: 2.1.3
% Termination reason: Refutation not found, incomplete strategy
% Time elapsed: 0.0000 s
% Peak memory usage: 11 MB
% ------------------------------
% ------------------------------
% lrs+1010_32_to=lpo:sil=2000:fde=none:sas=cadical:sp=occurrence:sos=on:urr=ec_only:br=off:random_seed=3825725670:avsq=on:i=464:avsqr=1,16:bd=preordered:gtg=exists_top_141 on p for (141ds/464Mi)
% Refutation not found, incomplete strategy
% ------------------------------
% Version: Vampire 5.0.1 (Release build, commit 1b13eaf on 2026-01-18 12:14:50 +0000)
% Linked with Z3 4.14.0.0 3c47fd96cf5645d0c42b2c819d9e9a84380aa721 NOTFOUND
% CaDiCaL version: 2.1.3
% Termination reason: Refutation not found, incomplete strategy
% Time elapsed: 0.0000 s
% Peak memory usage: 12 MB
% ------------------------------
% ------------------------------
% dis+35_1024_to=lpo:sil=32000:sos=on:spb=goal:updr=off:random_seed=1667528352:s2pl=on:i=828:nm=4:av=off_141 on p for (141ds/828Mi)
% Refutation not found, incomplete strategy
% ------------------------------
% Version: Vampire 5.0.1 (Release build, commit 1b13eaf on 2026-01-18 12:14:50 +0000)
% Linked with Z3 4.14.0.0 3c47fd96cf5645d0c42b2c819d9e9a84380aa721 NOTFOUND
% CaDiCaL version: 2.1.3
% Termination reason: Refutation not found, incomplete strategy
% Time elapsed: 0.0000 s
% Peak memory usage: 9 MB
% ------------------------------
% ------------------------------
% dis-1011_1024_sil=2000:rp=on:nwc=1:random_seed=3415379504:st=5:i=466:sd=3:av=off:gtg=exists_top:fdi=32:sup=off:ss=axioms:fsd=on_141 on p for (141ds/466Mi)
% Refutation not found, incomplete strategy
% ------------------------------
% Version: Vampire 5.0.1 (Release build, commit 1b13eaf on 2026-01-18 12:14:50 +0000)
% Linked with Z3 4.14.0.0 3c47fd96cf5645d0c42b2c819d9e9a84380aa721 NOTFOUND
% CaDiCaL version: 2.1.3
% Termination reason: Refutation not found, incomplete strategy
% Time elapsed: 0.0000 s
% Peak memory usage: 9 MB
% ------------------------------
% ------------------------------
% lrs-1010_5:4_to=lpo:sil=2000:sp=const_frequency:sos=on:random_seed=4006462565:st=2:cond=fast:i=1578:ss=included:sgt=10_141 on p for (141ds/1578Mi)
% Refutation not found, incomplete strategy
% ------------------------------
% Version: Vampire 5.0.1 (Release build, commit 1b13eaf on 2026-01-18 12:14:50 +0000)
% Linked with Z3 4.14.0.0 3c47fd96cf5645d0c42b2c819d9e9a84380aa721 NOTFOUND
% CaDiCaL version: 2.1.3
% Termination reason: Refutation not found, incomplete strategy
% Time elapsed: 0.0000 s
% Peak memory usage: 11 MB
% ------------------------------
% ------------------------------
% lrs-1011_1_sil=16000:sos=on:lsd=10:newcnf=on:random_seed=1772381490:i=852:sd=1:sup=off:ss=axioms_141 on p for (141ds/852Mi)
% Refutation not found, incomplete strategy
% ------------------------------
% Version: Vampire 5.0.1 (Release build, commit 1b13eaf on 2026-01-18 12:14:50 +0000)
% Linked with Z3 4.14.0.0 3c47fd96cf5645d0c42b2c819d9e9a84380aa721 NOTFOUND
% CaDiCaL version: 2.1.3
% Termination reason: Refutation not found, incomplete strategy
% Time elapsed: 0.0000 s
% Peak memory usage: 11 MB
% ------------------------------
% ------------------------------
% lrs+1010_1_to=lpo:sil=4000:fde=none:sp=arity:sos=on:erd=off:fs=off:random_seed=3565378742:st=1.5:i=488:sd=2:fsr=off:ss=axioms_141 on p for (141ds/488Mi)
% Refutation not found, incomplete strategy
% ------------------------------
% Version: Vampire 5.0.1 (Release build, commit 1b13eaf on 2026-01-18 12:14:50 +0000)
% Linked with Z3 4.14.0.0 3c47fd96cf5645d0c42b2c819d9e9a84380aa721 NOTFOUND
% CaDiCaL version: 2.1.3
% Termination reason: Refutation not found, incomplete strategy
% Time elapsed: 0.0000 s
% Peak memory usage: 11 MB
% ------------------------------
% ------------------------------
% lrs+10_16_anc=all:sil=128000:tgt=full:drc=off:spb=goal:nwc=1:random_seed=3630968629:i=6037:kws=precedence:bd=preordered_141 on p for (141ds/6037Mi)
% Instruction limit reached! 
% ------------------------------
% Version: Vampire 5.0.1 (Release build, commit 1b13eaf on 2026-01-18 12:14:50 +0000)
% Linked with Z3 4.14.0.0 3c47fd96cf5645d0c42b2c819d9e9a84380aa721 NOTFOUND
% CaDiCaL version: 2.1.3
% Termination reason: Instruction limit
% Termination phase: Saturation
% Time elapsed: 0.942 s
% Peak memory usage: 59 MB
% Instructions burned: 6041 (million)
% dis+1010_2_sil=4000:spb=units:rp=on:s2agt=10:slsqc=1:flr=on:slsq=on:random_seed=4021052044:s2pl=no:s2a=on:i=2942:s2at=6:sd=3:ep=R:nm=4:ss=axioms:sgt=40_131 on p for (131ds/2942Mi)
% Refutation not found, incomplete strategy
% ------------------------------
% Version: Vampire 5.0.1 (Release build, commit 1b13eaf on 2026-01-18 12:14:50 +0000)
% Linked with Z3 4.14.0.0 3c47fd96cf5645d0c42b2c819d9e9a84380aa721 NOTFOUND
% CaDiCaL version: 2.1.3
% Termination reason: Refutation not found, incomplete strategy
% Time elapsed: 0.001 s
% Peak memory usage: 11 MB
% ------------------------------
% ------------------------------
% lrs-1011_128_sil=4000:sos=on:erd=off:lsd=10:rnwc=on:fd=off:nwc=3:random_seed=3232329370:cts=off:i=511:av=off:fsr=off_131 on p for (131ds/511Mi)
% Refutation not found, incomplete strategy
% ------------------------------
% Version: Vampire 5.0.1 (Release build, commit 1b13eaf on 2026-01-18 12:14:50 +0000)
% Linked with Z3 4.14.0.0 3c47fd96cf5645d0c42b2c819d9e9a84380aa721 NOTFOUND
% CaDiCaL version: 2.1.3
% Termination reason: Refutation not found, incomplete strategy
% Time elapsed: 0.0000 s
% Peak memory usage: 8 MB
% ------------------------------
% ------------------------------
% dis-1011_81:16_sil=16000:tgt=full:plsq=on:bsd=on:plsqr=32,1:acc=on:bce=on:random_seed=4126933840:i=3459:kws=inv_frequency:nicw=on:gsp=on:fsd=on_131 on p for (131ds/3459Mi)
% Instruction limit reached! 
% ------------------------------
% Version: Vampire 5.0.1 (Release build, commit 1b13eaf on 2026-01-18 12:14:50 +0000)
% Linked with Z3 4.14.0.0 3c47fd96cf5645d0c42b2c819d9e9a84380aa721 NOTFOUND
% CaDiCaL version: 2.1.3
% Termination reason: Instruction limit
% Termination phase: Saturation
% Time elapsed: 0.563 s
% Peak memory usage: 32 MB
% Instructions burned: 3459 (million)
% lrs+10_64:1_sfv=off:to=lpo:sil=4000:fde=none:sos=all:spb=non_intro:urr=on:random_seed=1675449894:i=948:aac=none:doe=on:bd=preordered:ins=4:ss=included_125 on p for (125ds/948Mi)
% Refutation not found, incomplete strategy
% ------------------------------
% Version: Vampire 5.0.1 (Release build, commit 1b13eaf on 2026-01-18 12:14:50 +0000)
% Linked with Z3 4.14.0.0 3c47fd96cf5645d0c42b2c819d9e9a84380aa721 NOTFOUND
% CaDiCaL version: 2.1.3
% Termination reason: Refutation not found, incomplete strategy
% Time elapsed: 0.001 s
% Peak memory usage: 12 MB
% ------------------------------
% ------------------------------
% lrs+21_6_anc=none:to=lpo:sil=16000:fde=none:avsql=on:sos=on:sac=on:random_seed=512303861:avsq=on:i=526:add=off:ep=RSTC_125 on p for (125ds/526Mi)
% Refutation not found, incomplete strategy
% ------------------------------
% Version: Vampire 5.0.1 (Release build, commit 1b13eaf on 2026-01-18 12:14:50 +0000)
% Linked with Z3 4.14.0.0 3c47fd96cf5645d0c42b2c819d9e9a84380aa721 NOTFOUND
% CaDiCaL version: 2.1.3
% Termination reason: Refutation not found, incomplete strategy
% Time elapsed: 0.0000 s
% Peak memory usage: 11 MB
% ------------------------------
% ------------------------------
% lrs+21_1_sil=16000:sp=arity:sos=on:lcm=predicate:urr=on:random_seed=533632276:avsq=on:i=1389:avsqr=1,32:sd=2:ep=RS:ss=axioms_125 on p for (125ds/1389Mi)
% Refutation not found, incomplete strategy
% ------------------------------
% Version: Vampire 5.0.1 (Release build, commit 1b13eaf on 2026-01-18 12:14:50 +0000)
% Linked with Z3 4.14.0.0 3c47fd96cf5645d0c42b2c819d9e9a84380aa721 NOTFOUND
% CaDiCaL version: 2.1.3
% Termination reason: Refutation not found, incomplete strategy
% Time elapsed: 0.0000 s
% Peak memory usage: 12 MB
% ------------------------------
% ------------------------------
% lrs+11_3:1_anc=all_dependent:slsqr=11,2:sil=32000:fde=none:etr=on:erd=off:lma=off:lsd=100:urr=on:slsqc=1:kmz=on:flr=on:slsq=on:avsqc=5:random_seed=1612661753:st=1.326:avsq=on:i=538:s2at=2.3:gtgl=5:avsqr=46,3:bd=preordered:ins=10:gtg=exists_top:sup=off:ss=axioms:sgt=20_125 on p for (125ds/538Mi)
% Refutation not found, incomplete strategy
% ------------------------------
% Version: Vampire 5.0.1 (Release build, commit 1b13eaf on 2026-01-18 12:14:50 +0000)
% Linked with Z3 4.14.0.0 3c47fd96cf5645d0c42b2c819d9e9a84380aa721 NOTFOUND
% CaDiCaL version: 2.1.3
% Termination reason: Refutation not found, incomplete strategy
% Time elapsed: 0.001 s
% Peak memory usage: 12 MB
% ------------------------------
% ------------------------------
% dis+1011_1_sil=2000:tgt=full:prc=on:drc=off:random_seed=2875090860:i=988:av=off:fsr=off_125 on p for (125ds/988Mi)
% Instruction limit reached! 
% ------------------------------
% Version: Vampire 5.0.1 (Release build, commit 1b13eaf on 2026-01-18 12:14:50 +0000)
% Linked with Z3 4.14.0.0 3c47fd96cf5645d0c42b2c819d9e9a84380aa721 NOTFOUND
% CaDiCaL version: 2.1.3
% Termination reason: Instruction limit
% Termination phase: Saturation
% Time elapsed: 0.143 s
% Peak memory usage: 14 MB
% Instructions burned: 988 (million)
% dis-1010_2:3_sil=16000:prc=on:bsd=on:acc=on:bce=on:gs=on:nwc=5:s2agt=8:newcnf=on:random_seed=1134341338:avsq=on:s2a=on:i=552:avsqr=8,1:kws=inv_frequency:doe=on:nm=16:fsd=on_123 on p for (123ds/552Mi)
% Instruction limit reached! 
% ------------------------------
% Version: Vampire 5.0.1 (Release build, commit 1b13eaf on 2026-01-18 12:14:50 +0000)
% Linked with Z3 4.14.0.0 3c47fd96cf5645d0c42b2c819d9e9a84380aa721 NOTFOUND
% CaDiCaL version: 2.1.3
% Termination reason: Instruction limit
% Termination phase: Saturation
% Time elapsed: 0.082 s
% Peak memory usage: 19 MB
% Instructions burned: 552 (million)
% dis+3_1_sil=4000:plsq=on:plsqc=1:plsqr=64,1:sac=on:random_seed=2356136213:i=1469:nm=5:amm=off_123 on p for (123ds/1469Mi)
% Instruction limit reached! 
% ------------------------------
% Version: Vampire 5.0.1 (Release build, commit 1b13eaf on 2026-01-18 12:14:50 +0000)
% Linked with Z3 4.14.0.0 3c47fd96cf5645d0c42b2c819d9e9a84380aa721 NOTFOUND
% CaDiCaL version: 2.1.3
% Termination reason: Instruction limit
% Termination phase: Saturation
% Time elapsed: 0.220 s
% Peak memory usage: 22 MB
% Instructions burned: 1472 (million)
% dis+10_1024_to=lpo:sil=8000:prc=on:drc=off:sp=arity:random_seed=3862170335:i=7157:bd=preordered_120 on p for (120ds/7157Mi)
% Instruction limit reached! 
% ------------------------------
% Version: Vampire 5.0.1 (Release build, commit 1b13eaf on 2026-01-18 12:14:50 +0000)
% Linked with Z3 4.14.0.0 3c47fd96cf5645d0c42b2c819d9e9a84380aa721 NOTFOUND
% CaDiCaL version: 2.1.3
% Termination reason: Instruction limit
% Termination phase: Saturation
% Time elapsed: 1.332 s
% Peak memory usage: 24 MB
% Instructions burned: 7159 (million)
% lrs+1011_3:1_sil=4000:sp=occurrence:random_seed=627305274:i=4424:sd=1:ep=R:ss=axioms:sgt=64_107 on p for (107ds/4424Mi)
% Refutation not found, incomplete strategy
% ------------------------------
% Version: Vampire 5.0.1 (Release build, commit 1b13eaf on 2026-01-18 12:14:50 +0000)
% Linked with Z3 4.14.0.0 3c47fd96cf5645d0c42b2c819d9e9a84380aa721 NOTFOUND
% CaDiCaL version: 2.1.3
% Termination reason: Refutation not found, incomplete strategy
% Time elapsed: 0.001 s
% Peak memory usage: 11 MB
% ------------------------------
% ------------------------------
% lrs+10_1_sil=4000:erd=off:random_seed=3711077336:i=1077:sd=3:kws=inv_frequency:bd=preordered:ss=axioms:sgt=16_107 on p for (107ds/1077Mi)
% Instruction limit reached! 
% ------------------------------
% Version: Vampire 5.0.1 (Release build, commit 1b13eaf on 2026-01-18 12:14:50 +0000)
% Linked with Z3 4.14.0.0 3c47fd96cf5645d0c42b2c819d9e9a84380aa721 NOTFOUND
% CaDiCaL version: 2.1.3
% Termination reason: Instruction limit
% Termination phase: Saturation
% Time elapsed: 0.168 s
% Peak memory usage: 23 MB
% Instructions burned: 1077 (million)
% lrs+21_1_sil=4000:fde=none:sos=on:lcm=predicate:random_seed=524342201:i=3573:kws=precedence:ss=included:sgt=14_105 on p for (105ds/3573Mi)
% Refutation not found, incomplete strategy
% ------------------------------
% Version: Vampire 5.0.1 (Release build, commit 1b13eaf on 2026-01-18 12:14:50 +0000)
% Linked with Z3 4.14.0.0 3c47fd96cf5645d0c42b2c819d9e9a84380aa721 NOTFOUND
% CaDiCaL version: 2.1.3
% Termination reason: Refutation not found, incomplete strategy
% Time elapsed: 0.002 s
% Peak memory usage: 11 MB
% ------------------------------
% ------------------------------
% lrs+1011_1_to=kbo:sil=4000:drc=ordering:sas=cadical:lma=off:spb=non_intro:lcm=reverse:foolp=on:rp=on:nwc=20:flr=on:slsq=on:random_seed=3645499672:avsq=on:s2a=on:i=1625:add=on:ep=R:ins=5_105 on p for (105ds/1625Mi)
% Refutation not found, incomplete strategy
% ------------------------------
% Version: Vampire 5.0.1 (Release build, commit 1b13eaf on 2026-01-18 12:14:50 +0000)
% Linked with Z3 4.14.0.0 3c47fd96cf5645d0c42b2c819d9e9a84380aa721 NOTFOUND
% CaDiCaL version: 2.1.3
% Termination reason: Refutation not found, incomplete strategy
% Time elapsed: 0.002 s
% Peak memory usage: 12 MB
% ------------------------------
% ------------------------------
% lrs-35_1_slsqr=1,64:to=lpo:sil=128000:bsr=unit_only:nwc=0.5:slsq=on:random_seed=2410781614:i=1120:bd=preordered:av=off:fdi=32_105 on p for (105ds/1120Mi)
% Instruction limit reached! 
% ------------------------------
% Version: Vampire 5.0.1 (Release build, commit 1b13eaf on 2026-01-18 12:14:50 +0000)
% Linked with Z3 4.14.0.0 3c47fd96cf5645d0c42b2c819d9e9a84380aa721 NOTFOUND
% CaDiCaL version: 2.1.3
% Termination reason: Instruction limit
% Termination phase: Saturation
% Time elapsed: 0.274 s
% Peak memory usage: 24 MB
% Instructions burned: 1125 (million)
% dis+1002_2048_sil=4000:sp=arity:sos=on:spb=goal_then_units:flr=on:avsqc=1:random_seed=884595870:avsq=on:i=1637:add=on:sd=2:kws=inv_arity_squared:ss=axioms_102 on p for (102ds/1637Mi)
% Refutation not found, incomplete strategy
% ------------------------------
% Version: Vampire 5.0.1 (Release build, commit 1b13eaf on 2026-01-18 12:14:50 +0000)
% Linked with Z3 4.14.0.0 3c47fd96cf5645d0c42b2c819d9e9a84380aa721 NOTFOUND
% CaDiCaL version: 2.1.3
% Termination reason: Refutation not found, incomplete strategy
% Time elapsed: 0.0000 s
% Peak memory usage: 12 MB
% ------------------------------
% ------------------------------
% lrs+31_1024_to=lpo:sil=128000:drc=ordering:sp=unary_frequency:bsr=unit_only:random_seed=3969336573:cond=fast:i=652:fgj=on:bd=preordered_102 on p for (102ds/652Mi)
% Instruction limit reached! 
% ------------------------------
% Version: Vampire 5.0.1 (Release build, commit 1b13eaf on 2026-01-18 12:14:50 +0000)
% Linked with Z3 4.14.0.0 3c47fd96cf5645d0c42b2c819d9e9a84380aa721 NOTFOUND
% CaDiCaL version: 2.1.3
% Termination reason: Instruction limit
% Termination phase: Saturation
% Time elapsed: 0.104 s
% Peak memory usage: 19 MB
% Instructions burned: 652 (million)
% lrs+10_4_sil=16000:spb=goal_then_units:nwc=2:random_seed=2342197363:s2pl=no:st=1.8:i=660:gtgl=3:sd=6:av=off:gtg=all:ss=included:sgt=2_101 on p for (101ds/660Mi)
% Instruction limit reached! 
% ------------------------------
% Version: Vampire 5.0.1 (Release build, commit 1b13eaf on 2026-01-18 12:14:50 +0000)
% Linked with Z3 4.14.0.0 3c47fd96cf5645d0c42b2c819d9e9a84380aa721 NOTFOUND
% CaDiCaL version: 2.1.3
% Termination reason: Instruction limit
% Termination phase: Saturation
% Time elapsed: 0.109 s
% Peak memory usage: 22 MB
% Instructions burned: 665 (million)
% lrs+1010_1_to=lpo:sil=8000:fde=none:sos=on:random_seed=1939058378:i=1786:sd=2:ss=axioms_99 on p for (99ds/1786Mi)
% Refutation not found, incomplete strategy
% ------------------------------
% Version: Vampire 5.0.1 (Release build, commit 1b13eaf on 2026-01-18 12:14:50 +0000)
% Linked with Z3 4.14.0.0 3c47fd96cf5645d0c42b2c819d9e9a84380aa721 NOTFOUND
% CaDiCaL version: 2.1.3
% Termination reason: Refutation not found, incomplete strategy
% Time elapsed: 0.001 s
% Peak memory usage: 11 MB
% ------------------------------
% ------------------------------
% lrs-1011_3_sil=8000:fde=unused:sp=occurrence:urr=on:nwc=1:random_seed=3343210491:s2a=on:i=2383:sd=1:kws=inv_frequency:nm=0:ss=included_99 on p for (99ds/2383Mi)
% Instruction limit reached! 
% ------------------------------
% Version: Vampire 5.0.1 (Release build, commit 1b13eaf on 2026-01-18 12:14:50 +0000)
% Linked with Z3 4.14.0.0 3c47fd96cf5645d0c42b2c819d9e9a84380aa721 NOTFOUND
% CaDiCaL version: 2.1.3
% Termination reason: Instruction limit
% Termination phase: Saturation
% Time elapsed: 0.456 s
% Peak memory usage: 50 MB
% Instructions burned: 2385 (million)
% dis+1002_1_sil=8000:sp=occurrence:fd=off:sac=on:random_seed=1300928644:s2a=on:i=1267:s2at=5:sd=2:nm=3:ss=included_95 on p for (95ds/1267Mi)
% Instruction limit reached! 
% ------------------------------
% Version: Vampire 5.0.1 (Release build, commit 1b13eaf on 2026-01-18 12:14:50 +0000)
% Linked with Z3 4.14.0.0 3c47fd96cf5645d0c42b2c819d9e9a84380aa721 NOTFOUND
% CaDiCaL version: 2.1.3
% Termination reason: Instruction limit
% Termination phase: Saturation
% Time elapsed: 0.215 s
% Peak memory usage: 27 MB
% Instructions burned: 1270 (million)
% dis+2_8_anc=none:sil=32000:plsq=on:prc=on:drc=off:bsd=on:plsqr=7,8:sp=const_min:sos=all:lma=off:lcm=reverse:updr=off:slsq=on:random_seed=2602980228:avsq=on:cond=fast:i=689:avsqr=11,4:kws=inv_arity:fgj=on:bs=unit_only:bd=all:rawr=on_92 on p for (92ds/689Mi)
% Refutation not found, incomplete strategy
% ------------------------------
% Version: Vampire 5.0.1 (Release build, commit 1b13eaf on 2026-01-18 12:14:50 +0000)
% Linked with Z3 4.14.0.0 3c47fd96cf5645d0c42b2c819d9e9a84380aa721 NOTFOUND
% CaDiCaL version: 2.1.3
% Termination reason: Refutation not found, incomplete strategy
% Time elapsed: 0.001 s
% Peak memory usage: 12 MB
% ------------------------------
% ------------------------------
% ott+1010_1_sil=4000:sos=on:acc=on:urr=on:bsr=on:rnwc=on:fd=preordered:slsqc=1:slsq=on:random_seed=3313081785:i=691:kws=inv_frequency:aac=none:bd=all:ins=5:fsr=off_92 on p for (92ds/691Mi)
% Refutation not found, incomplete strategy
% ------------------------------
% Version: Vampire 5.0.1 (Release build, commit 1b13eaf on 2026-01-18 12:14:50 +0000)
% Linked with Z3 4.14.0.0 3c47fd96cf5645d0c42b2c819d9e9a84380aa721 NOTFOUND
% CaDiCaL version: 2.1.3
% Termination reason: Refutation not found, incomplete strategy
% Time elapsed: 0.0000 s
% Peak memory usage: 12 MB
% ------------------------------
% ------------------------------
% lrs+34_4096_sil=8000:tgt=ground:prc=on:drc=off:sp=reverse_frequency:sos=on:fd=preordered:random_seed=1878570071:s2pl=no:s2a=on:i=1287:kws=frequency:fsr=off_92 on p for (92ds/1287Mi)
% Refutation not found, incomplete strategy
% ------------------------------
% Version: Vampire 5.0.1 (Release build, commit 1b13eaf on 2026-01-18 12:14:50 +0000)
% Linked with Z3 4.14.0.0 3c47fd96cf5645d0c42b2c819d9e9a84380aa721 NOTFOUND
% CaDiCaL version: 2.1.3
% Termination reason: Refutation not found, incomplete strategy
% Time elapsed: 0.0000 s
% Peak memory usage: 11 MB
% ------------------------------
% ------------------------------
% lrs+10_1_sil=16000:tgt=ground:sims=off:erd=off:urr=ec_only:rnwc=on:lftc=10:lwlo=on:random_seed=2596374281:lrd=on:st=2:s2a=on:i=1903:s2at=3:doe=on:fgj=on:gtg=exists_top:ss=included_92 on p for (92ds/1903Mi)
% Instruction limit reached! 
% ------------------------------
% Version: Vampire 5.0.1 (Release build, commit 1b13eaf on 2026-01-18 12:14:50 +0000)
% Linked with Z3 4.14.0.0 3c47fd96cf5645d0c42b2c819d9e9a84380aa721 NOTFOUND
% CaDiCaL version: 2.1.3
% Termination reason: Instruction limit
% Termination phase: Saturation
% Time elapsed: 0.352 s
% Peak memory usage: 45 MB
% Instructions burned: 1907 (million)
% lrs-1002_7_anc=none:sfv=off:sil=128000:tgt=ground:prc=on:drc=off:fde=unused:etr=on:spb=non_intro:bce=on:bsr=unit_only:flr=on:updr=off:random_seed=3815940027:prac=on:i=710:doe=on:nicw=on:bd=preordered:fsr=off:gsp=on:proc=on:rawr=on_89 on p for (89ds/710Mi)
% Instruction limit reached! 
% ------------------------------
% Version: Vampire 5.0.1 (Release build, commit 1b13eaf on 2026-01-18 12:14:50 +0000)
% Linked with Z3 4.14.0.0 3c47fd96cf5645d0c42b2c819d9e9a84380aa721 NOTFOUND
% CaDiCaL version: 2.1.3
% Termination reason: Instruction limit
% Termination phase: Saturation
% Time elapsed: 0.106 s
% Peak memory usage: 21 MB
% Instructions burned: 714 (million)
% lrs+1011_256_to=kbo:sil=2000:tgt=ground:irw=on:drc=off:fde=none:lma=off:rnwc=on:fd=preordered:br=off:slsqc=1:slsq=on:random_seed=753641190:st=1.2:i=714:s2at=3:sd=10:kws=inv_arity:fgj=on:nicw=on:amm=off:ss=included_88 on p for (88ds/714Mi)
% Instruction limit reached! 
% ------------------------------
% Version: Vampire 5.0.1 (Release build, commit 1b13eaf on 2026-01-18 12:14:50 +0000)
% Linked with Z3 4.14.0.0 3c47fd96cf5645d0c42b2c819d9e9a84380aa721 NOTFOUND
% CaDiCaL version: 2.1.3
% Termination reason: Instruction limit
% Termination phase: Saturation
% Time elapsed: 0.224 s
% Peak memory usage: 24 MB
% Instructions burned: 716 (million)
% lrs+10_4:1_sil=4000:erd=off:urr=on:s2agt=8:br=off:random_seed=1902253060:s2a=on:i=1975:bd=all_85 on p for (85ds/1975Mi)
% Instruction limit reached! 
% ------------------------------
% Version: Vampire 5.0.1 (Release build, commit 1b13eaf on 2026-01-18 12:14:50 +0000)
% Linked with Z3 4.14.0.0 3c47fd96cf5645d0c42b2c819d9e9a84380aa721 NOTFOUND
% CaDiCaL version: 2.1.3
% Termination reason: Instruction limit
% Termination phase: Saturation
% Time elapsed: 0.376 s
% Peak memory usage: 30 MB
% Instructions burned: 1976 (million)
% ott-1010_8_to=lpo:sil=4000:fde=none:sp=arity:spb=goal_then_units:nwc=3:s2agt=16:flr=on:slsq=on:random_seed=2253276061:s2a=on:i=4528:bd=all_81 on p for (81ds/4528Mi)
% Instruction limit reached! 
% ------------------------------
% Version: Vampire 5.0.1 (Release build, commit 1b13eaf on 2026-01-18 12:14:50 +0000)
% Linked with Z3 4.14.0.0 3c47fd96cf5645d0c42b2c819d9e9a84380aa721 NOTFOUND
% CaDiCaL version: 2.1.3
% Termination reason: Instruction limit
% Termination phase: Saturation
% Time elapsed: 0.929 s
% Peak memory usage: 45 MB
% Instructions burned: 4532 (million)
% lrs+1002_1_to=lpo:sil=4000:sp=unary_first:sos=on:spb=units:random_seed=2018952795:i=2020:sd=2:nm=6:av=off:ss=axioms_72 on p for (72ds/2020Mi)
% Refutation not found, incomplete strategy
% ------------------------------
% Version: Vampire 5.0.1 (Release build, commit 1b13eaf on 2026-01-18 12:14:50 +0000)
% Linked with Z3 4.14.0.0 3c47fd96cf5645d0c42b2c819d9e9a84380aa721 NOTFOUND
% CaDiCaL version: 2.1.3
% Termination reason: Refutation not found, incomplete strategy
% Time elapsed: 0.0000 s
% Peak memory usage: 9 MB
% ------------------------------
% ------------------------------
% dis+1002_1_to=kbo:sil=256000:plsq=on:sp=weighted_frequency:sos=on:erd=off:spb=units:acc=on:urr=ec_only:plsql=on:nwc=20:random_seed=4025267639:avsq=on:i=753:gtgl=2:avsqr=12,1:nicw=on:ep=RST:gtg=exists_sym:ss=axioms:sgt=8_72 on p for (72ds/753Mi)
% Instruction limit reached! 
% ------------------------------
% Version: Vampire 5.0.1 (Release build, commit 1b13eaf on 2026-01-18 12:14:50 +0000)
% Linked with Z3 4.14.0.0 3c47fd96cf5645d0c42b2c819d9e9a84380aa721 NOTFOUND
% CaDiCaL version: 2.1.3
% Termination reason: Instruction limit
% Termination phase: Saturation
% Time elapsed: 0.127 s
% Peak memory usage: 12 MB
% Instructions burned: 760 (million)
% lrs+10_128_sil=4000:sp=occurrence:sos=all:urr=full:br=off:random_seed=208153727:st=4.8:s2a=on:i=1412:sd=4:sup=off:ss=included_70 on p for (70ds/1412Mi)
% Refutation not found, incomplete strategy
% ------------------------------
% Version: Vampire 5.0.1 (Release build, commit 1b13eaf on 2026-01-18 12:14:50 +0000)
% Linked with Z3 4.14.0.0 3c47fd96cf5645d0c42b2c819d9e9a84380aa721 NOTFOUND
% CaDiCaL version: 2.1.3
% Termination reason: Refutation not found, incomplete strategy
% Time elapsed: 0.008 s
% Peak memory usage: 11 MB
% ------------------------------
% ------------------------------
% lrs+10_1_sil=128000:sp=occurrence:random_seed=154049798:st=3:i=37942:sd=4:ss=included:sgt=16_70 on p for (70ds/37942Mi)
% Solution written to "/tmp/vampire-proof-2625638"
% Refutation found. Thanks to Tanya!
% SZS status Theorem for p
% SZS output start Proof for p
fof(f1,axiom,(
  ! [X0,X1,X2,X3] : X1 = f(f(X2,f(X1,X1)),f(f(f(X0,X2),f(X3,f(X1,X0))),X2))),
  file('/tmp/tmpb8omr1fz/p.p',unknown)).
fof(f2,conjecture,(
  ! [X0,X1] : X0 = X1),
  file('/tmp/tmpb8omr1fz/p.p',unknown)).
fof(f3,negated_conjecture,(
  ~! [X0,X1] : X0 = X1),
  inference(negated_conjecture,[status(cth)],[f2])).
fof(f4,plain,(
  ? [X0,X1] : X0 != X1),
  inference(ennf_transformation,[],[f3])).
fof(f5,plain,(
  ? [X0,X1] : X0 != X1 => sK0 != sK1),
  introduced(definition,[],[skolem_symbol_introduction])).
fof(f6,plain,(
  sK0 != sK1),
  inference(skolemisation,[status(esa),new_symbols(skolem,[sK0,sK1])],[f4,f5])).
fof(f7,plain,(
  ( ! [X2,X3,X0,X1] : (f(f(X2,f(X1,X1)),f(f(f(X0,X2),f(X3,f(X1,X0))),X2)) = X1) )),
  inference(cnf_transformation,[],[f1])).
fof(f8,plain,(
  sK0 != sK1),
  inference(cnf_transformation,[],[f6])).
fof(f9,plain,(
  ( ! [X2,X3,X0,X1,X4,X5] : (f(f(f(f(f(X1,X2),f(X3,f(X0,X1))),X2),f(X4,X4)),f(f(X0,f(X5,f(X4,f(X2,f(X0,X0))))),f(f(f(X1,X2),f(X3,f(X0,X1))),X2))) = X4) )),
  inference(superposition,[],[f7,f7])).
fof(f10,plain,(
  ( ! [X2,X3,X0,X1,X4,X5] : (f(X2,f(X0,X0)) = f(f(X1,f(f(X2,f(X0,X0)),f(X2,f(X0,X0)))),f(f(f(f(f(f(X3,X2),f(X4,f(X0,X3))),X2),X1),f(X5,X0)),X1))) )),
  inference(superposition,[],[f7,f7])).
fof(f11,plain,(
  ( ! [X2,X3,X0,X1,X4] : (f(f(X2,X3),f(X4,f(X0,X2))) = f(f(X1,f(f(f(X2,X3),f(X4,f(X0,X2))),f(f(X2,X3),f(X4,f(X0,X2))))),f(f(f(X3,X1),X0),X1))) )),
  inference(superposition,[],[f7,f7])).
fof(f32,plain,(
  ( ! [X2,X3,X0,X1,X6,X7,X4,X5] : (f(f(X2,X3),f(X0,f(X1,X1))) = f(f(X7,f(f(f(X2,X3),f(X0,f(X1,X1))),f(f(X2,X3),f(X0,f(X1,X1))))),f(f(f(X3,X7),f(f(f(f(f(X4,X0),f(X5,f(X1,X4))),X0),X2),f(X6,X1))),X7))) )),
  inference(superposition,[],[f11,f10])).
fof(f42,plain,(
  ( ! [X2,X3,X0,X1,X4,X5] : (f(f(X1,X5),X3) = f(f(X4,f(f(f(X1,X5),X3),f(f(X1,X5),X3))),f(f(f(X5,X4),f(f(X0,X1),f(X2,f(X3,X0)))),X4))) )),
  inference(superposition,[],[f7,f11])).
fof(f52,plain,(
  ( ! [X2,X3,X0,X1,X6,X4,X5] : (f(f(X4,f(X0,X0)),f(f(f(f(X0,X0),X4),f(f(X5,X1),f(X6,f(f(f(f(X2,X1),f(X3,f(X0,X2))),X1),X5)))),X4)) = X0) )),
  inference(superposition,[],[f42,f7])).
fof(f445,plain,(
  ( ! [X2,X3,X0,X1] : (f(X0,X1) = f(f(f(f(f(X1,X1),f(f(f(f(f(X2,X1),f(X3,f(X1,X2))),X1),X0),f(X1,X1))),X1),f(f(X0,X1),f(X0,X1))),f(f(X0,X1),f(X1,f(X1,X1))))) )),
  inference(superposition,[],[f9,f32])).
fof(f1504,plain,(
  ( ! [X2,X0,X1] : (f(X0,X1) = f(f(X2,f(f(X0,X1),f(X0,X1))),f(f(f(f(X1,f(X1,X1)),X2),f(X0,X1)),X2))) )),
  inference(superposition,[],[f7,f445])).
fof(f1820,plain,(
  ( ! [X2,X3,X0,X1] : (f(f(X1,f(X2,X2)),f(f(f(f(X2,X2),X1),f(f(f(X3,f(X2,X0)),f(X0,X0)),f(X0,X0))),X1)) = X2) )),
  inference(superposition,[],[f52,f1504])).
fof(f2194,plain,(
  ( ! [X0,X1] : (f(X0,X1) = f(f(f(X0,X0),f(f(X0,X1),f(X0,X1))),f(X0,f(X0,X0)))) )),
  inference(superposition,[],[f1820,f7])).
fof(f2586,plain,(
  ( ! [X2,X0,X1] : (f(f(X2,f(X0,X0)),f(f(f(f(X0,X0),X2),f(X0,X1)),X2)) = X0) )),
  inference(superposition,[],[f7,f2194])).
fof(f3032,plain,(
  ( ! [X0,X1] : (f(f(f(f(X0,X1),f(X0,X1)),f(X0,X0)),f(f(X0,X1),f(f(X0,X1),f(X0,X1)))) = X0) )),
  inference(superposition,[],[f2586,f2194])).
fof(f3039,plain,(
  ( ! [X0] : (f(f(f(X0,X0),f(X0,X0)),f(X0,f(X0,X0))) = X0) )),
  inference(superposition,[],[f1820,f2586])).
fof(f4910,plain,(
  ( ! [X0,X1] : (f(X1,f(X0,X0)) = f(f(f(X0,X0),f(f(X1,f(X0,X0)),f(X1,f(X0,X0)))),f(X0,f(X0,X0)))) )),
  inference(superposition,[],[f3032,f2586])).
fof(f8264,plain,(
  ( ! [X2,X0,X1] : (f(f(X2,f(X1,X1)),f(f(f(f(X1,X1),X2),f(X0,f(X1,X1))),X2)) = X1) )),
  inference(superposition,[],[f7,f4910])).
fof(f9010,plain,(
  ( ! [X0,X1] : (f(f(f(X0,X0),f(X1,X1)),f(X0,f(X0,X0))) = X1) )),
  inference(superposition,[],[f8264,f8264])).
fof(f9851,plain,(
  ( ! [X2,X0,X1] : (f(f(X1,f(X2,X2)),f(f(f(f(X2,X2),X1),X0),X1)) = X2) )),
  inference(superposition,[],[f7,f9010])).
fof(f10630,plain,(
  ( ! [X0,X1] : (f(X0,X0) = f(f(f(X0,f(X0,X0)),f(f(X0,X0),f(X0,X0))),f(f(X0,X1),f(X0,f(X0,X0))))) )),
  inference(superposition,[],[f9851,f9010])).
fof(f15270,plain,(
  ( ! [X2,X3,X0,X1] : (f(X0,X3) = f(f(f(f(f(X1,X0),f(X2,f(X0,X1))),X0),f(f(X0,X3),f(X0,X3))),f(f(X0,f(X0,X0)),f(f(f(X1,X0),f(X2,f(X0,X1))),X0)))) )),
  inference(superposition,[],[f9,f10630])).
fof(f15276,plain,(
  ( ! [X2,X3,X0,X1] : (f(X0,X3) = f(f(f(f(f(X1,X0),f(X2,f(X0,X1))),X0),f(f(X0,X3),f(X0,X3))),X0)) )),
  inference(forward_demodulation,[],[f15270,f7])).
fof(f15718,plain,(
  ( ! [X2,X0,X1] : (f(X1,X2) = f(f(f(f(f(f(X1,X1),X1),X0),X1),f(f(X1,X2),f(X1,X2))),X1)) )),
  inference(superposition,[],[f15276,f9010])).
fof(f15722,plain,(
  ( ! [X2,X0,X1] : (f(f(X0,f(X0,X0)),f(X0,f(f(X1,X0),f(X2,f(X0,X1))))) = X0) )),
  inference(superposition,[],[f7,f15276])).
fof(f16228,plain,(
  ( ! [X0,X1] : (f(f(X1,f(X1,X1)),f(X1,f(f(f(X1,X1),X1),X0))) = X1) )),
  inference(superposition,[],[f15722,f9010])).
fof(f16230,plain,(
  ( ! [X2,X0,X1] : (f(f(X0,f(X0,X0)),f(X0,f(f(X1,X0),f(f(X0,X1),X2)))) = X0) )),
  inference(superposition,[],[f15722,f15276])).
fof(f16706,plain,(
  ( ! [X0] : (f(X0,X0) = f(f(f(X0,X0),f(f(X0,X0),f(X0,X0))),f(f(X0,X0),X0))) )),
  inference(superposition,[],[f16228,f9010])).
fof(f16717,plain,(
  ( ! [X2,X0,X1] : (f(f(X1,f(X0,X0)),f(f(f(f(f(f(X0,X0),X0),X2),X1),X0),X1)) = X0) )),
  inference(superposition,[],[f7,f16228])).
fof(f22489,plain,(
  ( ! [X0,X1] : (f(f(X0,X0),X0) = f(f(X0,f(f(f(X0,X0),X0),f(f(X0,X0),X0))),f(X0,X1))) )),
  inference(superposition,[],[f9851,f15718])).
fof(f27252,plain,(
  ( ! [X2,X0,X1] : (f(f(X1,f(X0,X0)),f(f(f(X2,X1),f(f(X0,X0),X0)),X1)) = X0) )),
  inference(superposition,[],[f7,f22489])).
fof(f28019,plain,(
  ( ! [X2,X0,X1] : (f(f(X0,f(X2,X2)),f(f(f(X0,X1),f(f(X2,X2),X2)),X0)) = X2) )),
  inference(superposition,[],[f27252,f15718])).
fof(f29590,plain,(
  ( ! [X0] : (f(f(f(X0,X0),f(X0,X0)),f(f(X0,X0),f(X0,X0))) = X0) )),
  inference(superposition,[],[f28019,f16706])).
fof(f30459,plain,(
  ( ! [X0,X1] : (f(X0,X0) = f(X0,f(f(X0,X1),f(f(X0,X0),f(X0,X0))))) )),
  inference(superposition,[],[f9851,f29590])).
fof(f30468,plain,(
  ( ! [X0,X1] : (f(f(X0,X0),f(X0,X0)) = f(f(f(X1,X1),X0),f(X1,f(X1,X1)))) )),
  inference(superposition,[],[f9010,f29590])).
fof(f31280,plain,(
  ( ! [X0] : (f(f(X0,f(X0,X0)),f(X0,X0)) = X0) )),
  inference(superposition,[],[f15722,f30459])).
fof(f32142,plain,(
  ( ! [X0,X1] : (f(f(f(f(X0,X0),X1),f(X0,f(X0,X0))),f(X1,f(X1,X1))) = X1) )),
  inference(superposition,[],[f9010,f30468])).
fof(f32178,plain,(
  ( ! [X0,X1] : (f(f(X0,f(X1,X1)),f(f(f(X0,X0),f(X0,X0)),X0)) = X1) )),
  inference(superposition,[],[f9851,f30468])).
fof(f32270,plain,(
  ( ! [X0] : (f(f(f(X0,f(X0,X0)),f(X0,X0)),f(f(X0,X0),f(X0,f(X0,X0)))) = X0) )),
  inference(superposition,[],[f16717,f32142])).
fof(f32279,plain,(
  ( ! [X0] : (f(X0,f(f(X0,X0),f(X0,f(X0,X0)))) = X0) )),
  inference(forward_demodulation,[],[f32270,f31280])).
fof(f32280,plain,(
  ( ! [X0] : (f(f(X0,f(X0,X0)),X0) = X0) )),
  inference(superposition,[],[f15722,f32279])).
fof(f32292,plain,(
  ( ! [X0] : (f(X0,X0) = f(X0,f(X0,f(f(X0,X0),f(X0,X0))))) )),
  inference(superposition,[],[f30459,f32279])).
fof(f32301,plain,(
  ( ! [X0,X1] : (f(f(X0,f(X0,X0)),f(X0,f(f(X1,X0),f(X0,X1)))) = X0) )),
  inference(superposition,[],[f16230,f32279])).
fof(f32302,plain,(
  ( ! [X0,X1] : (f(f(X1,f(X0,X0)),f(f(f(X0,X0),X1),X1)) = X0) )),
  inference(superposition,[],[f9851,f32279])).
fof(f32364,plain,(
  ( ! [X0] : (f(f(f(f(X0,X0),f(X0,X0)),f(X0,X0)),f(X0,X0)) = X0) )),
  inference(superposition,[],[f32302,f31280])).
fof(f32471,plain,(
  ( ! [X0] : (f(f(f(X0,X0),f(X0,X0)),X0) = X0) )),
  inference(superposition,[],[f9851,f32364])).
fof(f32496,plain,(
  ( ! [X0] : (f(X0,X0) = f(X0,f(X0,X0))) )),
  inference(superposition,[],[f32471,f29590])).
fof(f32540,plain,(
  ( ! [X0] : (f(f(X0,f(X0,X0)),f(X0,f(X0,f(X0,f(f(X0,X0),f(X0,X0)))))) = X0) )),
  inference(superposition,[],[f32301,f32471])).
fof(f32541,plain,(
  ( ! [X0] : (f(f(X0,f(X0,X0)),f(X0,f(X0,X0))) = X0) )),
  inference(forward_demodulation,[],[f32540,f32292])).
fof(f32548,plain,(
  ( ! [X0] : (f(f(X0,X0),f(X0,X0)) = X0) )),
  inference(forward_demodulation,[],[f32541,f32496])).
fof(f32561,plain,(
  ( ! [X0,X1] : (f(f(X0,X0),f(f(f(f(X0,X0),X0),X1),X0)) = X0) )),
  inference(superposition,[],[f9851,f32496])).
fof(f32601,plain,(
  ( ! [X0,X1] : (f(f(X1,X1),f(X1,X1)) = f(f(f(X0,X0),X1),f(X0,X0))) )),
  inference(superposition,[],[f30468,f32496])).
fof(f32608,plain,(
  ( ! [X0] : (f(f(X0,X0),X0) = X0) )),
  inference(superposition,[],[f32280,f32496])).
fof(f32648,plain,(
  ( ! [X0] : (f(X0,X0) = f(f(f(X0,X0),f(X0,X0)),f(X0,f(X0,X0)))) )),
  inference(superposition,[],[f9010,f32496])).
fof(f32658,plain,(
  ( ! [X0] : (f(X0,X0) = X0) )),
  inference(forward_demodulation,[],[f32648,f3039])).
fof(f32667,plain,(
  ( ! [X0,X1] : (f(f(f(X0,X0),X1),f(X0,X0)) = X1) )),
  inference(forward_demodulation,[],[f32601,f32548])).
fof(f32684,plain,(
  ( ! [X0,X1] : (f(f(X0,X0),f(f(X0,X1),X0)) = X0) )),
  inference(forward_demodulation,[],[f32561,f32608])).
fof(f32694,plain,(
  ( ! [X0,X1] : (f(f(X0,X1),X0) = X1) )),
  inference(forward_demodulation,[],[f32667,f32658])).
fof(f32707,plain,(
  ( ! [X0,X1] : (f(X0,f(f(X0,X1),X0)) = X0) )),
  inference(forward_demodulation,[],[f32684,f32658])).
fof(f32720,plain,(
  ( ! [X0,X1] : (f(X0,X1) = X0) )),
  inference(forward_demodulation,[],[f32707,f32694])).
fof(f32894,plain,(
  ( ! [X0,X1] : (f(f(X0,f(X1,X1)),f(f(X0,X0),X0)) = X1) )),
  inference(superposition,[],[f32178,f32658])).
fof(f32929,plain,(
  ( ! [X0,X1] : (f(X0,f(X1,X1)) = X1) )),
  inference(forward_demodulation,[],[f32894,f32720])).
fof(f33050,plain,(
  ( ! [X0,X1] : (X0 = X1) )),
  inference(forward_demodulation,[],[f32929,f32720])).
fof(f33650,plain,(
  ( ! [X0] : (sK0 != X0) )),
  inference(superposition,[],[f8,f33050])).
fof(f34214,plain,(
  $false),
  inference(forward_subsumption_resolution,[],[f33650,f33050])).
% SZS output end Proof for p
% ------------------------------
% Version: Vampire 5.0.1 (Release build, commit 1b13eaf on 2026-01-18 12:14:50 +0000)
% Linked with Z3 4.14.0.0 3c47fd96cf5645d0c42b2c819d9e9a84380aa721 NOTFOUND
% CaDiCaL version: 2.1.3
% Termination reason: Refutation
% Time elapsed: 3.487 s
% Peak memory usage: 143 MB
% Instructions burned: 14854 (million)
% ------------------------------
% ------------------------------
% Success in time 26.467 s
