% law: x = (((y ◇ (y ◇ ((x ◇ y) ◇ (x ◇ z)))) ◇ (x ◇ w)) ◇ y)
% config: vampire/triv/casc+lpo @ 30s

% Running in auto input_syntax mode. Trying TPTP
% Detected formulas, will run a generic FOF schedule.
% lrs+1011_32_to=lpo:sil=2000:tgt=full:alpa=true:random_seed=2196745626:st=5:i=107:sd=1:ss=included:er=filter_300 on p for (300ds/107Mi)
% Instruction limit reached! 
% ------------------------------
% Version: Vampire 5.0.1 (Release build, commit 1b13eaf on 2026-01-18 12:14:50 +0000)
% Linked with Z3 4.14.0.0 3c47fd96cf5645d0c42b2c819d9e9a84380aa721 NOTFOUND
% CaDiCaL version: 2.1.3
% Termination reason: Instruction limit
% Termination phase: Saturation
% Time elapsed: 0.047 s
% Peak memory usage: 13 MB
% Instructions burned: 145 (million)
% lrs+10_2:3_to=lpo:sil=16000:sp=arity:random_seed=3137919149:i=114:bd=all:ss=axioms:sgt=4_299 on p for (299ds/114Mi)
% Instruction limit reached! 
% ------------------------------
% Version: Vampire 5.0.1 (Release build, commit 1b13eaf on 2026-01-18 12:14:50 +0000)
% Linked with Z3 4.14.0.0 3c47fd96cf5645d0c42b2c819d9e9a84380aa721 NOTFOUND
% CaDiCaL version: 2.1.3
% Termination reason: Instruction limit
% Termination phase: Saturation
% Time elapsed: 0.041 s
% Peak memory usage: 14 MB
% Instructions burned: 289 (million)
% WARNING Broken Constraint: if kbo_weight_scheme(arity) has been set then term_ordering(lpo) is equal to kbo or term_ordering(lpo) is equal to auto_kbo
% ott+1011_2_to=lpo:sil=4000:lsd=20:rnwc=on:rp=on:sac=on:newcnf=on:random_seed=3772246627:i=132:kws=arity:er=filter_298 on p for (298ds/132Mi)
% Instruction limit reached! 
% ------------------------------
% Version: Vampire 5.0.1 (Release build, commit 1b13eaf on 2026-01-18 12:14:50 +0000)
% Linked with Z3 4.14.0.0 3c47fd96cf5645d0c42b2c819d9e9a84380aa721 NOTFOUND
% CaDiCaL version: 2.1.3
% Termination reason: Instruction limit
% Termination phase: Saturation
% Time elapsed: 0.052 s
% Peak memory usage: 14 MB
% Instructions burned: 174 (million)
% WARNING Broken Constraint: if kbo_max_zero(on) has been set then term_ordering(lpo) is equal to kbo or term_ordering(lpo) is equal to auto_kbo
% dis+1011_1_slsqr=8,1:to=lpo:sil=2000:spb=units:fd=off:kmz=on:flr=on:sac=on:slsq=on:random_seed=500246879:st=2:i=121:sd=30:aac=none:ep=RS:ss=axioms:sgt=10_298 on p for (298ds/121Mi)
% Refutation not found, incomplete strategy
% ------------------------------
% Version: Vampire 5.0.1 (Release build, commit 1b13eaf on 2026-01-18 12:14:50 +0000)
% Linked with Z3 4.14.0.0 3c47fd96cf5645d0c42b2c819d9e9a84380aa721 NOTFOUND
% CaDiCaL version: 2.1.3
% Termination reason: Refutation not found, incomplete strategy
% Time elapsed: 0.003 s
% Peak memory usage: 11 MB
% ------------------------------
% ------------------------------
% Aborted by signal SIGSEGV on /tmp/tmpq8qyjbsa/p.p
% ------------------------------
% Version: Vampire 5.0.1 (Release build, commit 1b13eaf on 2026-01-18 12:14:50 +0000)
% Linked with Z3 4.14.0.0 3c47fd96cf5645d0c42b2c819d9e9a84380aa721 NOTFOUND
% CaDiCaL version: 2.1.3
% Termination reason: Refutation not found, incomplete strategy
% Time elapsed: 0.003 s
% Peak memory usage: 11 MB
% lrs+10_1_to=lpo:sil=2000:sos=on:random_seed=3389554357:i=135:sd=2:gtg=position:ss=axioms_297 on p for (297ds/135Mi)
% Refutation not found, incomplete strategy
% ------------------------------
% Version: Vampire 5.0.1 (Release build, commit 1b13eaf on 2026-01-18 12:14:50 +0000)
% Linked with Z3 4.14.0.0 3c47fd96cf5645d0c42b2c819d9e9a84380aa721 NOTFOUND
% CaDiCaL version: 2.1.3
% Termination reason: Refutation not found, incomplete strategy
% Time elapsed: 0.001 s
% Peak memory usage: 11 MB
% ------------------------------
% ------------------------------
% lrs+1011_1_to=lpo:sil=16000:random_seed=2203247988:i=269:sd=10:ss=axioms:sgt=16_297 on p for (297ds/269Mi)
% Instruction limit reached! 
% ------------------------------
% Version: Vampire 5.0.1 (Release build, commit 1b13eaf on 2026-01-18 12:14:50 +0000)
% Linked with Z3 4.14.0.0 3c47fd96cf5645d0c42b2c819d9e9a84380aa721 NOTFOUND
% CaDiCaL version: 2.1.3
% Termination reason: Instruction limit
% Termination phase: Saturation
% Time elapsed: 0.110 s
% Peak memory usage: 15 MB
% Instructions burned: 278 (million)
% dis+1010_4_to=lpo:sil=2000:sos=on:sac=on:random_seed=3653362981:i=140:sd=1:ss=axioms_296 on p for (296ds/140Mi)
% Refutation not found, incomplete strategy
% ------------------------------
% Version: Vampire 5.0.1 (Release build, commit 1b13eaf on 2026-01-18 12:14:50 +0000)
% Linked with Z3 4.14.0.0 3c47fd96cf5645d0c42b2c819d9e9a84380aa721 NOTFOUND
% CaDiCaL version: 2.1.3
% Termination reason: Refutation not found, incomplete strategy
% Time elapsed: 0.003 s
% Peak memory usage: 11 MB
% ------------------------------
% ------------------------------
% ott+11_4:1_slsqr=8,1:to=kbo:sil=4000:spb=goal:bsr=on:slsq=on:random_seed=866274328:s2pl=on:st=3:s2a=on:i=124:gtgl=4:sd=1:kws=inv_arity:ep=RST:gtg=position:ss=axioms:fsd=on_295 on p for (295ds/124Mi)
% Aborted by signal SIGSEGV on /tmp/tmpq8qyjbsa/p.p
% ------------------------------
% Version: Vampire 5.0.1 (Release build, commit 1b13eaf on 2026-01-18 12:14:50 +0000)
% Linked with Z3 4.14.0.0 3c47fd96cf5645d0c42b2c819d9e9a84380aa721 NOTFOUND
% CaDiCaL version: 2.1.3
% Termination reason: Unknown
% Termination phase: Saturation
% Time elapsed: 0.001 s
% Peak memory usage: 8 MB
% Instructions burned: 1 (million)
% ott+1010_1_to=lpo:sil=32000:fde=none:sos=on:spb=goal_then_units:urr=on:random_seed=3923162809:st=2.5:cts=off:i=297:sd=4:ins=10:gsp=on:ss=axioms_295 on p for (295ds/297Mi)
% Refutation not found, incomplete strategy
% ------------------------------
% Version: Vampire 5.0.1 (Release build, commit 1b13eaf on 2026-01-18 12:14:50 +0000)
% Linked with Z3 4.14.0.0 3c47fd96cf5645d0c42b2c819d9e9a84380aa721 NOTFOUND
% CaDiCaL version: 2.1.3
% Termination reason: Refutation not found, incomplete strategy
% Time elapsed: 0.0000 s
% Peak memory usage: 11 MB
% ------------------------------
% ------------------------------
% lrs-1002_1_to=lpo:sil=2000:random_seed=3310469423:i=641:sd=20:ss=axioms:sgt=8_295 on p for (295ds/641Mi)
% Instruction limit reached! 
% ------------------------------
% Version: Vampire 5.0.1 (Release build, commit 1b13eaf on 2026-01-18 12:14:50 +0000)
% Linked with Z3 4.14.0.0 3c47fd96cf5645d0c42b2c819d9e9a84380aa721 NOTFOUND
% CaDiCaL version: 2.1.3
% Termination reason: Instruction limit
% Termination phase: Saturation
% Time elapsed: 0.086 s
% Peak memory usage: 19 MB
% Instructions burned: 642 (million)
% lrs+1011_1_to=lpo:sil=4000:plsq=on:plsqr=32,1:sp=occurrence:sos=all:erd=off:random_seed=1936912841:st=5:i=160:sup=off:ss=included_294 on p for (294ds/160Mi)
% Refutation not found, incomplete strategy
% ------------------------------
% Version: Vampire 5.0.1 (Release build, commit 1b13eaf on 2026-01-18 12:14:50 +0000)
% Linked with Z3 4.14.0.0 3c47fd96cf5645d0c42b2c819d9e9a84380aa721 NOTFOUND
% CaDiCaL version: 2.1.3
% Termination reason: Refutation not found, incomplete strategy
% Time elapsed: 0.0000 s
% Peak memory usage: 11 MB
% ------------------------------
% ------------------------------
% WARNING Broken Constraint: if kbo_weight_scheme(inv_frequency) has been set then term_ordering(lpo) is equal to kbo or term_ordering(lpo) is equal to auto_kbo
% lrs+10_16:1_to=lpo:sil=2000:sp=reverse_frequency:lcm=predicate:bsr=unit_only:random_seed=3155241984:avsq=on:i=433:kws=inv_frequency:bs=unit_only:gtg=exists_sym_294 on p for (294ds/433Mi)
% Instruction limit reached! 
% ------------------------------
% Version: Vampire 5.0.1 (Release build, commit 1b13eaf on 2026-01-18 12:14:50 +0000)
% Linked with Z3 4.14.0.0 3c47fd96cf5645d0c42b2c819d9e9a84380aa721 NOTFOUND
% CaDiCaL version: 2.1.3
% Termination reason: Instruction limit
% Termination phase: Saturation
% Time elapsed: 0.062 s
% Peak memory usage: 19 MB
% Instructions burned: 499 (million)
% lrs+1011_32_sfv=off:to=lpo:sil=128000:sos=all:newcnf=on:random_seed=900910097:cond=fast:i=114:nm=2:fsr=off:gtg=all:ss=axioms_293 on p for (293ds/114Mi)
% Instruction limit reached! 
% ------------------------------
% Version: Vampire 5.0.1 (Release build, commit 1b13eaf on 2026-01-18 12:14:50 +0000)
% Linked with Z3 4.14.0.0 3c47fd96cf5645d0c42b2c819d9e9a84380aa721 NOTFOUND
% CaDiCaL version: 2.1.3
% Termination reason: Instruction limit
% Termination phase: Saturation
% Time elapsed: 0.029 s
% Peak memory usage: 12 MB
% Instructions burned: 118 (million)
% lrs+10_64_to=lpo:sil=16000:sos=on:urr=on:br=off:random_seed=757540443:st=2.2:i=120:sd=1:nm=2:gtg=all:ss=axioms_292 on p for (292ds/120Mi)
% Instruction limit reached! 
% ------------------------------
% Version: Vampire 5.0.1 (Release build, commit 1b13eaf on 2026-01-18 12:14:50 +0000)
% Linked with Z3 4.14.0.0 3c47fd96cf5645d0c42b2c819d9e9a84380aa721 NOTFOUND
% CaDiCaL version: 2.1.3
% Termination reason: Instruction limit
% Termination phase: Saturation
% Time elapsed: 0.088 s
% Peak memory usage: 13 MB
% Instructions burned: 125 (million)
% lrs+21_1_slsqr=16,1:to=lpo:sil=4000:fs=off:acc=on:alpa=true:slsq=on:random_seed=2973644563:i=126:sd=3:aac=none:doe=on:fsr=off:sup=off:ss=included:er=filter:sgt=10_291 on p for (291ds/126Mi)
% Refutation not found, incomplete strategy
% ------------------------------
% Version: Vampire 5.0.1 (Release build, commit 1b13eaf on 2026-01-18 12:14:50 +0000)
% Linked with Z3 4.14.0.0 3c47fd96cf5645d0c42b2c819d9e9a84380aa721 NOTFOUND
% CaDiCaL version: 2.1.3
% Termination reason: Refutation not found, incomplete strategy
% Time elapsed: 0.001 s
% Peak memory usage: 11 MB
% ------------------------------
% ------------------------------
% dis-1011_1_to=lpo:sil=64000:sp=occurrence:nwc=2:sac=on:random_seed=3761218260:i=161:gtgl=2:gtg=exists_sym_291 on p for (291ds/161Mi)
% Instruction limit reached! 
% ------------------------------
% Version: Vampire 5.0.1 (Release build, commit 1b13eaf on 2026-01-18 12:14:50 +0000)
% Linked with Z3 4.14.0.0 3c47fd96cf5645d0c42b2c819d9e9a84380aa721 NOTFOUND
% CaDiCaL version: 2.1.3
% Termination reason: Instruction limit
% Termination phase: Saturation
% Time elapsed: 0.060 s
% Peak memory usage: 13 MB
% Instructions burned: 166 (million)
% lrs+11_1024_to=lpo:sil=2000:drc=off:gs=on:flr=on:random_seed=2822662600:s2a=on:i=137:sd=2:fgj=on:av=off:ss=axioms:sgt=4_290 on p for (290ds/137Mi)
% Instruction limit reached! 
% ------------------------------
% Version: Vampire 5.0.1 (Release build, commit 1b13eaf on 2026-01-18 12:14:50 +0000)
% Linked with Z3 4.14.0.0 3c47fd96cf5645d0c42b2c819d9e9a84380aa721 NOTFOUND
% CaDiCaL version: 2.1.3
% Termination reason: Instruction limit
% Termination phase: Saturation
% Time elapsed: 0.022 s
% Peak memory usage: 14 MB
% Instructions burned: 145 (million)
% WARNING Broken Constraint: if kbo_weight_scheme(arity) has been set then term_ordering(lpo) is equal to kbo or term_ordering(lpo) is equal to auto_kbo
% dis-1010_1_anc=none:to=lpo:sil=2000:sims=off:etr=on:sos=on:spb=units:nwc=2:random_seed=1348490295:i=698:sd=2:kws=arity:aac=none:ss=axioms:sgt=10_290 on p for (290ds/698Mi)
% Refutation not found, incomplete strategy
% ------------------------------
% Version: Vampire 5.0.1 (Release build, commit 1b13eaf on 2026-01-18 12:14:50 +0000)
% Linked with Z3 4.14.0.0 3c47fd96cf5645d0c42b2c819d9e9a84380aa721 NOTFOUND
% CaDiCaL version: 2.1.3
% Termination reason: Refutation not found, incomplete strategy
% Time elapsed: 0.001 s
% Peak memory usage: 11 MB
% ------------------------------
% ------------------------------
% dis+10_1_to=lpo:sil=32000:s2agt=32:random_seed=2808450345:st=3:s2a=on:i=183:sd=1:gtg=position:ss=axioms_290 on p for (290ds/183Mi)
% Instruction limit reached! 
% ------------------------------
% Version: Vampire 5.0.1 (Release build, commit 1b13eaf on 2026-01-18 12:14:50 +0000)
% Linked with Z3 4.14.0.0 3c47fd96cf5645d0c42b2c819d9e9a84380aa721 NOTFOUND
% CaDiCaL version: 2.1.3
% Termination reason: Instruction limit
% Termination phase: Saturation
% Time elapsed: 0.063 s
% Peak memory usage: 14 MB
% Instructions burned: 474 (million)
% dis+1010_2_to=lpo:sil=8000:plsq=on:plsqr=1,2:fd=off:random_seed=3862869929:st=1.5:s2a=on:i=119:sd=2:sup=off:ss=axioms_289 on p for (289ds/119Mi)
% Refutation not found, incomplete strategy
% ------------------------------
% Version: Vampire 5.0.1 (Release build, commit 1b13eaf on 2026-01-18 12:14:50 +0000)
% Linked with Z3 4.14.0.0 3c47fd96cf5645d0c42b2c819d9e9a84380aa721 NOTFOUND
% CaDiCaL version: 2.1.3
% Termination reason: Refutation not found, incomplete strategy
% Time elapsed: 0.0000 s
% Peak memory usage: 11 MB
% ------------------------------
% ------------------------------
% dis+1010_3_to=lpo:sil=2000:tgt=full:plsq=on:drc=off:fde=unused:sp=arity:acc=on:nwc=20:flr=on:sac=on:avsqc=2:random_seed=1005117584:s2pl=on:st=3:avsq=on:i=285:s2at=5:avsqr=52993,1048576:sd=10:gtg=exists_sym:ss=axioms_289 on p for (289ds/285Mi)
% Instruction limit reached! 
% ------------------------------
% Version: Vampire 5.0.1 (Release build, commit 1b13eaf on 2026-01-18 12:14:50 +0000)
% Linked with Z3 4.14.0.0 3c47fd96cf5645d0c42b2c819d9e9a84380aa721 NOTFOUND
% CaDiCaL version: 2.1.3
% Termination reason: Instruction limit
% Termination phase: Saturation
% Time elapsed: 0.145 s
% Peak memory usage: 13 MB
% Instructions burned: 291 (million)
% lrs+1011_1_to=lpo:sil=32000:sp=arity:spb=goal:urr=on:bsr=on:fd=preordered:nwc=0.968:br=off:newcnf=on:random_seed=4234954423:s2a=on:i=130:s2at=11:bd=preordered:nm=20:ins=10:gtg=position:gsp=on_287 on p for (287ds/130Mi)
% Instruction limit reached! 
% ------------------------------
% Version: Vampire 5.0.1 (Release build, commit 1b13eaf on 2026-01-18 12:14:50 +0000)
% Linked with Z3 4.14.0.0 3c47fd96cf5645d0c42b2c819d9e9a84380aa721 NOTFOUND
% CaDiCaL version: 2.1.3
% Termination reason: Instruction limit
% Termination phase: Saturation
% Time elapsed: 0.026 s
% Peak memory usage: 13 MB
% Instructions burned: 134 (million)
% lrs+11_128_to=lpo:sil=2000:spb=units:lcm=predicate:nwc=20:slsqc=4:slsq=on:random_seed=886950755:cts=off:i=178:slsql=off:nm=2:av=off:fsr=off_287 on p for (287ds/178Mi)
% Instruction limit reached! 
% ------------------------------
% Version: Vampire 5.0.1 (Release build, commit 1b13eaf on 2026-01-18 12:14:50 +0000)
% Linked with Z3 4.14.0.0 3c47fd96cf5645d0c42b2c819d9e9a84380aa721 NOTFOUND
% CaDiCaL version: 2.1.3
% Termination reason: Instruction limit
% Termination phase: Saturation
% Time elapsed: 0.034 s
% Peak memory usage: 13 MB
% Instructions burned: 180 (million)
% lrs-10_3:2_anc=all:to=lpo:sil=8000:plsq=on:plsqc=1:plsqr=1,1:erd=off:urr=on:rp=on:br=off:sac=on:avsqc=3:random_seed=3467179667:avsq=on:s2a=on:i=270:s2at=2:nicw=on:ss=axioms_286 on p for (286ds/270Mi)
% Refutation not found, incomplete strategy
% ------------------------------
% Version: Vampire 5.0.1 (Release build, commit 1b13eaf on 2026-01-18 12:14:50 +0000)
% Linked with Z3 4.14.0.0 3c47fd96cf5645d0c42b2c819d9e9a84380aa721 NOTFOUND
% CaDiCaL version: 2.1.3
% Termination reason: Refutation not found, incomplete strategy
% Time elapsed: 0.0000 s
% Peak memory usage: 12 MB
% ------------------------------
% ------------------------------
% WARNING Broken Constraint: if kbo_weight_scheme(precedence) has been set then term_ordering(lpo) is equal to kbo or term_ordering(lpo) is equal to auto_kbo
% dis-1011_1_to=lpo:sil=16000:tgt=full:prc=on:bsd=on:avsql=on:sp=unary_first:spb=intro:acc=on:fd=preordered:avsqc=1:random_seed=3773700162:st=4:avsq=on:i=960:avsqr=1,16:kws=precedence:bd=all:ins=10:ss=axioms_286 on p for (286ds/960Mi)
% Instruction limit reached! 
% ------------------------------
% Version: Vampire 5.0.1 (Release build, commit 1b13eaf on 2026-01-18 12:14:50 +0000)
% Linked with Z3 4.14.0.0 3c47fd96cf5645d0c42b2c819d9e9a84380aa721 NOTFOUND
% CaDiCaL version: 2.1.3
% Termination reason: Instruction limit
% Termination phase: Saturation
% Time elapsed: 0.186 s
% Peak memory usage: 20 MB
% Instructions burned: 961 (million)
% lrs+4_1_sfv=off:to=lpo:sil=16000:sos=all:random_seed=1235031636:i=183:av=off_284 on p for (284ds/183Mi)
% Refutation not found, incomplete strategy
% ------------------------------
% Version: Vampire 5.0.1 (Release build, commit 1b13eaf on 2026-01-18 12:14:50 +0000)
% Linked with Z3 4.14.0.0 3c47fd96cf5645d0c42b2c819d9e9a84380aa721 NOTFOUND
% CaDiCaL version: 2.1.3
% Termination reason: Refutation not found, incomplete strategy
% Time elapsed: 0.002 s
% Peak memory usage: 9 MB
% ------------------------------
% ------------------------------
% lrs+11_8_slsqr=4,1:to=lpo:sil=2000:erd=off:spb=goal:lsd=50:s2agt=8:slsqc=3:slsq=on:random_seed=3757583448:s2pl=on:i=137:sd=2:ep=R:nm=6:av=off:ss=axioms:sgt=8_284 on p for (284ds/137Mi)
% Refutation not found, incomplete strategy
% ------------------------------
% Version: Vampire 5.0.1 (Release build, commit 1b13eaf on 2026-01-18 12:14:50 +0000)
% Linked with Z3 4.14.0.0 3c47fd96cf5645d0c42b2c819d9e9a84380aa721 NOTFOUND
% CaDiCaL version: 2.1.3
% Termination reason: Refutation not found, incomplete strategy
% Time elapsed: 0.003 s
% Peak memory usage: 8 MB
% ------------------------------
% ------------------------------
% WARNING Broken Constraint: if kbo_weight_scheme(arity_squared) has been set then term_ordering(lpo) is equal to kbo or term_ordering(lpo) is equal to auto_kbo
% lrs+1010_14_to=lpo:sil=4000:tgt=full:plsq=on:plsqc=3:plsqr=1,64:erd=off:spb=goal_then_units:plsql=on:slsqc=3:slsq=on:random_seed=2262222023:i=274:s2at=3:sd=1:kws=arity_squared:gtg=exists_all:ss=axioms:fsd=on:sgt=16_284 on p for (284ds/274Mi)
% Instruction limit reached! 
% ------------------------------
% Version: Vampire 5.0.1 (Release build, commit 1b13eaf on 2026-01-18 12:14:50 +0000)
% Linked with Z3 4.14.0.0 3c47fd96cf5645d0c42b2c819d9e9a84380aa721 NOTFOUND
% CaDiCaL version: 2.1.3
% Termination reason: Instruction limit
% Termination phase: Saturation
% Time elapsed: 0.174 s
% Peak memory usage: 15 MB
% Instructions burned: 275 (million)
% lrs+34_16:1_anc=all_dependent:to=lpo:sil=2000:sp=unary_first:sos=on:urr=full:fd=off:sac=on:random_seed=1571336036:i=259:aac=none:bd=preordered:ss=axioms_282 on p for (282ds/259Mi)
% Refutation not found, incomplete strategy
% ------------------------------
% Version: Vampire 5.0.1 (Release build, commit 1b13eaf on 2026-01-18 12:14:50 +0000)
% Linked with Z3 4.14.0.0 3c47fd96cf5645d0c42b2c819d9e9a84380aa721 NOTFOUND
% CaDiCaL version: 2.1.3
% Termination reason: Refutation not found, incomplete strategy
% Time elapsed: 0.002 s
% Peak memory usage: 11 MB
% ------------------------------
% ------------------------------
% ott+10_1_to=lpo:sil=8000:drc=ordering:urr=on:br=off:random_seed=493248358:s2a=on:cond=on:i=1197:gtg=position:ss=axioms:sgt=8_282 on p for (282ds/1197Mi)
% Instruction limit reached! 
% ------------------------------
% Version: Vampire 5.0.1 (Release build, commit 1b13eaf on 2026-01-18 12:14:50 +0000)
% Linked with Z3 4.14.0.0 3c47fd96cf5645d0c42b2c819d9e9a84380aa721 NOTFOUND
% CaDiCaL version: 2.1.3
% Termination reason: Instruction limit
% Termination phase: Saturation
% Time elapsed: 0.304 s
% Peak memory usage: 24 MB
% Instructions burned: 1201 (million)
% lrs+22_32_to=lpo:sil=4000:plsq=on:rp=on:newcnf=on:random_seed=1527837696:st=2.5:s2a=on:i=132:sd=5:ss=included_279 on p for (279ds/132Mi)
% Instruction limit reached! 
% ------------------------------
% Version: Vampire 5.0.1 (Release build, commit 1b13eaf on 2026-01-18 12:14:50 +0000)
% Linked with Z3 4.14.0.0 3c47fd96cf5645d0c42b2c819d9e9a84380aa721 NOTFOUND
% CaDiCaL version: 2.1.3
% Termination reason: Instruction limit
% Termination phase: Saturation
% Time elapsed: 0.080 s
% Peak memory usage: 13 MB
% Instructions burned: 134 (million)
% dis-1011_1_anc=none:to=lpo:sil=4000:plsq=on:prc=on:plsqc=3:plsqr=2804223,1048576:fdtod=off:sp=reverse_frequency:sos=on:lsd=20:nwc=1:flr=on:random_seed=4016472079:st=3:cond=fast:prac=on:i=179:gtgl=2:bs=unit_only:ep=RS:nm=10:ins=25:amm=off:gtg=all:ss=included_278 on p for (278ds/179Mi)
% Refutation not found, incomplete strategy
% ------------------------------
% Version: Vampire 5.0.1 (Release build, commit 1b13eaf on 2026-01-18 12:14:50 +0000)
% Linked with Z3 4.14.0.0 3c47fd96cf5645d0c42b2c819d9e9a84380aa721 NOTFOUND
% CaDiCaL version: 2.1.3
% Termination reason: Refutation not found, incomplete strategy
% Time elapsed: 0.002 s
% Peak memory usage: 11 MB
% ------------------------------
% ------------------------------
% lrs+1002_16:1_to=lpo:sil=2000:sos=on:acc=on:urr=full:fd=off:newcnf=on:random_seed=1353490652:i=1517:sd=1:sup=off:ss=included_277 on p for (277ds/1517Mi)
% Refutation not found, incomplete strategy
% ------------------------------
% Version: Vampire 5.0.1 (Release build, commit 1b13eaf on 2026-01-18 12:14:50 +0000)
% Linked with Z3 4.14.0.0 3c47fd96cf5645d0c42b2c819d9e9a84380aa721 NOTFOUND
% CaDiCaL version: 2.1.3
% Termination reason: Refutation not found, incomplete strategy
% Time elapsed: 0.001 s
% Peak memory usage: 12 MB
% ------------------------------
% ------------------------------
% ott+11_1_slsqr=12,1:to=lpo:sil=4000:erd=off:spb=goal:urr=on:br=off:slsq=on:random_seed=3607140693:cts=off:i=159:slsql=off:nm=6:gsp=on_277 on p for (277ds/159Mi)
% Instruction limit reached! 
% ------------------------------
% Version: Vampire 5.0.1 (Release build, commit 1b13eaf on 2026-01-18 12:14:50 +0000)
% Linked with Z3 4.14.0.0 3c47fd96cf5645d0c42b2c819d9e9a84380aa721 NOTFOUND
% CaDiCaL version: 2.1.3
% Termination reason: Instruction limit
% Termination phase: Saturation
% Time elapsed: 0.039 s
% Peak memory usage: 13 MB
% Instructions burned: 168 (million)
% lrs-1011_1_to=lpo:sil=2000:random_seed=1838387536:st=5:avsq=on:i=175:avsqr=1,16:ep=R:ss=included_276 on p for (276ds/175Mi)
% Refutation not found, incomplete strategy
% ------------------------------
% Version: Vampire 5.0.1 (Release build, commit 1b13eaf on 2026-01-18 12:14:50 +0000)
% Linked with Z3 4.14.0.0 3c47fd96cf5645d0c42b2c819d9e9a84380aa721 NOTFOUND
% CaDiCaL version: 2.1.3
% Termination reason: Refutation not found, incomplete strategy
% Time elapsed: 0.001 s
% Peak memory usage: 11 MB
% ------------------------------
% ------------------------------
% WARNING Broken Constraint: if kbo_weight_scheme(frequency) has been set then term_ordering(lpo) is equal to kbo or term_ordering(lpo) is equal to auto_kbo
% lrs-1010_8_to=lpo:sil=4000:tgt=ground:drc=off:br=off:slsq=on:random_seed=891152401:i=176:kws=frequency:ss=axioms_275 on p for (275ds/176Mi)
% Refutation not found, incomplete strategy
% ------------------------------
% Version: Vampire 5.0.1 (Release build, commit 1b13eaf on 2026-01-18 12:14:50 +0000)
% Linked with Z3 4.14.0.0 3c47fd96cf5645d0c42b2c819d9e9a84380aa721 NOTFOUND
% CaDiCaL version: 2.1.3
% Termination reason: Refutation not found, incomplete strategy
% Time elapsed: 0.003 s
% Peak memory usage: 11 MB
% ------------------------------
% ------------------------------
% lrs+1011_3:1_to=lpo:sil=2000:plsq=on:plsqc=1:plsqr=64,1:sp=reverse_frequency:sos=on:fd=preordered:rp=on:random_seed=2027147404:i=574:aac=none:bd=all:ins=1_275 on p for (275ds/574Mi)
% Refutation not found, incomplete strategy
% ------------------------------
% Version: Vampire 5.0.1 (Release build, commit 1b13eaf on 2026-01-18 12:14:50 +0000)
% Linked with Z3 4.14.0.0 3c47fd96cf5645d0c42b2c819d9e9a84380aa721 NOTFOUND
% CaDiCaL version: 2.1.3
% Termination reason: Refutation not found, incomplete strategy
% Time elapsed: 0.001 s
% Peak memory usage: 11 MB
% ------------------------------
% ------------------------------
% dis+1010_7_anc=all_dependent:to=lpo:sil=64000:plsq=on:plsqr=8,1:sp=occurrence:sos=on:urr=ec_only:bsr=on:alpa=true:flr=on:slsq=on:random_seed=2126520211:avsq=on:cond=on:i=116:gtgl=5:avsqr=1,32:aac=none:amm=off:gtg=all:rawr=on_274 on p for (274ds/116Mi)
% Instruction limit reached! 
% ------------------------------
% Version: Vampire 5.0.1 (Release build, commit 1b13eaf on 2026-01-18 12:14:50 +0000)
% Linked with Z3 4.14.0.0 3c47fd96cf5645d0c42b2c819d9e9a84380aa721 NOTFOUND
% CaDiCaL version: 2.1.3
% Termination reason: Instruction limit
% Termination phase: Saturation
% Time elapsed: 0.035 s
% Peak memory usage: 12 MB
% Instructions burned: 118 (million)
% lrs+10_1_to=lpo:sil=4000:plsq=on:s2agt=16:slsqc=1:slsq=on:random_seed=147886897:st=5:s2a=on:i=879:sd=3:av=off:gtg=exists_top:ss=axioms_274 on p for (274ds/879Mi)
% Instruction limit reached! 
% ------------------------------
% Version: Vampire 5.0.1 (Release build, commit 1b13eaf on 2026-01-18 12:14:50 +0000)
% Linked with Z3 4.14.0.0 3c47fd96cf5645d0c42b2c819d9e9a84380aa721 NOTFOUND
% CaDiCaL version: 2.1.3
% Termination reason: Instruction limit
% Termination phase: Saturation
% Time elapsed: 0.386 s
% Peak memory usage: 22 MB
% Instructions burned: 888 (million)
% dis+10_3:10_to=lpo:sil=32000:flr=on:sac=on:random_seed=1645485048:i=382:ep=RST_270 on p for (270ds/382Mi)
% Instruction limit reached! 
% ------------------------------
% Version: Vampire 5.0.1 (Release build, commit 1b13eaf on 2026-01-18 12:14:50 +0000)
% Linked with Z3 4.14.0.0 3c47fd96cf5645d0c42b2c819d9e9a84380aa721 NOTFOUND
% CaDiCaL version: 2.1.3
% Termination reason: Instruction limit
% Termination phase: Saturation
% Time elapsed: 0.092 s
% Peak memory usage: 36 MB
% Instructions burned: 402 (million)
% WARNING Broken Constraint: if kbo_weight_scheme(precedence) has been set then term_ordering(lpo) is equal to kbo or term_ordering(lpo) is equal to auto_kbo
% lrs+1011_8:1_to=lpo:sil=4000:plsq=on:plsqc=3:plsqr=32,1:sp=reverse_arity:erd=off:lcm=reverse:acc=on:flr=on:slsq=on:random_seed=3596639006:s2a=on:i=178:kws=precedence:ep=RS:nm=32_269 on p for (269ds/178Mi)
% Refutation not found, incomplete strategy
% ------------------------------
% Version: Vampire 5.0.1 (Release build, commit 1b13eaf on 2026-01-18 12:14:50 +0000)
% Linked with Z3 4.14.0.0 3c47fd96cf5645d0c42b2c819d9e9a84380aa721 NOTFOUND
% CaDiCaL version: 2.1.3
% Termination reason: Refutation not found, incomplete strategy
% Time elapsed: 0.0000 s
% Peak memory usage: 12 MB
% ------------------------------
% ------------------------------
% Aborted by signal SIGSEGV on /tmp/tmpq8qyjbsa/p.p
% ------------------------------
% Version: Vampire 5.0.1 (Release build, commit 1b13eaf on 2026-01-18 12:14:50 +0000)
% Linked with Z3 4.14.0.0 3c47fd96cf5645d0c42b2c819d9e9a84380aa721 NOTFOUND
% CaDiCaL version: 2.1.3
% Termination reason: Refutation not found, incomplete strategy
% Time elapsed: 0.001 s
% Peak memory usage: 12 MB
% dis-1004_1024_slsqr=1,4:to=lpo:sil=128000:tgt=ground:irw=on:erd=off:spb=goal:bsr=on:rnwc=on:nwc=0.5:slsq=on:random_seed=517173133:st=1.5:i=120:doe=on:bs=unit_only:ins=7:av=off:ss=axioms_268 on p for (268ds/120Mi)
% Refutation not found, incomplete strategy
% ------------------------------
% Version: Vampire 5.0.1 (Release build, commit 1b13eaf on 2026-01-18 12:14:50 +0000)
% Linked with Z3 4.14.0.0 3c47fd96cf5645d0c42b2c819d9e9a84380aa721 NOTFOUND
% CaDiCaL version: 2.1.3
% Termination reason: Refutation not found, incomplete strategy
% Time elapsed: 0.001 s
% Peak memory usage: 8 MB
% ------------------------------
% ------------------------------
% WARNING Broken Constraint: if kbo_max_zero(on) has been set then term_ordering(lpo) is equal to kbo or term_ordering(lpo) is equal to auto_kbo
% lrs-1011_12_anc=all:to=lpo:sil=16000:plsq=on:fde=none:plsqc=2:plsqr=1,32:sp=unary_frequency:fs=off:spb=goal:bsr=unit_only:plsql=on:gs=on:nwc=2:kmz=on:sac=on:slsq=on:random_seed=4212499359:st=5:avsq=on:i=141:sd=1:fsr=off:gtg=exists_sym:ss=axioms:fsd=on_268 on p for (268ds/141Mi)
% Instruction limit reached! 
% ------------------------------
% Version: Vampire 5.0.1 (Release build, commit 1b13eaf on 2026-01-18 12:14:50 +0000)
% Linked with Z3 4.14.0.0 3c47fd96cf5645d0c42b2c819d9e9a84380aa721 NOTFOUND
% CaDiCaL version: 2.1.3
% Termination reason: Instruction limit
% Termination phase: Saturation
% Time elapsed: 0.021 s
% Peak memory usage: 13 MB
% Instructions burned: 149 (million)
% lrs-1010_128_to=lpo:sil=4000:rp=on:nwc=0.6:alpa=false:random_seed=2665078981:i=625:aac=none:nm=2:gsp=on_268 on p for (268ds/625Mi)
% Instruction limit reached! 
% ------------------------------
% Version: Vampire 5.0.1 (Release build, commit 1b13eaf on 2026-01-18 12:14:50 +0000)
% Linked with Z3 4.14.0.0 3c47fd96cf5645d0c42b2c819d9e9a84380aa721 NOTFOUND
% CaDiCaL version: 2.1.3
% Termination reason: Instruction limit
% Termination phase: Saturation
% Time elapsed: 0.206 s
% Peak memory usage: 17 MB
% Instructions burned: 626 (million)
% dis+1010_1024_to=lpo:sil=4000:tgt=ground:sp=reverse_frequency:random_seed=4163215305:i=292:nm=16:av=off:ss=axioms_265 on p for (265ds/292Mi)
% Refutation not found, incomplete strategy
% ------------------------------
% Version: Vampire 5.0.1 (Release build, commit 1b13eaf on 2026-01-18 12:14:50 +0000)
% Linked with Z3 4.14.0.0 3c47fd96cf5645d0c42b2c819d9e9a84380aa721 NOTFOUND
% CaDiCaL version: 2.1.3
% Termination reason: Refutation not found, incomplete strategy
% Time elapsed: 0.0000 s
% Peak memory usage: 9 MB
% ------------------------------
% ------------------------------
% lrs-1010_4_to=lpo:sil=4000:fde=unused:sp=reverse_frequency:sos=on:erd=off:fs=off:fd=off:sac=on:random_seed=2545461536:i=324:aac=none:fsr=off_265 on p for (265ds/324Mi)
% Refutation not found, incomplete strategy
% ------------------------------
% Version: Vampire 5.0.1 (Release build, commit 1b13eaf on 2026-01-18 12:14:50 +0000)
% Linked with Z3 4.14.0.0 3c47fd96cf5645d0c42b2c819d9e9a84380aa721 NOTFOUND
% CaDiCaL version: 2.1.3
% Termination reason: Refutation not found, incomplete strategy
% Time elapsed: 0.0000 s
% Peak memory usage: 11 MB
% ------------------------------
% ------------------------------
% dis+1011_32_anc=all:to=lpo:sil=16000:drc=off:sp=reverse_frequency:fs=off:fd=preordered:sac=on:random_seed=4216804303:avsq=on:i=168:add=on:nicw=on:bd=preordered:fsr=off_265 on p for (265ds/168Mi)
% Instruction limit reached! 
% ------------------------------
% Version: Vampire 5.0.1 (Release build, commit 1b13eaf on 2026-01-18 12:14:50 +0000)
% Linked with Z3 4.14.0.0 3c47fd96cf5645d0c42b2c819d9e9a84380aa721 NOTFOUND
% CaDiCaL version: 2.1.3
% Termination reason: Instruction limit
% Termination phase: Saturation
% Time elapsed: 0.037 s
% Peak memory usage: 13 MB
% Instructions burned: 176 (million)
% dis-1011_10_to=lpo:sil=2000:tgt=ground:plsq=on:lsd=10:nwc=5:s2agt=64:random_seed=2913954942:s2a=on:i=123:av=off:ss=axioms:sgt=20_264 on p for (264ds/123Mi)
% Instruction limit reached! 
% ------------------------------
% Version: Vampire 5.0.1 (Release build, commit 1b13eaf on 2026-01-18 12:14:50 +0000)
% Linked with Z3 4.14.0.0 3c47fd96cf5645d0c42b2c819d9e9a84380aa721 NOTFOUND
% CaDiCaL version: 2.1.3
% Termination reason: Instruction limit
% Termination phase: Saturation
% Time elapsed: 0.030 s
% Peak memory usage: 12 MB
% Instructions burned: 128 (million)
% dis-1011_1_to=lpo:sil=2000:plsq=on:drc=off:fde=none:bsd=on:plsqr=1,2:sp=weighted_frequency:lma=off:bce=on:rp=on:nwc=20:random_seed=3645048632:st=10:i=123:doe=on:bs=unit_only:av=off:ss=included:er=filter:sgt=88_264 on p for (264ds/123Mi)
% Instruction limit reached! 
% ------------------------------
% Version: Vampire 5.0.1 (Release build, commit 1b13eaf on 2026-01-18 12:14:50 +0000)
% Linked with Z3 4.14.0.0 3c47fd96cf5645d0c42b2c819d9e9a84380aa721 NOTFOUND
% CaDiCaL version: 2.1.3
% Termination reason: Instruction limit
% Termination phase: Saturation
% Time elapsed: 0.029 s
% Peak memory usage: 12 MB
% Instructions burned: 123 (million)
% WARNING Broken Constraint: if kbo_weight_scheme(arity_squared) has been set then term_ordering(lpo) is equal to kbo or term_ordering(lpo) is equal to auto_kbo
% dis+11_4_to=lpo:sil=4000:prc=on:fd=preordered:random_seed=3356805155:i=1091:kws=arity_squared:av=off_263 on p for (263ds/1091Mi)
% Instruction limit reached! 
% ------------------------------
% Version: Vampire 5.0.1 (Release build, commit 1b13eaf on 2026-01-18 12:14:50 +0000)
% Linked with Z3 4.14.0.0 3c47fd96cf5645d0c42b2c819d9e9a84380aa721 NOTFOUND
% CaDiCaL version: 2.1.3
% Termination reason: Instruction limit
% Termination phase: Saturation
% Time elapsed: 0.393 s
% Peak memory usage: 24 MB
% Instructions burned: 1093 (million)
% lrs+1002_1_to=lpo:sil=2000:sos=on:random_seed=273682189:i=1674:sd=3:ss=axioms:sgt=16_259 on p for (259ds/1674Mi)
% Refutation not found, incomplete strategy
% ------------------------------
% Version: Vampire 5.0.1 (Release build, commit 1b13eaf on 2026-01-18 12:14:50 +0000)
% Linked with Z3 4.14.0.0 3c47fd96cf5645d0c42b2c819d9e9a84380aa721 NOTFOUND
% CaDiCaL version: 2.1.3
% Termination reason: Refutation not found, incomplete strategy
% Time elapsed: 0.0000 s
% Peak memory usage: 11 MB
% ------------------------------
% ------------------------------
% dis+10_1_to=lpo:sil=4000:lcm=reverse:urr=ec_only:gs=on:br=off:random_seed=3552066326:cts=off:i=340:nm=0:av=off:fsr=off_259 on p for (259ds/340Mi)
% Instruction limit reached! 
% ------------------------------
% Version: Vampire 5.0.1 (Release build, commit 1b13eaf on 2026-01-18 12:14:50 +0000)
% Linked with Z3 4.14.0.0 3c47fd96cf5645d0c42b2c819d9e9a84380aa721 NOTFOUND
% CaDiCaL version: 2.1.3
% Termination reason: Instruction limit
% Termination phase: Saturation
% Time elapsed: 0.059 s
% Peak memory usage: 14 MB
% Instructions burned: 346 (million)
% lrs+1002_5:4_to=lpo:sil=4000:plsq=on:sims=off:plsqr=256,1:sp=const_frequency:sos=on:fs=off:acc=on:fd=off:s2agt=32:random_seed=1093357815:s2a=on:i=124:aac=none:fsr=off_258 on p for (258ds/124Mi)
% Refutation not found, incomplete strategy
% ------------------------------
% Version: Vampire 5.0.1 (Release build, commit 1b13eaf on 2026-01-18 12:14:50 +0000)
% Linked with Z3 4.14.0.0 3c47fd96cf5645d0c42b2c819d9e9a84380aa721 NOTFOUND
% CaDiCaL version: 2.1.3
% Termination reason: Refutation not found, incomplete strategy
% Time elapsed: 0.001 s
% Peak memory usage: 12 MB
% ------------------------------
% ------------------------------
% lrs-1004_1024_to=lpo:sil=2000:tgt=ground:sos=on:newcnf=on:random_seed=1116228823:i=125:sd=1:aac=none:fsr=off:gtg=position:ss=axioms_258 on p for (258ds/125Mi)
% Refutation not found, incomplete strategy
% ------------------------------
% Version: Vampire 5.0.1 (Release build, commit 1b13eaf on 2026-01-18 12:14:50 +0000)
% Linked with Z3 4.14.0.0 3c47fd96cf5645d0c42b2c819d9e9a84380aa721 NOTFOUND
% CaDiCaL version: 2.1.3
% Termination reason: Refutation not found, incomplete strategy
% Time elapsed: 0.0000 s
% Peak memory usage: 11 MB
% ------------------------------
% ------------------------------
% lrs+11_1_to=lpo:sil=2000:random_seed=1682635998:i=328:sd=2:ep=RS:nm=0:av=off:ss=included_258 on p for (258ds/328Mi)
% Refutation not found, incomplete strategy
% ------------------------------
% Version: Vampire 5.0.1 (Release build, commit 1b13eaf on 2026-01-18 12:14:50 +0000)
% Linked with Z3 4.14.0.0 3c47fd96cf5645d0c42b2c819d9e9a84380aa721 NOTFOUND
% CaDiCaL version: 2.1.3
% Termination reason: Refutation not found, incomplete strategy
% Time elapsed: 0.0000 s
% Peak memory usage: 9 MB
% ------------------------------
% ------------------------------
% lrs+1010_1_to=lpo:sil=4000:fde=unused:sos=on:urr=ec_only:sac=on:random_seed=1970268120:i=2032:gtgl=3:sd=2:gtg=exists_all:ss=axioms_258 on p for (258ds/2032Mi)
% Instruction limit reached! 
% ------------------------------
% Version: Vampire 5.0.1 (Release build, commit 1b13eaf on 2026-01-18 12:14:50 +0000)
% Linked with Z3 4.14.0.0 3c47fd96cf5645d0c42b2c819d9e9a84380aa721 NOTFOUND
% CaDiCaL version: 2.1.3
% Termination reason: Instruction limit
% Termination phase: Saturation
% Time elapsed: 0.346 s
% Peak memory usage: 32 MB
% Instructions burned: 2094 (million)
% dis-1010_2:3_sfv=off:to=lpo:sil=2000:fde=unused:sp=reverse_frequency:flr=on:random_seed=41433982:st=9:i=237:av=off:ss=axioms_254 on p for (254ds/237Mi)
% Instruction limit reached! 
% ------------------------------
% Version: Vampire 5.0.1 (Release build, commit 1b13eaf on 2026-01-18 12:14:50 +0000)
% Linked with Z3 4.14.0.0 3c47fd96cf5645d0c42b2c819d9e9a84380aa721 NOTFOUND
% CaDiCaL version: 2.1.3
% Termination reason: Instruction limit
% Termination phase: Saturation
% Time elapsed: 0.045 s
% Peak memory usage: 13 MB
% Instructions burned: 307 (million)
% dis+10_1_to=lpo:sil=4000:plsq=on:plsqc=1:plsqr=32,1:random_seed=1521491117:st=2:i=185:sd=1:bd=all:sup=off:ss=axioms_254 on p for (254ds/185Mi)
% Refutation not found, incomplete strategy
% ------------------------------
% Version: Vampire 5.0.1 (Release build, commit 1b13eaf on 2026-01-18 12:14:50 +0000)
% Linked with Z3 4.14.0.0 3c47fd96cf5645d0c42b2c819d9e9a84380aa721 NOTFOUND
% CaDiCaL version: 2.1.3
% Termination reason: Refutation not found, incomplete strategy
% Time elapsed: 0.0000 s
% Peak memory usage: 11 MB
% ------------------------------
% ------------------------------
% dis-1011_128_to=lpo:sil=16000:urr=on:bce=on:fd=off:random_seed=301671177:i=187:av=off:fsr=off_254 on p for (254ds/187Mi)
% Instruction limit reached! 
% ------------------------------
% Version: Vampire 5.0.1 (Release build, commit 1b13eaf on 2026-01-18 12:14:50 +0000)
% Linked with Z3 4.14.0.0 3c47fd96cf5645d0c42b2c819d9e9a84380aa721 NOTFOUND
% CaDiCaL version: 2.1.3
% Termination reason: Instruction limit
% Termination phase: Saturation
% Time elapsed: 0.106 s
% Peak memory usage: 12 MB
% Instructions burned: 193 (million)
% WARNING Broken Constraint: if kbo_weight_scheme(inv_precedence) has been set then term_ordering(lpo) is equal to kbo or term_ordering(lpo) is equal to auto_kbo
% dis+1011_93_to=lpo:sil=16000:tgt=ground:spb=goal_then_units:lsd=100:nwc=1.2:lftc=20:random_seed=4016646302:i=1283:kws=inv_precedence:bs=on:av=off_253 on p for (253ds/1283Mi)
% Instruction limit reached! 
% ------------------------------
% Version: Vampire 5.0.1 (Release build, commit 1b13eaf on 2026-01-18 12:14:50 +0000)
% Linked with Z3 4.14.0.0 3c47fd96cf5645d0c42b2c819d9e9a84380aa721 NOTFOUND
% CaDiCaL version: 2.1.3
% Termination reason: Instruction limit
% Termination phase: Saturation
% Time elapsed: 0.260 s
% Peak memory usage: 20 MB
% Instructions burned: 1289 (million)
% dis+1010_16_to=lpo:sil=4000:fde=none:sos=on:spb=non_intro:random_seed=3700382784:st=1.8:i=311:sd=1:aac=none:gtg=exists_top:ss=axioms_250 on p for (250ds/311Mi)
% Refutation not found, incomplete strategy
% ------------------------------
% Version: Vampire 5.0.1 (Release build, commit 1b13eaf on 2026-01-18 12:14:50 +0000)
% Linked with Z3 4.14.0.0 3c47fd96cf5645d0c42b2c819d9e9a84380aa721 NOTFOUND
% CaDiCaL version: 2.1.3
% Termination reason: Refutation not found, incomplete strategy
% Time elapsed: 0.0000 s
% Peak memory usage: 11 MB
% ------------------------------
% ------------------------------
% dis+10_1_sfv=off:to=lpo:sil=4000:plsq=on:fde=none:plsqc=1:avsql=on:plsqr=10,1:sos=all:lma=off:acc=on:avsqc=3:random_seed=2899000979:avsq=on:i=161:aac=none_250 on p for (250ds/161Mi)
% Refutation not found, incomplete strategy
% ------------------------------
% Version: Vampire 5.0.1 (Release build, commit 1b13eaf on 2026-01-18 12:14:50 +0000)
% Linked with Z3 4.14.0.0 3c47fd96cf5645d0c42b2c819d9e9a84380aa721 NOTFOUND
% CaDiCaL version: 2.1.3
% Termination reason: Refutation not found, incomplete strategy
% Time elapsed: 0.0000 s
% Peak memory usage: 12 MB
% ------------------------------
% ------------------------------
% WARNING Broken Constraint: if kbo_weight_scheme(frequency) has been set then term_ordering(lpo) is equal to kbo or term_ordering(lpo) is equal to auto_kbo
% lrs+11_1024_to=lpo:sil=4000:plsq=on:plsqc=1:plsqr=64,1:fs=off:lsd=100:alpa=true:random_seed=2414615179:i=192:kws=frequency:nm=7:fsr=off_250 on p for (250ds/192Mi)
% Instruction limit reached! 
% ------------------------------
% Version: Vampire 5.0.1 (Release build, commit 1b13eaf on 2026-01-18 12:14:50 +0000)
% Linked with Z3 4.14.0.0 3c47fd96cf5645d0c42b2c819d9e9a84380aa721 NOTFOUND
% CaDiCaL version: 2.1.3
% Termination reason: Instruction limit
% Termination phase: Saturation
% Time elapsed: 0.069 s
% Peak memory usage: 12 MB
% Instructions burned: 192 (million)
% dis-1010_4096_to=lpo:sil=64000:sp=occurrence:erd=off:newcnf=on:random_seed=3699108907:st=-1:i=2238:gtgl=4:sd=1:av=off:gtg=exists_sym:ss=included_249 on p for (249ds/2238Mi)
% Instruction limit reached! 
% ------------------------------
% Version: Vampire 5.0.1 (Release build, commit 1b13eaf on 2026-01-18 12:14:50 +0000)
% Linked with Z3 4.14.0.0 3c47fd96cf5645d0c42b2c819d9e9a84380aa721 NOTFOUND
% CaDiCaL version: 2.1.3
% Termination reason: Instruction limit
% Termination phase: Saturation
% Time elapsed: 0.355 s
% Peak memory usage: 23 MB
% Instructions burned: 2240 (million)
% dis+10_4_sfv=off:to=lpo:sil=4000:random_seed=2495354571:s2pl=no:i=224:sd=1:nm=16:ss=axioms:er=filter:sgt=4_245 on p for (245ds/224Mi)
% Instruction limit reached! 
% ------------------------------
% Version: Vampire 5.0.1 (Release build, commit 1b13eaf on 2026-01-18 12:14:50 +0000)
% Linked with Z3 4.14.0.0 3c47fd96cf5645d0c42b2c819d9e9a84380aa721 NOTFOUND
% CaDiCaL version: 2.1.3
% Termination reason: Instruction limit
% Termination phase: Saturation
% Time elapsed: 0.063 s
% Peak memory usage: 13 MB
% Instructions burned: 237 (million)
% lrs+1011_8:1_to=lpo:sil=2000:plsq=on:plsqc=1:plsqr=10,1:sos=on:lsd=1:urr=on:bsr=unit_only:rp=on:alpa=false:updr=off:sac=on:newcnf=on:slsq=on:random_seed=413026222:cts=off:avsq=on:s2a=on:i=292:avsqr=1,16:sd=3:slsql=off:bd=preordered:nm=4:gsp=on:sup=off:ss=included:sgt=8:rawr=on_244 on p for (244ds/292Mi)
% Refutation not found, incomplete strategy
% ------------------------------
% Version: Vampire 5.0.1 (Release build, commit 1b13eaf on 2026-01-18 12:14:50 +0000)
% Linked with Z3 4.14.0.0 3c47fd96cf5645d0c42b2c819d9e9a84380aa721 NOTFOUND
% CaDiCaL version: 2.1.3
% Termination reason: Refutation not found, incomplete strategy
% Time elapsed: 0.001 s
% Peak memory usage: 11 MB
% ------------------------------
% ------------------------------
% lrs+2_64_to=lpo:sil=4000:sas=cadical:sos=on:spb=goal:sac=on:random_seed=3140446846:st=1.5:i=165:aac=none:ss=included_244 on p for (244ds/165Mi)
% Refutation not found, incomplete strategy
% ------------------------------
% Version: Vampire 5.0.1 (Release build, commit 1b13eaf on 2026-01-18 12:14:50 +0000)
% Linked with Z3 4.14.0.0 3c47fd96cf5645d0c42b2c819d9e9a84380aa721 NOTFOUND
% CaDiCaL version: 2.1.3
% Termination reason: Refutation not found, incomplete strategy
% Time elapsed: 0.002 s
% Peak memory usage: 12 MB
% ------------------------------
% ------------------------------
% dis+1011_12:1_to=lpo:sil=32000:plsq=on:plsqc=2:plsqr=32,1:sos=on:fs=off:lsd=20:bsr=unit_only:fd=off:random_seed=3386127932:s2a=on:i=167:nm=16:fsr=off:amm=off_244 on p for (244ds/167Mi)
% Refutation not found, incomplete strategy
% ------------------------------
% Version: Vampire 5.0.1 (Release build, commit 1b13eaf on 2026-01-18 12:14:50 +0000)
% Linked with Z3 4.14.0.0 3c47fd96cf5645d0c42b2c819d9e9a84380aa721 NOTFOUND
% CaDiCaL version: 2.1.3
% Termination reason: Refutation not found, incomplete strategy
% Time elapsed: 0.0000 s
% Peak memory usage: 11 MB
% ------------------------------
% ------------------------------
% lrs+1010_2:1_to=lpo:sil=16000:spb=goal:slsq=on:random_seed=4074195589:i=170:ins=10:av=off:fsd=on_243 on p for (243ds/170Mi)
% Instruction limit reached! 
% ------------------------------
% Version: Vampire 5.0.1 (Release build, commit 1b13eaf on 2026-01-18 12:14:50 +0000)
% Linked with Z3 4.14.0.0 3c47fd96cf5645d0c42b2c819d9e9a84380aa721 NOTFOUND
% CaDiCaL version: 2.1.3
% Termination reason: Instruction limit
% Termination phase: Saturation
% Time elapsed: 0.117 s
% Peak memory usage: 14 MB
% Instructions burned: 173 (million)
% WARNING Broken Constraint: if kbo_weight_scheme(inv_arity) has been set then term_ordering(lpo) is equal to kbo or term_ordering(lpo) is equal to auto_kbo
% ott+1002_10_sfv=off:to=lpo:sil=4000:tgt=full:nwc=1:newcnf=on:random_seed=1725332881:i=178:kws=inv_arity:bd=preordered:fsd=on_242 on p for (242ds/178Mi)
% Instruction limit reached! 
% ------------------------------
% Version: Vampire 5.0.1 (Release build, commit 1b13eaf on 2026-01-18 12:14:50 +0000)
% Linked with Z3 4.14.0.0 3c47fd96cf5645d0c42b2c819d9e9a84380aa721 NOTFOUND
% CaDiCaL version: 2.1.3
% Termination reason: Instruction limit
% Termination phase: Saturation
% Time elapsed: 0.041 s
% Peak memory usage: 13 MB
% Instructions burned: 180 (million)
% lrs+1004_1_to=lpo:sil=2000:sp=occurrence:sos=all:erd=off:random_seed=3819818584:i=218:aac=none:ep=RS_242 on p for (242ds/218Mi)
% Refutation not found, incomplete strategy
% ------------------------------
% Version: Vampire 5.0.1 (Release build, commit 1b13eaf on 2026-01-18 12:14:50 +0000)
% Linked with Z3 4.14.0.0 3c47fd96cf5645d0c42b2c819d9e9a84380aa721 NOTFOUND
% CaDiCaL version: 2.1.3
% Termination reason: Refutation not found, incomplete strategy
% Time elapsed: 0.001 s
% Peak memory usage: 11 MB
% ------------------------------
% ------------------------------
% lrs-1011_1_to=lpo:sil=2000:sos=on:random_seed=1486721763:i=2073:sd=1:ss=axioms:sgt=64_241 on p for (241ds/2073Mi)
% Refutation not found, incomplete strategy
% ------------------------------
% Version: Vampire 5.0.1 (Release build, commit 1b13eaf on 2026-01-18 12:14:50 +0000)
% Linked with Z3 4.14.0.0 3c47fd96cf5645d0c42b2c819d9e9a84380aa721 NOTFOUND
% CaDiCaL version: 2.1.3
% Termination reason: Refutation not found, incomplete strategy
% Time elapsed: 0.001 s
% Peak memory usage: 11 MB
% ------------------------------
% ------------------------------
% dis+1011_1_to=lpo:sil=4000:plsq=on:plsqc=2:plsqr=64,1:sos=on:lsd=1:alpa=false:random_seed=1645021305:avsq=on:i=140:avsqr=1,16:aac=none:ep=RS:nm=4:gsp=on_240 on p for (240ds/140Mi)
% Refutation not found, incomplete strategy
% ------------------------------
% Version: Vampire 5.0.1 (Release build, commit 1b13eaf on 2026-01-18 12:14:50 +0000)
% Linked with Z3 4.14.0.0 3c47fd96cf5645d0c42b2c819d9e9a84380aa721 NOTFOUND
% CaDiCaL version: 2.1.3
% Termination reason: Refutation not found, incomplete strategy
% Time elapsed: 0.001 s
% Peak memory usage: 11 MB
% ------------------------------
% ------------------------------
% lrs+11_1_sfv=off:to=lpo:sil=2000:plsq=on:plsqc=1:bsd=on:plsqr=128,1:sos=all:newcnf=on:random_seed=3444625907:s2pl=on:i=142:sd=1:ss=axioms:fsd=on:sgt=32_240 on p for (240ds/142Mi)
% Refutation not found, incomplete strategy
% ------------------------------
% Version: Vampire 5.0.1 (Release build, commit 1b13eaf on 2026-01-18 12:14:50 +0000)
% Linked with Z3 4.14.0.0 3c47fd96cf5645d0c42b2c819d9e9a84380aa721 NOTFOUND
% CaDiCaL version: 2.1.3
% Termination reason: Refutation not found, incomplete strategy
% Time elapsed: 0.013 s
% Peak memory usage: 11 MB
% ------------------------------
% ------------------------------
% dis-1010_1_to=lpo:sil=4000:random_seed=2477219437:i=184:sd=1:ep=RS:nm=2:av=off:ss=axioms_239 on p for (239ds/184Mi)
% Refutation not found, incomplete strategy
% ------------------------------
% Version: Vampire 5.0.1 (Release build, commit 1b13eaf on 2026-01-18 12:14:50 +0000)
% Linked with Z3 4.14.0.0 3c47fd96cf5645d0c42b2c819d9e9a84380aa721 NOTFOUND
% CaDiCaL version: 2.1.3
% Termination reason: Refutation not found, incomplete strategy
% Time elapsed: 0.004 s
% Peak memory usage: 9 MB
% ------------------------------
% ------------------------------
% lrs+3_11:1_to=lpo:sil=4000:plsq=on:erd=off:urr=on:br=off:random_seed=2163962970:s2a=on:i=142:s2at=7:sd=1:ep=RS:ss=axioms:sgt=16_239 on p for (239ds/142Mi)
% Refutation not found, incomplete strategy
% ------------------------------
% Version: Vampire 5.0.1 (Release build, commit 1b13eaf on 2026-01-18 12:14:50 +0000)
% Linked with Z3 4.14.0.0 3c47fd96cf5645d0c42b2c819d9e9a84380aa721 NOTFOUND
% CaDiCaL version: 2.1.3
% Termination reason: Refutation not found, incomplete strategy
% Time elapsed: 0.0000 s
% Peak memory usage: 11 MB
% ------------------------------
% ------------------------------
% lrs-1010_1_to=lpo:sil=4000:fde=none:sos=on:erd=off:random_seed=1040455173:cts=off:i=278:sd=1:av=off:ss=included_239 on p for (239ds/278Mi)
% Refutation not found, incomplete strategy
% ------------------------------
% Version: Vampire 5.0.1 (Release build, commit 1b13eaf on 2026-01-18 12:14:50 +0000)
% Linked with Z3 4.14.0.0 3c47fd96cf5645d0c42b2c819d9e9a84380aa721 NOTFOUND
% CaDiCaL version: 2.1.3
% Termination reason: Refutation not found, incomplete strategy
% Time elapsed: 0.001 s
% Peak memory usage: 8 MB
% ------------------------------
% ------------------------------
% ott-1010_32:1_to=lpo:sil=2000:sp=arity:sos=all:s2agt=16:random_seed=2310269087:st=2:s2a=on:cond=fast:i=194:av=off:gsp=on:ss=axioms_238 on p for (238ds/194Mi)
% Refutation not found, incomplete strategy
% ------------------------------
% Version: Vampire 5.0.1 (Release build, commit 1b13eaf on 2026-01-18 12:14:50 +0000)
% Linked with Z3 4.14.0.0 3c47fd96cf5645d0c42b2c819d9e9a84380aa721 NOTFOUND
% CaDiCaL version: 2.1.3
% Termination reason: Refutation not found, incomplete strategy
% Time elapsed: 0.0000 s
% Peak memory usage: 8 MB
% ------------------------------
% ------------------------------
% dis+10_1_sfv=off:slsqr=1,2:to=lpo:sil=2000:tgt=full:urr=on:br=off:flr=on:slsq=on:random_seed=2808287399:st=2:i=292:sd=2:slsql=off:nm=0:ins=20:gsp=on:ss=axioms:fsd=on_238 on p for (238ds/292Mi)
% Instruction limit reached! 
% ------------------------------
% Version: Vampire 5.0.1 (Release build, commit 1b13eaf on 2026-01-18 12:14:50 +0000)
% Linked with Z3 4.14.0.0 3c47fd96cf5645d0c42b2c819d9e9a84380aa721 NOTFOUND
% CaDiCaL version: 2.1.3
% Termination reason: Instruction limit
% Termination phase: Saturation
% Time elapsed: 0.049 s
% Peak memory usage: 13 MB
% Instructions burned: 298 (million)
% lrs+10_1_to=lpo:sil=4000:plsq=on:plsqc=1:plsqr=64,1:etr=on:sp=const_min:sos=on:spb=goal_then_units:br=off:sac=on:random_seed=116203886:i=196:nm=0_237 on p for (237ds/196Mi)
% Refutation not found, incomplete strategy
% ------------------------------
% Version: Vampire 5.0.1 (Release build, commit 1b13eaf on 2026-01-18 12:14:50 +0000)
% Linked with Z3 4.14.0.0 3c47fd96cf5645d0c42b2c819d9e9a84380aa721 NOTFOUND
% CaDiCaL version: 2.1.3
% Termination reason: Refutation not found, incomplete strategy
% Time elapsed: 0.001 s
% Peak memory usage: 11 MB
% ------------------------------
% ------------------------------
% lrs+1010_6:1_to=lpo:sil=32000:plsq=on:plsqr=128,1:sos=on:urr=on:plsql=on:flr=on:newcnf=on:lwlo=on:random_seed=1966693139:lrd=on:s2pl=on:i=148:ep=RS_237 on p for (237ds/148Mi)
% Refutation not found, incomplete strategy
% ------------------------------
% Version: Vampire 5.0.1 (Release build, commit 1b13eaf on 2026-01-18 12:14:50 +0000)
% Linked with Z3 4.14.0.0 3c47fd96cf5645d0c42b2c819d9e9a84380aa721 NOTFOUND
% CaDiCaL version: 2.1.3
% Termination reason: Refutation not found, incomplete strategy
% Time elapsed: 0.002 s
% Peak memory usage: 11 MB
% ------------------------------
% ------------------------------
% dis+10_1_slsqr=4,1:to=lpo:sil=8000:urr=ec_only:br=off:slsqc=2:slsq=on:random_seed=842913593:s2a=on:i=148:s2at=2:ins=1:gtg=position:fsd=on_236 on p for (236ds/148Mi)
% Instruction limit reached! 
% ------------------------------
% Version: Vampire 5.0.1 (Release build, commit 1b13eaf on 2026-01-18 12:14:50 +0000)
% Linked with Z3 4.14.0.0 3c47fd96cf5645d0c42b2c819d9e9a84380aa721 NOTFOUND
% CaDiCaL version: 2.1.3
% Termination reason: Instruction limit
% Termination phase: Saturation
% Time elapsed: 0.112 s
% Peak memory usage: 12 MB
% Instructions burned: 151 (million)
% lrs+10_1_to=lpo:sil=16000:irw=on:sos=all:spb=goal:acc=on:urr=on:br=off:newcnf=on:random_seed=4291281542:s2a=on:i=148:bd=preordered:nm=6:ins=10_235 on p for (235ds/148Mi)
% Refutation not found, incomplete strategy
% ------------------------------
% Version: Vampire 5.0.1 (Release build, commit 1b13eaf on 2026-01-18 12:14:50 +0000)
% Linked with Z3 4.14.0.0 3c47fd96cf5645d0c42b2c819d9e9a84380aa721 NOTFOUND
% CaDiCaL version: 2.1.3
% Termination reason: Refutation not found, incomplete strategy
% Time elapsed: 0.013 s
% Peak memory usage: 12 MB
% ------------------------------
% ------------------------------
% lrs+1011_32_to=lpo:sil=2000:bce=on:nwc=5:alpa=false:slsq=on:random_seed=2359901664:cts=off:i=543:aac=none:fsr=off:amm=off:rawr=on_234 on p for (234ds/543Mi)
% Instruction limit reached! 
% ------------------------------
% Version: Vampire 5.0.1 (Release build, commit 1b13eaf on 2026-01-18 12:14:50 +0000)
% Linked with Z3 4.14.0.0 3c47fd96cf5645d0c42b2c819d9e9a84380aa721 NOTFOUND
% CaDiCaL version: 2.1.3
% Termination reason: Instruction limit
% Termination phase: Saturation
% Time elapsed: 0.248 s
% Peak memory usage: 16 MB
% Instructions burned: 561 (million)
% dis-1011_128_to=lpo:sil=4000:tgt=full:sas=cadical:bce=on:fd=off:rp=on:slsqc=2:sac=on:slsq=on:random_seed=920429362:i=153:s2at=3:ins=1_232 on p for (232ds/153Mi)
% Instruction limit reached! 
% ------------------------------
% Version: Vampire 5.0.1 (Release build, commit 1b13eaf on 2026-01-18 12:14:50 +0000)
% Linked with Z3 4.14.0.0 3c47fd96cf5645d0c42b2c819d9e9a84380aa721 NOTFOUND
% CaDiCaL version: 2.1.3
% Termination reason: Instruction limit
% Termination phase: Saturation
% Time elapsed: 0.062 s
% Peak memory usage: 13 MB
% Instructions burned: 154 (million)
% dis-1002_3:2_to=lpo:sil=16000:plsq=on:plsqc=1:plsqr=3,1:plsql=on:newcnf=on:random_seed=4054494240:s2a=on:i=632:av=off:gtg=position_231 on p for (231ds/632Mi)
% Instruction limit reached! 
% ------------------------------
% Version: Vampire 5.0.1 (Release build, commit 1b13eaf on 2026-01-18 12:14:50 +0000)
% Linked with Z3 4.14.0.0 3c47fd96cf5645d0c42b2c819d9e9a84380aa721 NOTFOUND
% CaDiCaL version: 2.1.3
% Termination reason: Instruction limit
% Termination phase: Saturation
% Time elapsed: 0.369 s
% Peak memory usage: 14 MB
% Instructions burned: 639 (million)
% ott+10_14_to=lpo:sil=8000:tgt=full:prc=on:random_seed=2973583594:i=2501:fsr=off_227 on p for (227ds/2501Mi)
% Instruction limit reached! 
% ------------------------------
% Version: Vampire 5.0.1 (Release build, commit 1b13eaf on 2026-01-18 12:14:50 +0000)
% Linked with Z3 4.14.0.0 3c47fd96cf5645d0c42b2c819d9e9a84380aa721 NOTFOUND
% CaDiCaL version: 2.1.3
% Termination reason: Instruction limit
% Termination phase: Saturation
% Time elapsed: 0.575 s
% Peak memory usage: 47 MB
% Instructions burned: 2501 (million)
% dis+1011_1024_slsqr=1,128:to=lpo:sil=8000:gs=on:br=off:slsqc=1:slsq=on:random_seed=2136599130:i=367:s2at=5:sd=3:slsql=off:ss=axioms:sgt=10_221 on p for (221ds/367Mi)
% Instruction limit reached! 
% ------------------------------
% Version: Vampire 5.0.1 (Release build, commit 1b13eaf on 2026-01-18 12:14:50 +0000)
% Linked with Z3 4.14.0.0 3c47fd96cf5645d0c42b2c819d9e9a84380aa721 NOTFOUND
% CaDiCaL version: 2.1.3
% Termination reason: Instruction limit
% Termination phase: Saturation
% Time elapsed: 0.093 s
% Peak memory usage: 14 MB
% Instructions burned: 372 (million)
% lrs+10_8_to=lpo:sil=4000:plsq=on:plsqc=1:urr=on:br=off:flr=on:newcnf=on:random_seed=915921555:st=4:i=207:sd=1:fsr=off:gsp=on:ss=axioms_220 on p for (220ds/207Mi)
% Instruction limit reached! 
% ------------------------------
% Version: Vampire 5.0.1 (Release build, commit 1b13eaf on 2026-01-18 12:14:50 +0000)
% Linked with Z3 4.14.0.0 3c47fd96cf5645d0c42b2c819d9e9a84380aa721 NOTFOUND
% CaDiCaL version: 2.1.3
% Termination reason: Instruction limit
% Termination phase: Saturation
% Time elapsed: 0.049 s
% Peak memory usage: 14 MB
% Instructions burned: 209 (million)
% lrs-1010_1_to=lpo:sil=4000:sos=on:random_seed=3990938994:i=3739:sd=2:ins=10:ss=axioms_219 on p for (219ds/3739Mi)
% Refutation not found, incomplete strategy
% ------------------------------
% Version: Vampire 5.0.1 (Release build, commit 1b13eaf on 2026-01-18 12:14:50 +0000)
% Linked with Z3 4.14.0.0 3c47fd96cf5645d0c42b2c819d9e9a84380aa721 NOTFOUND
% CaDiCaL version: 2.1.3
% Termination reason: Refutation not found, incomplete strategy
% Time elapsed: 0.0000 s
% Peak memory usage: 11 MB
% ------------------------------
% ------------------------------
% dis-1011_1_to=lpo:sil=4000:plsq=on:plsqr=32,1:sos=on:erd=off:lsd=5:fd=off:random_seed=2569520992:i=157:nm=16:av=off_219 on p for (219ds/157Mi)
% Refutation not found, incomplete strategy
% ------------------------------
% Version: Vampire 5.0.1 (Release build, commit 1b13eaf on 2026-01-18 12:14:50 +0000)
% Linked with Z3 4.14.0.0 3c47fd96cf5645d0c42b2c819d9e9a84380aa721 NOTFOUND
% CaDiCaL version: 2.1.3
% Termination reason: Refutation not found, incomplete strategy
% Time elapsed: 0.0000 s
% Peak memory usage: 8 MB
% ------------------------------
% ------------------------------
% lrs+10_1_to=lpo:sil=4000:sp=occurrence:urr=on:br=off:random_seed=861220065:st=1.2:s2a=on:i=1800:s2at=2:sd=3:ss=included:sgt=20_219 on p for (219ds/1800Mi)
% Instruction limit reached! 
% ------------------------------
% Version: Vampire 5.0.1 (Release build, commit 1b13eaf on 2026-01-18 12:14:50 +0000)
% Linked with Z3 4.14.0.0 3c47fd96cf5645d0c42b2c819d9e9a84380aa721 NOTFOUND
% CaDiCaL version: 2.1.3
% Termination reason: Instruction limit
% Termination phase: Saturation
% Time elapsed: 0.394 s
% Peak memory usage: 28 MB
% Instructions burned: 1804 (million)
% lrs+1010_4_to=lpo:sil=2000:plsq=on:prc=on:plsqr=18,1:sp=occurrence:fd=off:sac=on:random_seed=1676068935:s2a=on:i=163:nm=7:rawr=on_215 on p for (215ds/163Mi)
% Instruction limit reached! 
% ------------------------------
% Version: Vampire 5.0.1 (Release build, commit 1b13eaf on 2026-01-18 12:14:50 +0000)
% Linked with Z3 4.14.0.0 3c47fd96cf5645d0c42b2c819d9e9a84380aa721 NOTFOUND
% CaDiCaL version: 2.1.3
% Termination reason: Instruction limit
% Termination phase: Saturation
% Time elapsed: 0.026 s
% Peak memory usage: 15 MB
% Instructions burned: 165 (million)
% lrs-1011_4:1_anc=all_dependent:slsqr=5,4:to=kbo:sil=16000:tgt=ground:fde=none:sas=cadical:erd=off:fd=preordered:nwc=3:s2agt=16:alpa=true:flr=on:sac=on:lftc=80:slsq=on:avsqc=2:random_seed=931616396:avsq=on:s2a=on:i=163:avsqr=7,8:ep=RST:fdi=8_214 on p for (214ds/163Mi)
% Aborted by signal SIGSEGV on /tmp/tmpq8qyjbsa/p.p
% ------------------------------
% Version: Vampire 5.0.1 (Release build, commit 1b13eaf on 2026-01-18 12:14:50 +0000)
% Linked with Z3 4.14.0.0 3c47fd96cf5645d0c42b2c819d9e9a84380aa721 NOTFOUND
% CaDiCaL version: 2.1.3
% Termination reason: Unknown
% Termination phase: Saturation
% Time elapsed: 0.0000 s
% Peak memory usage: 12 MB
% dis-1011_2:1_to=lpo:sil=8000:plsq=on:plsqr=1,8:sos=on:erd=off:gs=on:random_seed=1746337473:st=10:i=164:sd=1:aac=none:bd=all:nm=3:ss=included:rawr=on_214 on p for (214ds/164Mi)
% Refutation not found, incomplete strategy
% ------------------------------
% Version: Vampire 5.0.1 (Release build, commit 1b13eaf on 2026-01-18 12:14:50 +0000)
% Linked with Z3 4.14.0.0 3c47fd96cf5645d0c42b2c819d9e9a84380aa721 NOTFOUND
% CaDiCaL version: 2.1.3
% Termination reason: Refutation not found, incomplete strategy
% Time elapsed: 0.002 s
% Peak memory usage: 12 MB
% ------------------------------
% ------------------------------
% lrs+10_2:5_slsqr=2,1:to=lpo:sil=2000:plsq=on:plsqc=1:sas=cadical:plsqr=64,1:sp=const_min:acc=on:bce=on:plsql=on:alpa=random:flr=on:sac=on:slsq=on:random_seed=2608417475:s2a=on:i=230:s2at=2:slsql=off:fsr=off:gsp=on:ss=included:sgt=32:rawr=on_214 on p for (214ds/230Mi)
% Instruction limit reached! 
% ------------------------------
% Version: Vampire 5.0.1 (Release build, commit 1b13eaf on 2026-01-18 12:14:50 +0000)
% Linked with Z3 4.14.0.0 3c47fd96cf5645d0c42b2c819d9e9a84380aa721 NOTFOUND
% CaDiCaL version: 2.1.3
% Termination reason: Instruction limit
% Termination phase: Saturation
% Time elapsed: 0.155 s
% Peak memory usage: 15 MB
% Instructions burned: 244 (million)
% dis+1010_16_anc=all_dependent:to=lpo:sil=8000:sp=arity:fd=off:sac=on:random_seed=1417206796:st=5:i=165:sd=2:aac=none:ins=10:fsr=off:ss=axioms:fsd=on_212 on p for (212ds/165Mi)
% Instruction limit reached! 
% ------------------------------
% Version: Vampire 5.0.1 (Release build, commit 1b13eaf on 2026-01-18 12:14:50 +0000)
% Linked with Z3 4.14.0.0 3c47fd96cf5645d0c42b2c819d9e9a84380aa721 NOTFOUND
% CaDiCaL version: 2.1.3
% Termination reason: Instruction limit
% Termination phase: Saturation
% Time elapsed: 0.098 s
% Peak memory usage: 12 MB
% Instructions burned: 168 (million)
% lrs-2_64_to=lpo:sil=4000:sos=on:lcm=predicate:random_seed=666234779:st=3:i=361:sd=5:av=off:ss=included_211 on p for (211ds/361Mi)
% Refutation not found, incomplete strategy
% ------------------------------
% Version: Vampire 5.0.1 (Release build, commit 1b13eaf on 2026-01-18 12:14:50 +0000)
% Linked with Z3 4.14.0.0 3c47fd96cf5645d0c42b2c819d9e9a84380aa721 NOTFOUND
% CaDiCaL version: 2.1.3
% Termination reason: Refutation not found, incomplete strategy
% Time elapsed: 0.001 s
% Peak memory usage: 9 MB
% ------------------------------
% ------------------------------
% dis-1011_8_to=lpo:sil=4000:fde=none:nwc=2:random_seed=3015645440:st=5:s2a=on:i=231:s2at=2:sd=6:ep=RS:ins=1:ss=axioms_210 on p for (210ds/231Mi)
% Refutation not found, incomplete strategy
% ------------------------------
% Version: Vampire 5.0.1 (Release build, commit 1b13eaf on 2026-01-18 12:14:50 +0000)
% Linked with Z3 4.14.0.0 3c47fd96cf5645d0c42b2c819d9e9a84380aa721 NOTFOUND
% CaDiCaL version: 2.1.3
% Termination reason: Refutation not found, incomplete strategy
% Time elapsed: 0.001 s
% Peak memory usage: 11 MB
% ------------------------------
% ------------------------------
% Aborted by signal SIGSEGV on /tmp/tmpq8qyjbsa/p.p
% ------------------------------
% Version: Vampire 5.0.1 (Release build, commit 1b13eaf on 2026-01-18 12:14:50 +0000)
% Linked with Z3 4.14.0.0 3c47fd96cf5645d0c42b2c819d9e9a84380aa721 NOTFOUND
% CaDiCaL version: 2.1.3
% Termination reason: Refutation not found, incomplete strategy
% Time elapsed: 0.001 s
% Peak memory usage: 11 MB
% lrs-1010_8:1_anc=none:slsqr=4,1:to=lpo:sil=4000:tgt=ground:plsq=on:plsqc=1:plsqr=32,1:nwc=3:slsqc=1:slsq=on:avsqc=1:random_seed=520811896:avsq=on:i=169:doe=on:nicw=on:nm=16:ss=axioms_210 on p for (210ds/169Mi)
% Refutation not found, incomplete strategy
% ------------------------------
% Version: Vampire 5.0.1 (Release build, commit 1b13eaf on 2026-01-18 12:14:50 +0000)
% Linked with Z3 4.14.0.0 3c47fd96cf5645d0c42b2c819d9e9a84380aa721 NOTFOUND
% CaDiCaL version: 2.1.3
% Termination reason: Refutation not found, incomplete strategy
% Time elapsed: 0.0000 s
% Peak memory usage: 11 MB
% ------------------------------
% ------------------------------
% lrs+11_32_anc=all:to=lpo:sil=4000:sos=all:erd=off:urr=on:sac=on:random_seed=1819841297:s2a=on:i=169:nicw=on:gtg=position:gsp=on:ss=axioms:sgt=8_210 on p for (210ds/169Mi)
% Refutation not found, incomplete strategy
% ------------------------------
% Version: Vampire 5.0.1 (Release build, commit 1b13eaf on 2026-01-18 12:14:50 +0000)
% Linked with Z3 4.14.0.0 3c47fd96cf5645d0c42b2c819d9e9a84380aa721 NOTFOUND
% CaDiCaL version: 2.1.3
% Termination reason: Refutation not found, incomplete strategy
% Time elapsed: 0.001 s
% Peak memory usage: 12 MB
% ------------------------------
% ------------------------------
% ott+1011_16_to=lpo:sil=2000:lsd=100:newcnf=on:random_seed=2546159923:st=3:s2a=on:i=169:sd=1:av=off:fsr=off:ss=axioms_209 on p for (209ds/169Mi)
% Instruction limit reached! 
% ------------------------------
% Version: Vampire 5.0.1 (Release build, commit 1b13eaf on 2026-01-18 12:14:50 +0000)
% Linked with Z3 4.14.0.0 3c47fd96cf5645d0c42b2c819d9e9a84380aa721 NOTFOUND
% CaDiCaL version: 2.1.3
% Termination reason: Instruction limit
% Termination phase: Saturation
% Time elapsed: 0.101 s
% Peak memory usage: 13 MB
% Instructions burned: 172 (million)
% lrs+1002_1_to=lpo:sil=128000:sos=on:random_seed=3798309458:st=1.5:i=170:sd=2:nm=2:gtg=all:ss=axioms:fsd=on_208 on p for (208ds/170Mi)
% Instruction limit reached! 
% ------------------------------
% Version: Vampire 5.0.1 (Release build, commit 1b13eaf on 2026-01-18 12:14:50 +0000)
% Linked with Z3 4.14.0.0 3c47fd96cf5645d0c42b2c819d9e9a84380aa721 NOTFOUND
% CaDiCaL version: 2.1.3
% Termination reason: Instruction limit
% Termination phase: Saturation
% Time elapsed: 0.153 s
% Peak memory usage: 14 MB
% Instructions burned: 172 (million)
% dis+4_4_to=lpo:sil=16000:plsq=on:plsqr=1,32:sp=unary_frequency:lcm=predicate:fd=off:rp=on:random_seed=2850410273:i=170:bd=preordered:nm=2:av=off:sup=off_206 on p for (206ds/170Mi)
% Refutation not found, incomplete strategy
% ------------------------------
% Version: Vampire 5.0.1 (Release build, commit 1b13eaf on 2026-01-18 12:14:50 +0000)
% Linked with Z3 4.14.0.0 3c47fd96cf5645d0c42b2c819d9e9a84380aa721 NOTFOUND
% CaDiCaL version: 2.1.3
% Termination reason: Refutation not found, incomplete strategy
% Time elapsed: 0.013 s
% Peak memory usage: 8 MB
% ------------------------------
% ------------------------------
% dis-1011_5:1_to=lpo:sil=4000:lsd=50:random_seed=3916856058:s2a=on:i=171:s2at=1.2:ep=R:gtg=position_206 on p for (206ds/171Mi)
% Refutation not found, incomplete strategy
% ------------------------------
% Version: Vampire 5.0.1 (Release build, commit 1b13eaf on 2026-01-18 12:14:50 +0000)
% Linked with Z3 4.14.0.0 3c47fd96cf5645d0c42b2c819d9e9a84380aa721 NOTFOUND
% CaDiCaL version: 2.1.3
% Termination reason: Refutation not found, incomplete strategy
% Time elapsed: 0.0000 s
% Peak memory usage: 11 MB
% ------------------------------
% ------------------------------
% lrs+10_1_to=lpo:sil=4000:plsq=on:plsqr=32,1:sos=on:fs=off:acc=on:urr=ec_only:gs=on:sac=on:random_seed=3641137303:i=530:nm=0:fsr=off_206 on p for (206ds/530Mi)
% Refutation not found, incomplete strategy
% ------------------------------
% Version: Vampire 5.0.1 (Release build, commit 1b13eaf on 2026-01-18 12:14:50 +0000)
% Linked with Z3 4.14.0.0 3c47fd96cf5645d0c42b2c819d9e9a84380aa721 NOTFOUND
% CaDiCaL version: 2.1.3
% Termination reason: Refutation not found, incomplete strategy
% Time elapsed: 0.0000 s
% Peak memory usage: 12 MB
% ------------------------------
% ------------------------------
% lrs+1002_1_to=lpo:sil=8000:sos=on:erd=off:sac=on:random_seed=2750857788:st=6:i=1370:sd=4:aac=none:sup=off:ss=axioms:sgt=16_206 on p for (206ds/1370Mi)
% Refutation not found, incomplete strategy
% ------------------------------
% Version: Vampire 5.0.1 (Release build, commit 1b13eaf on 2026-01-18 12:14:50 +0000)
% Linked with Z3 4.14.0.0 3c47fd96cf5645d0c42b2c819d9e9a84380aa721 NOTFOUND
% CaDiCaL version: 2.1.3
% Termination reason: Refutation not found, incomplete strategy
% Time elapsed: 0.0000 s
% Peak memory usage: 11 MB
% ------------------------------
% ------------------------------
% WARNING Broken Constraint: if kbo_weight_scheme(arity_squared) has been set then term_ordering(lpo) is equal to kbo or term_ordering(lpo) is equal to auto_kbo
% dis+1011_64_to=lpo:sil=128000:bsd=on:sp=arity:sos=on:lsd=50:fd=off:random_seed=911472392:i=252:gtgl=4:kws=arity_squared:nm=16:av=off:gtg=exists_sym:gsp=on:fsd=on_205 on p for (205ds/252Mi)
% Instruction limit reached! 
% ------------------------------
% Version: Vampire 5.0.1 (Release build, commit 1b13eaf on 2026-01-18 12:14:50 +0000)
% Linked with Z3 4.14.0.0 3c47fd96cf5645d0c42b2c819d9e9a84380aa721 NOTFOUND
% CaDiCaL version: 2.1.3
% Termination reason: Instruction limit
% Termination phase: Saturation
% Time elapsed: 0.037 s
% Peak memory usage: 12 MB
% Instructions burned: 255 (million)
% WARNING Broken Constraint: if kbo_weight_scheme(precedence) has been set then term_ordering(lpo) is equal to kbo or term_ordering(lpo) is equal to auto_kbo
% dis+1010_3:1_to=lpo:sil=2000:tgt=full:prc=on:drc=off:fde=none:bsd=on:sp=unary_first:gs=on:br=off:random_seed=3514414270:i=178:kws=precedence:av=off:fsd=on_205 on p for (205ds/178Mi)
% Instruction limit reached! 
% ------------------------------
% Version: Vampire 5.0.1 (Release build, commit 1b13eaf on 2026-01-18 12:14:50 +0000)
% Linked with Z3 4.14.0.0 3c47fd96cf5645d0c42b2c819d9e9a84380aa721 NOTFOUND
% CaDiCaL version: 2.1.3
% Termination reason: Instruction limit
% Termination phase: Saturation
% Time elapsed: 0.079 s
% Peak memory usage: 13 MB
% Instructions burned: 185 (million)
% dis+10_8:1_to=lpo:sil=4000:sp=arity:sos=on:acc=on:fd=off:random_seed=2884268350:s2a=on:i=927:sd=2:ss=axioms_204 on p for (204ds/927Mi)
% Refutation not found, incomplete strategy
% ------------------------------
% Version: Vampire 5.0.1 (Release build, commit 1b13eaf on 2026-01-18 12:14:50 +0000)
% Linked with Z3 4.14.0.0 3c47fd96cf5645d0c42b2c819d9e9a84380aa721 NOTFOUND
% CaDiCaL version: 2.1.3
% Termination reason: Refutation not found, incomplete strategy
% Time elapsed: 0.001 s
% Peak memory usage: 12 MB
% ------------------------------
% ------------------------------
% lrs+10_1_to=lpo:sil=4000:sos=on:spb=goal:lcm=predicate:urr=on:s2agt=8:sac=on:slsq=on:random_seed=2566624304:st=3.3:s2a=on:i=269:sd=2:doe=on:nm=2:gtg=position:sup=off:ss=axioms_204 on p for (204ds/269Mi)
% Refutation not found, incomplete strategy
% ------------------------------
% Version: Vampire 5.0.1 (Release build, commit 1b13eaf on 2026-01-18 12:14:50 +0000)
% Linked with Z3 4.14.0.0 3c47fd96cf5645d0c42b2c819d9e9a84380aa721 NOTFOUND
% CaDiCaL version: 2.1.3
% Termination reason: Refutation not found, incomplete strategy
% Time elapsed: 0.065 s
% Peak memory usage: 11 MB
% ------------------------------
% ------------------------------
% WARNING Broken Constraint: if kbo_weight_scheme(arity_squared) has been set then term_ordering(lpo) is equal to kbo or term_ordering(lpo) is equal to auto_kbo
% lrs+21_32:1_to=lpo:sil=16000:bsd=on:sos=on:spb=goal_then_units:lcm=predicate:flr=on:random_seed=2846635609:s2a=on:i=185:s2at=3.5:kws=arity_squared_203 on p for (203ds/185Mi)
% Refutation not found, incomplete strategy
% ------------------------------
% Version: Vampire 5.0.1 (Release build, commit 1b13eaf on 2026-01-18 12:14:50 +0000)
% Linked with Z3 4.14.0.0 3c47fd96cf5645d0c42b2c819d9e9a84380aa721 NOTFOUND
% CaDiCaL version: 2.1.3
% Termination reason: Refutation not found, incomplete strategy
% Time elapsed: 0.001 s
% Peak memory usage: 11 MB
% ------------------------------
% ------------------------------
% lrs+1010_64_to=lpo:sil=2000:sos=on:erd=off:bce=on:bsr=on:nwc=1:flr=on:newcnf=on:random_seed=3438826696:i=277:av=off:fdi=64_202 on p for (202ds/277Mi)
% Refutation not found, incomplete strategy
% ------------------------------
% Version: Vampire 5.0.1 (Release build, commit 1b13eaf on 2026-01-18 12:14:50 +0000)
% Linked with Z3 4.14.0.0 3c47fd96cf5645d0c42b2c819d9e9a84380aa721 NOTFOUND
% CaDiCaL version: 2.1.3
% Termination reason: Refutation not found, incomplete strategy
% Time elapsed: 0.0000 s
% Peak memory usage: 9 MB
% ------------------------------
% ------------------------------
% lrs-1011_64_to=lpo:sil=4000:fd=preordered:br=off:random_seed=2522157576:i=456:sd=2:av=off:ss=axioms:sgt=32_202 on p for (202ds/456Mi)
% Instruction limit reached! 
% ------------------------------
% Version: Vampire 5.0.1 (Release build, commit 1b13eaf on 2026-01-18 12:14:50 +0000)
% Linked with Z3 4.14.0.0 3c47fd96cf5645d0c42b2c819d9e9a84380aa721 NOTFOUND
% CaDiCaL version: 2.1.3
% Termination reason: Instruction limit
% Termination phase: Saturation
% Time elapsed: 0.214 s
% Peak memory usage: 15 MB
% Instructions burned: 460 (million)
% lrs+10_32_to=lpo:sil=2000:sp=occurrence:sos=all:urr=on:br=off:random_seed=1746805150:st=3:i=635:sd=5:sup=off:ss=included_200 on p for (200ds/635Mi)
% Refutation not found, incomplete strategy
% ------------------------------
% Version: Vampire 5.0.1 (Release build, commit 1b13eaf on 2026-01-18 12:14:50 +0000)
% Linked with Z3 4.14.0.0 3c47fd96cf5645d0c42b2c819d9e9a84380aa721 NOTFOUND
% CaDiCaL version: 2.1.3
% Termination reason: Refutation not found, incomplete strategy
% Time elapsed: 0.0000 s
% Peak memory usage: 11 MB
% ------------------------------
% ------------------------------
% lrs+1011_23:4_slsqr=8,1:to=lpo:sil=32000:plsq=on:fde=none:plsqc=4:plsqr=64,1:spb=goal_then_units:acc=on:urr=on:plsql=on:gs=on:slsqc=4:alpa=true:slsq=on:random_seed=2625701146:cond=on:i=190:add=on:aac=none:doe=on:slsql=off:bd=preordered:nm=2:sup=off:ss=axioms_200 on p for (200ds/190Mi)
% Refutation not found, incomplete strategy
% ------------------------------
% Version: Vampire 5.0.1 (Release build, commit 1b13eaf on 2026-01-18 12:14:50 +0000)
% Linked with Z3 4.14.0.0 3c47fd96cf5645d0c42b2c819d9e9a84380aa721 NOTFOUND
% CaDiCaL version: 2.1.3
% Termination reason: Refutation not found, incomplete strategy
% Time elapsed: 0.0000 s
% Peak memory usage: 12 MB
% ------------------------------
% ------------------------------
% dis+1010_32:1_to=lpo:sil=2000:bsd=on:fd=off:slsq=on:random_seed=1588829406:cts=off:i=1282:sd=1:av=off:gtg=position:ss=axioms_200 on p for (200ds/1282Mi)
% Refutation not found, incomplete strategy
% ------------------------------
% Version: Vampire 5.0.1 (Release build, commit 1b13eaf on 2026-01-18 12:14:50 +0000)
% Linked with Z3 4.14.0.0 3c47fd96cf5645d0c42b2c819d9e9a84380aa721 NOTFOUND
% CaDiCaL version: 2.1.3
% Termination reason: Refutation not found, incomplete strategy
% Time elapsed: 0.0000 s
% Peak memory usage: 9 MB
% ------------------------------
% ------------------------------
% lrs+1011_16_anc=all_dependent:to=lpo:sil=4000:plsq=on:fde=none:plsqc=1:sas=cadical:plsqr=64,1:sos=on:spb=non_intro:plsql=on:fd=off:alpa=random:sac=on:random_seed=761573348:avsq=on:i=191:avsqr=1,16:nm=16:ins=1:rawr=on_200 on p for (200ds/191Mi)
% Refutation not found, incomplete strategy
% ------------------------------
% Version: Vampire 5.0.1 (Release build, commit 1b13eaf on 2026-01-18 12:14:50 +0000)
% Linked with Z3 4.14.0.0 3c47fd96cf5645d0c42b2c819d9e9a84380aa721 NOTFOUND
% CaDiCaL version: 2.1.3
% Termination reason: Refutation not found, incomplete strategy
% Time elapsed: 0.002 s
% Peak memory usage: 12 MB
% ------------------------------
% ------------------------------
% WARNING Broken Constraint: if kbo_max_zero(on) has been set then term_ordering(lpo) is equal to kbo or term_ordering(lpo) is equal to auto_kbo
% WARNING Broken Constraint: if kbo_weight_scheme(precedence) has been set then term_ordering(lpo) is equal to kbo or term_ordering(lpo) is equal to auto_kbo
% lrs+11_1_anc=all_dependent:to=lpo:sil=2000:plsq=on:fde=unused:plsqr=32,1:spb=intro:bsr=unit_only:gs=on:kmz=on:newcnf=on:random_seed=3336527614:st=1.2:i=564:gtgl=3:sd=3:kws=precedence:gtg=exists_top:fdi=4:ss=axioms:sgt=10_199 on p for (199ds/564Mi)
% Instruction limit reached! 
% ------------------------------
% Version: Vampire 5.0.1 (Release build, commit 1b13eaf on 2026-01-18 12:14:50 +0000)
% Linked with Z3 4.14.0.0 3c47fd96cf5645d0c42b2c819d9e9a84380aa721 NOTFOUND
% CaDiCaL version: 2.1.3
% Termination reason: Instruction limit
% Termination phase: Saturation
% Time elapsed: 0.107 s
% Peak memory usage: 18 MB
% Instructions burned: 566 (million)
% dis-1011_25:7_to=lpo:sil=4000:sas=cadical:avsql=on:lsd=50:acc=on:bsr=unit_only:nwc=4:newcnf=on:avsqc=2:random_seed=2258334888:avsq=on:s2a=on:i=193:s2at=-1:avsqr=2,3:aac=none:ep=RSTC:rawr=on_198 on p for (198ds/193Mi)
% Aborted by signal SIGSEGV on /tmp/tmpq8qyjbsa/p.p
% ------------------------------
% Version: Vampire 5.0.1 (Release build, commit 1b13eaf on 2026-01-18 12:14:50 +0000)
% Linked with Z3 4.14.0.0 3c47fd96cf5645d0c42b2c819d9e9a84380aa721 NOTFOUND
% CaDiCaL version: 2.1.3
% Termination reason: Unknown
% Termination phase: Saturation
% Time elapsed: 0.004 s
% Peak memory usage: 12 MB
% Instructions burned: 15 (million)
% dis+1003_12_to=lpo:sil=4000:plsq=on:plsqr=32,1:sp=weighted_frequency:sos=all:erd=off:lma=off:spb=intro:lcm=predicate:acc=on:urr=full:slsqc=2:updr=off:newcnf=on:slsq=on:random_seed=667325610:i=195:ins=10:fsr=off:fdi=4:gsp=on_198 on p for (198ds/195Mi)
% Refutation not found, incomplete strategy
% ------------------------------
% Version: Vampire 5.0.1 (Release build, commit 1b13eaf on 2026-01-18 12:14:50 +0000)
% Linked with Z3 4.14.0.0 3c47fd96cf5645d0c42b2c819d9e9a84380aa721 NOTFOUND
% CaDiCaL version: 2.1.3
% Termination reason: Refutation not found, incomplete strategy
% Time elapsed: 0.001 s
% Peak memory usage: 12 MB
% ------------------------------
% ------------------------------
% lrs+1010_4_to=lpo:sil=4000:drc=off:sp=weighted_frequency:spb=goal_then_units:nwc=5:lftc=50:random_seed=2578388556:s2a=on:i=302:fgj=on:bd=all_198 on p for (198ds/302Mi)
% Instruction limit reached! 
% ------------------------------
% Version: Vampire 5.0.1 (Release build, commit 1b13eaf on 2026-01-18 12:14:50 +0000)
% Linked with Z3 4.14.0.0 3c47fd96cf5645d0c42b2c819d9e9a84380aa721 NOTFOUND
% CaDiCaL version: 2.1.3
% Termination reason: Instruction limit
% Termination phase: Saturation
% Time elapsed: 0.081 s
% Peak memory usage: 14 MB
% Instructions burned: 305 (million)
% lrs+1011_1_sfv=off:to=lpo:sil=4000:sp=arity:sos=all:spb=goal:urr=ec_only:br=off:random_seed=2109899572:i=2020:sd=1:ss=included_197 on p for (197ds/2020Mi)
% Refutation not found, incomplete strategy
% ------------------------------
% Version: Vampire 5.0.1 (Release build, commit 1b13eaf on 2026-01-18 12:14:50 +0000)
% Linked with Z3 4.14.0.0 3c47fd96cf5645d0c42b2c819d9e9a84380aa721 NOTFOUND
% CaDiCaL version: 2.1.3
% Termination reason: Refutation not found, incomplete strategy
% Time elapsed: 0.0000 s
% Peak memory usage: 11 MB
% ------------------------------
% ------------------------------
% dis+1011_32_slsqr=1,4:to=lpo:sil=4000:erd=off:s2agt=8:slsqc=3:slsq=on:random_seed=36471250:i=912:sd=4:nicw=on:ep=RS:ss=axioms:sgt=32_197 on p for (197ds/912Mi)
% Refutation not found, incomplete strategy
% ------------------------------
% Version: Vampire 5.0.1 (Release build, commit 1b13eaf on 2026-01-18 12:14:50 +0000)
% Linked with Z3 4.14.0.0 3c47fd96cf5645d0c42b2c819d9e9a84380aa721 NOTFOUND
% CaDiCaL version: 2.1.3
% Termination reason: Refutation not found, incomplete strategy
% Time elapsed: 0.001 s
% Peak memory usage: 11 MB
% ------------------------------
% ------------------------------
% Aborted by signal SIGSEGV on /tmp/tmpq8qyjbsa/p.p
% ------------------------------
% Version: Vampire 5.0.1 (Release build, commit 1b13eaf on 2026-01-18 12:14:50 +0000)
% Linked with Z3 4.14.0.0 3c47fd96cf5645d0c42b2c819d9e9a84380aa721 NOTFOUND
% CaDiCaL version: 2.1.3
% Termination reason: Refutation not found, incomplete strategy
% Time elapsed: 0.001 s
% Peak memory usage: 11 MB
% lrs-11_23:64_sfv=off:to=lpo:sil=4000:tgt=ground:sp=const_min:sos=all:spb=goal:lcm=predicate:urr=on:fd=preordered:nwc=1:flr=on:lftc=40:random_seed=1372337945:st=1.38385:i=303:add=off:aac=none:ss=axioms_196 on p for (196ds/303Mi)
% Refutation not found, incomplete strategy
% ------------------------------
% Version: Vampire 5.0.1 (Release build, commit 1b13eaf on 2026-01-18 12:14:50 +0000)
% Linked with Z3 4.14.0.0 3c47fd96cf5645d0c42b2c819d9e9a84380aa721 NOTFOUND
% CaDiCaL version: 2.1.3
% Termination reason: Refutation not found, incomplete strategy
% Time elapsed: 0.001 s
% Peak memory usage: 11 MB
% ------------------------------
% ------------------------------
% dis+1011_3:1_to=lpo:sil=8000:prc=on:drc=off:fde=unused:sp=reverse_arity:spb=non_intro:random_seed=1615314784:i=817:ins=20:av=off_196 on p for (196ds/817Mi)
% Instruction limit reached! 
% ------------------------------
% Version: Vampire 5.0.1 (Release build, commit 1b13eaf on 2026-01-18 12:14:50 +0000)
% Linked with Z3 4.14.0.0 3c47fd96cf5645d0c42b2c819d9e9a84380aa721 NOTFOUND
% CaDiCaL version: 2.1.3
% Termination reason: Instruction limit
% Termination phase: Saturation
% Time elapsed: 0.277 s
% Peak memory usage: 12 MB
% Instructions burned: 820 (million)
% dis+1_32:1_to=lpo:sil=128000:sp=occurrence:acc=on:s2agt=30:random_seed=196736479:s2pl=no:s2a=on:i=1164:sd=2:nicw=on:fsr=off:ss=included_193 on p for (193ds/1164Mi)
% Instruction limit reached! 
% ------------------------------
% Version: Vampire 5.0.1 (Release build, commit 1b13eaf on 2026-01-18 12:14:50 +0000)
% Linked with Z3 4.14.0.0 3c47fd96cf5645d0c42b2c819d9e9a84380aa721 NOTFOUND
% CaDiCaL version: 2.1.3
% Termination reason: Instruction limit
% Termination phase: Saturation
% Time elapsed: 0.173 s
% Peak memory usage: 14 MB
% Instructions burned: 1170 (million)
% lrs-1011_1_to=lpo:sil=2000:sos=all:spb=goal_then_units:random_seed=887745537:i=208_191 on p for (191ds/208Mi)
% Refutation not found, incomplete strategy
% ------------------------------
% Version: Vampire 5.0.1 (Release build, commit 1b13eaf on 2026-01-18 12:14:50 +0000)
% Linked with Z3 4.14.0.0 3c47fd96cf5645d0c42b2c819d9e9a84380aa721 NOTFOUND
% CaDiCaL version: 2.1.3
% Termination reason: Refutation not found, incomplete strategy
% Time elapsed: 0.0000 s
% Peak memory usage: 11 MB
% ------------------------------
% ------------------------------
% lrs+1011_1_to=lpo:sil=32000:sp=occurrence:sos=all:random_seed=2231331803:st=2.3:i=7185:sd=14:ss=axioms:sgt=16_191 on p for (191ds/7185Mi)
% Refutation not found, incomplete strategy
% ------------------------------
% Version: Vampire 5.0.1 (Release build, commit 1b13eaf on 2026-01-18 12:14:50 +0000)
% Linked with Z3 4.14.0.0 3c47fd96cf5645d0c42b2c819d9e9a84380aa721 NOTFOUND
% CaDiCaL version: 2.1.3
% Termination reason: Refutation not found, incomplete strategy
% Time elapsed: 0.0000 s
% Peak memory usage: 11 MB
% ------------------------------
% ------------------------------
% dis+1002_2_to=lpo:sil=8000:sos=on:random_seed=2453413734:i=322:sd=2:ep=R:nm=4:gtg=position:ss=axioms:sgt=4_191 on p for (191ds/322Mi)
% Refutation not found, incomplete strategy
% ------------------------------
% Version: Vampire 5.0.1 (Release build, commit 1b13eaf on 2026-01-18 12:14:50 +0000)
% Linked with Z3 4.14.0.0 3c47fd96cf5645d0c42b2c819d9e9a84380aa721 NOTFOUND
% CaDiCaL version: 2.1.3
% Termination reason: Refutation not found, incomplete strategy
% Time elapsed: 0.0000 s
% Peak memory usage: 11 MB
% ------------------------------
% ------------------------------
% WARNING Broken Constraint: if kbo_weight_scheme(inv_arity_squared) has been set then term_ordering(lpo) is equal to kbo or term_ordering(lpo) is equal to auto_kbo
% lrs-1010_1_to=lpo:sil=2000:plsq=on:plsqr=50755291,524288:urr=on:rp=on:s2agt=40:br=off:random_seed=3938385016:s2a=on:i=329:add=off:sd=1:kws=inv_arity_squared:gsp=on:ss=axioms:sgt=8_191 on p for (191ds/329Mi)
% Instruction limit reached! 
% ------------------------------
% Version: Vampire 5.0.1 (Release build, commit 1b13eaf on 2026-01-18 12:14:50 +0000)
% Linked with Z3 4.14.0.0 3c47fd96cf5645d0c42b2c819d9e9a84380aa721 NOTFOUND
% CaDiCaL version: 2.1.3
% Termination reason: Instruction limit
% Termination phase: Saturation
% Time elapsed: 0.046 s
% Peak memory usage: 16 MB
% Instructions burned: 333 (million)
% lrs-1011_1_to=lpo:sil=2000:erd=off:random_seed=4185070598:i=215:ep=RS:nm=2_190 on p for (190ds/215Mi)
% Refutation not found, incomplete strategy
% ------------------------------
% Version: Vampire 5.0.1 (Release build, commit 1b13eaf on 2026-01-18 12:14:50 +0000)
% Linked with Z3 4.14.0.0 3c47fd96cf5645d0c42b2c819d9e9a84380aa721 NOTFOUND
% CaDiCaL version: 2.1.3
% Termination reason: Refutation not found, incomplete strategy
% Time elapsed: 0.001 s
% Peak memory usage: 11 MB
% ------------------------------
% ------------------------------
% Aborted by signal SIGSEGV on /tmp/tmpq8qyjbsa/p.p
% ------------------------------
% Version: Vampire 5.0.1 (Release build, commit 1b13eaf on 2026-01-18 12:14:50 +0000)
% Linked with Z3 4.14.0.0 3c47fd96cf5645d0c42b2c819d9e9a84380aa721 NOTFOUND
% CaDiCaL version: 2.1.3
% Termination reason: Refutation not found, incomplete strategy
% Time elapsed: 0.001 s
% Peak memory usage: 11 MB
% dis+1011_20_to=lpo:sil=4000:bsd=on:newcnf=on:slsq=on:random_seed=939196150:i=215:sd=1:slsql=off:ss=axioms:fsd=on_190 on p for (190ds/215Mi)
% Refutation not found, incomplete strategy
% ------------------------------
% Version: Vampire 5.0.1 (Release build, commit 1b13eaf on 2026-01-18 12:14:50 +0000)
% Linked with Z3 4.14.0.0 3c47fd96cf5645d0c42b2c819d9e9a84380aa721 NOTFOUND
% CaDiCaL version: 2.1.3
% Termination reason: Refutation not found, incomplete strategy
% Time elapsed: 0.001 s
% Peak memory usage: 11 MB
% ------------------------------
% ------------------------------
% lrs+1011_1_to=lpo:sil=256000:plsq=on:newcnf=on:random_seed=428047465:st=2:i=216:sd=3:ep=R:av=off:ss=included:sgt=16_190 on p for (190ds/216Mi)
% Refutation not found, incomplete strategy
% ------------------------------
% Version: Vampire 5.0.1 (Release build, commit 1b13eaf on 2026-01-18 12:14:50 +0000)
% Linked with Z3 4.14.0.0 3c47fd96cf5645d0c42b2c819d9e9a84380aa721 NOTFOUND
% CaDiCaL version: 2.1.3
% Termination reason: Refutation not found, incomplete strategy
% Time elapsed: 0.001 s
% Peak memory usage: 9 MB
% ------------------------------
% ------------------------------
% lrs-1002_50_to=lpo:sil=2000:sas=cadical:sos=on:spb=non_intro:random_seed=262087046:i=223:doe=on:bd=all:fsr=off:fsd=on:fsdmm=1_189 on p for (189ds/223Mi)
% Refutation not found, incomplete strategy
% ------------------------------
% Version: Vampire 5.0.1 (Release build, commit 1b13eaf on 2026-01-18 12:14:50 +0000)
% Linked with Z3 4.14.0.0 3c47fd96cf5645d0c42b2c819d9e9a84380aa721 NOTFOUND
% CaDiCaL version: 2.1.3
% Termination reason: Refutation not found, incomplete strategy
% Time elapsed: 0.001 s
% Peak memory usage: 12 MB
% ------------------------------
% ------------------------------
% lrs+1010_1_to=lpo:sil=16000:plsq=on:fde=none:plsqr=32,1:sos=on:erd=off:random_seed=2714431449:cts=off:i=227:av=off_188 on p for (188ds/227Mi)
% Refutation not found, incomplete strategy
% ------------------------------
% Version: Vampire 5.0.1 (Release build, commit 1b13eaf on 2026-01-18 12:14:50 +0000)
% Linked with Z3 4.14.0.0 3c47fd96cf5645d0c42b2c819d9e9a84380aa721 NOTFOUND
% CaDiCaL version: 2.1.3
% Termination reason: Refutation not found, incomplete strategy
% Time elapsed: 0.001 s
% Peak memory usage: 8 MB
% ------------------------------
% ------------------------------
% lrs+1002_1_to=lpo:sil=4000:sp=occurrence:sos=on:erd=off:random_seed=4280358307:i=1636:sd=2:ep=RS:av=off:ss=axioms_188 on p for (188ds/1636Mi)
% Refutation not found, incomplete strategy
% ------------------------------
% Version: Vampire 5.0.1 (Release build, commit 1b13eaf on 2026-01-18 12:14:50 +0000)
% Linked with Z3 4.14.0.0 3c47fd96cf5645d0c42b2c819d9e9a84380aa721 NOTFOUND
% CaDiCaL version: 2.1.3
% Termination reason: Refutation not found, incomplete strategy
% Time elapsed: 0.013 s
% Peak memory usage: 9 MB
% ------------------------------
% ------------------------------
% dis-30_1_to=lpo:sil=16000:random_seed=1007322081:st=3:i=6010:ep=RST:av=off:ss=included_188 on p for (188ds/6010Mi)
% Instruction limit reached! 
% ------------------------------
% Version: Vampire 5.0.1 (Release build, commit 1b13eaf on 2026-01-18 12:14:50 +0000)
% Linked with Z3 4.14.0.0 3c47fd96cf5645d0c42b2c819d9e9a84380aa721 NOTFOUND
% CaDiCaL version: 2.1.3
% Termination reason: Instruction limit
% Termination phase: Saturation
% Time elapsed: 1.426 s
% Peak memory usage: 15 MB
% Instructions burned: 6018 (million)
% WARNING Broken Constraint: if kbo_weight_scheme(precedence) has been set then term_ordering(lpo) is equal to kbo or term_ordering(lpo) is equal to auto_kbo
% lrs+2_1_to=lpo:sil=2000:random_seed=2234366523:i=1044:kws=precedence:fsr=off_173 on p for (173ds/1044Mi)
% Instruction limit reached! 
% ------------------------------
% Version: Vampire 5.0.1 (Release build, commit 1b13eaf on 2026-01-18 12:14:50 +0000)
% Linked with Z3 4.14.0.0 3c47fd96cf5645d0c42b2c819d9e9a84380aa721 NOTFOUND
% CaDiCaL version: 2.1.3
% Termination reason: Instruction limit
% Termination phase: Saturation
% Time elapsed: 0.344 s
% Peak memory usage: 23 MB
% Instructions burned: 1054 (million)
% lrs+0_32:1_to=lpo:sil=64000:tgt=ground:irw=on:prc=on:sp=reverse_frequency:bce=on:bsr=on:random_seed=2418868344:i=372:sd=1:erml=2:bs=unit_only:bd=all:av=off:gtg=exists_sym:ss=axioms:er=filter_169 on p for (169ds/372Mi)
% Instruction limit reached! 
% ------------------------------
% Version: Vampire 5.0.1 (Release build, commit 1b13eaf on 2026-01-18 12:14:50 +0000)
% Linked with Z3 4.14.0.0 3c47fd96cf5645d0c42b2c819d9e9a84380aa721 NOTFOUND
% CaDiCaL version: 2.1.3
% Termination reason: Instruction limit
% Termination phase: Saturation
% Time elapsed: 0.117 s
% Peak memory usage: 16 MB
% Instructions burned: 373 (million)
% lrs+1010_32_to=lpo:sil=4000:plsq=on:bsr=unit_only:nwc=3:newcnf=on:random_seed=1617060422:cts=off:i=516:gtgl=5:nm=16:av=off:gtg=exists_sym_168 on p for (168ds/516Mi)
% Instruction limit reached! 
% ------------------------------
% Version: Vampire 5.0.1 (Release build, commit 1b13eaf on 2026-01-18 12:14:50 +0000)
% Linked with Z3 4.14.0.0 3c47fd96cf5645d0c42b2c819d9e9a84380aa721 NOTFOUND
% CaDiCaL version: 2.1.3
% Termination reason: Instruction limit
% Termination phase: Saturation
% Time elapsed: 0.172 s
% Peak memory usage: 16 MB
% Instructions burned: 516 (million)
% lrs-1010_3:2_to=lpo:sil=4000:irw=on:plsq=on:plsqc=4:fd=preordered:updr=off:lwlo=on:random_seed=1857508687:lrd=on:i=2469:bd=preordered_166 on p for (166ds/2469Mi)
% Instruction limit reached! 
% ------------------------------
% Version: Vampire 5.0.1 (Release build, commit 1b13eaf on 2026-01-18 12:14:50 +0000)
% Linked with Z3 4.14.0.0 3c47fd96cf5645d0c42b2c819d9e9a84380aa721 NOTFOUND
% CaDiCaL version: 2.1.3
% Termination reason: Instruction limit
% Termination phase: Saturation
% Time elapsed: 0.539 s
% Peak memory usage: 28 MB
% Instructions burned: 2469 (million)
% dis+1011_128_to=lpo:sil=4000:tgt=full:sos=on:spb=goal:lsd=100:bsr=on:br=off:random_seed=152770400:i=242:sd=1:gtg=position:ss=axioms:sgt=64_160 on p for (160ds/242Mi)
% Refutation not found, incomplete strategy
% ------------------------------
% Version: Vampire 5.0.1 (Release build, commit 1b13eaf on 2026-01-18 12:14:50 +0000)
% Linked with Z3 4.14.0.0 3c47fd96cf5645d0c42b2c819d9e9a84380aa721 NOTFOUND
% CaDiCaL version: 2.1.3
% Termination reason: Refutation not found, incomplete strategy
% Time elapsed: 0.001 s
% Peak memory usage: 11 MB
% ------------------------------
% ------------------------------
% lrs-1011_12_to=lpo:sil=8000:prc=on:drc=off:sp=reverse_frequency:erd=off:lsd=1:urr=on:bce=on:rp=on:nwc=0.6:newcnf=on:avsqc=1:random_seed=535918192:avsq=on:s2a=on:i=242:bd=preordered:nm=2:fsd=on_160 on p for (160ds/242Mi)
% Instruction limit reached! 
% ------------------------------
% Version: Vampire 5.0.1 (Release build, commit 1b13eaf on 2026-01-18 12:14:50 +0000)
% Linked with Z3 4.14.0.0 3c47fd96cf5645d0c42b2c819d9e9a84380aa721 NOTFOUND
% CaDiCaL version: 2.1.3
% Termination reason: Instruction limit
% Termination phase: Saturation
% Time elapsed: 0.077 s
% Peak memory usage: 17 MB
% Instructions burned: 245 (million)
% dis+1010_6_to=lpo:sil=16000:tgt=full:sp=unary_first:nwc=2:random_seed=820081118:s2a=on:i=2051:sd=1:nm=4:gsp=on:ss=included_159 on p for (159ds/2051Mi)
% Instruction limit reached! 
% ------------------------------
% Version: Vampire 5.0.1 (Release build, commit 1b13eaf on 2026-01-18 12:14:50 +0000)
% Linked with Z3 4.14.0.0 3c47fd96cf5645d0c42b2c819d9e9a84380aa721 NOTFOUND
% CaDiCaL version: 2.1.3
% Termination reason: Instruction limit
% Termination phase: Saturation
% Time elapsed: 0.559 s
% Peak memory usage: 22 MB
% Instructions burned: 2051 (million)
% lrs-1011_1_to=lpo:sil=2000:plsq=on:plsqr=128,1:flr=on:random_seed=1577506634:i=253:gtgl=2:sd=1:gtg=exists_all:ss=axioms_153 on p for (153ds/253Mi)
% Instruction limit reached! 
% ------------------------------
% Version: Vampire 5.0.1 (Release build, commit 1b13eaf on 2026-01-18 12:14:50 +0000)
% Linked with Z3 4.14.0.0 3c47fd96cf5645d0c42b2c819d9e9a84380aa721 NOTFOUND
% CaDiCaL version: 2.1.3
% Termination reason: Instruction limit
% Termination phase: Saturation
% Time elapsed: 0.054 s
% Peak memory usage: 15 MB
% Instructions burned: 265 (million)
% lrs+10_1_slsqr=8,1:to=lpo:sil=16000:plsq=on:plsqr=32,1:sp=unary_first:erd=off:spb=units:lcm=reverse:urr=on:slsqc=1:flr=on:slsq=on:random_seed=3176596030:i=256:s2at=9:bd=preordered:av=off:fsr=off:fdi=8_152 on p for (152ds/256Mi)
% Instruction limit reached! 
% ------------------------------
% Version: Vampire 5.0.1 (Release build, commit 1b13eaf on 2026-01-18 12:14:50 +0000)
% Linked with Z3 4.14.0.0 3c47fd96cf5645d0c42b2c819d9e9a84380aa721 NOTFOUND
% CaDiCaL version: 2.1.3
% Termination reason: Instruction limit
% Termination phase: Saturation
% Time elapsed: 0.056 s
% Peak memory usage: 14 MB
% Instructions burned: 259 (million)
% dis+11_1_to=lpo:sil=32000:tgt=full:plsq=on:fde=unused:plsqc=1:plsqr=128,1:sos=on:erd=off:plsql=on:newcnf=on:random_seed=2528763532:s2pl=on:cts=off:i=259:bs=on:av=off:fsr=off:ss=axioms:fsd=on:sgt=32:rawr=on_152 on p for (152ds/259Mi)
% Refutation not found, incomplete strategy
% ------------------------------
% Version: Vampire 5.0.1 (Release build, commit 1b13eaf on 2026-01-18 12:14:50 +0000)
% Linked with Z3 4.14.0.0 3c47fd96cf5645d0c42b2c819d9e9a84380aa721 NOTFOUND
% CaDiCaL version: 2.1.3
% Termination reason: Refutation not found, incomplete strategy
% Time elapsed: 0.002 s
% Peak memory usage: 9 MB
% ------------------------------
% ------------------------------
% lrs-1010_16:1_to=lpo:sil=8000:sp=occurrence:sos=on:acc=on:random_seed=1826222103:i=1549:sd=1:nm=12:fsr=off:ss=included_151 on p for (151ds/1549Mi)
% Refutation not found, incomplete strategy
% ------------------------------
% Version: Vampire 5.0.1 (Release build, commit 1b13eaf on 2026-01-18 12:14:50 +0000)
% Linked with Z3 4.14.0.0 3c47fd96cf5645d0c42b2c819d9e9a84380aa721 NOTFOUND
% CaDiCaL version: 2.1.3
% Termination reason: Refutation not found, incomplete strategy
% Time elapsed: 0.001 s
% Peak memory usage: 12 MB
% ------------------------------
% ------------------------------
% lrs+33_2003:644_to=lpo:sil=4000:sp=reverse_frequency:lcm=predicate:urr=on:s2agt=10:random_seed=693983219:s2a=on:i=751:bd=preordered:ins=1:fdi=8:gsp=on_151 on p for (151ds/751Mi)
% Instruction limit reached! 
% ------------------------------
% Version: Vampire 5.0.1 (Release build, commit 1b13eaf on 2026-01-18 12:14:50 +0000)
% Linked with Z3 4.14.0.0 3c47fd96cf5645d0c42b2c819d9e9a84380aa721 NOTFOUND
% CaDiCaL version: 2.1.3
% Termination reason: Instruction limit
% Termination phase: Saturation
% Time elapsed: 0.185 s
% Peak memory usage: 18 MB
% Instructions burned: 810 (million)
% lrs+10_1_to=lpo:sil=16000:sp=occurrence:urr=on:br=off:random_seed=1323006561:st=5:s2a=on:i=758:s2at=2:sd=2:nm=2:gtg=exists_top:sup=off:ss=axioms_149 on p for (149ds/758Mi)
% Refutation not found, incomplete strategy
% ------------------------------
% Version: Vampire 5.0.1 (Release build, commit 1b13eaf on 2026-01-18 12:14:50 +0000)
% Linked with Z3 4.14.0.0 3c47fd96cf5645d0c42b2c819d9e9a84380aa721 NOTFOUND
% CaDiCaL version: 2.1.3
% Termination reason: Refutation not found, incomplete strategy
% Time elapsed: 0.002 s
% Peak memory usage: 11 MB
% ------------------------------
% ------------------------------
% lrs+1010_64_to=lpo:sil=2000:fde=none:sp=const_max:sos=on:urr=ec_only:bsr=unit_only:fd=off:rp=on:br=off:alpa=true:sac=on:random_seed=2577383450:avsq=on:i=596:avsqr=8,1:ins=2:fdi=1024:rawr=on_149 on p for (149ds/596Mi)
% Refutation not found, incomplete strategy
% ------------------------------
% Version: Vampire 5.0.1 (Release build, commit 1b13eaf on 2026-01-18 12:14:50 +0000)
% Linked with Z3 4.14.0.0 3c47fd96cf5645d0c42b2c819d9e9a84380aa721 NOTFOUND
% CaDiCaL version: 2.1.3
% Termination reason: Refutation not found, incomplete strategy
% Time elapsed: 0.0000 s
% Peak memory usage: 11 MB
% ------------------------------
% ------------------------------
% ott+1011_2:7_to=lpo:sil=2000:tgt=full:plsq=on:fde=none:plsqc=5:sims=off:sp=unary_first:spb=non_intro:lsd=10:plsql=on:nwc=20:s2agt=128:random_seed=2096734898:s2a=on:i=1443:s2at=3:bd=preordered:av=off:gtg=exists_top:fdi=8_149 on p for (149ds/1443Mi)
% Instruction limit reached! 
% ------------------------------
% Version: Vampire 5.0.1 (Release build, commit 1b13eaf on 2026-01-18 12:14:50 +0000)
% Linked with Z3 4.14.0.0 3c47fd96cf5645d0c42b2c819d9e9a84380aa721 NOTFOUND
% CaDiCaL version: 2.1.3
% Termination reason: Instruction limit
% Termination phase: Saturation
% Time elapsed: 0.282 s
% Peak memory usage: 22 MB
% Instructions burned: 1446 (million)
% lrs-1011_4_to=lpo:sil=2000:sp=arity:flr=on:random_seed=2097547440:st=3:i=268:bd=preordered:ss=axioms_146 on p for (146ds/268Mi)
% Instruction limit reached! 
% ------------------------------
% Version: Vampire 5.0.1 (Release build, commit 1b13eaf on 2026-01-18 12:14:50 +0000)
% Linked with Z3 4.14.0.0 3c47fd96cf5645d0c42b2c819d9e9a84380aa721 NOTFOUND
% CaDiCaL version: 2.1.3
% Termination reason: Instruction limit
% Termination phase: Saturation
% Time elapsed: 0.057 s
% Peak memory usage: 14 MB
% Instructions burned: 269 (million)
% lrs+1011_4_sfv=off:to=lpo:sil=2000:fde=none:sp=const_frequency:sos=all:br=off:random_seed=3748800895:st=4:i=269:sd=3:doe=on:ins=10:av=off:ss=axioms_145 on p for (145ds/269Mi)
% Refutation not found, incomplete strategy
% ------------------------------
% Version: Vampire 5.0.1 (Release build, commit 1b13eaf on 2026-01-18 12:14:50 +0000)
% Linked with Z3 4.14.0.0 3c47fd96cf5645d0c42b2c819d9e9a84380aa721 NOTFOUND
% CaDiCaL version: 2.1.3
% Termination reason: Refutation not found, incomplete strategy
% Time elapsed: 0.0000 s
% Peak memory usage: 8 MB
% ------------------------------
% ------------------------------
% dis+1011_10_to=lpo:sil=4000:sp=const_min:erd=off:spb=non_intro:bsr=unit_only:rp=on:flr=on:newcnf=on:random_seed=4222701180:cts=off:s2a=on:i=269:s2at=5:bd=preordered:av=off:fsr=off:rawr=on_145 on p for (145ds/269Mi)
% Instruction limit reached! 
% ------------------------------
% Version: Vampire 5.0.1 (Release build, commit 1b13eaf on 2026-01-18 12:14:50 +0000)
% Linked with Z3 4.14.0.0 3c47fd96cf5645d0c42b2c819d9e9a84380aa721 NOTFOUND
% CaDiCaL version: 2.1.3
% Termination reason: Instruction limit
% Termination phase: Saturation
% Time elapsed: 0.071 s
% Peak memory usage: 13 MB
% Instructions burned: 275 (million)
% lrs+10_3_to=lpo:sil=8000:tgt=ground:fde=none:sp=reverse_arity:lcm=predicate:random_seed=2088674189:i=3317:sd=1:av=off:ss=axioms:sgt=50_144 on p for (144ds/3317Mi)
% Instruction limit reached! 
% ------------------------------
% Version: Vampire 5.0.1 (Release build, commit 1b13eaf on 2026-01-18 12:14:50 +0000)
% Linked with Z3 4.14.0.0 3c47fd96cf5645d0c42b2c819d9e9a84380aa721 NOTFOUND
% CaDiCaL version: 2.1.3
% Termination reason: Instruction limit
% Termination phase: Saturation
% Time elapsed: 0.617 s
% Peak memory usage: 44 MB
% Instructions burned: 3373 (million)
% WARNING Broken Constraint: if kbo_max_zero(on) has been set then term_ordering(lpo) is equal to kbo or term_ordering(lpo) is equal to auto_kbo
% WARNING Broken Constraint: if kbo_weight_scheme(precedence) has been set then term_ordering(lpo) is equal to kbo or term_ordering(lpo) is equal to auto_kbo
% ott+11_3_sfv=off:to=lpo:sil=2000:tgt=full:sp=reverse_frequency:spb=goal_then_units:urr=on:nwc=5:s2agt=100:br=off:kmz=on:updr=off:slsq=on:random_seed=735842540:s2a=on:i=286:kws=precedence:bd=preordered:ins=20:av=off_138 on p for (138ds/286Mi)
% Instruction limit reached! 
% ------------------------------
% Version: Vampire 5.0.1 (Release build, commit 1b13eaf on 2026-01-18 12:14:50 +0000)
% Linked with Z3 4.14.0.0 3c47fd96cf5645d0c42b2c819d9e9a84380aa721 NOTFOUND
% CaDiCaL version: 2.1.3
% Termination reason: Instruction limit
% Termination phase: Saturation
% Time elapsed: 0.049 s
% Peak memory usage: 14 MB
% Instructions burned: 290 (million)
% lrs+1010_1_to=lpo:sil=4000:plsq=on:plsqr=64,1:sos=on:spb=goal:alpa=true:random_seed=2338226098:st=2:i=1238:sd=2:fsr=off:ss=axioms:fsd=on_137 on p for (137ds/1238Mi)
% Refutation not found, incomplete strategy
% ------------------------------
% Version: Vampire 5.0.1 (Release build, commit 1b13eaf on 2026-01-18 12:14:50 +0000)
% Linked with Z3 4.14.0.0 3c47fd96cf5645d0c42b2c819d9e9a84380aa721 NOTFOUND
% CaDiCaL version: 2.1.3
% Termination reason: Refutation not found, incomplete strategy
% Time elapsed: 0.001 s
% Peak memory usage: 11 MB
% ------------------------------
% ------------------------------
% lrs+1002_8:1_to=lpo:sil=4000:urr=on:br=off:random_seed=2638955921:st=3:s2a=on:i=291:s2at=2:sd=1:doe=on:av=off:ss=axioms_137 on p for (137ds/291Mi)
% Instruction limit reached! 
% ------------------------------
% Version: Vampire 5.0.1 (Release build, commit 1b13eaf on 2026-01-18 12:14:50 +0000)
% Linked with Z3 4.14.0.0 3c47fd96cf5645d0c42b2c819d9e9a84380aa721 NOTFOUND
% CaDiCaL version: 2.1.3
% Termination reason: Instruction limit
% Termination phase: Saturation
% Time elapsed: 0.115 s
% Peak memory usage: 16 MB
% Instructions burned: 296 (million)
% lrs+10_1_sfv=off:to=lpo:sil=2000:sos=all:lma=off:random_seed=2656619776:st=1.5:i=291:gtgl=2:sd=2:av=off:gtg=exists_sym:ss=axioms_136 on p for (136ds/291Mi)
% Instruction limit reached! 
% ------------------------------
% Version: Vampire 5.0.1 (Release build, commit 1b13eaf on 2026-01-18 12:14:50 +0000)
% Linked with Z3 4.14.0.0 3c47fd96cf5645d0c42b2c819d9e9a84380aa721 NOTFOUND
% CaDiCaL version: 2.1.3
% Termination reason: Instruction limit
% Termination phase: Saturation
% Time elapsed: 0.051 s
% Peak memory usage: 15 MB
% Instructions burned: 291 (million)
% dis-1011_5:1_anc=all_dependent:to=lpo:sil=4000:erd=off:lsd=60:alpa=true:sac=on:random_seed=85918573:avsq=on:i=300:ep=R:gsp=on_135 on p for (135ds/300Mi)
% Refutation not found, incomplete strategy
% ------------------------------
% Version: Vampire 5.0.1 (Release build, commit 1b13eaf on 2026-01-18 12:14:50 +0000)
% Linked with Z3 4.14.0.0 3c47fd96cf5645d0c42b2c819d9e9a84380aa721 NOTFOUND
% CaDiCaL version: 2.1.3
% Termination reason: Refutation not found, incomplete strategy
% Time elapsed: 0.002 s
% Peak memory usage: 11 MB
% ------------------------------
% ------------------------------
% lrs-1011_8:1_to=lpo:sil=8000:sp=unary_first:bsr=on:fd=off:random_seed=1127696370:i=305_135 on p for (135ds/305Mi)
% Instruction limit reached! 
% ------------------------------
% Version: Vampire 5.0.1 (Release build, commit 1b13eaf on 2026-01-18 12:14:50 +0000)
% Linked with Z3 4.14.0.0 3c47fd96cf5645d0c42b2c819d9e9a84380aa721 NOTFOUND
% CaDiCaL version: 2.1.3
% Termination reason: Instruction limit
% Termination phase: Saturation
% Time elapsed: 0.042 s
% Peak memory usage: 17 MB
% Instructions burned: 328 (million)
% lrs+1011_3:1_to=lpo:sil=2000:plsq=on:plsqc=1:plsqr=32,1:sos=all:bsr=unit_only:s2agt=8:random_seed=790900113:s2a=on:i=511:bd=all:nm=4:av=off:ss=axioms:sgt=8_135 on p for (135ds/511Mi)
% Refutation not found, incomplete strategy
% ------------------------------
% Version: Vampire 5.0.1 (Release build, commit 1b13eaf on 2026-01-18 12:14:50 +0000)
% Linked with Z3 4.14.0.0 3c47fd96cf5645d0c42b2c819d9e9a84380aa721 NOTFOUND
% CaDiCaL version: 2.1.3
% Termination reason: Refutation not found, incomplete strategy
% Time elapsed: 0.0000 s
% Peak memory usage: 9 MB
% ------------------------------
% ------------------------------
% dis-1010_16:1_to=lpo:sil=16000:fde=unused:fd=off:newcnf=on:slsq=on:random_seed=477701737:s2a=on:i=1555:nm=2:gtg=position:ss=axioms_134 on p for (134ds/1555Mi)
% Refutation not found, incomplete strategy
% ------------------------------
% Version: Vampire 5.0.1 (Release build, commit 1b13eaf on 2026-01-18 12:14:50 +0000)
% Linked with Z3 4.14.0.0 3c47fd96cf5645d0c42b2c819d9e9a84380aa721 NOTFOUND
% CaDiCaL version: 2.1.3
% Termination reason: Refutation not found, incomplete strategy
% Time elapsed: 0.0000 s
% Peak memory usage: 11 MB
% ------------------------------
% ------------------------------
% lrs-1010_20_to=lpo:sil=4000:prc=on:drc=ordering:fde=unused:sp=const_min:sos=all:spb=goal:urr=ec_only:nwc=8:br=off:lftc=40:random_seed=2065444088:s2a=on:i=744:aac=none:doe=on:bd=preordered:amm=off:fdi=8_134 on p for (134ds/744Mi)
% Refutation not found, incomplete strategy
% ------------------------------
% Version: Vampire 5.0.1 (Release build, commit 1b13eaf on 2026-01-18 12:14:50 +0000)
% Linked with Z3 4.14.0.0 3c47fd96cf5645d0c42b2c819d9e9a84380aa721 NOTFOUND
% CaDiCaL version: 2.1.3
% Termination reason: Refutation not found, incomplete strategy
% Time elapsed: 0.0000 s
% Peak memory usage: 11 MB
% ------------------------------
% ------------------------------
% lrs+10_7_to=lpo:sil=64000:tgt=ground:drc=off:fde=none:sp=const_frequency:slsqc=4:slsq=on:random_seed=1450459174:i=10680:bd=all:gtg=exists_sym_134 on p for (134ds/10680Mi)
% Instruction limit reached! 
% ------------------------------
% Version: Vampire 5.0.1 (Release build, commit 1b13eaf on 2026-01-18 12:14:50 +0000)
% Linked with Z3 4.14.0.0 3c47fd96cf5645d0c42b2c819d9e9a84380aa721 NOTFOUND
% CaDiCaL version: 2.1.3
% Termination reason: Instruction limit
% Termination phase: Saturation
% Time elapsed: 2.649 s
% Peak memory usage: 49 MB
% Instructions burned: 10684 (million)
% dis-1002_7_anc=all_dependent:to=kbo:sil=16000:drc=off:etr=on:sos=on:nwc=1:kmz=on:newcnf=on:random_seed=1740675327:i=317:kws=frequency:doe=on:bs=unit_only:nm=0:ins=10:amm=off:gtg=exists_sym_108 on p for (108ds/317Mi)
% Instruction limit reached! 
% ------------------------------
% Version: Vampire 5.0.1 (Release build, commit 1b13eaf on 2026-01-18 12:14:50 +0000)
% Linked with Z3 4.14.0.0 3c47fd96cf5645d0c42b2c819d9e9a84380aa721 NOTFOUND
% CaDiCaL version: 2.1.3
% Termination reason: Instruction limit
% Termination phase: Saturation
% Time elapsed: 0.086 s
% Peak memory usage: 13 MB
% Instructions burned: 321 (million)
% dis+1010_3_to=lpo:sil=4000:sp=const_frequency:sos=on:rnwc=on:nwc=3:flr=on:random_seed=920537370:i=317:add=off:doe=on:nicw=on_107 on p for (107ds/317Mi)
% Refutation not found, incomplete strategy
% ------------------------------
% Version: Vampire 5.0.1 (Release build, commit 1b13eaf on 2026-01-18 12:14:50 +0000)
% Linked with Z3 4.14.0.0 3c47fd96cf5645d0c42b2c819d9e9a84380aa721 NOTFOUND
% CaDiCaL version: 2.1.3
% Termination reason: Refutation not found, incomplete strategy
% Time elapsed: 0.002 s
% Peak memory usage: 11 MB
% ------------------------------
% ------------------------------
% dis+1002_2_to=lpo:sil=4000:nwc=1:slsqc=2:flr=on:newcnf=on:slsq=on:random_seed=2939134973:s2a=on:i=2524:s2at=1.5:sd=5:ep=R:ss=axioms:sgt=16_106 on p for (106ds/2524Mi)
% Refutation not found, incomplete strategy
% ------------------------------
% Version: Vampire 5.0.1 (Release build, commit 1b13eaf on 2026-01-18 12:14:50 +0000)
% Linked with Z3 4.14.0.0 3c47fd96cf5645d0c42b2c819d9e9a84380aa721 NOTFOUND
% CaDiCaL version: 2.1.3
% Termination reason: Refutation not found, incomplete strategy
% Time elapsed: 0.001 s
% Peak memory usage: 11 MB
% ------------------------------
% ------------------------------
% lrs+1002_1_to=lpo:sil=4000:sims=off:sos=on:bsr=on:fd=off:slsqc=1:slsq=on:random_seed=2271983433:i=544:s2at=2:gtg=all_106 on p for (106ds/544Mi)
% Instruction limit reached! 
% ------------------------------
% Version: Vampire 5.0.1 (Release build, commit 1b13eaf on 2026-01-18 12:14:50 +0000)
% Linked with Z3 4.14.0.0 3c47fd96cf5645d0c42b2c819d9e9a84380aa721 NOTFOUND
% CaDiCaL version: 2.1.3
% Termination reason: Instruction limit
% Termination phase: Saturation
% Time elapsed: 0.200 s
% Peak memory usage: 22 MB
% Instructions burned: 544 (million)
% lrs+1002_32_to=lpo:sil=2000:sp=occurrence:sos=on:erd=off:random_seed=2858130679:st=3:cts=off:i=548:sd=5:ss=included_104 on p for (104ds/548Mi)
% Refutation not found, incomplete strategy
% ------------------------------
% Version: Vampire 5.0.1 (Release build, commit 1b13eaf on 2026-01-18 12:14:50 +0000)
% Linked with Z3 4.14.0.0 3c47fd96cf5645d0c42b2c819d9e9a84380aa721 NOTFOUND
% CaDiCaL version: 2.1.3
% Termination reason: Refutation not found, incomplete strategy
% Time elapsed: 0.001 s
% Peak memory usage: 11 MB
% ------------------------------
% ------------------------------
% lrs+1_1_to=lpo:sil=8000:plsq=on:sos=on:lcm=reverse:random_seed=2095959772:s2a=on:i=6200:s2at=2:sd=1:ss=included_103 on p for (103ds/6200Mi)
% Refutation not found, incomplete strategy
% ------------------------------
% Version: Vampire 5.0.1 (Release build, commit 1b13eaf on 2026-01-18 12:14:50 +0000)
% Linked with Z3 4.14.0.0 3c47fd96cf5645d0c42b2c819d9e9a84380aa721 NOTFOUND
% CaDiCaL version: 2.1.3
% Termination reason: Refutation not found, incomplete strategy
% Time elapsed: 0.001 s
% Peak memory usage: 11 MB
% ------------------------------
% ------------------------------
% lrs-1011_16:1_to=lpo:sil=8000:fde=none:sp=occurrence:urr=on:s2agt=64:newcnf=on:random_seed=946391237:s2a=on:i=567:sd=2:av=off:ss=axioms_103 on p for (103ds/567Mi)
% Refutation not found, incomplete strategy
% ------------------------------
% Version: Vampire 5.0.1 (Release build, commit 1b13eaf on 2026-01-18 12:14:50 +0000)
% Linked with Z3 4.14.0.0 3c47fd96cf5645d0c42b2c819d9e9a84380aa721 NOTFOUND
% CaDiCaL version: 2.1.3
% Termination reason: Refutation not found, incomplete strategy
% Time elapsed: 0.001 s
% Peak memory usage: 9 MB
% ------------------------------
% ------------------------------
% lrs+10_1024_to=lpo:sil=4000:sp=occurrence:sos=all:urr=on:rnwc=on:nwc=0.5:br=off:random_seed=4021969380:st=4:i=335:sd=4:ep=RST:ss=included_103 on p for (103ds/335Mi)
% Instruction limit reached! 
% ------------------------------
% Version: Vampire 5.0.1 (Release build, commit 1b13eaf on 2026-01-18 12:14:50 +0000)
% Linked with Z3 4.14.0.0 3c47fd96cf5645d0c42b2c819d9e9a84380aa721 NOTFOUND
% CaDiCaL version: 2.1.3
% Termination reason: Instruction limit
% Termination phase: Saturation
% Time elapsed: 0.049 s
% Peak memory usage: 17 MB
% Instructions burned: 337 (million)
% lrs-1010_1_to=lpo:sil=4000:fde=none:sp=unary_frequency:sos=on:spb=units:random_seed=4017725019:st=2:cts=off:i=2004:sd=2:ins=10:av=off:ss=included_101 on p for (101ds/2004Mi)
% Refutation not found, incomplete strategy
% ------------------------------
% Version: Vampire 5.0.1 (Release build, commit 1b13eaf on 2026-01-18 12:14:50 +0000)
% Linked with Z3 4.14.0.0 3c47fd96cf5645d0c42b2c819d9e9a84380aa721 NOTFOUND
% CaDiCaL version: 2.1.3
% Termination reason: Refutation not found, incomplete strategy
% Time elapsed: 0.0000 s
% Peak memory usage: 9 MB
% ------------------------------
% ------------------------------
% lrs+1002_128_anc=all:to=lpo:sil=16000:drc=ordering:sp=reverse_frequency:fd=off:sac=on:random_seed=4061285140:lrd=on:i=338:fgj=on:bd=all:ins=7_101 on p for (101ds/338Mi)
% Instruction limit reached! 
% ------------------------------
% Version: Vampire 5.0.1 (Release build, commit 1b13eaf on 2026-01-18 12:14:50 +0000)
% Linked with Z3 4.14.0.0 3c47fd96cf5645d0c42b2c819d9e9a84380aa721 NOTFOUND
% CaDiCaL version: 2.1.3
% Termination reason: Instruction limit
% Termination phase: Saturation
% Time elapsed: 0.158 s
% Peak memory usage: 15 MB
% Instructions burned: 339 (million)
% dis+1011_4_to=lpo:sil=4000:fde=unused:bsr=on:nwc=5:slsqc=1:slsq=on:random_seed=2569239996:i=819:s2at=-1:slsql=off:ep=R:ins=1:av=off:gsp=on_99 on p for (99ds/819Mi)
% Refutation not found, incomplete strategy
% ------------------------------
% Version: Vampire 5.0.1 (Release build, commit 1b13eaf on 2026-01-18 12:14:50 +0000)
% Linked with Z3 4.14.0.0 3c47fd96cf5645d0c42b2c819d9e9a84380aa721 NOTFOUND
% CaDiCaL version: 2.1.3
% Termination reason: Refutation not found, incomplete strategy
% Time elapsed: 0.001 s
% Peak memory usage: 8 MB
% ------------------------------
% ------------------------------
% dis+10_16:1_to=lpo:sil=4000:urr=on:bce=on:rnwc=on:br=off:slsq=on:random_seed=2233239640:st=1.78:s2a=on:i=608:s2at=7.4:sd=11:av=off:ss=included_98 on p for (98ds/608Mi)
% Instruction limit reached! 
% ------------------------------
% Version: Vampire 5.0.1 (Release build, commit 1b13eaf on 2026-01-18 12:14:50 +0000)
% Linked with Z3 4.14.0.0 3c47fd96cf5645d0c42b2c819d9e9a84380aa721 NOTFOUND
% CaDiCaL version: 2.1.3
% Termination reason: Instruction limit
% Termination phase: Saturation
% Time elapsed: 0.185 s
% Peak memory usage: 14 MB
% Instructions burned: 612 (million)
% WARNING Broken Constraint: if kbo_weight_scheme(inv_arity_squared) has been set then term_ordering(lpo) is equal to kbo or term_ordering(lpo) is equal to auto_kbo
% dis+1002_24_anc=all_dependent:slsqr=4,3:to=lpo:sil=2000:tgt=ground:sims=off:sas=cadical:spb=non_intro:acc=on:bsr=on:gs=on:slsqc=1:alpa=random:flr=on:sac=on:slsq=on:random_seed=72718327:st=1.2:cts=off:s2a=on:i=363:add=on:kws=inv_arity_squared:nm=16:ins=1:ss=axioms:rawr=on_96 on p for (96ds/363Mi)
% Refutation not found, incomplete strategy
% ------------------------------
% Version: Vampire 5.0.1 (Release build, commit 1b13eaf on 2026-01-18 12:14:50 +0000)
% Linked with Z3 4.14.0.0 3c47fd96cf5645d0c42b2c819d9e9a84380aa721 NOTFOUND
% CaDiCaL version: 2.1.3
% Termination reason: Refutation not found, incomplete strategy
% Time elapsed: 0.001 s
% Peak memory usage: 13 MB
% ------------------------------
% ------------------------------
% lrs+10_10_to=lpo:sil=4000:tgt=full:prc=on:drc=off:sp=const_min:sos=on:urr=on:rnwc=on:br=off:random_seed=1106582912:i=646:av=off:proc=on_96 on p for (96ds/646Mi)
% Refutation not found, incomplete strategy
% ------------------------------
% Version: Vampire 5.0.1 (Release build, commit 1b13eaf on 2026-01-18 12:14:50 +0000)
% Linked with Z3 4.14.0.0 3c47fd96cf5645d0c42b2c819d9e9a84380aa721 NOTFOUND
% CaDiCaL version: 2.1.3
% Termination reason: Refutation not found, incomplete strategy
% Time elapsed: 0.001 s
% Peak memory usage: 8 MB
% ------------------------------
% ------------------------------
% ott+1002_24_to=lpo:sil=2000:sp=occurrence:urr=on:bce=on:s2agt=32:br=off:slsqc=1:slsq=on:random_seed=3970796672:st=2.7:s2a=on:i=382:s2at=1.1:sd=3:nm=0:ins=25:av=off:ss=axioms:sgt=15_96 on p for (96ds/382Mi)
% Instruction limit reached! 
% ------------------------------
% Version: Vampire 5.0.1 (Release build, commit 1b13eaf on 2026-01-18 12:14:50 +0000)
% Linked with Z3 4.14.0.0 3c47fd96cf5645d0c42b2c819d9e9a84380aa721 NOTFOUND
% CaDiCaL version: 2.1.3
% Termination reason: Instruction limit
% Termination phase: Saturation
% Time elapsed: 0.153 s
% Peak memory usage: 15 MB
% Instructions burned: 384 (million)
% dis+1011_2:3_anc=all_dependent:to=lpo:sil=2000:plsq=on:plsqc=2:sas=cadical:plsqr=44827,1048576:sos=on:erd=off:bsr=unit_only:plsql=on:sac=on:avsqc=1:random_seed=2707791667:avsq=on:i=666:avsqr=1,16:bs=unit_only:bd=all_94 on p for (94ds/666Mi)
% Refutation not found, incomplete strategy
% ------------------------------
% Version: Vampire 5.0.1 (Release build, commit 1b13eaf on 2026-01-18 12:14:50 +0000)
% Linked with Z3 4.14.0.0 3c47fd96cf5645d0c42b2c819d9e9a84380aa721 NOTFOUND
% CaDiCaL version: 2.1.3
% Termination reason: Refutation not found, incomplete strategy
% Time elapsed: 0.001 s
% Peak memory usage: 12 MB
% ------------------------------
% ------------------------------
% lrs-1010_1_to=lpo:sil=2000:sp=occurrence:random_seed=311963423:st=2:i=953:sd=3:ss=axioms:sgt=10_94 on p for (94ds/953Mi)
% Instruction limit reached! 
% ------------------------------
% Version: Vampire 5.0.1 (Release build, commit 1b13eaf on 2026-01-18 12:14:50 +0000)
% Linked with Z3 4.14.0.0 3c47fd96cf5645d0c42b2c819d9e9a84380aa721 NOTFOUND
% CaDiCaL version: 2.1.3
% Termination reason: Instruction limit
% Termination phase: Saturation
% Time elapsed: 0.194 s
% Peak memory usage: 22 MB
% Instructions burned: 959 (million)
% lrs+1002_1_to=lpo:sil=8000:sp=occurrence:sos=on:random_seed=4124162708:st=4:cts=off:i=708:sd=2:ep=R:ss=axioms_91 on p for (91ds/708Mi)
% Refutation not found, incomplete strategy
% ------------------------------
% Version: Vampire 5.0.1 (Release build, commit 1b13eaf on 2026-01-18 12:14:50 +0000)
% Linked with Z3 4.14.0.0 3c47fd96cf5645d0c42b2c819d9e9a84380aa721 NOTFOUND
% CaDiCaL version: 2.1.3
% Termination reason: Refutation not found, incomplete strategy
% Time elapsed: 0.025 s
% Peak memory usage: 11 MB
% ------------------------------
% ------------------------------
% WARNING Broken Constraint: if kbo_max_zero(on) has been set then term_ordering(lpo) is equal to kbo or term_ordering(lpo) is equal to auto_kbo
% WARNING Broken Constraint: if kbo_weight_scheme(inv_arity) has been set then term_ordering(lpo) is equal to kbo or term_ordering(lpo) is equal to auto_kbo
% dis-1011_8_to=lpo:sil=4000:plsq=on:prc=on:fde=unused:plsqr=64,1:sp=reverse_frequency:erd=off:spb=goal_then_units:bsr=unit_only:s2agt=60:kmz=on:flr=on:random_seed=549665250:s2a=on:i=413:kws=inv_arity:doe=on:bs=on:bd=preordered:nm=32:av=off:fsr=off:fsd=on_91 on p for (91ds/413Mi)
% Instruction limit reached! 
% ------------------------------
% Version: Vampire 5.0.1 (Release build, commit 1b13eaf on 2026-01-18 12:14:50 +0000)
% Linked with Z3 4.14.0.0 3c47fd96cf5645d0c42b2c819d9e9a84380aa721 NOTFOUND
% CaDiCaL version: 2.1.3
% Termination reason: Instruction limit
% Termination phase: Saturation
% Time elapsed: 0.144 s
% Peak memory usage: 16 MB
% Instructions burned: 414 (million)
% lrs+10_5:1_to=lpo:sil=2000:plsq=on:plsqc=1:plsqr=64,1:sp=reverse_frequency:urr=on:fd=preordered:nwc=1:br=off:flr=on:random_seed=132503790:s2a=on:i=429:s2at=5:nm=2:ins=1:sup=off_88 on p for (88ds/429Mi)
% Refutation not found, incomplete strategy
% ------------------------------
% Version: Vampire 5.0.1 (Release build, commit 1b13eaf on 2026-01-18 12:14:50 +0000)
% Linked with Z3 4.14.0.0 3c47fd96cf5645d0c42b2c819d9e9a84380aa721 NOTFOUND
% CaDiCaL version: 2.1.3
% Termination reason: Refutation not found, incomplete strategy
% Time elapsed: 0.002 s
% Peak memory usage: 11 MB
% ------------------------------
% ------------------------------
% dis+10_4096_to=lpo:sil=2000:drc=ordering:urr=ec_only:fd=preordered:nwc=5:br=off:random_seed=2252278094:i=432:gtgl=4:fgj=on:gtg=exists_all:ss=axioms_88 on p for (88ds/432Mi)
% Instruction limit reached! 
% ------------------------------
% Version: Vampire 5.0.1 (Release build, commit 1b13eaf on 2026-01-18 12:14:50 +0000)
% Linked with Z3 4.14.0.0 3c47fd96cf5645d0c42b2c819d9e9a84380aa721 NOTFOUND
% CaDiCaL version: 2.1.3
% Termination reason: Instruction limit
% Termination phase: Saturation
% Time elapsed: 0.208 s
% Peak memory usage: 14 MB
% Instructions burned: 434 (million)
% lrs+1010_2_to=lpo:sil=4000:tgt=full:sp=reverse_frequency:spb=goal_then_units:acc=on:fd=preordered:sac=on:random_seed=1488065861:i=3109:gtgl=2:gtg=exists_sym_86 on p for (86ds/3109Mi)
% Solution written to "/tmp/vampire-proof-3035754"
% Refutation found. Thanks to Tanya!
% SZS status Theorem for p
% SZS output start Proof for p
fof(f1,negated_conjecture,(
  ! [X0,X1,X2,X3] : X1 = f(f(f(X2,f(X2,f(f(X1,X2),f(X1,X3)))),f(X1,X0)),X2)),
  file('/tmp/tmpq8qyjbsa/p.p',unknown)).
fof(f2,conjecture,(
  ! [X0,X1] : X0 = X1),
  file('/tmp/tmpq8qyjbsa/p.p',unknown)).
fof(f3,negated_conjecture,(
  ~! [X0,X1] : X0 = X1),
  inference(negated_conjecture,[status(cth)],[f2])).
fof(f4,plain,(
  ? [X0,X1] : X0 != X1),
  inference(ennf_transformation,[],[f3])).
fof(f5,plain,(
  ? [X0,X1] : X0 != X1 => sK0 != sK1),
  introduced(definition,[],[skolem_symbol_introduction])).
fof(f6,plain,(
  sK0 != sK1),
  inference(skolemisation,[status(esa),new_symbols(skolem,[sK0,sK1])],[f4,f5])).
fof(f7,plain,(
  ( ! [X2,X3,X0,X1] : (f(f(f(X2,f(X2,f(f(X1,X2),f(X1,X3)))),f(X1,X0)),X2) = X1) )),
  inference(cnf_transformation,[],[f1])).
fof(f8,plain,(
  sK0 != sK1),
  inference(cnf_transformation,[],[f6])).
fof(f9,definition,(
  ( ! [X2,X3,X1] : (f(f(X1,X2),f(X1,X3)) = sF2(X1,X2,X3)) )),
  introduced(definition,[new_symbols(definition,[sF2])],[function_definition])).
fof(f10,definition,(
  ( ! [X2,X3,X1] : (f(X2,sF2(X1,X2,X3)) = sF3(X2,X1,X3)) )),
  introduced(definition,[new_symbols(definition,[sF3])],[function_definition])).
fof(f11,definition,(
  ( ! [X2,X3,X1] : (f(X2,sF3(X2,X1,X3)) = sF4(X2,X1,X3)) )),
  introduced(definition,[new_symbols(definition,[sF4])],[function_definition])).
fof(f12,definition,(
  ( ! [X2,X3,X0,X1] : (f(sF4(X2,X1,X3),f(X1,X0)) = sF5(X2,X1,X3,X0)) )),
  introduced(definition,[new_symbols(definition,[sF5])],[function_definition])).
fof(f13,definition,(
  ( ! [X2,X3,X0,X1] : (f(sF5(X2,X1,X3,X0),X2) = sF6(X2,X1,X3,X0)) )),
  introduced(definition,[new_symbols(definition,[sF6])],[function_definition])).
fof(f14,plain,(
  ( ! [X2,X3,X0,X1] : (sF6(X2,X1,X3,X0) = X1) )),
  inference(definition_folding,[],[f7,f13,f12,f11,f10,f9])).
fof(f15,plain,(
  ( ! [X2,X3,X0,X1] : (f(sF5(X2,X1,X3,X0),X2) = X1) )),
  inference(forward_demodulation,[],[f13,f14])).
fof(f17,definition,(
  spl7_1 <=> sK0 = sK1),
  introduced(definition,[new_symbols(naming,[spl7_1])],[avatar_definition])).
fof(f19,plain,(
  sK0 != sK1 | spl7_1),
  inference(avatar_component_clause,[],[f17])).
fof(f20,plain,(
  ~spl7_1),
  inference(avatar_split_clause,[],[f8,f17])).
fof(f21,plain,(
  ( ! [X2,X3,X0,X1,X4] : (sF2(sF5(X1,X0,X2,X3),X1,X4) = f(X0,f(sF5(X1,X0,X2,X3),X4))) )),
  inference(superposition,[],[f9,f15])).
fof(f23,plain,(
  ( ! [X2,X3,X0,X1] : (sF2(X0,sF3(X0,X1,X2),X3) = f(sF4(X0,X1,X2),f(X0,X3))) )),
  inference(superposition,[],[f9,f11])).
fof(f33,plain,(
  ( ! [X2,X3,X0,X1,X4,X5] : (sF5(X1,sF5(X2,X0,X3,X4),X5,X2) = f(sF4(X1,sF5(X2,X0,X3,X4),X5),X0)) )),
  inference(superposition,[],[f12,f15])).
fof(f36,plain,(
  ( ! [X2,X3,X0,X1] : (sF2(sF5(X1,X0,X2,X3),X1,X1) = f(X0,X0)) )),
  inference(superposition,[],[f21,f15])).
fof(f45,plain,(
  ( ! [X2,X3,X0,X1] : (sF3(X1,sF5(X1,X0,X2,X3),X1) = f(X1,f(X0,X0))) )),
  inference(superposition,[],[f10,f36])).
fof(f66,plain,(
  ( ! [X2,X3,X0,X1,X4] : (sF3(X2,sF5(X2,f(X0,X1),X3,X4),X2) = f(X2,sF2(X0,X1,X1))) )),
  inference(superposition,[],[f45,f9])).
fof(f74,plain,(
  ( ! [X2,X3,X0,X1] : (sF4(X0,sF5(X0,X1,X2,X3),X0) = f(X0,f(X0,f(X1,X1)))) )),
  inference(superposition,[],[f11,f45])).
fof(f130,plain,(
  ( ! [X2,X3,X0,X1] : (sF5(X0,sF5(X0,X1,X2,X3),X0,X0) = f(f(X0,f(X0,f(X1,X1))),X1)) )),
  inference(superposition,[],[f33,f74])).
fof(f251,plain,(
  ( ! [X2,X3,X0,X1] : (sF3(X0,X1,X0) = sF3(X0,sF5(X0,f(X1,X0),X2,X3),X0)) )),
  inference(superposition,[],[f10,f66])).
fof(f289,plain,(
  ( ! [X2,X3,X0,X1,X4] : (sF2(X0,sF3(X0,X3,X4),sF3(X0,X1,X2)) = f(sF4(X0,X3,X4),sF4(X0,X1,X2))) )),
  inference(superposition,[],[f23,f11])).
fof(f337,plain,(
  ( ! [X2,X3,X0,X1] : (sF4(X0,sF5(X0,f(X1,X0),X2,X3),X0) = f(X0,sF3(X0,X1,X0))) )),
  inference(superposition,[],[f11,f251])).
fof(f338,plain,(
  ( ! [X2,X3,X0,X1] : (sF4(X0,sF5(X0,f(X1,X0),X2,X3),X0) = sF4(X0,X1,X0)) )),
  inference(forward_demodulation,[],[f337,f11])).
fof(f358,plain,(
  ( ! [X2,X3,X0,X1] : (sF5(X0,sF5(X0,f(X1,X0),X2,X3),X0,X0) = f(sF4(X0,X1,X0),f(X1,X0))) )),
  inference(superposition,[],[f33,f338])).
fof(f364,plain,(
  ( ! [X2,X3,X0,X1] : (sF5(X0,sF5(X0,f(X1,X0),X2,X3),X0,X0) = sF5(X0,X1,X0,X0)) )),
  inference(forward_demodulation,[],[f358,f12])).
fof(f528,plain,(
  ( ! [X2,X3,X0,X1] : (sF5(X0,f(X1,X0),X2,X3) = f(sF5(X0,X1,X0,X0),X0)) )),
  inference(superposition,[],[f15,f364])).
fof(f539,plain,(
  ( ! [X2,X3,X0,X1] : (sF5(X0,f(X1,X0),X2,X3) = X1) )),
  inference(forward_demodulation,[],[f528,f15])).
fof(f545,plain,(
  ( ! [X2,X3,X0,X1,X4] : (sF5(sF2(X1,X0,X2),sF3(X0,X1,X2),X3,X4) = X0) )),
  inference(superposition,[],[f539,f10])).
fof(f547,plain,(
  ( ! [X2,X3,X0,X1,X4] : (sF5(sF3(X0,X1,X2),sF4(X0,X1,X2),X3,X4) = X0) )),
  inference(superposition,[],[f539,f11])).
fof(f554,plain,(
  ( ! [X2,X3,X0,X1,X4,X5] : (sF4(X0,X1,X2) = sF5(f(X1,X3),sF5(X0,X1,X2,X3),X4,X5)) )),
  inference(superposition,[],[f539,f12])).
fof(f557,plain,(
  ( ! [X2,X3,X0,X1,X4,X5] : (sF5(X1,X0,X2,X3) = sF5(X1,X0,X4,X5)) )),
  inference(superposition,[],[f539,f15])).
fof(f1158,plain,(
  ( ! [X2,X3,X0,X1,X6,X7,X4,X5] : (sF4(X0,X1,X4) = sF5(f(X1,X5),sF5(X0,X1,X2,X3),X6,X7)) )),
  inference(superposition,[],[f554,f557])).
fof(f1159,plain,(
  ( ! [X2,X3,X0,X1,X4,X5] : (sF4(X1,f(X0,X1),X2) = sF5(f(f(X0,X1),X3),X0,X4,X5)) )),
  inference(superposition,[],[f554,f539])).
fof(f1321,plain,(
  ( ! [X2,X3,X0,X1,X8,X6,X7,X4,X5] : (sF4(X3,X0,X4) = sF5(sF3(X0,X1,X2),sF5(X3,X0,X5,X6),X7,X8)) )),
  inference(superposition,[],[f1158,f10])).
fof(f1364,plain,(
  ( ! [X2,X3,X0,X1] : (sF4(X0,X1,X2) = sF4(X0,X1,X3)) )),
  inference(superposition,[],[f554,f1158])).
fof(f1365,plain,(
  ( ! [X2,X3,X0,X1,X4,X5] : (f(sF4(X0,X1,X2),f(X1,X3)) = sF5(X0,X1,X4,X5)) )),
  inference(superposition,[],[f15,f1158])).
fof(f1422,plain,(
  ( ! [X2,X3,X0,X1,X4,X5] : (sF5(sF3(X0,X1,X3),sF4(X0,X1,X2),X4,X5) = X0) )),
  inference(superposition,[],[f547,f1364])).
fof(f1427,plain,(
  ( ! [X2,X3,X0,X1,X4] : (f(X0,f(X0,f(X1,X1))) = sF4(X0,sF5(X0,X1,X2,X3),X4)) )),
  inference(superposition,[],[f74,f1364])).
fof(f1895,plain,(
  ( ! [X2,X3,X0,X1,X4] : (sF5(X0,X0,X1,X2) = sF2(X0,sF3(X0,X0,X3),X4)) )),
  inference(superposition,[],[f23,f1365])).
fof(f3401,plain,(
  ( ! [X2,X3,X0,X1,X4,X5] : (sF4(X1,f(X0,X1),X3) = sF5(sF2(X0,X1,X2),X0,X4,X5)) )),
  inference(superposition,[],[f1159,f9])).
fof(f3419,plain,(
  ( ! [X2,X3,X0,X1,X6,X4,X5] : (sF4(X1,f(X0,X1),X4) = sF5(sF4(f(X0,X1),X2,X3),X0,X5,X6)) )),
  inference(superposition,[],[f1159,f11])).
fof(f3692,plain,(
  ( ! [X2,X3,X0,X1,X8,X7,X4,X5] : (sF5(sF3(X1,f(X0,X1),X5),sF5(sF2(X0,X1,X2),X0,X3,X4),X7,X8) = X1) )),
  inference(superposition,[],[f1422,f3401])).
fof(f5028,plain,(
  ( ! [X2,X0,X1,X5] : (f(X0,f(X0,f(X0,X0))) = sF4(X0,sF2(X0,sF3(X0,X0,X1),X2),X5)) )),
  inference(superposition,[],[f1427,f1895])).
fof(f23588,plain,(
  ( ! [X2,X3,X0,X1] : (sF5(X0,X1,X2,X3) = f(f(f(X0,f(X0,f(X1,X1))),X1),X0)) )),
  inference(superposition,[],[f15,f130])).
fof(f23671,plain,(
  ( ! [X0,X1] : (f(f(f(f(X0,f(X0,f(X1,X1))),X1),X0),X0) = X1) )),
  inference(superposition,[],[f15,f23588])).
fof(f23672,plain,(
  ( ! [X0,X1] : (f(X1,X1) = sF2(f(f(f(X0,f(X0,f(X1,X1))),X1),X0),X0,X0)) )),
  inference(superposition,[],[f36,f23588])).
fof(f25872,plain,(
  ( ! [X2,X0,X1] : (sF4(sF2(X0,X0,X1),X0,X2) = X0) )),
  inference(superposition,[],[f1321,f3692])).
fof(f25905,plain,(
  ( ! [X3,X0,X1,X4,X5] : (sF5(sF2(X0,X0,X1),X0,X4,X5) = f(X0,f(X0,X3))) )),
  inference(superposition,[],[f1365,f25872])).
fof(f26178,plain,(
  ( ! [X0,X1,X5] : (f(X0,f(X0,X5)) = f(X0,f(X0,X1))) )),
  inference(superposition,[],[f25905,f25905])).
fof(f26236,plain,(
  ( ! [X2,X0,X1] : (f(f(X0,f(X0,X1)),sF2(X0,X0,X2)) = X0) )),
  inference(superposition,[],[f15,f25905])).
fof(f26846,plain,(
  ( ! [X2,X3,X0,X1] : (f(f(X0,sF3(X0,X1,X2)),sF2(X0,X0,X3)) = X0) )),
  inference(superposition,[],[f26236,f10])).
fof(f26884,plain,(
  ( ! [X0,X1] : (sF2(X0,X0,X1) = f(f(X0,X0),X0)) )),
  inference(superposition,[],[f23671,f26236])).
fof(f26911,plain,(
  ( ! [X2,X3,X0,X1] : (f(sF4(X0,X1,X2),sF2(X0,X0,X3)) = X0) )),
  inference(forward_demodulation,[],[f26846,f11])).
fof(f26984,plain,(
  ( ! [X2,X0] : (sF4(f(f(X0,X0),X0),X0,X2) = X0) )),
  inference(superposition,[],[f25872,f26884])).
fof(f27416,plain,(
  ( ! [X3,X0,X1,X4] : (sF5(X0,f(X0,X0),X3,X4) = sF4(X0,f(f(X0,X0),X0),X1)) )),
  inference(superposition,[],[f3419,f26984])).
fof(f27456,plain,(
  ( ! [X0,X1] : (sF4(X0,f(f(X0,X0),X0),X1) = X0) )),
  inference(forward_demodulation,[],[f27416,f539])).
fof(f27505,plain,(
  ( ! [X2,X0,X1] : (sF4(X0,sF2(X0,X0,X1),X2) = X0) )),
  inference(superposition,[],[f27456,f26884])).
fof(f27816,plain,(
  ( ! [X3,X0] : (f(X0,sF2(X0,X0,X3)) = X0) )),
  inference(superposition,[],[f26911,f27505])).
fof(f27851,plain,(
  ( ! [X3,X0] : (sF3(X0,X0,X3) = X0) )),
  inference(forward_demodulation,[],[f27816,f10])).
fof(f27927,plain,(
  ( ! [X2,X3,X0] : (f(X0,f(X0,f(X0,X0))) = sF4(X0,sF2(X0,X0,X2),X3)) )),
  inference(superposition,[],[f5028,f27851])).
fof(f27942,plain,(
  ( ! [X2,X3,X0,X1] : (sF5(sF2(X0,X0,X1),X0,X2,X3) = X0) )),
  inference(superposition,[],[f545,f27851])).
fof(f27989,plain,(
  ( ! [X0] : (f(X0,f(X0,f(X0,X0))) = X0) )),
  inference(forward_demodulation,[],[f27927,f27505])).
fof(f28354,plain,(
  ( ! [X0,X1] : (f(X0,f(X0,X1)) = X0) )),
  inference(superposition,[],[f26178,f27989])).
fof(f28356,plain,(
  ( ! [X0,X1] : (sF2(X0,f(X0,f(X0,X0)),X1) = f(X0,f(X0,X1))) )),
  inference(superposition,[],[f9,f27989])).
fof(f28357,plain,(
  ( ! [X0,X1] : (sF2(X0,X1,f(X0,f(X0,X0))) = f(f(X0,X1),X0)) )),
  inference(superposition,[],[f9,f27989])).
fof(f28360,plain,(
  ( ! [X2,X0,X1] : (sF5(f(X0,f(X0,X0)),X0,X1,X2) = X0) )),
  inference(superposition,[],[f539,f27989])).
fof(f28387,plain,(
  ( ! [X2,X3,X0,X1] : (f(X0,X0) = sF5(sF2(X0,X0,X1),X0,X2,X3)) )),
  inference(superposition,[],[f25905,f27989])).
fof(f28389,plain,(
  ( ! [X0,X1] : (f(X0,X0) = f(X0,f(X0,X1))) )),
  inference(superposition,[],[f26178,f27989])).
fof(f28404,plain,(
  ( ! [X0] : (f(X0,X0) = X0) )),
  inference(forward_demodulation,[],[f28387,f27942])).
fof(f28412,plain,(
  ( ! [X2,X0,X1] : (sF5(f(X0,X0),X0,X1,X2) = X0) )),
  inference(forward_demodulation,[],[f28360,f28389])).
fof(f28414,plain,(
  ( ! [X0,X1] : (sF2(X0,X1,f(X0,X0)) = f(f(X0,X1),X0)) )),
  inference(forward_demodulation,[],[f28357,f28389])).
fof(f28415,plain,(
  ( ! [X0,X1] : (f(X0,X0) = sF2(X0,f(X0,f(X0,X0)),X1)) )),
  inference(forward_demodulation,[],[f28356,f28389])).
fof(f28438,plain,(
  ( ! [X2,X0,X1] : (sF5(X0,X0,X1,X2) = X0) )),
  inference(forward_demodulation,[],[f28412,f28404])).
fof(f28440,plain,(
  ( ! [X0,X1] : (sF2(X0,X1,X0) = f(f(X0,X1),X0)) )),
  inference(forward_demodulation,[],[f28414,f28404])).
fof(f28441,plain,(
  ( ! [X0,X1] : (f(X0,X0) = sF2(X0,f(X0,X0),X1)) )),
  inference(forward_demodulation,[],[f28415,f28389])).
fof(f28453,plain,(
  ( ! [X0,X1] : (sF2(X0,X0,X1) = X0) )),
  inference(forward_demodulation,[],[f28441,f28404])).
fof(f28704,plain,(
  ( ! [X0,X1] : (f(X0,X1) = sF2(X0,X1,X1)) )),
  inference(superposition,[],[f9,f28404])).
fof(f28725,plain,(
  ( ! [X2,X0,X1] : (sF4(X0,X1,X2) = sF2(X0,sF3(X0,X1,X2),sF3(X0,X1,X2))) )),
  inference(superposition,[],[f289,f28404])).
fof(f29152,plain,(
  ( ! [X0,X1] : (f(X1,X1) = sF2(f(f(X0,X1),X0),X0,X0)) )),
  inference(superposition,[],[f23672,f28354])).
fof(f29156,plain,(
  ( ! [X2,X0,X1] : (f(X0,f(X0,X2)) = sF2(X0,f(X0,X1),X2)) )),
  inference(superposition,[],[f9,f28354])).
fof(f29228,plain,(
  ( ! [X2,X0,X1] : (f(X0,f(X0,X2)) = sF2(X0,sF2(X0,X1,X1),X2)) )),
  inference(forward_demodulation,[],[f29156,f28704])).
fof(f29232,plain,(
  ( ! [X0,X1] : (f(X1,X1) = sF2(sF2(X0,X1,X0),X0,X0)) )),
  inference(forward_demodulation,[],[f29152,f28440])).
fof(f29314,plain,(
  ( ! [X2,X0,X1] : (sF2(X0,sF2(X0,X1,X1),X2) = X0) )),
  inference(forward_demodulation,[],[f29228,f28354])).
fof(f29315,plain,(
  ( ! [X0,X1] : (sF2(sF2(X0,X1,X0),X0,X0) = X1) )),
  inference(forward_demodulation,[],[f29232,f28404])).
fof(f30658,plain,(
  ( ! [X0,X1] : (sF2(X0,X1,X1) = sF2(X0,X0,X0)) )),
  inference(superposition,[],[f29315,f29314])).
fof(f30692,plain,(
  ( ! [X0,X1] : (sF2(X0,X1,X1) = X0) )),
  inference(forward_demodulation,[],[f30658,f28453])).
fof(f30769,plain,(
  ( ! [X2,X3,X0,X1,X4] : (sF4(X1,f(X0,X1),X2) = sF5(X0,X0,X3,X4)) )),
  inference(superposition,[],[f3401,f30692])).
fof(f30938,plain,(
  ( ! [X2,X0,X1] : (sF4(X1,f(X0,X1),X2) = X0) )),
  inference(forward_demodulation,[],[f30769,f28438])).
fof(f31030,plain,(
  ( ! [X2,X0,X1] : (sF2(X1,sF3(X1,f(X0,X1),X2),sF3(X1,f(X0,X1),X2)) = X0) )),
  inference(forward_demodulation,[],[f30938,f28725])).
fof(f31067,plain,(
  ( ! [X0,X1] : (X0 = X1) )),
  inference(forward_demodulation,[],[f31030,f30692])).
fof(f31427,plain,(
  ( ! [X0] : (sK0 != X0) ) | spl7_1),
  inference(superposition,[],[f19,f31067])).
fof(f32733,plain,(
  $false | spl7_1),
  inference(forward_subsumption_resolution,[],[f31427,f31067])).
fof(f32734,plain,(
  spl7_1),
  inference(avatar_contradiction_clause,[],[f32733])).
cnf(s1, plain, ~spl7_1, inference(sat_conversion,[],[f20])).
cnf(s3, plain, spl7_1, inference(sat_conversion,[],[f32734])).
cnf(s4, plain, $false, inference(rat,[],[s1,s3])).
fof(f32735,plain,(
  $false),
  inference(avatar_sat_refutation,[],[s4])).
% SZS output end Proof for p
% ------------------------------
% Version: Vampire 5.0.1 (Release build, commit 1b13eaf on 2026-01-18 12:14:50 +0000)
% Linked with Z3 4.14.0.0 3c47fd96cf5645d0c42b2c819d9e9a84380aa721 NOTFOUND
% CaDiCaL version: 2.1.3
% Termination reason: Refutation
% Time elapsed: 0.666 s
% Peak memory usage: 35 MB
% Instructions burned: 2331 (million)
% ------------------------------
% ------------------------------
% Success in time 22.071 s
